lp,słowo,liczba,etykieta
1,on,652,EAAA
2,to,493,EEAAA
3,który,433,EAB
4,ta,289,EDAAA
5,breivik,269,-
6,jak,232,ABAC
7,osoba,214,ADAAA
8,ten,195,EAABA
9,czy,183,EK
10,rok,181,ACEA
11,zostać,145,BAFABD
12,ma,142,EDAAB
13,człowiek,142,AAHA
14,zamach,134,ACAAAB
15,mówić,133,BBCA
16,wyspa,129,ADAAA
17,norwegii,126,-
18,jeden,122,CCBA
19,norweski,120,CBA
20,inny,115,CAB
21,oslo,111,-
22,taż,109,EDCA
23,móc,106,BAFCABD
24,bycie,104,AEBAA
25,chcieć,103,BACA
26,czas,103,ACAAAAA
27,swoja,103,EDAB
28,dziecko,103,AEADB
29,ja,100,AEE
30,breivika,99,-
31,anders,98,-
32,utøya,97,-
33,tak,96,EK
34,taki,92,EAC
35,mieć,91,BDC
36,my,89,EIA
37,r,89,-
38,wiele,88,DEBA
39,więzienie,87,AEBAA
40,praca,86,ADACABB
41,ona,82,EDAB
42,sąd,81,ACAAAAA
43,kilka,80,ADAB
44,raz,78,ACAAAAA
45,nowy,77,CAB
46,sam,74,ACAAAAA
47,życie,70,AEBAA
48,miasto,69,AEAAAB
49,partia,68,ADACBAA
50,m,68,-
51,pierwsza,64,ADACCBA
52,wszystek,64,CCA
53,świat,63,ACAABAB
54,policja,63,ADACBAA
55,polski,62,ACD
56,powiedzieć,61,BDC
57,miał,60,ACAAAAA
58,mężczyzna,59,AABDAB
59,kraj,58,ACACACB
60,strona,58,ADAAA
61,film,58,ACAAAAA
62,ofiara,58,ADAAA
63,dwa,57,DABB
64,ocena,57,ADAAA
65,bardzo,57,FA
66,sprawa,57,ADAAA
67,zamachowiec,57,AAACBA
68,cały,56,CAB
69,maić,56,BBCA
70,bez,56,ACAAAAA
71,premier,56,AAACAAAB
72,dzień,56,ACABBB
73,atak,56,ACABA
74,drugi,54,CBA
75,europ,54,ACAAAAA
76,bronić,54,BBCA
77,prezydent,54,AAADAA
78,można,53,BFBA
79,która,53,-
80,musieć,51,BBBA
81,prawicowy,51,CAB
82,zginąć,51,BAEAB
83,in,51,-
84,ostatni,50,CBB
85,bezpieczeństwo,50,AEAAAB
86,polityczny,50,CAB
87,wszyscy,48,AFEC
88,letni,48,CBB
89,europejski,47,CBA
90,uważać,46,BDA
91,alba,46,ADAAA
92,historia,46,ADACBAA
93,masakra,46,ADAAA
94,kobieta,45,ADAAA
95,nizać,45,BAAFA
96,wyrok,45,ACABA
97,szkoła,45,ADAAA
98,kolejny,44,CAB
99,lipiec,44,ACACBC
100,krakowie,44,-
101,każdy,43,AAEC
102,władza,43,ADACABB
103,służba,42,ADAAA
104,dom,42,ACAAAB
105,trzeba,41,BFBA
106,wielki,40,CBA
107,wiedzieć,40,BDC
108,mieszkaniec,40,AAACBA
109,pisać,39,BAAFA
110,zabić,39,AEBAA
111,obóz,39,ACAAAAA
112,godzina,39,ADAAA
113,miejsce,39,AEBAA
114,rząd,39,ACAAAAA
115,powinien,39,BFCA
116,stać się,38,-
117,później,38,FC
118,problem,38,ACAAAAA
119,kara,38,ADAAA
120,grupa,38,ADAAA
121,zacząć,37,BAFCB
122,zrobić,37,BBCA
123,duży,37,CAB
124,prawo,37,AEAAAB
125,teraz,36,FC
126,chodzić,36,BBCA
127,samochód,36,ACAAAAA
128,rodzina,36,ADAAA
129,proces,36,ACAAAAA
130,państwo,36,AEAAAB
131,warunek,36,ACABA
132,bomba,36,ADAAA
133,zdanie,35,AEBAA
134,bardziej,35,FC
135,napisać,35,BAAFA
136,pot,35,ACAAAAA
137,twierdzić,35,BBCA
138,tragedia,35,ADACBAA
139,jeść,35,BDD
140,niebo,35,AEAAAB
141,wojna,35,ADAAA
142,rola,34,ADACBABA
143,znaleźć,34,BAFCAA
144,trzy,34,DBAA
145,stan,33,ACAAAAA
146,agent,33,AAADAA
147,żaden,33,CCBBA
148,więcej,33,FC
149,uczeń,33,AEBAA
150,minuta,32,ADAAA
151,rozmowa,32,ADAAA
152,często,32,FA
153,społeczeństwo,32,AEAAAB
154,uznać,32,BDA
155,manifest,32,ACAAAAA
156,mama,32,ADAAA
157,teatr,32,ACAAAAA
158,koniec,31,ACACBC
159,zespół,31,ACAAAAA
160,początek,31,ACABA
161,ważny,31,CAB
162,ręka,31,ADACBABB
163,terrorysta,31,AABDAA
164,opowiadać,31,BDA
165,medium,31,AED
166,której,31,-
167,sprawca,31,AABCBB
168,krakowa,31,-
169,strefa,31,ADAAA
170,uwaga,30,ADAB
171,informacja,30,ADACBAA
172,jaki,30,ABAC
173,styczeń,30,ACACBAA
174,organizacja,30,ADACBAA
175,rodzic,30,AAABAB
176,gra,29,ADAAA
177,próba,29,ADAAA
178,słowo,29,AEAAAB
179,dać,29,BDC
180,sposobić,29,BBCA
181,wydarzenie,29,AEBAA
182,tysiąc,29,ABAAC
183,Internet,29,ACAAAAA
184,dodać,29,BDC
185,ksiądz,29,AAAEB
186,własny,28,CAB
187,cel,28,ACACACB
188,droga,28,ADAB
189,zmiana,27,ADAAA
190,wcześniej,27,FC
191,śmierć,27,ADCCA
192,młoda,27,ADACCBA
193,udział,27,ACAAAAA
194,pracować,27,BAAA
195,np,27,-
196,edukacja,27,ADACBAA
197,wydawać,26,BAAE
198,temat,26,ACAAAAA
199,jakiś,26,EAF
200,skazać,26,BAAFA
201,próbować,26,BAAA
202,wolność,26,ADCCA
203,członek,26,AAAAB
204,największy,26,CAB
205,główny,26,CAB
206,krakowski,26,CBA
207,przypadek,25,ACABA
208,różny,25,CAB
209,okazać,25,BAAFA
210,przebywać,25,BDA
211,pieniądz,25,ACACBBB
212,polityk,25,AAACBA
213,prawić,25,BBCA
214,znać,25,BDA
215,najbardziej,25,FC
216,policjant,25,AAADAA
217,brak,24,ACABA
218,widzieć,24,BBBA
219,kontakt,24,ACAAAAA
220,zwierzę,24,AECA
221,głównie,24,FC
222,behring,24,-
223,centrum,24,AED
224,rządowy,24,CAB
225,brać,24,ADCAAA
226,nikt,24,EFA
227,izolacja,24,ADACBAA
228,usa,24,-
229,scena,24,ADAAA
230,terrorystyczny,24,CAB
231,sekta,24,ADAAA
232,uczestnik,23,AAACBA
233,kto,23,EFB
234,kar,23,ACAAAAA
235,którą,23,-
236,dziś,23,ACF
237,robić,23,BBCA
238,odbywać,23,BDA
239,przyznać,23,BDA
240,traktowanie,23,AEBAA
241,przedmiot,23,ACAAAAA
242,prawica,23,ADACABB
243,strzał,22,ACAAAAA
244,prowadzić,22,BBCA
245,głowa,22,ADAAA
246,dziać,22,BAFBD
247,czuć,22,AEBAA
248,zagrożenie,22,AEBAA
249,należeć,22,BCBA
250,część,22,ADCCA
251,oko,22,AEAAAA
252,list,22,ACAAAAA
253,możliwość,22,ADCCA
254,najwyższy,22,CAB
255,ice,22,-
256,przepis,22,ACAAAAA
257,polsce,22,-
258,andersa,22,-
259,moment,22,ACAAAAA
260,spotkanie,22,AEBAA
261,koncert,22,ACAAAAA
262,seks,21,ACAAAAA
263,książka,21,ADAB
264,rzecz,21,ADCB
265,pan,21,AAAAAB
266,ciało,21,AEAAAB
267,nasz,21,EAABA
268,wynikać,21,BDA
269,budynek,21,ACABA
270,związek,21,ACABA
271,strzelać,21,BDA
272,dwie,21,DABCA
273,stwierdzić,21,BBCA
274,imigrant,21,AAADAA
275,zdjęcie,21,AEBAA
276,przemoc,21,ADCAB
277,wzgląd,21,ACAAAAAB
278,tydzień,21,ACACBAA
279,ekspert,21,AAADAA
280,pojawić się,20,-
281,sytuacja,20,ADACBAA
282,seksualny,20,CAB
283,morderca,20,AABCBB
284,większość,20,ADCCA
285,środek,20,ACABBA
286,powód,20,AAAAAA
287,wymiar,20,ACAAAAA
288,dobro,20,AEAAAA
289,wniosek,20,ACABA
290,stracić,20,BBCA
291,ojciec,20,AAAAAB
292,skarżyć,20,BCCA
293,adwokat,20,AAADAA
294,swa,20,EDAAB
295,kamień,20,ACACBAA
296,polityka,20,AAACBA
297,nauczyciel,20,AAABCA
298,materiał,20,ACAAAAA
299,dzielnica,20,ADACABB
300,wynik,19,ACABA
301,pokazywać,19,BAAB
302,relacja,19,ADACBAA
303,ty,19,EIA
304,tłumaczyć,19,BCCA
305,ktoś,19,EFC
306,ile,19,EHBA
307,szukać,19,BDA
308,dostęp,19,ACAAAAA
309,piątek,19,ACABA
310,ruch,19,ACAAAB
311,wybuch,19,ACAAAB
312,pomoc,19,ADCAB
313,otwarty,19,CAB
314,głos,19,ACAAAAA
315,narodowy,19,CAB
316,postać,19,ADCAAA
317,syn,19,AAAAB
318,norwegia,19,-
319,forma,19,ADAAA
320,zbrodnia,19,ADACBAA
321,aktor,19,AAACAAAB
322,miesiąc,19,ACACBBA
323,wówczas,18,FC
324,prawdziwy,18,CAB
325,wartość,18,ADCCA
326,wyjść,18,AEBAA
327,istnieć,18,BAD
328,większy,18,CAB
329,tyle,18,EHBA
330,prostu,18,-
331,więzienny,18,CAB
332,osiem,18,DBBA
333,młody,18,AAEC
334,woda,18,ADAAA
335,telefon,18,ACAAAAA
336,telewizja,18,ADACBAA
337,swój,18,EAABA
338,imię,18,AECB
339,minneapolis,18,-
340,widać,18,BFB
341,pies,18,ABABAB
342,plan,18,ACAAAAA
343,nasi,18,AFFB
344,strach,18,ABABAAB
345,dodatek,18,ACABA
346,projekt,18,ACAAAAA
347,skrzat,18,AAACAAAB
348,pierwszy,18,CAB
349,referendum,18,AED
350,czyn,18,ACAAAAA
351,nieludzki,18,CBA
352,kościół,18,ACAABAA
353,spektakl,18,ACACAA
354,zdrowy,18,AAEC
355,matka,18,ADAB
356,powell,18,-
357,schronisko,18,AEAAAA
358,obrona,17,ADAAA
359,kontrola,17,ADACBAA
360,częsty,17,CAB
361,najważniejszy,17,CAB
362,doświadczenie,17,AEBAA
363,najmniej,17,FC
364,nadal,17,FC
365,wybuchowy,17,CAB
366,niektóry,17,AAEB
367,dojść,17,AEBAA
368,trwać,17,BDA
369,good,17,-
370,obywatelski,17,CBA
371,punkt,17,ACAAAAA
372,młodzieżówki,17,-
373,odrzucić,17,BBCA
374,liczba,17,ADAAA
375,kino,17,AEAAAB
376,tekst,17,ACAAAAA
377,klasa,17,ADAAA
378,transport,17,ACAAAAA
379,tys,17,-
380,ideologia,17,ADACBAA
381,kolor,17,ACAAAAA
382,kuweta,17,ADAAA
383,otworzyć,16,BCCA
384,zatrzymać,16,BDA
385,potrzebować,16,BAAA
386,siła,16,ADAAA
387,źródło,16,AEAAAB
388,proca,16,ADACABB
389,potrzeba,16,ADAAA
390,kwestia,16,ADACBAA
391,zdrowie,16,AEBAC
392,pojawiać się,16,-
393,pytanie,16,AEBAA
394,przykład,16,ACAAAAA
395,dużo,16,DF
396,grać,16,BDA
397,korespondencja,16,ADACBAA
398,zastrzelić,16,BBCA
399,sztuczny,16,CAB
400,sieć,16,ADCCA
401,zachód,16,ACAAAAA
402,lewicowy,16,CAB
403,wiedza,16,ADACABB
404,strzelanina,16,ADAAA
405,przekonywać,16,BAAB
406,zbyt,16,ACAAAAA
407,działać,16,BDA
408,akcja,16,ADACBAA
409,terroryzm,16,ACAAAAA
410,wrócić,16,BBCA
411,zmienić,16,BBCA
412,raport,16,ACAAAAA
413,święta,16,ADACCBA
414,ówczesny,16,CAB
415,kolej,16,ADCAAA
416,następnie,16,FC
417,reżyser,16,AAACAAAB
418,powstać,16,BAFABD
419,podobny,16,CAB
420,specjalny,16,CAB
421,warszawa,16,ADAAA
422,mała,16,ADACCBA
423,serial,16,ACACAA
424,artysta,16,AABDAA
425,konkurs,16,ACAAAAA
426,społeczny,16,CAB
427,płyta,16,ADAAA
428,islam,16,ACAAAAA
429,mln,16,-
430,mąż,16,AAAAB
431,styl,16,ACACACB
432,kanał,16,ACAAAAA
433,zegarek,16,ACABBA
434,andrzej,16,-
435,ewa,16,-
436,kacmajor,16,-
437,rozpocząć,15,BAFCB
438,trafić,15,BBCA
439,pięcie się,15,-
440,badanie,15,AEBAA
441,system,15,ACAAAAA
442,zobaczyć,15,BCCA
443,fakt,15,ACAAAAA
444,jednocześnie,15,FB
445,dorosły,15,AAEC
446,ekstremista,15,AABDAA
447,skończyć,15,BCCA
448,walka,15,ADABA
449,stoltenberg,15,-
450,młodzież,15,ADCAB
451,publiczny,15,CAB
452,nienawiść,15,ADCCA
453,podstawa,15,ADAAA
454,mijać,15,BDA
455,oddać,15,BDC
456,rocznica,15,ADACABB
457,zarówno,15,FC
458,granica,15,ADACABB
459,udać,15,BDC
460,widz,15,AAAAB
461,chłopiec,15,AAACAB
462,decyzja,15,ADACBAA
463,skrajny,15,CAB
464,muzułmański,15,CBA
465,radykalny,15,CAB
466,dokonać,15,BDA
467,kultura,15,ADAAA
468,terror,15,ACAAAAA
469,majdan,15,ACAAAAA
470,ilska,15,-
471,g,15,-
472,król,14,AAAAB
473,poznać,14,BDA
474,tworzyć,14,BCCA
475,element,14,ACAAAAA
476,ochrona,14,ADAAA
477,znaczenie,14,AEBAA
478,skrajnie,14,FB
479,więzień,14,AEBAA
480,sobota,14,ADAAA
481,świadek,14,AAAAB
482,przeżyć,14,AEBAA
483,wyglądać,14,BDA
484,myśl,14,ADCCA
485,dobre,14,AEBBB
486,chwila,14,ADACBABA
487,czarny,14,CAB
488,żona,14,ADAAA
489,dodawać,14,BAAE
490,odpowiedni,14,CBB
491,dostać,14,BAFABD
492,klub,14,ACAAAAA
493,wiadomo,14,BFBA
494,gazeta,14,ADAAA
495,nagroda,14,ADAAA
496,wybrać,14,BAAFA
497,masowy,14,CAB
498,utwór,14,ACAAAAA
499,złoty,14,ABC
500,szansa,14,ADACABA
501,moja,14,EDAB
502,podkreślić,14,BBCA
503,ii,14,-
504,ue,14,-
505,koperta,14,ADAAA
506,prosta,14,ADACCBA
507,konto,14,AEAAAB
508,rosyjski,14,ACD
509,sos,14,ACAAAAA
510,szybka,13,ADAB
511,dobry,13,CAA
512,dodatkowy,13,CAB
513,lęk,13,ACABA
514,stać,13,BAFABD
515,skutek,13,ACABA
516,typ,13,AAACAAAB
517,zmieniać,13,BDA
518,rozmawiać,13,BDA
519,lepiej,13,FC
520,wybór,13,ACAAAAA
521,oglądać,13,BDA
522,wierzyć,13,BCCA
523,dyskusja,13,ADACBAA
524,model,13,AAABCA
525,osobisty,13,CAB
526,sierpień,13,ACACBAA
527,ulica,13,ADACABB
528,siedziba,13,ADAAA
529,ranna,13,ADACCBA
530,stolica,13,ADACABB
531,poła,13,ADAAA
532,myśleć,13,BBBA
533,zwrócić,13,BBCA
534,przestępstwo,13,AEAAAB
535,trumpa,13,-
536,amerykański,13,CBA
537,nagranie,13,AEBAA
538,kupić,13,BBCA
539,dostępny,13,CAB
540,podkreślać,13,BDA
541,zabrać,13,BAAFA
542,podstawowy,13,CAB
543,sztuka,13,ADAB
544,wziąć,13,BAFCAC
545,norweg,13,-
546,domagać się,13,-
547,wskazywać,13,BAAB
548,luty,13,ACAAAAA
549,por,13,ABABAAA
550,obecny,13,AAEC
551,filmowy,13,CAB
552,zajęcie,13,AEBAA
553,zapisać,13,BAAFA
554,przypominać,13,BDA
555,odbyć,13,AEBAA
556,muzyczny,13,CAB
557,nauka,13,ADAB
558,odpowiedź,13,ADCCA
559,przygotować,13,BAAA
560,miszalskiego,13,-
561,procent,13,ACAAAAA
562,kraków,13,-
563,podpis,13,ACAAAAA
564,czysty,13,CAB
565,miejski,13,CBA
566,nazwisko,13,AEAAAA
567,łukasz,13,-
568,wielokulturowości,13,-
569,wersja,13,ADACBAA
570,muzułmanin,13,AAABAA
571,unia,13,ADACBAA
572,godz,13,-
573,kolęda,13,ADAAA
574,abw,13,-
575,ekstremizm,13,ACAAAAA
576,kot,13,ABABAB
577,łyżka,13,ADAB
578,szlachetny,13,CAB
579,kilkadziesiąt,12,DBFA
580,wychodzić,12,BBCA
581,ogromny,12,CAB
582,długo,12,FA
583,wraz,12,FC
584,emocja,12,ADACBAA
585,choroba,12,ADAAA
586,psychiczny,12,CAB
587,potrafić,12,BBCA
588,przede,12,-
589,grozić,12,BBCA
590,bombowy,12,CAB
591,napastnik,12,AAACBA
592,rodzaj,12,ACACACB
593,najpierw,12,FC
594,bać się,12,-
595,zjednoczony,12,CAB
596,biały,12,CAB
597,dziennik,12,ACABBA
598,trzymać,12,BDA
599,kierowca,12,AABCBB
600,poza,12,ADAAA
601,ubiegły,12,BAFAAB
602,sama,12,EDAAB
603,przyjąć,12,BAFCB
604,funkcjonariusz,12,AAABD
605,znany,12,BDA
606,przeprowadzić,12,BBCA
607,prawda,12,ADAAA
608,znajdować,12,BAAA
609,lepszy,12,CAB
610,temperatura,12,ADAAA
611,skarga,12,ADAB
612,grudzień,12,ACACBAA
613,domowy,12,CAB
614,podać,12,BDC
615,tłumacz,12,AAABD
616,pracoń,12,-
617,ogół,12,ACAAAAA
618,uniwersytet,12,ACAAAAA
619,czerwony,12,CAB
620,dawać,12,BAAE
621,pamiętać,12,BDA
622,powrót,12,ACAAAAA
623,wielokrotnie,12,FC
624,średni,12,CBB
625,zasada,12,ADAAA
626,ciąg,12,ACABA
627,opowieść,12,ADCCA
628,wyborczy,12,CAA
629,możliwy,12,CAB
630,jedzenie,12,AEBAA
631,światowy,12,CAB
632,chrześcijański,12,CBA
633,współczesny,12,AAEC
634,chór,12,ACAAAAA
635,poinformować,12,BAAA
636,sprawdzić,12,BBCA
637,podsiąść,12,BAFCAA
638,pani,12,ADBAA
639,islamski,12,CBA
640,wyświetlenie,12,AEBAA
641,muzeum,12,AED
642,felicja,12,-
643,pole,11,AEBAA
644,poziom,11,ACAAAAA
645,wpływ,11,ACAAAAA
646,jakość,11,ADCCA
647,wsparcie,11,AEBAA
648,warta,11,CCBBA
649,pomysł,11,ACAAAAA
650,wystarczyć,11,BCCA
651,język,11,ACABBA
652,moi,11,AFFC
653,zabijać,11,BDA
654,minister,11,AAAAAA
655,traktować,11,BAAA
656,prosić,11,BBCA
657,teren,11,ACAAAAA
658,rządzący,11,AAEB
659,jens,11,-
660,czekać,11,BDA
661,eksplozja,11,ADACBAA
662,mundur,11,ACAAAAA
663,siedzieć,11,BBBA
664,przegrać,11,BDA
665,norwegię,11,-
666,związany,11,BAAFA
667,przyjść,11,AEBAA
668,zapewniać,11,BDA
669,sukienka,11,ADAB
670,występować,11,BAAA
671,pojechać,11,BAAFA
672,ogień,11,ACACBAA
673,pozbawienie,11,AEBAA
674,klient,11,AAADAA
675,lippestad,11,-
676,wciąż,11,FC
677,mróz,11,ACAAAAA
678,radny,11,AAEC
679,zachowanie,11,AEBAA
680,mój,11,EAABA
681,lubić,11,BBCA
682,bliski,11,CBA
683,zapraszać,11,BDA
684,muzyk,11,AAACBA
685,album,11,ACAAAAA
686,działalność,11,ADCCA
687,postęp,11,ACAAAAA
688,odwołać,11,BDA
689,jake,11,-
690,odpowiedzialny,11,CAB
691,miszalski,11,-
692,działacz,11,AAABD
693,wprowadzenie,11,AEBAA
694,sct,11,-
695,zarzut,11,ACAAAAA
696,kwiecień,11,ACACBAA
697,gotowy,11,CAB
698,muzyka,11,AAACBA
699,przygotowanie,11,AEBAA
700,młodzieżowy,11,CAB
701,okres,11,ACAAAAA
702,ks,11,-
703,oznaczać,11,BDA
704,ewy,11,-
705,sklep,11,ACAAAAA
706,zdrowotny,11,CAB
707,babcia,11,ADACBBB
708,podobnie,10,FB
709,drużyna,10,ADAAA
710,starać się,10,-
711,karny,10,ABC
712,cztery,10,DBAA
713,zaczynać,10,BDA
714,wspólny,10,CAB
715,poczucie,10,AEBAA
716,obawa,10,ADAAA
717,partner,10,AAACAAAB
718,przyczyna,10,ADAAA
719,iść,10,BAFCAA
720,zły,10,ABC
721,połowa,10,ADAAA
722,pokazać,10,BAAFA
723,rozwiązanie,10,AEBAA
724,takiej,10,-
725,wiek,10,ACABA
726,nazywać,10,BDA
727,nastolatek,10,AAADBA
728,poddać,10,BDC
729,dotrzeć,10,BABA
730,ładunek,10,ACABA
731,pistolet,10,ACAAAAA
732,podobać się,10,-
733,przebywający,10,BDA
734,agencja,10,ADACBAA
735,odsiadywać,10,BAAB
736,opublikowany,10,BAAA
737,wspomnienie,10,AEBAA
738,d,10,-
739,krajowy,10,CAB
740,wewnętrzny,10,CAB
741,prasowy,10,CAB
742,noc,10,ADCAB
743,protest,10,ACAAAAA
744,fot,10,ACAABAA
745,czytać,10,BDA
746,trend,10,ACAAAAA
747,pewien,10,CCBBA
748,wprowadzić,10,BBCA
749,zależeć,10,BCBA
750,wyższy,10,CAB
751,ograniczenie,10,AEBAA
752,prokuratura,10,ADAAA
753,stara,10,ADACCBA
754,pochodzenie,10,AEBAA
755,pułapka,10,ADAB
756,wysoki,10,CBA
757,rad,10,ACAAAAA
758,opinia,10,ADACBAA
759,festiwal,10,ACACAA
760,najlepszy,10,CAB
761,samo,10,EEAAA
762,warsztat,10,ACAAAAA
763,trzeci,10,CBB
764,angielski,10,ACD
765,nazwa,10,ADAAA
766,brat,10,AAAEA
767,sukces,10,ACAAAAA
768,gościć,10,BBCA
769,pis,10,-
770,odwołanie,10,AEBAA
771,marzec,10,ACACBC
772,numer,10,ACAAAAA
773,dokładnie,10,FB
774,wyjście,10,AEBAA
775,pozwolić,10,BBCA
776,akt,10,ACAAAAA
777,ziemia,10,ADACBABA
778,pogląd,10,ACAAAAA
779,produkcja,10,ADACBAA
780,demokracja,10,ADACBAA
781,zwolennik,10,AAACBA
782,szalony,10,AAEC
783,produkt,10,ACAAAAA
784,zwolnienie,10,AEBAA
785,energia,10,ADACBAA
786,tiktoku,10,-
787,świąteczny,10,CAB
788,polka,10,ADAB
789,henryk,10,-
790,jakubowskich,10,-
791,czwartek,9,ACABA
792,walczyć,9,BCCA
793,uderzyć,9,BCCA
794,ostatecznie,9,FC
795,okazja,9,ADACBAA
796,prof,9,-
797,kluczowy,9,CAB
798,funkcjonowanie,9,AEBAA
799,partnerka,9,ADAB
800,bliskość,9,ADCCA
801,trudny,9,CAB
802,reakcja,9,ADACBAA
803,wracać,9,BDA
804,wymagać,9,BDA
805,wyzwanie,9,AEBAA
806,niezwykle,9,FB
807,znacznie,9,FB
808,pytać,9,BDA
809,narzekać,9,BDA
810,zapowiadać,9,BDA
811,sprawiedliwość,9,ADCCA
812,handlowy,9,CAB
813,szpital,9,ACACBAA
814,spokojny,9,CAB
815,uciec,9,BAFAAB
816,łódź,9,ADCAAA
817,pobyt,9,ACAAAAA
818,zakończyć,9,BCCA
819,poniedziałek,9,ACABA
820,propozycja,9,ADACBAA
821,brytanii,9,-
822,utrzymywać,9,BAAB
823,opublikować,9,BAAA
824,kolega,9,AABCA
825,wieczorem,9,FC
826,chłopak,9,AAACBA
827,śledztwo,9,AEAAAB
828,konferencja,9,ADACBAA
829,odmówić,9,BBCA
830,zgodnie,9,FB
831,przyjaciel,9,AAABBB
832,serce,9,AEBAA
833,szczególnie,9,FB
834,dziwny,9,CAB
835,dzisiaj,9,ACF
836,tragiczny,9,CAB
837,szef,9,AAAAAA
838,dekada,9,ADAAA
839,dotyczący,9,CAA
840,geir,9,-
841,poważny,9,CAB
842,boży,9,CAA
843,tytuł,9,ACAAAAA
844,pójść,9,BAFCAA
845,postanowić,9,BBCA
846,znak,9,ACABA
847,trasa,9,ADAAA
848,zapytać,9,BDA
849,interesować,9,BAAA
850,opowiedzieć,9,BDC
851,etap,9,ACAAAAA
852,krzysztof,9,-
853,złe,9,AEBBB
854,premiera,9,AAACAAAB
855,publiczność,9,ADCCA
856,zgoda,9,ADAAA
857,pozostały,9,BAFABD
858,przewidywany,9,BAAB
859,umiejętność,9,ADCCA
860,obcy,9,AAEB
861,liceum,9,AED
862,dalej,9,FC
863,informować,9,BAAA
864,pozwalać,9,BDA
865,hollywood,9,-
866,mieszkanie,9,AEBAA
867,mieszkać,9,BDA
868,opisywać,9,BAAB
869,program,9,ACAAAAA
870,królewski,9,CBA
871,inicjatywa,9,ADAAA
872,zł,9,-
873,dyrektor,9,AAACAAAB
874,wydać,9,BDC
875,urząd,9,ACAAAAAB
876,ukraiński,9,CBA
877,marsz,9,ABAAAB
878,wtorek,9,ACABA
879,konwencja,9,ADACBAA
880,uznawać,9,BAAE
881,przejść,9,AEBAA
882,popełnić,9,BBCA
883,stopień,9,AEBAA
884,musical,9,ACACAA
885,autor,9,AAACAAAB
886,al,9,-
887,południe,9,AEBAC
888,dana,9,ADACCBA
889,placówka,9,ADAB
890,przedterminowy,9,CAB
891,gwiazda,9,ADAAA
892,łatwo,9,FA
893,zakup,9,ACAAAAA
894,wystawa,9,ADAAA
895,moda,9,ADAAA
896,świeży,9,CAA
897,kuchnia,9,ADACBAA
898,cebula,9,ADACBABA
899,oliwa,9,ADAAA
900,cytryn,9,ACAAAAA
901,mistrz,8,AAAAB
902,liga,8,ADAB
903,zagrać,8,BBCA
904,uderzać,8,BDA
905,okolica,8,ADACABB
906,uratować,8,BAAA
907,przerwa,8,ADAAA
908,stajać,8,BAAFC
909,męskość,8,ADCCA
910,hasło,8,AEAAAB
911,znaczyć,8,BCCA
912,pewnie,8,FB
913,kochać,8,BDA
914,scenariusz,8,ACACBBA
915,kategoria,8,ADACBAA
916,obowiązek,8,ACABA
917,zdarzać,8,BDA
918,praktyczny,8,CAB
919,pewność,8,ADCCA
920,przestać,8,BAFABD
921,moc,8,ADCAB
922,rozumieć,8,BDBA
923,lekarz,8,AAABD
924,rodzinny,8,CAB
925,ryzyko,8,AEAAAA
926,używać,8,BDA
927,przekonanie,8,AEBAA
928,otwartość,8,ADCCA
929,sens,8,ACAAAAA
930,komunikacja,8,ADACBAA
931,tortura,8,ADAAA
932,zakład,8,ACAAAAA
933,zewnętrzny,8,CAB
934,ostrzegać,8,BDA
935,nawóz,8,ACAAAAA
936,silny,8,CAB
937,policyjny,8,CAB
938,przyjechać,8,BAAFA
939,bezpieczny,8,CAB
940,poprosić,8,BBCA
941,uciekać,8,BDA
942,wejść,8,AEBAA
943,słychać,8,BFB
944,radzić,8,BBCA
945,prawnik,8,AAACBA
946,portal,8,ACACAA
947,maj,8,BBCA
948,kamera,8,ADAAA
949,zupełnie,8,FB
950,patrzyć,8,BCCA
951,dziesięć,8,DBBA
952,protestować,8,BAAA
953,środa,8,ADAAA
954,rama,8,ADAAA
955,kwiat,8,ACAAAAA
956,hotel,8,ACACAA
957,korzystać,8,BDA
958,adres,8,ACAAAAA
959,federalny,8,CAB
960,zbudować,8,BAAA
961,pamięć,8,ADCCA
962,klasyczny,8,CAB
963,ciekawy,8,CAB
964,zabity,8,BAFB
965,mowa,8,ADAAA
966,wysłać,8,BAAFA
967,zdobyć,8,AEBAA
968,zabójca,8,AABCBB
969,narodzenie,8,AEBAA
970,adrian,8,-
971,doprowadzić,8,BBCA
972,wywiad,8,ACAAAAA
973,tworzenie,8,AEBAA
974,groźny,8,CAB
975,zatrzymanie,8,AEBAA
976,taka,8,-
977,potrzebny,8,CAB
978,spodziewać się,8,-
979,zwykły,8,CAB
980,nieco,8,FC
981,edukacyjny,8,CAB
982,aktorka,8,ADAB
983,wrażenie,8,AEBAA
984,szkolny,8,CAB
985,podjąć,8,BAFCB
986,wyjątkowy,8,CAB
987,statut,8,ACAAAAA
988,podejście,8,AEBAA
989,spełniać,8,BDA
990,skala,8,ADACBABA
991,twarz,8,ADCAB
992,hit,8,-
993,milion,8,ACAABAA
994,pełny,8,CAB
995,konfederacja,8,ADACBAA
996,obywatel,8,AAABCA
997,piotr,8,-
998,michał,8,-
999,wjazd,8,ACAAAAA
1000,niepodległość,8,ADCCA
1001,przyznawać,8,BAAE
1002,środowisko,8,AEAAAA
1003,apelacyjny,8,CAB
1004,neonazista,8,AABDAA
1005,symbol,8,ACACAA
1006,dokument,8,ACAAAAA
1007,wrzesień,8,ACACBAA
1008,słowackiego,8,-
1009,potwierdzić,8,BBCA
1010,zamknięty,8,BAEAA
1011,piątkowy,8,CAB
1012,powstrzymać,8,BDA
1013,wspominać,8,BDA
1014,studiować,8,BAAA
1015,spędzić,8,BBCA
1016,senior,8,AAACAAAB
1017,dziennikarz,8,AAABD
1018,top,8,ACAAAAA
1019,inspirować,8,BAAA
1020,chlebda,8,-
1021,parafia,8,ADACBAA
1022,zostawić,8,BBCA
1023,islamista,8,AABDAA
1024,wspólnota,8,ADAAA
1025,zero,8,AEAAAB
1026,rosji,8,-
1027,treść,8,ADCCA
1028,chleb,8,ACAABAA
1029,sport,8,ACAAAAA
1030,downa,8,-
1031,teatralny,8,CAB
1032,aresztować,8,BAAA
1033,razer,8,-
1034,wskazać,8,BAAFA
1035,smak,8,ACABA
1036,areszt,8,ACAAAAA
1037,nysa,8,ADAAA
1038,garnek,8,ACABBA
1039,julius,8,-
1040,roberts,8,-
1041,składnik,8,ACABBA
1042,czosnek,8,ACABA
1043,smażyć,8,BCCA
1044,poezja,8,ADACBAA
1045,poprzedni,7,CBB
1046,sezon,7,ACAAAAA
1047,obrońca,7,AABCBB
1048,oba,7,DABB
1049,obie,7,DABCA
1050,presja,7,ADACBAA
1051,spotykać,7,BDA
1052,najczęściej,7,FC
1053,efekt,7,ACAAAAA
1054,specjalista,7,AABDAA
1055,pomóc,7,BAFCAB
1056,zaproponować,7,BAAA
1057,błąd,7,ACAAAAAB
1058,substancja,7,ADACBAA
1059,krytyczny,7,CAB
1060,młodość,7,ADCCA
1061,obawiać się,7,-
1062,praktyka,7,AAACBA
1063,strajk,7,ACABA
1064,głodowy,7,CAB
1065,wyrazić,7,BBCA
1066,przechodzić,7,BBCA
1067,zabicie,7,AEBAA
1068,mniejszy,7,CAB
1069,center,7,AAACAAAB
1070,okno,7,AEAAAB
1071,przyjeżdżać,7,BDA
1072,siedem,7,DBBA
1073,km,7,-
1074,półtorej,7,DF
1075,przekazanie,7,AEBAA
1076,udawać,7,BAAE
1077,siostra,7,ADAAA
1078,jednostka,7,ADAB
1079,kłopot,7,ACAAAAA
1080,sala,7,ADACBABA
1081,zapowiedzieć,7,BDC
1082,storrvik,7,-
1083,otrzymać,7,BDA
1084,oświadczenie,7,AEBAA
1085,przekazać,7,BAAFA
1086,zapobiec,7,BAFAAB
1087,operacja,7,ADACBAA
1088,ujawnić,7,BBCB
1089,pochodzić,7,BBCA
1090,renee,7,-
1091,wcześniejszy,7,CAB
1092,administracja,7,ADACBAA
1093,powoływać,7,BAAB
1094,ds,7,-
1095,taką,7,-
1096,posiadać,7,BDA
1097,zaatakować,7,BAAA
1098,misja,7,ADACBAA
1099,odpowiedzieć,7,BDC
1100,właściciel,7,AAABCA
1101,żyć,7,AEBAA
1102,wybierać,7,BDA
1103,layering,7,-
1104,strój,7,BBCA
1105,niski,7,CBA
1106,zima,7,ADAAA
1107,pozostać,7,BAFABD
1108,rozprawa,7,ADAAA
1109,sześć,7,DBBA
1110,rzekomy,7,CAB
1111,poseł,7,AAAAAA
1112,psychicznie,7,FB
1113,reszta,7,ADAAA
1114,dotyczyć,7,BCCA
1115,ponownie,7,FB
1116,jaką,7,-
1117,instancja,7,ADACBAA
1118,marta,7,-
1119,starszy,7,CAB
1120,zwracać,7,BDA
1121,wywołać,7,BDA
1122,gmin,7,ACAAAAA
1123,wpływać,7,BDA
1124,the,7,-
1125,dzieciństwo,7,AEAAAB
1126,dowiedzieć się,7,-
1127,koszt,7,ACAAAAA
1128,rzeczywistość,7,ADCCA
1129,wejście,7,AEBAA
1130,inaczej,7,FC
1131,zauważyć,7,BCCA
1132,nasza,7,-
1133,lublinie,7,-
1134,jedyne,7,AEBBB
1135,współpracować,7,BAAA
1136,jesień,7,ADCAAA
1137,współpraca,7,ADACABB
1138,student,7,AAADAA
1139,lato,7,AEAAAB
1140,aleksander,7,-
1141,straż,7,ADCAB
1142,listopad,7,ACAABAA
1143,półrocze,7,AEBAB
1144,sprawdzian,7,ACAAAAA
1145,dramat,7,ACAAAAA
1146,frekwencja,7,ADACBAA
1147,wyliczać,7,BDA
1148,założyć,7,BCCA
1149,wyrzucić,7,BBCA
1150,ugrupowanie,7,AEBAA
1151,konsekwencja,7,ADACBAA
1152,vince,7,-
1153,narkotyk,7,ACABA
1154,obraz,7,ACAAAAA
1155,sprzedaż,7,ADCAB
1156,głośny,7,CAB
1157,odpowiadać,7,BDA
1158,ryś,7,ABAABA
1159,bartosz,7,-
1160,wzrosły,7,CAB
1161,konserwatywny,7,CAB
1162,drewnicki,7,-
1163,łączeń,7,AEBAA
1164,gibała,7,-
1165,jasne,7,FC
1166,poszanowanie,7,AEBAA
1167,nazwać,7,BAAFB
1168,konieczny,7,CAB
1169,ideologiczny,7,CAB
1170,ubrać,7,BAAFA
1171,internetowych,7,-
1172,deklaracja,7,ADACBAA
1173,liberalny,7,CAB
1174,farma,7,ADAAA
1175,demokratyczny,7,CAB
1176,wymierzony,7,CAB
1177,planować,7,BAAA
1178,spotkać,7,BDA
1179,odnotować,7,BAAA
1180,krwawy,7,CAB
1181,wyraz,7,ACAAAAA
1182,swoje,7,EDAB
1183,pasować,7,BAAA
1184,śmiać się,7,-
1185,instytut,7,ACAAAAA
1186,naśladowca,7,AABCBB
1187,europa,7,-
1188,pokolenie,7,AEBAA
1189,inteligencja,7,ADACBAA
1190,filmik,7,ACABA
1191,billie,7,-
1192,biżuteria,7,ADACBAA
1193,tarcza,7,ADACABB
1194,odrobina,7,ADAAA
1195,płatek,7,ACABBA
1196,lekcja,7,ADACBAA
1197,obowiązkowy,7,CAB
1198,apelować,7,BAAA
1199,luiza,7,-
1200,ewę,7,-
1201,dolać,7,BAFBD
1202,oze,7,-
1203,bezdomny,7,AAEC
1204,pomidor,7,ABABAAA
1205,puszek,7,ACABA
1206,makaron,7,ACAAAAA
1207,drobno,7,FA
1208,burak,7,ABAC
1209,klopsik,7,ACABBA
1210,niedziela,6,ADACBABA
1211,minąć,6,BAEAB
1212,zatrzymywać,6,BAAB
1213,niewiele,6,DEBA
1214,wykorzystać,6,BDA
1215,porażka,6,ADAB
1216,reklama,6,ADAAA
1217,napięcie,6,AEBAA
1218,test,6,ACAAAAA
1219,facet,6,AAADAA
1220,sugerować,6,BAAA
1221,gabinet,6,ACAAAAA
1222,konflikt,6,ACAAAAA
1223,sum,6,ABABAAA
1224,słyszeć,6,BCBA
1225,motywować,6,BAAA
1226,bywać,6,BDA
1227,kręcić,6,BBCA
1228,częściej,6,FC
1229,wizyta,6,ADAAA
1230,kierować,6,BAAA
1231,bóg,6,AAAAAB
1232,zadanie,6,AEBAA
1233,sięgać,6,BDA
1234,mniej,6,FC
1235,para,6,AAAAAA
1236,zyskać,6,BDA
1237,założenie,6,AEBAA
1238,cud,6,ACAAAAA
1239,playstation,6,-
1240,zamordować,6,BAAA
1241,piec,6,ACACBC
1242,młodzieżówka,6,-
1243,zdołać,6,BDA
1244,biuro,6,AEAAAB
1245,pojazd,6,ACAAAAA
1246,sięgnąć,6,BAEAA
1247,wyciągnąć,6,BAEAA
1248,ląd,6,ACAAAAA
1249,zdążyć,6,BCCA
1250,martwy,6,AAEC
1251,ukrywać,6,BDA
1252,natychmiast,6,FC
1253,zadzwonić,6,BBCA
1254,pozwać,6,BAAFB
1255,podawać,6,BAAE
1256,samobójczy,6,CAA
1257,prośba,6,ADAAA
1258,złożyć,6,BCCA
1259,wykonać,6,BDA
1260,archipelag,6,ACABA
1261,baza,6,ADAAA
1262,parlament,6,ACAAAAA
1263,najpewniej,6,FC
1264,suv,6,-
1265,serwis,6,ACAAAAA
1266,porządek,6,ACABA
1267,j,6,-
1268,podchodzić,6,BBCA
1269,kampania,6,ADACBAA
1270,utrudniać,6,BDA
1271,post,6,ACAAAAA
1272,komentować,6,BAAA
1273,wątpliwość,6,ADCCA
1274,wzrost,6,ACAAAAA
1275,warstwa,6,ADAAA
1276,kompozycja,6,ADACBAA
1277,krótki,6,CBA
1278,wyobraźnia,6,ADACBAA
1279,zorganizować,6,BAAA
1280,podłożyć,6,BCCA
1281,uroczystość,6,ADCCA
1282,rasa,6,ADAAA
1283,uzbroić,6,BBCA
1284,ministerstwo,6,AEAAAB
1285,przygotowywać,6,BAAB
1286,strzelecki,6,CBA
1287,chory,6,AAEB
1288,uczestniczyć,6,BCCA
1289,sądzić,6,BBCA
1290,psychiatra,6,AABCBAB
1291,wystąpić,6,BBCA
1292,niebezpieczny,6,CAB
1293,polak,6,-
1294,dzwonić,6,BBCA
1295,poradzić,6,BBCA
1296,obserwować,6,BAAA
1297,fizyczny,6,AAEC
1298,twórca,6,AABCBB
1299,producent,6,AAADAA
1300,krytyka,6,AAACBA
1301,tata,6,AABABA
1302,zgodzić,6,BBCA
1303,dwudziesta,6,ADACCBA
1304,ocenić,6,BBCA
1305,narzędzie,6,AEBAC
1306,zgadzać się,6,-
1307,amelka,6,-
1308,światło,6,AEAAAB
1309,psychologiczny,6,CAB
1310,usłyszeć,6,BCBA
1311,niemczech,6,-
1312,zaplanowany,6,BAAA
1313,niemiecki,6,ACD
1314,rower,6,ACAAAAA
1315,krzysztofa,6,-
1316,lider,6,AAACAAAB
1317,piosenka,6,ADAB
1318,nr,6,-
1319,termin,6,ACAAAAA
1320,ostateczny,6,CAB
1321,określać,6,BDA
1322,data,6,ADAAA
1323,ciągnąć,6,BAEAA
1324,trochę,6,DF
1325,najlepiej,6,FC
1326,lawa,6,ADAAA
1327,grunt,6,ACAAAAA
1328,wygrać,6,BDA
1329,doskonały,6,CAB
1330,finansowy,6,CAB
1331,zostawiać,6,BDA
1332,wszelki,6,CBA
1333,cena,6,ADAAA
1334,wchodzić,6,BBCA
1335,twierdza,6,ADACABB
1336,niemal,6,FC
1337,najbliższy,6,CAB
1338,szczegół,6,ACAAAAA
1339,powietrze,6,AEBAB
1340,zasięg,6,ACABA
1341,najgorszy,6,AEBAB
1342,zapłacić,6,BBCA
1343,ogłosić,6,BBCA
1344,zebrać,6,BAAFA
1345,ewentualny,6,CAB
1346,kandydat,6,AAADAA
1347,włos,6,ACAABAA
1348,październik,6,ACABBA
1349,organizator,6,AAACAAAB
1350,sprzeczny,6,CAB
1351,poniżający,6,BDA
1352,swoboda,6,ADAAA
1353,osadzić,6,BBCA
1354,dokonany,6,BDA
1355,artykuł,6,ACAAAAA
1356,firma,6,ADAAA
1357,odwiedzić,6,BBCA
1358,templariusz,6,AAABD
1359,karabin,6,ACAAAAA
1360,wróg,6,AAAAB
1361,wykonanie,6,AEBAA
1362,youtube,6,-
1363,inspiracja,6,ADACBAA
1364,czerpać,6,BAAFA
1365,juliusza,6,-
1366,sofoklesa,6,-
1367,andrzeja,6,-
1368,zastanawiać,6,BDA
1369,daniel,6,ABAABA
1370,zdetonować,6,BAAA
1371,sędzia,6,AABAA
1372,niewinny,6,CAB
1373,opór,6,ACAAAAA
1374,komisja,6,ADACBAA
1375,żądać,6,BDA
1376,prokurator,6,AAACAAAB
1377,norwegów,6,-
1378,blisko,6,FA
1379,zdecydować,6,BAAA
1380,wzrosnąć,6,BAEB
1381,stworzyć,6,BCCA
1382,b,6,-
1383,uczyć,6,BCCA
1384,pobliże,6,AEBAB
1385,urzędnik,6,AAACBA
1386,niedaleko,6,FC
1387,rasizm,6,ACAAAAA
1388,glen,6,-
1389,idealnie,6,FB
1390,dorobek,6,ACABA
1391,drewniany,6,CAB
1392,spora,6,ADAAA
1393,przychodzić,6,BBCA
1394,facebooku,6,-
1395,chemiczny,6,CAB
1396,użytkownik,6,AAACBA
1397,ilość,6,ADCCA
1398,dawida,6,-
1399,śnieg,6,ACABA
1400,zachodni,6,CBB
1401,wola,6,ADACBAA
1402,ośrodek,6,ACABBA
1403,użycie,6,AEBAA
1404,analiza,6,ADAAA
1405,popularność,6,ADCCA
1406,kawałek,6,ACABBA
1407,miłość,6,ADCCA
1408,stół,6,ACAAAAA
1409,szwedzki,6,CBA
1410,ukrainy,6,-
1411,kazać,6,BAAFA
1412,wy,6,EIA
1413,boski,6,CBA
1414,damski,6,CBA
1415,dawid,6,-
1416,klimat,6,ACAAAAA
1417,duch,6,ABABAAB
1418,rejestr,6,ACAAAAA
1419,dołożyć,6,BCCA
1420,koza,6,ADAAA
1421,kulinarny,6,CAB
1422,juliusa,6,-
1423,mięso,6,AEAAAB
1424,kurczak,6,ABAC
1425,pomidorowy,6,CAB
1426,szczypta,6,ADAAA
1427,sol,6,ABAABA
1428,tahini,6,-
1429,barcelona,5,-
1430,athletic,5,-
1431,puchar,5,ACAAAAA
1432,polaków,5,-
1433,zaskakiwać,5,BAAC
1434,nadziać,5,BAFBD
1435,skład,5,ACAAAAA
1436,atakować,5,BAAA
1437,metr,5,AAAAAA
1438,uderzenie,5,AEBAA
1439,mocny,5,CAB
1440,seria,5,ADACBAA
1441,tempo,5,AEAAAB
1442,odmawiać,5,BDA
1443,sprawność,5,ADCCA
1444,unikać,5,BDA
1445,zawód,5,ACAAAAA
1446,lek,5,ACABAB
1447,nastrój,5,BBCA
1448,dochodzić,5,BBCA
1449,ogólny,5,CAB
1450,diagnoza,5,ADAAA
1451,dziwić się,5,-
1452,sfera,5,ADAAA
1453,rzeczywiście,5,FC
1454,wygląd,5,ACAAAAA
1455,emocjonalny,5,CAB
1456,ciepło,5,AEAAAB
1457,komunikat,5,ACAAAAA
1458,porównanie,5,AEBAA
1459,zainteresowanie,5,AEBAA
1460,par,5,AAAAAA
1461,skupić,5,BBCA
1462,zapach,5,ACAAAB
1463,budować,5,BAAA
1464,teza,5,ADAAA
1465,otwarcie,5,AEBAA
1466,funkcja,5,ADACBAA
1467,zawał,5,ACAAAAA
1468,nawiązywać,5,BAAB
1469,ostatnio,5,FC
1470,natychmiastowy,5,CAB
1471,stanąć,5,BAEAB
1472,absolutny,5,CAB
1473,naturalny,5,CAB
1474,przedstawiać,5,BDA
1475,oczekiwać,5,BAAC
1476,przedłużenie,5,AEBAA
1477,panować,5,BAAA
1478,nagle,5,FC
1479,jensa,5,-
1480,stoltenberga,5,-
1481,eksplodować,5,BAAA
1482,promień,5,ACACBAA
1483,odłamek,5,ACABBA
1484,uwięziony,5,CAB
1485,zamknąć,5,BAEAA
1486,wysepka,5,ADAB
1487,przerażony,5,BBCA
1488,chować,5,BDA
1489,leżeć,5,BCBA
1490,przeżycie,5,AEBAA
1491,apel,5,ACACAA
1492,kontaktować,5,BAAA
1493,dźwięk,5,ACABA
1494,łamać,5,BAAFA
1495,wytoczyć,5,BCCA
1496,codziennie,5,FC
1497,dyspozycja,5,ADACBAA
1498,andreas,5,-
1499,planowany,5,BAAA
1500,zamiana,5,ADAAA
1501,oficjalnie,5,FB
1502,interes,5,ACAAAAA
1503,wojskowy,5,AAEC
1504,wyjątek,5,ACABA
1505,nicole,5,-
1506,imigracyjny,5,CAB
1507,trump,5,-
1508,alpha,5,-
1509,zło,5,AEAAAA
1510,zastrzelenie,5,AEBAA
1511,oskarżać,5,BDA
1512,rana,5,ADAAA
1513,uniknąć,5,BAEAA
1514,krzyczeć,5,BCBA
1515,przejechać,5,BAAFA
1516,jorku,5,-
1517,hilton,5,-
1518,departament,5,ACAAAAA
1519,pokój,5,ACACAA
1520,niezależny,5,CAB
1521,morderstwo,5,AEAAAB
1522,wyrażać,5,BDA
1523,wystarczająco,5,FC
1524,zimowy,5,CAB
1525,kształt,5,ACAAAAA
1526,zarzucić,5,BBCA
1527,połączenie,5,AEBAA
1528,zabawa,5,ADAAA
1529,wierny,5,AAEC
1530,dzisiejszy,5,CAB
1531,nato,5,-
1532,faszystowski,5,CBA
1533,gest,5,ACAAAAA
1534,trybunał,5,ACAAAAA
1535,posiadanie,5,AEBAA
1536,pozwolenie,5,AEBAA
1537,odebrać,5,BAAFA
1538,wyjaśniać,5,BDA
1539,pewny,5,CAB
1540,stawiać,5,BDA
1541,ustawa,5,ADAAA
1542,rozważać,5,BDA
1543,prawny,5,CAB
1544,pogodzić,5,BBCA
1545,wybuchnąć,5,BAEAA
1546,ponieść,5,BAFCAA
1547,jedyny,5,CAB
1548,wydarzyć się,5,-
1549,zrezygnować,5,BAAA
1550,odejść,5,AEBAA
1551,niedawno,5,FC
1552,kardiologiczny,5,CAB
1553,dr,5,-
1554,papieros,5,ABABAAA
1555,zaangażowanie,5,AEBAA
1556,klatka,5,ADAB
1557,zaskoczyć,5,BCCA
1558,linia,5,ADACBAA
1559,prowadzony,5,BBCA
1560,kosztować,5,BAAA
1561,familijny,5,CAB
1562,szok,5,ACABA
1563,dziewczynka,5,ADAB
1564,określić,5,BBCA
1565,znajomy,5,AAEC
1566,zaprezentować,5,BAAA
1567,słuchać,5,BDA
1568,uśmiechać się,5,-
1569,bohaterka,5,ADAB
1570,reż,5,-
1571,różnić,5,BBCB
1572,stosunek,5,ACABA
1573,dzielić,5,BBCA
1574,naród,5,ACAAAAA
1575,wytłumaczyć,5,BCCA
1576,równia,5,ADACBAA
1577,wiara,5,ADAAA
1578,zniszczyć,5,BCCA
1579,zapomnieć,5,BBBB
1580,koncertowy,5,CAB
1581,dotychczasowy,5,CAB
1582,zająć,5,BAFCB
1583,kameralny,5,CAB
1584,budzić,5,BBCA
1585,zebranie,5,AEBAA
1586,czwórka,5,ADAB
1587,uczenie,5,AEBAA
1588,stowarzyszenie,5,AEBAA
1589,klasyfikacja,5,ADACBAA
1590,konkretny,5,CAB
1591,określony,5,BBCA
1592,ustalenie,5,AEBAA
1593,rozpoczęcie,5,AEBAA
1594,osiągnięcie,5,AEBAA
1595,indywidualny,5,CAB
1596,waga,5,ADAB
1597,marzenie,5,AEBAA
1598,lippestadt,5,-
1599,las,5,ACAAAAA
1600,posłużyć,5,BCCA
1601,wspólnie,5,FC
1602,restauracja,5,ADACBAA
1603,idealny,5,CAB
1604,uśmiech,5,ACAAAB
1605,ściana,5,ADAAA
1606,ton,5,ACAAAAA
1607,wolno,5,BFBA
1608,były,5,BEA
1609,zostawać,5,BAAE
1610,prowadzenie,5,AEBAA
1611,najmłodszy,5,CAB
1612,tv,5,-
1613,mnóstwo,5,AEAAAB
1614,kardynał,5,AAAAAA
1615,przeprowadzenie,5,AEBAA
1616,związać,5,BAAFA
1617,fala,5,ADACBABA
1618,niewielki,5,CBA
1619,łukasza,5,-
1620,podwyżka,5,ADAB
1621,liczyć,5,BCCA
1622,państwowy,5,CAB
1623,zastępca,5,AABCBB
1624,barwa,5,ADAAA
1625,doskonale,5,FB
1626,realny,5,CAB
1627,zauważać,5,BDA
1628,rzeplińska,5,-
1629,pl,5,-
1630,zaznaczać,5,BDA
1631,najprawdopodobniej,5,FC
1632,zachować,5,BDA
1633,jarosław,5,-
1634,spróbować,5,BAAA
1635,mało,5,DF
1636,szeroki,5,CBA
1637,krytykować,5,BAAA
1638,funkcjonować,5,BAAA
1639,trzymanie,5,AEBAA
1640,prywatny,5,CAB
1641,deklarować,5,BAAA
1642,wideo,5,-
1643,zaplanować,5,BAAA
1644,znieść,5,BAFCAA
1645,v,5,-
1646,utożsamiać,5,BDA
1647,zarzucany,5,BDA
1648,inwazja,5,ADACBAA
1649,orzec,5,BAFAABA
1650,skazany,5,BAAFA
1651,dalszy,5,CAB
1652,wydanie,5,AEBAA
1653,towarzyszyć,5,BCCA
1654,nominacja,5,ADACBAA
1655,osiągnąć,5,BAEAA
1656,rekord,5,ACAAAAA
1657,magazyn,5,ACAAAAA
1658,rynek,5,ACABA
1659,skóra,5,ADAAA
1660,wzór,5,ACAAAAA
1661,rycerz,5,AAABD
1662,islamizacja,5,ADACBAA
1663,imigracja,5,ADACBAA
1664,zimny,5,CAB
1665,for,5,ACAABAA
1666,poprawność,5,ADCCA
1667,chęć,5,ADCCA
1668,jakikolwiek,5,EAL
1669,nowoczesny,5,CAB
1670,glock,5,-
1671,uprawiać,5,BDA
1672,wstrząsnąć,5,BAEAA
1673,kształtowanie,5,AEBAA
1674,iii,5,-
1675,rozumienie,5,AEBAA
1676,reżyseria,5,ADACBAA
1677,jakuba,5,-
1678,roszkowskiego,5,-
1679,mieszać,5,BDA
1680,usunąć,5,BAEAB
1681,tolerancja,5,ADACBAA
1682,przesłuchanie,5,AEBAA
1683,setka,5,ADAB
1684,pozbyć się,5,-
1685,prawdopodobnie,5,FB
1686,tłum,5,ACAAAAA
1687,komórka,5,ADAB
1688,kawa,5,ADAAA
1689,gospodarka,5,ADAB
1690,powiązanie,5,AEBAA
1691,londynie,5,-
1692,mieszek,5,ACABBA
1693,wynikający,5,BDA
1694,dzieło,5,AEAAAB
1695,powella,5,-
1696,kariera,5,ADAAA
1697,limato,5,-
1698,oceniać,5,BDA
1699,sprzedać,5,BDC
1700,gun,5,-
1701,przyszłość,5,ADCCA
1702,dolar,5,ABABAAA
1703,połączyć,5,BCCA
1704,cytować,5,BAAA
1705,pozostawać,5,BAAE
1706,kontynent,5,ACAAAAA
1707,charakter,5,ACAAAAA
1708,wiadomość,5,ADCCA
1709,doświadczyć,5,BCCA
1710,relacjonować,5,BAAA
1711,papa,5,AABABA
1712,przetłumaczyć,5,BCCA
1713,oferta,5,ADAAA
1714,nielegalny,5,CAB
1715,wyjechać,5,BAAFA
1716,filharmonia,5,ADACBAA
1717,znajda,5,AABCBAA
1718,homogeniczny,5,CAB
1719,ograniczać,5,BDA
1720,natura,5,ADAAA
1721,wolny,5,AAEC
1722,bezpośredni,5,CBB
1723,prawilne,5,-
1724,platforma,5,ADAAA
1725,mazurek,5,ABAC
1726,krucjata,5,ADAAA
1727,czynienie,5,AEBAA
1728,ronaldo,5,-
1729,wyjątkowość,5,ADCCA
1730,radość,5,ADCCA
1731,łącze,5,AEBAB
1732,międzynarodowy,5,CAB
1733,kanapka,5,ADAB
1734,wpłynąć,5,BAEAB
1735,zdarzenie,5,AEBAA
1736,szefowa,5,ADACCAA
1737,eilish,5,-
1738,chopinowski,5,CBA
1739,wielkość,5,ADCCA
1740,złoto,5,AEAAAB
1741,stylizacja,5,ADACBAA
1742,wrocławiu,5,-
1743,odcień,5,ACACBAA
1744,skibidi,5,-
1745,tennessee,5,-
1746,olszowska,5,-
1747,porcja,5,ADACBAA
1748,rejonowy,5,CAB
1749,małopolsce,5,-
1750,dworzec,5,ACACBC
1751,mdc,5,-
1752,tymczasowy,5,CAB
1753,medal,5,ACACAA
1754,osobowość,5,ADCCA
1755,urodzić,5,BBCA
1756,bogdan,5,-
1757,luizy,5,-
1758,piekło,5,BAFCAB
1759,słońce,5,AEBAA
1760,zięć,5,AAAAB
1761,kacmajora,5,-
1762,ws,5,-
1763,postawa,5,ADAAA
1764,gotowanie,5,AEBAA
1765,rondel,5,ACACBAA
1766,doprawić,5,BBCA
1767,posiekany,5,BDA
1768,zbierać,4,BDA
1769,półfinał,4,ACAAAAA
1770,bilbao,4,-
1771,toczyć,4,BCCA
1772,postawić,4,BBCA
1773,piłka,4,ADAB
1774,noga,4,ADAB
1775,siatka,4,ADAB
1776,honor,4,ACAAAAA
1777,potknięcie,4,AEBAA
1778,preparat,4,ACAAAAA
1779,erekcja,4,ADACBAA
1780,wystarczający,4,BDA
1781,dawidem,4,-
1782,realizacja,4,ADACBAA
1783,spadek,4,ACABA
1784,libido,4,AEE
1785,wstyd,4,ACAAAAA
1786,objaw,4,ACAAAAA
1787,góra,4,ADAAA
1788,stres,4,ACAAAAA
1789,trudność,4,ADCCA
1790,codzienny,4,CAB
1791,miara,4,ADAAA
1792,organizm,4,ACAAAAA
1793,zagubiony,4,BBCA
1794,ujęcie,4,AEBAA
1795,przyjemność,4,ADCCA
1796,krytyk,4,AAACBA
1797,pomagać,4,BDA
1798,zrozumienie,4,AEBAA
1799,pacjent,4,AAADAA
1800,spokojnie,4,FB
1801,cierpienie,4,AEBAA
1802,delikatnie,4,FB
1803,zdecydowanie,4,AEBAA
1804,poprawić,4,BBCA
1805,działanie,4,AEBAA
1806,spektakularny,4,CAB
1807,wysokość,4,ADCCA
1808,czynnik,4,ACABBA
1809,nauczyć,4,BCCA
1810,wyobrażenie,4,AEBAA
1811,świadomość,4,ADCCA
1812,dłużej,4,FC
1813,opierać,4,BDA
1814,wymiana,4,ADAAA
1815,konsola,4,ADACBAA
1816,konkretnie,4,FB
1817,dobijać,4,BDA
1818,egzekucja,4,ADACBAA
1819,koszmar,4,ACAAAAA
1820,zazwyczaj,4,FC
1821,usiłować,4,BAAA
1822,harlem,4,-
1823,brundtland,4,-
1824,zaniepokojony,4,BBCA
1825,srebrny,4,CAB
1826,powtarzać,4,BDA
1827,automatyczny,4,CAB
1828,amunicja,4,ADACBAA
1829,jezioro,4,AEAAAB
1830,rozbić,4,AEBAA
1831,zdradzić,4,BBCA
1832,zdradzać,4,BDA
1833,łza,4,ADAAA
1834,telewizyjny,4,CAB
1835,jasno,4,FA
1836,samopoczucie,4,AEBAA
1837,przedłużony,4,CAB
1838,reprezentować,4,BAAA
1839,mauritiusowi,4,-
1840,przywódca,4,AABCBB
1841,interwencja,4,ADACBAA
1842,przesłać,4,BAAFA
1843,x,4,-
1844,stanowić,4,BBCA
1845,region,4,ACAAAAA
1846,traktat,4,ACAAAAA
1847,argumentować,4,BAAA
1848,następny,4,CAB
1849,znaczący,4,CAA
1850,formalnie,4,FB
1851,rossa,4,-
1852,bordowy,4,CAB
1853,dziewiąty,4,CAB
1854,ilustracyjny,4,CAB
1855,wiceprezydent,4,AAADAA
1856,tamta,4,EDAAB
1857,twoja,4,EDAB
1858,przejąć,4,BAFCB
1859,koło,4,AEAAAB
1860,narracja,4,ADACBAA
1861,postrzelić,4,BBCA
1862,kierunek,4,ACABA
1863,obiecać,4,BDA
1864,badać,4,BDA
1865,dopuścić,4,BBCA
1866,należący,4,CAA
1867,e,4,-
1868,instagramie,4,-
1869,kłamać,4,BAAFA
1870,swe,4,EDAAB
1871,wspólnik,4,AAACBA
1872,zdać,4,BDC
1873,znaczny,4,CAB
1874,becca,4,-
1875,naszej,4,-
1876,religia,4,ADACBAA
1877,szczęście,4,AEBAA
1878,wesprzeć,4,BABA
1879,sąsiad,4,AAADAA
1880,sześcioletni,4,CBB
1881,współczucie,4,AEBAA
1882,dążyć,4,BCCA
1883,okazywać,4,BAAB
1884,odpuścić,4,BBCA
1885,ubranie,4,AEBAA
1886,zakładać,4,BDA
1887,pas,4,ACAAAAA
1888,długi,4,ACABA
1889,ciepły,4,CAB
1890,koszula,4,ADACBABA
1891,oddawać,4,BAAE
1892,pobliski,4,CBA
1893,żałoba,4,ADAAA
1894,maszynowy,4,CAB
1895,przedstawić,4,BBCA
1896,zdobycie,4,AEBAA
1897,zapis,4,ACAAAAA
1898,umożliwić,4,BBCA
1899,legalnie,4,FB
1900,przedstawiony,4,BBCA
1901,zawieść,4,BAFCAA
1902,szwecji,4,-
1903,wczoraj,4,ACF
1904,izolować,4,BAAA
1905,wystąpienie,4,AEBAA
1906,długoletni,4,CBB
1907,wymieniony,4,BBCA
1908,stosowanie,4,AEBAA
1909,ono,4,EEAAB
1910,załamanie,4,AEBAA
1911,kula,4,ADACBABA
1912,ramia,4,ADACBAA
1913,przeciwny,4,CAB
1914,najstarszy,4,CAB
1915,szacować,4,BAAA
1916,potwierdzać,4,BDA
1917,nagły,4,CAB
1918,intensywny,4,CAB
1919,marcin,4,-
1920,oznakowanie,4,AEBAA
1921,zamienić,4,BBCA
1922,bok,4,ACABA
1923,skłaniać,4,BDA
1924,wypaść,4,BAFAAAB
1925,lokalny,4,CAB
1926,zabierać,4,BDA
1927,opowiadający,4,BDA
1928,brzmieć,4,BBBB
1929,przekonać,4,BDA
1930,strata,4,ADAAA
1931,zdziwić,4,BBCA
1932,zorientować,4,BAAA
1933,żal,4,ACACACB
1934,konsultacja,4,ADACBAA
1935,trauma,4,ADAAA
1936,fascynacja,4,ADACBAA
1937,wcielać,4,BDA
1938,komander,4,-
1939,późniejszy,4,CAB
1940,kojarzyć,4,BCCA
1941,forum,4,AEE
1942,światopoglądowy,4,CAB
1943,przejście,4,AEBAA
1944,zaznaczyć,4,BCCA
1945,dziecięcy,4,CAA
1946,bić,4,AEBAA
1947,granie,4,AEBAA
1948,wojciech,4,-
1949,wyjaśnić,4,BBCB
1950,zarazem,4,FC
1951,zaprzeczyć,4,BCCA
1952,trudno,4,FA
1953,zaprosić,4,BBCA
1954,pokaz,4,ACAAAAA
1955,złapać,4,BAAFA
1956,wyznanie,4,AEBAA
1957,niemiec,4,-
1958,budka,4,ADAB
1959,sufler,4,AAACAAAB
1960,tomasz,4,-
1961,s,4,-
1962,śródrocznych,4,-
1963,rodzić,4,BBCA
1964,śródroczne,4,-
1965,wykazać,4,BAAFA
1966,klasyfikacyjny,4,CAB
1967,kryzys,4,ACAAAAA
1968,śródrocznej,4,-
1969,dyrektorka,4,ADAB
1970,oświata,4,ADAAA
1971,rozwiązać,4,BAAFA
1972,podstawówka,4,ADAB
1973,pozytywny,4,CAB
1974,negatywny,4,CAB
1975,nauczanie,4,AEBAA
1976,istotny,4,CAB
1977,ważony,4,CAB
1978,ola,4,-
1979,ustalić,4,BBCA
1980,prowadzący,4,AAEB
1981,uniwersalny,4,CAB
1982,porzucić,4,BBCA
1983,czerwiec,4,ABAAAB
1984,odciąć,4,BAFCB
1985,rozpaść się,4,-
1986,recenzja,4,ADACBAA
1987,trup,4,AAACAAAB
1988,powoli,4,FC
1989,wina,4,ADAAA
1990,rozwijać,4,BDA
1991,przeszkadzać,4,BDA
1992,złościć,4,BBCA
1993,wisieć,4,BBBA
1994,ślad,4,ACAAAAA
1995,śnieżny,4,CAB
1996,przybyć,4,AEBAA
1997,iraku,4,-
1998,kancelaria,4,ADACBAA
1999,spółka,4,ADAB
2000,orszak,4,ACABA
2001,bocheńczak,4,-
2002,nadzieja,4,ADACBAA
2003,rosnący,4,CAA
2004,kadencja,4,ADACBAA
2005,przeprowadzony,4,BBCA
2006,uchwała,4,ADAAA
2007,przyjęcie,4,AEBAA
2008,podatek,4,ACABA
2009,dziennie,4,FB
2010,partyjny,4,AAEC
2011,argument,4,ACAAAAA
2012,ostro,4,FA
2013,usunięcie,4,AEBAA
2014,stanowisko,4,AEAAAA
2015,podpisać,4,BAAFA
2016,zakopany,4,BAAFA
2017,róża,4,ADACABB
2018,naukowiec,4,AAACBA
2019,samorządowy,4,CAB
2020,wspierać,4,BDA
2021,angażować,4,BAAA
2022,wynosić,4,BBCA
2023,organizować,4,BAAA
2024,odbić,4,AEBAA
2025,skien,4,-
2026,odbywanie,4,AEBAA
2027,breivikowi,4,-
2028,art,4,-
2029,karanie,4,AEBAA
2030,dopuszczać,4,BDA
2031,plastikowy,4,CAB
2032,potrwać,4,BDA
2033,sportowy,4,CAB
2034,zamordowanie,4,AEBAA
2035,przedłużanie,4,AEBAA
2036,głęboki,4,CBA
2037,wzywać,4,BDA
2038,milczenie,4,AEBAA
2039,pismo,4,AEAAAB
2040,sprawiać,4,BDA
2041,cierpieć,4,BBBA
2042,styles,4,-
2043,live,4,-
2044,przynieść,4,BAFCAA
2045,zawierać,4,BDA
2046,wirus,4,ABABAAA
2047,churchilla,4,-
2048,miłośnik,4,AAACBA
2049,zdrajca,4,AABCBB
2050,kulturowy,4,CAB
2051,dbać,4,BDA
2052,krew,4,ADCAAA
2053,liczący,4,CAA
2054,karykatura,4,ADAAA
2055,marksizm,4,ACAAAAA
2056,elita,4,ADAAA
2057,koń,4,AAABCA
2058,radziecki,4,CBA
2059,przypominający,4,BDA
2060,poprawny,4,CAB
2061,of,4,-
2062,wildersa,4,-
2063,warzywo,4,AEAAAB
2064,owoc,4,ACACACB
2065,wschód,4,ACAAAAA
2066,kilkanaście,4,DBCA
2067,teraźniejszość,4,ADCCA
2068,nacisk,4,ACABA
2069,szczegółowy,4,CAB
2070,branżowy,4,CAB
2071,tygodniowo,4,FC
2072,stała,4,BAFABD
2073,jakub,4,-
2074,znakomity,4,CAB
2075,zamek,4,ACABA
2076,wawelu,4,-
2077,artystyczny,4,CAB
2078,stary,4,CAA
2079,wrogi,4,CBA
2080,agnieszka,4,-
2081,grzegorz,4,-
2082,karol,4,-
2083,potworny,4,CAB
2084,lewica,4,ADACABB
2085,wysadzić,4,BBCA
2086,oklahoma,4,-
2087,city,4,-
2088,miękki,4,CBA
2089,spekulować,4,BAAA
2090,katedra,4,ADAAA
2091,winien,4,BFCA
2092,psychiatryczny,4,CAB
2093,dumny,4,CAB
2094,szczególny,4,CAB
2095,humanitarny,4,CAB
2096,euro,4,-
2097,zakres,4,ACAAAAA
2098,norma,4,ADAAA
2099,dynamiczny,4,CAB
2100,odwiedzać,4,BDA
2101,sprawić,4,BBCA
2102,łatwy,4,CAB
2103,biznes,4,ACAAAAA
2104,bogaty,4,AAEC
2105,dokonanie,4,AEBAA
2106,stanowczo,4,FC
2107,austin,4,-
2108,dłoń,4,ADCAAB
2109,talent,4,ACAAAAA
2110,dywan,4,ACAAAAA
2111,elegancki,4,CBA
2112,umieć,4,BDBA
2113,komedia,4,ADACBAA
2114,cruise,4,-
2115,maverick,4,-
2116,bohater,4,AAAAAA
2117,przygotowany,4,BAAA
2118,spędzać,4,BDA
2119,zajmować,4,BAAA
2120,wysyłać,4,BDA
2121,śniadanie,4,AEBAA
2122,posiłek,4,ACABA
2123,piękny,4,CAB
2124,profil,4,ACACAA
2125,sprzedawać,4,BAAE
2126,wszcząć,4,BAFCBDD
2127,mówiący,4,CAA
2128,handel,4,ACACACB
2129,rozmiar,4,ACAAAAA
2130,zaraz,4,FC
2131,paweł,4,-
2132,udostępnić,4,BBCB
2133,czeski,4,CBA
2134,podlaskiego,4,-
2135,generalny,4,CAB
2136,cieszyć,4,BCCA
2137,fundamentalizm,4,-
2138,zdarzyć,4,BCCA
2139,akceptować,4,BAAA
2140,religijny,4,CAB
2141,obowiązywać,4,BAAB
2142,jakiejś,4,-
2143,mniejszość,4,ADCCA
2144,decydowany,4,BAAA
2145,działający,4,BDA
2146,swoisty,4,CAB
2147,republika,4,ADAB
2148,rymanowski,4,-
2149,stanowski,4,-
2150,komentarz,4,ACACBBA
2151,ai,4,-
2152,prawilnych,4,-
2153,dziewczyna,4,ADAAA
2154,opis,4,ACAAAAA
2155,polexit,4,-
2156,rozwiązywać,4,BAAB
2157,taca,4,ADACABB
2158,pełen,4,CCBBA
2159,sprzęt,4,ACAAAAA
2160,donosić,4,BBCA
2161,kupować,4,BAAA
2162,tr,4,-
2163,mierzyć,4,BCCA
2164,figura,4,ADAAA
2165,przedstawiciel,4,AAABCA
2166,cela,4,ADACBABA
2167,obejmować,4,BAAA
2168,lotnictwo,4,AEAAAB
2169,moskwa,4,-
2170,pocisk,4,ACABA
2171,elektryczny,4,CAB
2172,pianista,4,AABDAA
2173,yehuda,4,-
2174,prokopowicz,4,-
2175,wieś,4,ADCAAA
2176,rzeźba,4,ADAAA
2177,kreacja,4,ADACBAA
2178,rzucić,4,BBCA
2179,nosić,4,BBCA
2180,tumblr,4,-
2181,slang,4,ACABA
2182,mord,4,ACAAAAA
2183,putin,4,-
2184,leże,4,AEBAB
2185,krem,4,ACAAAAA
2186,pieczywo,4,AEAAAB
2187,słodki,4,CBA
2188,przynajmniej,4,FC
2189,ząb,4,ACAABAA
2190,men,4,-
2191,biskup,4,AAADAA
2192,laureat,4,AAADAA
2193,avatar,4,-
2194,nowo,4,FC
2195,wątek,4,ACABA
2196,dowód,4,ACAAAAA
2197,koci,4,CBB
2198,żwirek,4,ACABA
2199,baron,4,AAAAAA
2200,najsurowszy,4,CAB
2201,debata,4,ADAAA
2202,behringa,4,-
2203,zagrozić,4,BBCA
2204,deportacja,4,ADACBAA
2205,jarmark,4,ACABA
2206,narciarski,4,CBA
2207,but,4,ACAABAA
2208,hbo,4,-
2209,felicji,4,-
2210,owca,4,ADACABB
2211,kradzież,4,ADCAB
2212,zatrzymana,4,ADACCBA
2213,głosić,4,BBCA
2214,zdjąć,4,BAFCB
2215,małgosia,4,-
2216,rolnictwo,4,AEAAAB
2217,zbigniew,4,-
2218,marian,4,-
2219,kowalski,4,CBA
2220,eugenii,4,-
2221,rak,4,ABAC
2222,kryptowalut,4,-
2223,leczyć,4,BCCA
2224,resztka,4,ADAB
2225,luizę,4,-
2226,doktor,4,AAACAAAB
2227,rzecki,4,-
2228,deska,4,ADAB
2229,kryptowaluty,4,-
2230,waluta,4,ADAAA
2231,viljar,4,-
2232,wiatr,4,ACAAAAA
2233,spaść,4,BAFAAAB
2234,geller,4,-
2235,łomży,4,-
2236,orkiestra,4,ADAAA
2237,gotować,4,BAAA
2238,chili,4,-
2239,koncentrat,4,ACAAAAA
2240,natka,4,ADAB
2241,pietruszka,4,ADAB
2242,pokroić,4,BBCA
2243,wymieszać,4,BDA
2244,creme,4,-
2245,fraiche,4,-
2246,kmin,4,ACAAAAA
2247,zmiksować,4,BAAA
2248,pokrojony,4,BBCA
2249,fahre,4,-
2250,wiersz,4,ACACBBA
2251,minerał,4,ACAAAAA
2252,diament,4,ACAAAAA
2253,hiszpanii,3,-
2254,fc,3,-
2255,reprezentacja,3,ADACBAA
2256,raphinha,3,-
2257,lewa,3,ABABAAA
2258,prosty,3,CAB
2259,czwarty,3,CAB
2260,lewy,3,ABABAAA
2261,świetny,3,CAB
2262,oszczędzać,3,BDA
2263,niedzielny,3,CAB
2264,lewandowski,3,-
2265,seksuolog,3,AAACBA
2266,wywoływać,3,BAAB
2267,kowalczyk,3,-
2268,męski,3,CBA
2269,aktywnie,3,FB
2270,wrażliwość,3,ADCCA
2271,zgłaszać,3,BDA
2272,utrata,3,ADAAA
2273,uczucie,3,AEBAA
2274,niewystarczający,3,CAA
2275,składać,3,BDA
2276,kondycja,3,ADACBAA
2277,cukrzyca,3,ADACABB
2278,skutecznie,3,FB
2279,pożądanie,3,AEBAA
2280,rodzicielski,3,CBA
2281,rzadko,3,FA
2282,zwykle,3,FB
2283,trakt,3,ACAAAAA
2284,wspomnieć,3,BBBB
2285,potencjał,3,ACAAAAA
2286,przestawać,3,BAAE
2287,przyjaźnić się,3,-
2288,zaufanie,3,AEBAA
2289,egzamin,3,ACAAAAA
2290,troska,3,ADABA
2291,porozmawiać,3,BDA
2292,świadomy,3,CAB
2293,obecność,3,ADCCA
2294,oczekiwany,3,BAAC
2295,przyjmować,3,BAAA
2296,pójście,3,-
2297,zachęcać,3,BDA
2298,nieść,3,BAFCAA
2299,samotny,3,CAB
2300,uwolnienie,3,AEBAA
2301,terapia,3,ADACBAA
2302,karmić,3,BBCA
2303,ocenianie,3,AEBAA
2304,odejście,3,AEBAA
2305,życiowy,3,CAB
2306,klucz,3,ACACBBA
2307,różnica,3,ADACABB
2308,szczery,3,CAA
2309,absolutnie,3,FB
2310,torturować,3,BAAA
2311,liczny,3,CAB
2312,nowszy,3,-
2313,współwięzień,3,AAAAB
2314,sprawdzany,3,BDA
2315,znaczek,3,ACABBA
2316,komputer,3,ACAABAA
2317,wytrzymać,3,BDA
2318,umrzeć,3,BABA
2319,zagrażać,3,BDA
2320,dokonywać,3,BAAB
2321,kilometr,3,ACAABAA
2322,zniszczony,3,CAB
2323,internetowe,3,-
2324,ułatwić,3,BBCA
2325,żołnierz,3,AAABD
2326,leżący,3,CAA
2327,północny,3,CAB
2328,strażnik,3,AAACBA
2329,mortensen,3,-
2330,skontrolować,3,BAAA
2331,zgromadzić,3,BBCA
2332,podejść,3,AEBAA
2333,wyjąć,3,BAFCB
2334,przerażająco,3,FC
2335,metodyczny,3,CAB
2336,kończyć,3,BCCA
2337,zwłoka,3,ADAB
2338,horror,3,ACAAAAA
2339,magnus,3,-
2340,łóżko,3,AEAAAA
2341,panika,3,ADAB
2342,skontaktować,3,BAAA
2343,żywy,3,AAEC
2344,szybki,3,ADAB
2345,helikopter,3,ACAABAA
2346,łamanie,3,AEBAA
2347,wielokrotny,3,CAB
2348,fanatyk,3,AAACBA
2349,zeznać,3,BDA
2350,reuters,3,-
2351,uciążliwy,3,CAB
2352,pozywać,3,BDA
2353,zakończenie,3,AEBAA
2354,naruszenie,3,AEBAA
2355,złagodzenie,3,AEBAA
2356,niezbędny,3,CAB
2357,breivikiem,3,-
2358,solidny,3,CAB
2359,profesjonalny,3,CAB
2360,donalda,3,-
2361,wystosować,3,BAAA
2362,czagos,3,-
2363,ocean,3,ACAAAAA
2364,indyjski,3,CBA
2365,brytanię,3,-
2366,nietypowy,3,CAB
2367,diego,3,-
2368,garcia,3,-
2369,potencjalny,3,CAB
2370,przewidywać,3,BAAB
2371,l,3,-
2372,mld,3,-
2373,brytyjskiego,3,-
2374,odbycie,3,AEBAA
2375,inwestycja,3,ADACBAA
2376,and,3,-
2377,filmować,3,BAAA
2378,donald,3,-
2379,czele,3,-
2380,news,3,-
2381,minnesoty,3,-
2382,kierownica,3,ADACABB
2383,ross,3,-
2384,vance,3,-
2385,tablica,3,ADACABB
2386,rejestracyjny,3,CAB
2387,proponować,3,BAAA
2388,fbi,3,-
2389,skręcać,3,BDA
2390,zaparkowany,3,BAAA
2391,kłamstwo,3,AEAAAB
2392,burmistrz,3,AAAAB
2393,krótko,3,FA
2394,amerykan,3,ABABAAA
2395,dhs,3,-
2396,organ,3,ACAAAAA
2397,oficjalny,3,CAB
2398,timothy,3,-
2399,snyder,3,-
2400,zwrotny,3,CAB
2401,daleko,3,FA
2402,ulec,3,BAFAAB
2403,poprawa,3,ADAAA
2404,dobroć,3,ADCAAA
2405,odrzucać,3,BDA
2406,silniejszy,3,CAB
2407,skupiać,3,BDA
2408,interesujący,3,BAAA
2409,sylwetka,3,ADAB
2410,pasek,3,ACABBA
2411,odsłonie,3,-
2412,całość,3,ADCCA
2413,hołd,3,ACAAAAA
2414,erna,3,-
2415,solberg,3,-
2416,cześć,3,ADCCA
2417,upamiętniający,3,BDA
2418,umocnić,3,BBCB
2419,oddalić,3,BBCA
2420,trudniej,3,FC
2421,miniony,3,CAB
2422,zaostrzenie,3,AEBAA
2423,szaleniec,3,AAACBA
2424,cudzoziemiec,3,AAACAAAA
2425,półautomatyczny,3,CAB
2426,zezwolenie,3,AEBAA
2427,rolnik,3,AAACBA
2428,rozum,3,ACAAAAA
2429,cywilny,3,CAB
2430,pozbawić,3,BBCA
2431,podanie,3,AEBAA
2432,ila,3,-
2433,przeznaczony,3,CAB
2434,publikacja,3,ADACBAA
2435,ukazać,3,BAAFA
2436,trafiać,3,BDA
2437,pogoda,3,ADAAA
2438,towarzystwo,3,AEAAAB
2439,odśnieżanie,3,AEBAA
2440,krążenie,3,AEBAA
2441,kilkaset,3,DBJ
2442,podwyższony,3,CAB
2443,przeważnie,3,FB
2444,boleć,3,BAD
2445,poważniejszy,3,CAB
2446,ekstremalny,3,CAB
2447,konieczność,3,ADCCA
2448,medyczny,3,CAB
2449,malowanie,3,AEBAA
2450,prędkość,3,ADCCA
2451,centralny,3,CAB
2452,dowodzić,3,BBCA
2453,zmniejszenie,3,AEBAA
2454,nabrać,3,BAAFA
2455,prosto,3,FA
2456,gibson,3,-
2457,gatunek,3,ACABA
2458,wpaść,3,BAFAAAB
2459,debiut,3,ACAAAAA
2460,zachowywać,3,BAAB
2461,odbiorca,3,AABCBB
2462,wyobrazić,3,BBCA
2463,dwoje,3,DDA
2464,pisanie,3,AEBAA
2465,zemrzeć,3,BABA
2466,dziadek,3,AAAAB
2467,mina,3,ADAAA
2468,córka,3,ADAB
2469,casting,3,-
2470,roczny,3,CAB
2471,odpowiedzialność,3,ADCCA
2472,wymarzony,3,CAB
2473,alkohol,3,ACACAA
2474,czucie,3,AEBAA
2475,mocno,3,FA
2476,docenić,3,BBCA
2477,koleżanka,3,ADAB
2478,zmierzyć,3,BCCA
2479,agresywny,3,CAB
2480,spojrzeć,3,BCBA
2481,szerszy,3,CAB
2482,wada,3,ADAAA
2483,grono,3,AEAAAB
2484,widzenie,3,AEBAA
2485,marzyć,3,BCCA
2486,ważniejszy,3,CAB
2487,cugowskiego,3,-
2488,przebój,3,ACACACB
2489,sen,3,ACAAAAA
2490,przewinąć,3,BAEAB
2491,wykorzystywany,3,BAAB
2492,off,3,-
2493,wokalista,3,AABDAA
2494,basista,3,AABDAA
2495,jacka,3,-
2496,studencki,3,CBA
2497,położyć,3,BCCA
2498,przygotowywanie,3,AEBAA
2499,radio,3,AEAABA
2500,wystawianie,3,AEBAA
2501,będzinie,3,-
2502,piątka,3,ADAB
2503,sp,3,-
2504,niedostateczny,3,CAB
2505,niższy,3,CAB
2506,aleksandra,3,-
2507,zwany,3,BAAFB
2508,pedagogiczny,3,CAB
2509,wydział,3,ACAAAAA
2510,wychowanie,3,AEBAA
2511,kształcenie,3,AEBAA
2512,ustalać,3,BDA
2513,ustalanie,3,AEBAA
2514,nieobowiązkowy,3,CAB
2515,różnie,3,FB
2516,śródroczna,3,-
2517,promocja,3,ADACBAA
2518,monika,3,-
2519,horna,3,-
2520,cieślak,3,-
2521,reguła,3,ADAAA
2522,formalny,3,CAB
2523,bieżący,3,CAA
2524,elektroniczny,3,CAB
2525,poszczególny,3,CAB
2526,ustny,3,CAB
2527,identyczny,3,CAB
2528,podjęcie,3,AEBAA
2529,fundacja,3,ADACBAA
2530,osobowy,3,ACC
2531,reagować,3,BAAA
2532,układać,3,BDA
2533,matura,3,ADAAA
2534,jakiej,3,-
2535,anonimowy,3,CAB
2536,dowódca,3,AABCBB
2537,przebieg,3,ACABA
2538,południowy,3,CAB
2539,dwukrotnie,3,FC
2540,internetowej,3,-
2541,masoński,3,CBA
2542,właściwie,3,FB
2543,black,3,-
2544,rabbit,3,-
2545,jude,3,-
2546,wiecznie,3,FB
2547,sposób,3,BBCA
2548,knajpa,3,ADAAA
2549,jawić się,3,-
2550,modny,3,CAB
2551,najpiękniejszy,3,CAB
2552,netflixa,3,-
2553,szczać,3,BCA
2554,błędny,3,CAB
2555,otwierać,3,BDA
2556,melancholijny,3,CAB
2557,papież,3,AAABD
2558,pasja,3,ADACBAA
2559,krok,3,ACABA
2560,grzegorzem,3,-
2561,urna,3,ADAAA
2562,oddział,3,ACAAAAA
2563,sławomira,3,-
2564,mentzena,3,-
2565,grzech,3,ACAAAB
2566,wymieniać,3,BDA
2567,dług,3,ACABA
2568,wynieść,3,BAFCAA
2569,jacek,3,-
2570,majchrowskiego,3,-
2571,opłata,3,ADAAA
2572,staranie,3,AEBAA
2573,kpo,3,-
2574,dymisja,3,ADACBAA
2575,zarząd,3,ACAAAAA
2576,szereg,3,ACABA
2577,parkowanie,3,AEBAA
2578,nowelizacja,3,ADACBAA
2579,instytucja,3,ADACBAA
2580,łączny,3,CAB
2581,najwięcej,3,FC
2582,rzeź,3,ADCAAA
2583,obrzydliwy,3,CAB
2584,metropolita,3,AABDAA
2585,prezydencki,3,CBA
2586,tęczowy,3,CAB
2587,wyborca,3,AABCBB
2588,polacy,3,-
2589,propagować,3,BAAA
2590,słaby,3,CAB
2591,kuria,3,ADACBAA
2592,katolicki,3,CBA
2593,procedura,3,ADAAA
2594,wymagany,3,BDA
2595,wzmocnić,3,BBCB
2596,znikomy,3,CAB
2597,struktura,3,ADAAA
2598,flis,3,-
2599,opozycja,3,ADACBAA
2600,wykorzystywać,3,BAAB
2601,prawdopodobny,3,CAB
2602,świetnie,3,FB
2603,zdawać,3,BAAE
2604,walc,3,ABAAAB
2605,rozsądny,3,CAB
2606,dostarczyć,3,BCCA
2607,postępowanie,3,AEBAA
2608,echo,3,AEAAAA
2609,budżet,3,ACAAAAA
2610,ciężki,3,CBA
2611,częściowo,3,FC
2612,racja,3,ADACBAA
2613,korespondowanie,3,AEBAA
2614,zgodny,3,CAB
2615,tajemnica,3,ADACABB
2616,zapobieganie,3,AEBAA
2617,humanitarnie,3,FB
2618,posługiwać,3,BAAC
2619,hala,3,ADACBABA
2620,współrządzący,3,CAA
2621,przetrzymywać,3,BAAB
2622,rygorystyczny,3,CAB
2623,właściwy,3,CAB
2624,skrucha,3,ADAAA
2625,wykluczać,3,BDA
2626,mandat,3,ACAAAAA
2627,zarejestrowany,3,BAAA
2628,budowa,3,ADAAA
2629,show,3,ACF
2630,wydawnictwo,3,AEAAAB
2631,pozycja,3,ADACBAA
2632,umieścić,3,BBCA
2633,przenieść,3,BAFCAA
2634,arena,3,ADAAA
2635,stadion,3,ACAAAAA
2636,neutralny,3,CAB
2637,powodzenie,3,AEBAA
2638,wznieść,3,BAFCAA
2639,toast,3,ACAAAAA
2640,rocznik,3,ACABBA
2641,rozprawić się,3,-
2642,całkowicie,3,FC
2643,zakon,3,ACAAAAA
2644,męczennik,3,AAACBA
2645,poświęcić,3,BBCA
2646,przedsiębiorca,3,AABCBB
2647,uczęszczać,3,BDA
2648,breiviku,3,-
2649,znajoma,3,ADACCBA
2650,społecznościowych,3,-
2651,niedługo,3,FC
2652,oskarżyć,3,BCCA
2653,dominować,3,BAAA
2654,konserwatysta,3,AABDAA
2655,poparcie,3,AEBAA
2656,zbiorowy,3,CAB
2657,nurt,3,ACAAAAA
2658,członkostwo,3,AEAAAB
2659,politycznie,3,FB
2660,stop,3,ACAAAAA
2661,holenderski,3,CBA
2662,gospodarstwo,3,AEAAAB
2663,kulturystyka,3,ADAB
2664,mający,3,BBCA
2665,fanów,3,-
2666,mieszkający,3,BDA
2667,francji,3,-
2668,całkiem,3,FC
2669,ponadpodstawowy,3,CAB
2670,świadom,3,CCBBA
2671,odróżnienie,3,AEBAA
2672,programowy,3,CAB
2673,technikum,3,AED
2674,zjawisko,3,AEAAAA
2675,wykorzystanie,3,AEBAA
2676,zawarty,3,CAB
2677,antygonę,3,-
2678,mos,3,-
2679,worek,3,ACABBA
2680,grecki,3,CBA
2681,antygony,3,-
2682,wystawiany,3,BDA
2683,przypomnieć,3,BBBB
2684,wojować,3,BAAA
2685,normalnie,3,FB
2686,autorka,3,ADAB
2687,mini,3,AEE
2688,wojsko,3,AEAAAA
2689,społeczność,3,ADCCA
2690,ranić,3,BBCA
2691,kaidy,3,-
2692,przebrać,3,BAAFA
2693,oddalony,3,BBCA
2694,lodowaty,3,CAB
2695,toaleta,3,ADAAA
2696,techniczny,3,CAB
2697,pomocnik,3,AAACBA
2698,królowa,3,ADACCAA
2699,kartka,3,ADAB
2700,notatka,3,ADAB
2701,stawiany,3,BDA
2702,niszczenie,3,AEBAA
2703,przedłużany,3,BDA
2704,niepoczytalność,3,ADCCA
2705,zakaz,3,ACAAAAA
2706,fundamentalny,3,CAB
2707,decydować,3,BAAA
2708,zaskoczony,3,CAB
2709,odwoływać,3,BAAB
2710,korona,3,ADAAA
2711,przystąpić,3,BBCA
2712,dziewięć,3,DBBA
2713,schengen,3,-
2714,sprawny,3,CAB
2715,podróż,3,BCCA
2716,gospodarczy,3,CAA
2717,zwiększyć,3,BCCA
2718,niecały,3,CAB
2719,pielęgniarka,3,ADAB
2720,hip,3,-
2721,pseudonim,3,ACAAAAA
2722,rozesłać,3,BAAFA
2723,paryżu,3,-
2724,opieka,3,ADAB
2725,zerwać,3,BAAFB
2726,zniknąć,3,BAEAA
2727,zbrodniczy,3,CAA
2728,pogodzenie,3,AEBAA
2729,romans,3,ACAAAAA
2730,status,3,ACAAAAA
2731,urok,3,ACABA
2732,uszkodzić,3,BBCA
2733,międzyczas,3,ACAAAAA
2734,zareagować,3,BAAA
2735,wezwanie,3,AEBAA
2736,superbohaterów,3,-
2737,man,3,-
2738,przeczytać,3,BDA
2739,karton,3,ACAAAAA
2740,karier,3,ACAAAAA
2741,spełnić,3,BBCA
2742,brakować,3,BAAA
2743,kwadratowy,3,CAB
2744,kuzyn,3,AAADAA
2745,jeździć,3,BBCA
2746,zawieźć,3,BAFCAA
2747,rozwinąć,3,BAEAB
2748,powellowi,3,-
2749,stallone,3,-
2750,kontynuacja,3,ADACBAA
2751,ameryce,3,-
2752,zarobić,3,BBCA
2753,definicja,3,ADACBAA
2754,znosić,3,BBCA
2755,weekend,3,ACAAAAA
2756,ekran,3,ACAAAAA
2757,akcent,3,ACAAAAA
2758,wystrzelić,3,BBCA
2759,zainspirować,3,BAAA
2760,towarzysz,3,AAABD
2761,autentyczny,3,CAB
2762,zagranie,3,AEBAA
2763,przyjście,3,AEBAA
2764,kamienica,3,ADACABB
2765,wyprowadzić,3,BBCA
2766,wieczór,3,ACAAAAA
2767,koga,3,ADAB
2768,kolacja,3,ADACBAA
2769,tutejszy,3,AAEC
2770,bezpośrednio,3,FC
2771,schować,3,BDA
2772,skomentować,3,BAAA
2773,małżeństwo,3,AEAAAB
2774,lokator,3,AAACAAAB
2775,kryć,3,AEBAA
2776,mroczny,3,CAB
2777,wieczny,3,CAB
2778,łaska,3,ADABA
2779,nieprzyjemny,3,CAB
2780,wrocławia,3,-
2781,amator,3,AAACAAAB
2782,urządzenie,3,AEBAA
2783,odbiór,3,ACAAAAA
2784,przestrzegać,3,BDA
2785,legalny,3,CAB
2786,chętnie,3,FB
2787,pradze,3,-
2788,sprawdzać,3,BDA
2789,pyta,3,ADAAA
2790,chwalić,3,BBCA
2791,moniuszki,3,-
2792,śpiewać,3,BDA
2793,pik,3,ABAC
2794,nagrodzić,3,BBCA
2795,obejrzeć,3,BCBB
2796,sprzyjać,3,BDA
2797,michael,3,-
2798,wolffsohn,3,-
2799,prorok,3,AAACBA
2800,podejmować,3,BAAA
2801,europejczycy,3,-
2802,śledczy,3,AAEB
2803,szaleństwo,3,AEAAAB
2804,armia,3,ADACBAA
2805,pozór,3,ACAAAAA
2806,europejczyków,3,-
2807,wymysł,3,ACAAAAA
2808,przemysłowy,3,CAB
2809,ekonomiczny,3,CAB
2810,obyczaj,3,ACACACB
2811,rzeczywisty,3,CAB
2812,złagodzić,3,BBCA
2813,norwegowie,3,-
2814,powszechny,3,CAB
2815,nienawidzący,3,CAA
2816,lewak,3,AAACBA
2817,mułła,3,AABABA
2818,niebawem,3,FC
2819,plecak,3,ACABBA
2820,izrael,3,-
2821,oblicze,3,AEBAB
2822,ograniczyć,3,BCCA
2823,kształcić,3,BBCA
2824,publicysta,3,AABDAA
2825,brauna,3,-
2826,życzenie,3,AEBAA
2827,królować,3,BAAA
2828,wygenerowane,3,-
2829,fedorowicz,3,-
2830,res,3,-
2831,futura,3,ADAAA
2832,kolektyw,3,ACAAAAA
2833,tiktok,3,-
2834,zbadać,3,BDA
2835,ukrainie,3,-
2836,zemsta,3,ADAAA
2837,pozostawiać,3,BDA
2838,wypowiadać,3,BDA
2839,cenzura,3,ADAAA
2840,istniejący,3,BAD
2841,bawić,3,BBCA
2842,wośp,3,-
2843,impreza,3,ADAAA
2844,najpopularniejszy,3,CAB
2845,dobrobyt,3,ACAAAAA
2846,willa,3,ADACBAA
2847,ślubna,3,ADACCBA
2848,posesja,3,ADACBAA
2849,chronić,3,BBCA
2850,ogród,3,ACAAAAA
2851,niepełnosprawnością,3,-
2852,podsiadlik,3,-
2853,filokteja,3,-
2854,analizować,3,BAAA
2855,justyna,3,-
2856,sobczyk,3,-
2857,twórczość,3,ADCCA
2858,ścieżka,3,ADAB
2859,powierzchnia,3,ADACBAA
2860,gotowość,3,ADCCA
2861,odkryć,3,AEBAA
2862,podejrzana,3,ADACCBA
2863,technik,3,AAACBA
2864,obserwacja,3,ADACBAA
2865,przyzwolenie,3,AEBAA
2866,wielokulturowością,3,-
2867,wymóg,3,ACABA
2868,odosobnienie,3,AEBAA
2869,personel,3,ACACAA
2870,przyszły,3,BAFCAA
2871,galeria,3,ADACBAA
2872,romanenko,3,-
2873,rosjanie,3,-
2874,rakieta,3,ADAAA
2875,oresznika,3,-
2876,jądrowy,3,CAB
2877,zniszczenie,3,AEBAA
2878,potężny,3,CAB
2879,reda,3,ADAAA
2880,przebierać,3,BDA
2881,jednoznacznie,3,FB
2882,niepokojący,3,BBCA
2883,deportować,3,BAAA
2884,regularnie,3,FB
2885,boznańskiej,3,-
2886,festival,3,-
2887,mateusz,3,-
2888,utalentowany,3,CAB
2889,zakwalifikować,3,BAAA
2890,śledzić,3,BBCA
2891,amerykanka,3,ADAB
2892,ból,3,BBB
2893,portret,3,ACAAAAA
2894,ptak,3,ABAC
2895,zamykać,3,BDA
2896,poznanie,3,AEBAA
2897,marek,3,ACABBA
2898,trud,3,ACAAAAA
2899,dopasować,3,BAAA
2900,szary,3,CAA
2901,taneczny,3,CAB
2902,samotność,3,ADCCA
2903,internetowym,3,-
2904,trop,3,ACAAAAA
2905,podejrzany,3,AAEC
2906,talerz,3,ACACBBA
2907,minimalizm,3,ACAAAAA
2908,estetyk,3,AAACBA
2909,glamour,3,-
2910,nostalgiczny,3,CAB
2911,gładki,3,CBA
2912,pinterest,3,-
2913,luksus,3,ACAAAAA
2914,globalny,3,CAB
2915,brainrot,3,-
2916,zaawansowany,3,CAB
2917,otrzymywać,3,BAAB
2918,sprawowanie,3,AEBAA
2919,uznanie,3,AEBAA
2920,oystein,3,-
2921,gwarancja,3,ADACBAA
2922,powiesić,3,BBCA
2923,katastrofa,3,ADAAA
2924,kommiersant,3,-
2925,szacunek,3,ACABA
2926,księga,3,ADAB
2927,zabezpieczenie,3,AEBAA
2928,agresor,3,AAACAAAB
2929,conn,3,-
2930,podwórko,3,AEAAAA
2931,dożywocie,3,AEBAC
2932,niemniej,3,FC
2933,stronicowym,3,-
2934,nakładać,3,BDA
2935,czekoladowy,3,CAB
2936,kuratorka,3,ADAB
2937,czystość,3,ADCCA
2938,odżywianie,3,AEBAA
2939,minimum,3,AED
2940,kurator,3,AAACAAAB
2941,wasi,3,AFFB
2942,tzw,3,-
2943,wypisać,3,BAAFA
2944,przeciwnik,3,AAACBA
2945,frankenstein,3,-
2946,frankensteina,3,-
2947,oczywisty,3,CAB
2948,kamil,3,-
2949,żądanie,3,AEBAA
2950,japoński,3,CBA
2951,kristiansen,3,-
2952,chora,3,ADACCBA
2953,węglowy,3,CAB
2954,maxi,3,-
2955,zoo,3,AEE
2956,payback,3,-
2957,podwójny,3,CAB
2958,dno,3,ADAAA
2959,wykonany,3,BDA
2960,pomieszczenie,3,AEBAA
2961,zawartość,3,ADCCA
2962,brooklynie,3,-
2963,guzman,3,-
2964,cofnąć,3,BAEAA
2965,gazowy,3,CAB
2966,czytanie,3,AEBAA
2967,politolog,3,AAACBA
2968,szukanie,3,AEBAA
2969,twitterze,3,-
2970,mahometa,3,-
2971,nacjonalista,3,AABDAA
2972,betonowy,3,CAB
2973,stosowany,3,BAAA
2974,krokiew,3,ADCAAA
2975,skocznia,3,ADACBAA
2976,stocha,3,-
2977,zawodnik,3,AAACBA
2978,skoczek,3,AAAAB
2979,kozak,3,AAACBA
2980,ilskiej,3,-
2981,kozłowieckim,3,-
2982,rachela,3,-
2983,lubartowie,3,-
2984,radek,3,-
2985,kępa,3,ADAAA
2986,sosna,3,ADAAA
2987,chałupa,3,ADAAA
2988,troje,3,DDA
2989,bociek,3,ABAC
2990,sztacheta,3,ADAAA
2991,kołdra,3,ADAAA
2992,malować,3,BAAA
2993,max,3,-
2994,podłoga,3,ADAB
2995,andrzejem,3,-
2996,kostka,3,ADAB
2997,spadać,3,BDA
2998,jechać,3,BAAFA
2999,chrystus,3,-
3000,drzewo,3,AEAAAB
3001,kościelny,3,AAEC
3002,zastrzyk,3,ACABA
3003,oliwka,3,ADAB
3004,charakteryzować,3,BAAA
3005,kierownictwo,3,AEAAAB
3006,raić,3,BBCA
3007,kracik,3,-
3008,zdmk,3,-
3009,demonstracja,3,ADACBAA
3010,szczecina,3,ADAAA
3011,początkowo,3,FC
3012,mcveigh,3,-
3013,fundamentalistą,3,-
3014,złamanie,3,AEBAA
3015,gość,3,BBCA
3016,boniecki,3,-
3017,jan,3,-
3018,elegancja,3,ADACBAA
3019,spacer,3,ACAAAAA
3020,mestad,3,-
3021,wysłany,3,BAAFA
3022,hanssen,3,-
3023,nordycki,3,CBA
3024,flauta,3,ADAAA
3025,pie,3,-
3026,elektrownia,3,ADACBAA
3027,minus,3,ACAAAAA
3028,celsjusza,3,-
3029,schronienie,3,AEBAA
3030,opiekun,3,AAAAAA
3031,łańcuch,3,ACAABB
3032,borek,3,ACABA
3033,smarować,3,BAAA
3034,łapa,3,ADAAA
3035,blogerów,3,-
3036,kitesurfing,3,-
3037,zaliczać,3,BDA
3038,wakeboarding,3,-
3039,robertsa,3,-
3040,dorodny,3,CAB
3041,sardynka,3,ADAB
3042,ząbek,3,ACABBA
3043,posiekać,3,BDA
3044,dusić,3,BBCA
3045,odcedzić,3,BBCA
3046,miska,3,ADAB
3047,ocet,3,ACAAAAA
3048,plasterek,3,ACABBA
3049,koperek,3,ACABA
3050,zupa,3,ADAAA
3051,ryba,3,ADAAA
3052,cienki,3,CBA
3053,mielony,3,CAB
3054,kiszony,3,BBCA
3055,bulion,3,ACAAAAA
3056,orzo,3,-
3057,wczuwanie się,3,-
3058,poetycki,3,CBA
3059,jeddah,2,-
3060,finał,2,ACAAAAA
3061,wyjściowy,2,CAB
3062,rezerwowy,2,CAB
3063,wojciecha,2,-
3064,kapitan,2,AAAAAA
3065,opanować,2,BAAA
3066,snajper,2,AAACAAAB
3067,źle,2,FB
3068,poprzeczka,2,ADAB
3069,unai,2,-
3070,simon,2,-
3071,zamierzać,2,BDA
3072,rywal,2,AAABCA
3073,zdziałać,2,BDA
3074,bramkarz,2,AAABD
3075,słupek,2,ACABBA
3076,piąty,2,CAB
3077,gracz,2,AAABD
3078,robert,2,-
3079,odpowiednio,2,FA
3080,korzystniejszy,2,CAB
3081,starcie,2,AEBAA
3082,madryt,2,-
3083,seksualność,2,-
3084,certyfikat,2,ACAAAAA
3085,pornograficzny,2,CAB
3086,robertem,2,-
3087,małgorzata,2,-
3088,niewidzialny,2,CAB
3089,p,2,-
3090,konar,2,ACAABAA
3091,odbierać,2,BDA
3092,zaburzony,2,CAB
3093,złożony,2,CAB
3094,wahanie,2,AEBAA
3095,relacyjny,2,CAB
3096,wspominany,2,BDA
3097,przeciążenie,2,AEBAA
3098,somatyczny,2,CAB
3099,sercowo,2,-
3100,przewlekły,2,CAB
3101,testosteron,2,ACAAAAA
3102,wypalenie,2,AEBAA
3103,filar,2,ACAAAAA
3104,start,2,ACAAAAA
3105,atrakcyjny,2,CAB
3106,atrakcyjność,2,ADCCA
3107,skojarzenie,2,AEBAA
3108,budowany,2,BAAA
3109,intymność,2,ADCCA
3110,doświadczanie,2,AEBAA
3111,połączony,2,CAB
3112,paliwo,2,AEAAAB
3113,urządzać,2,BDA
3114,wypowiedziany,2,CAB
3115,równowaga,2,ADAB
3116,pobudzenie,2,AEBAA
3117,hamowanie,2,AEBAA
3118,podbijać,2,BDA
3119,zalecać,2,BDA
3120,przywracać,2,BDA
3121,gorąco,2,AEAABA
3122,żart,2,ACAAAAA
3123,zadawać,2,BAAE
3124,przeprosić,2,BBCA
3125,strategia,2,ADACBAA
3126,chwilowy,2,CAB
3127,faktycznie,2,FB
3128,naprawa,2,ADAAA
3129,zadziałać,2,BDA
3130,męczyć,2,BCCA
3131,poszukać,2,BDA
3132,trafiony,2,BBCA
3133,samodzielny,2,CAB
3134,sięgnięcie,2,AEBAA
3135,cudowny,2,CAB
3136,obietnica,2,ADACABB
3137,tabletka,2,ADAB
3138,zadać,2,BDC
3139,nieszczęśliwy,2,CAB
3140,myślenie,2,AEBAA
3141,wczesny,2,CAB
3142,nabierać,2,BDA
3143,przyglądać się,2,-
3144,przypuszczać,2,BDA
3145,priorytet,2,ACAAAAA
3146,radzenie,2,AEBAA
3147,poznawać,2,BAAE
3148,fantazja,2,ADACBAA
3149,poruszać,2,BDA
3150,nawzajem,2,FC
3151,odczucie,2,AEBAA
3152,czterostronicowym,2,-
3153,przestarzały,2,CAB
3154,uskarżać się,2,-
3155,spowalniać,2,BDA
3156,kwota,2,ADAAA
3157,przeznaczać,2,BDA
3158,pocztowy,2,CAB
3159,pc,2,-
3160,przybycie,2,AEBAA
3161,pracownica,2,ADACABB
3162,gruz,2,ACAAAAA
3163,uszkodzony,2,BBCA
3164,karetka,2,ADAB
3165,otoczony,2,CAB
3166,wieścić,2,BBCA
3167,dramatyczny,2,CAB
3168,namiotowy,2,CAB
3169,wakacyjny,2,CAB
3170,zorganizowany,2,BAAA
3171,młodzieżówkę,2,-
3172,simen,2,-
3173,braenden,2,-
3174,siedzący,2,CAA
3175,legitymacja,2,ADACBAA
3176,stine,2,-
3177,renate,2,-
3178,haheim,2,-
3179,bliżej,2,FC
3180,torba,2,ADAAA
3181,stos,2,ACAAAAA
3182,upewnić,2,BBCB
3183,stenseth,2,-
3184,skoczyć,2,BCCA
3185,odpłynąć,2,BAEAB
3186,najdalej,2,FC
3187,przybrzeżny,2,CAB
3188,celować,2,BAAA
3189,elise,2,-
3190,emilie,2,-
3191,bersaas,2,-
3192,niclas,2,-
3193,tokerud,2,-
3194,sms,2,-
3195,brzeg,2,ACABA
3196,przykro,2,FC
3197,zalać,2,BAFBD
3198,samobójstwo,2,AEAAAB
3199,współautor,2,AAACAAAB
3200,podsumowywać,2,BAAB
3201,nieproporcjonalnie,2,FB
3202,okręgowy,2,CAB
3203,apelacja,2,ADACBAA
3204,oeystein,2,-
3205,zabójstwo,2,AEAAAB
3206,popełnienie,2,AEBAA
3207,umieszczony,2,CAB
3208,hjetland,2,-
3209,prawidłowy,2,CAB
3210,powstrzymanie,2,AEBAA
3211,zaoferować,2,BAAA
3212,nazwany,2,BAAFB
3213,głosowanie,2,AEBAA
3214,terytorium,2,AED
3215,kontrowersja,2,ADACBAA
3216,wbicie,2,AEBAA
3217,migracyjny,2,CAB
3218,immigration,2,-
3219,customs,2,-
3220,enforcement,2,-
3221,obchodzić,2,BBCA
3222,przedni,2,CBB
3223,szyba,2,ADAAA
3224,strzelający,2,BDA
3225,traumatyczny,2,CAB
3226,informacyjny,2,CAB
3227,tylny,2,CAB
3228,minnesocie,2,-
3229,latkę,2,-
3230,udostępniony,2,BBCB
3231,wysiąść,2,BAFCAA
3232,klamka,2,ADAB
3233,ruszać,2,BDA
3234,potrącenie,2,AEBAA
3235,auto,2,AEAAAB
3236,noem,2,-
3237,sekretarz,2,AAABD
3238,kierujący,2,BAAA
3239,em,2,-
3240,mieszkanka,2,ADAB
3241,śmiertelnie,2,FB
3242,tłumaczenie,2,AEBAA
3243,jacob,2,-
3244,frey,2,-
3245,stanowy,2,CAB
3246,nocować,2,BAAA
3247,latki,2,-
3248,skoordynowany,2,BAAA
3249,usługa,2,ADAB
3250,ściganie,2,AEBAA
3251,hotels,2,-
3252,rezerwacja,2,ADACBAA
3253,celowo,2,FC
3254,zatytułowany,2,BAAA
3255,historyk,2,AAACBA
3256,potępiać,2,BDA
3257,dochodzenie,2,AEBAA
3258,popierać,2,BDA
3259,zajść,2,AEBAA
3260,nadejść,2,AEBAA
3261,nadrzędny,2,CAB
3262,odnaleźć,2,BAFCAA
3263,usuwać,2,BDA
3264,wychować,2,BDA
3265,gniew,2,ACAAAAA
3266,noszenie,2,AEBAA
3267,cebulka,2,ADAB
3268,polegać,2,BDA
3269,przeciwieństwo,2,AEAAAB
3270,podkoszulek,2,ACABBA
3271,kamizelka,2,ADAB
3272,puchowy,2,CAB
3273,kurtka,2,ADAB
3274,aspekt,2,ACAAAAA
3275,kolorystycznie,2,FB
3276,rozmaity,2,CAB
3277,tkanina,2,ADAAA
3278,spódnica,2,ADACABB
3279,mankiet,2,ACAAAAA
3280,płaszcz,2,ACACBBA
3281,sweter,2,ACAABAA
3282,spodni,2,CBB
3283,garderoba,2,ADAAA
3284,przykryć,2,AEBAA
3285,długość,2,ADCCA
3286,paleta,2,ADAAA
3287,faktura,2,ADAAA
3288,upamiętnić,2,BBCB
3289,neofaszystowski,2,CBA
3290,mette,2,-
3291,marit,2,-
3292,haakon,2,-
3293,ceremonia,2,ADACBAA
3294,sądowych,2,-
3295,wznosić,2,BBCA
3296,naruszanie,2,AEBAA
3297,szwecja,2,-
3298,rz,2,-
3299,lorange,2,-
3300,łatwiej,2,FC
3301,przyznany,2,BDA
3302,powołany,2,BDA
3303,knut,2,ACAABAA
3304,ubiegający,2,BDA
3305,sesja,2,ADACBAA
3306,ubiegać,2,BDA
3307,szkoda,2,ADAAA
3308,finlandii,2,-
3309,skandynawskich,2,-
3310,niepoczytalny,2,CAB
3311,oskarżony,2,AAEC
3312,ludzkość,2,ADCCA
3313,wojenny,2,CAB
3314,skierowany,2,BAAA
3315,odebranie,2,AEBAA
3316,zarzucać,2,BDA
3317,bezprawnie,2,FB
3318,wymierzyć,2,BCCA
3319,bezprawny,2,CAB
3320,represją,2,-
3321,przesyłać,2,BDA
3322,normalny,2,CAB
3323,praconia,2,-
3324,dobić,2,AEBAA
3325,oszczędzić,2,BBCA
3326,wytłumaczenie,2,AEBAA
3327,lotnisko,2,AEAAAA
3328,przeszukiwać,2,BAAC
3329,zjazd,2,ACAAAAA
3330,dobrowolnie,2,FB
3331,info,2,-
3332,dziennikarski,2,CBA
3333,ukończyć,2,BCCA
3334,lgbt,2,-
3335,mięsień,2,ACACBAA
3336,wieńcowy,2,CAB
3337,wp,2,-
3338,abc,2,-
3339,hab,2,-
3340,kałużna,2,-
3341,oleksy,2,-
3342,gwałtowny,2,CAB
3343,wysiłek,2,ACABA
3344,statystyka,2,AAACBA
3345,pozornie,2,FB
3346,niegroźny,2,CAB
3347,tryb,2,ACAAAAA
3348,otyłość,2,ADCCA
3349,czynność,2,ADCCA
3350,piersiowy,2,CAB
3351,najgorsze,2,AEBAB
3352,ekspozycja,2,ADACBAA
3353,arnprior,2,-
3354,szkockiej,2,-
3355,zastosować,2,BAAA
3356,poziomy,2,ACAAAAA
3357,kręty,2,ACAAAAA
3358,szosa,2,ADAAA
3359,jezdnia,2,ADACBAA
3360,radna,2,ADACCBA
3361,dziura,2,ADAAA
3362,lot,2,ACAAAAA
3363,ryzykować,2,BAAA
3364,montażysta,2,AABDAA
3365,smarzowskiego,2,-
3366,ekipa,2,ADAAA
3367,operator,2,AAACAAAB
3368,zajmujący,2,BAAA
3369,brutalny,2,CAB
3370,widownia,2,ADACBAA
3371,papier,2,ACAAAAA
3372,prezentacja,2,ADACBAA
3373,skorzystać,2,BDA
3374,wymienić,2,BBCA
3375,rysa,2,ADAAA
3376,umarły,2,AAEC
3377,uwierzyć,2,BCCA
3378,pakować,2,BAAA
3379,zepchnąć,2,BAEAA
3380,psychologów,2,-
3381,dojazd,2,ACAAAAA
3382,finansowanie,2,AEBAA
3383,poprowadzić,2,BBCA
3384,aktorski,2,CBA
3385,zbliżyć,2,BCCA
3386,przełożyć,2,BCCA
3387,podzielić,2,BBCA
3388,posłuchać,2,BDA
3389,wcielić,2,BBCA
3390,wczuć się,2,-
3391,gang,2,ACABA
3392,smarzowski,2,-
3393,łopatka,2,ADAB
3394,wypadek,2,ACABA
3395,dyskutować,2,BAAA
3396,niewłaściwy,2,CAB
3397,mały,2,CAB
3398,jakiejkolwiek,2,-
3399,kinowy,2,CAB
3400,wspaniały,2,CAB
3401,komplement,2,ACAAAAA
3402,logiczny,2,CAB
3403,upatrywać,2,BAAB
3404,młodszy,2,CAB
3405,wdzięczny,2,CAB
3406,premierowy,2,CAB
3407,horyzont,2,ACAAAAA
3408,producentką,2,-
3409,opłacać,2,BDA
3410,amelką,2,-
3411,producentki,2,-
3412,bank,2,ACABA
3413,wyczytać,2,BDA
3414,wręczyć,2,BCCA
3415,odwrócić,2,BBCA
3416,widok,2,ACABA
3417,założony,2,CAB
3418,romualda,2,-
3419,lipka,2,ADAB
3420,dolina,2,ADAAA
3421,jolka,2,ADAB
3422,tango,2,AEAAAA
3423,perkusista,2,AABDAA
3424,nagrać,2,BDA
3425,przepraszać,2,BDA
3426,pożegnalny,2,CAB
3427,zaczerpnąć,2,BAEAA
3428,znalezienie,2,AEBAA
3429,matematyka,2,AAACBA
3430,studio,2,AEAABA
3431,ustalony,2,BBCA
3432,przeciwnie,2,FB
3433,obniżony,2,CAB
3434,przykładowo,2,FC
3435,praktyk,2,AAACBA
3436,dopuszczalny,2,CAB
3437,zastanowić,2,BBCA
3438,prezeska,2,ADAB
3439,winczewska,2,-
3440,oświatowy,2,CAB
3441,pielgrzymka,2,ADAB
3442,województwo,2,AEAAAB
3443,zapisywać,2,BAAB
3444,przedstawienie,2,AEBAA
3445,systematycznie,2,FB
3446,uniemożliwiać,2,BDA
3447,programowo,2,FC
3448,uwzględniać,2,BDA
3449,zależność,2,ADCCA
3450,rosnąć,2,BAEB
3451,arytmetyczny,2,CAB
3452,przypisywany,2,BAAB
3453,ważyć,2,BCCA
3454,kartkówek,2,-
3455,skomplikowany,2,BAAA
3456,rachunek,2,ACABA
3457,żylińska,2,-
3458,budzący,2,CAA
3459,absurdalny,2,CAB
3460,fetysz,2,ACACBBA
3461,luk,2,ACABA
3462,ustalany,2,BDA
3463,przekonany,2,BDA
3464,wystawić,2,BBCA
3465,przepustka,2,ADAB
3466,surowy,2,CAB
3467,wyjawić,2,BBCA
3468,zażyć,2,AEBAA
3469,koncentracja,2,ADACBAA
3470,antyterroryści,2,-
3471,wylądować,2,BAAA
3472,uzbrojony,2,BBCA
3473,ostrzeżenie,2,AEBAA
3474,uwolnić,2,BBCB
3475,jason,2,-
3476,bateman,2,-
3477,utrzymanie,2,AEBAA
3478,ciągły,2,CAB
3479,słabość,2,ADCCA
3480,rozejść się,2,-
3481,wynajmowany,2,BAAA
3482,kolejka,2,ADAB
3483,dojrzewanie,2,AEBAA
3484,nieudany,2,CAB
3485,zmarły,2,BABA
3486,kur,2,ABABAAA
3487,gangsterski,2,CBA
3488,thriller,2,-
3489,popis,2,ACAAAAA
3490,lokal,2,ACACAA
3491,gangster,2,AAACAAAB
3492,braterski,2,CBA
3493,przynosić,2,BBCA
3494,świecić,2,BBCA
3495,pęknięcie,2,AEBAA
3496,epizod,2,ACAAAAA
3497,współwinny,2,AAEC
3498,irytacja,2,ADACBAA
3499,krzywda,2,ADAAA
3500,klątwa,2,ADAAA
3501,idealizować,2,BAAA
3502,przeszłość,2,ADCCA
3503,bolesny,2,CAB
3504,oboje,2,DDA
3505,hanna,2,-
3506,orvik,2,-
3507,endresen,2,-
3508,lista,2,ADAAA
3509,polowanie,2,AEBAA
3510,krzyż,2,ACACBBA
3511,norwegom,2,-
3512,mo,2,-
3513,edycja,2,ADACBAA
3514,wytykać,2,BDA
3515,miszalskiemu,2,-
3516,prezes,2,AAADAA
3517,poważnie,2,FB
3518,niezadowolenie,2,AEBAA
3519,nieoficjalnie,2,FB
3520,referendalną,2,-
3521,zbiórka,2,ADAB
3522,krakowian,2,ACAABAA
3523,zlecenie,2,AEBAA
3524,ościenny,2,CAB
3525,frank,2,ABAC
3526,dotkliwy,2,CAB
3527,nieruchomość,2,ADCCA
3528,bilet,2,ACAAAAA
3529,płatny,2,CAB
3530,płacić,2,BBCA
3531,niedawny,2,CAB
3532,ścisły,2,CAB
3533,zatrudnianie,2,AEBAA
3534,kwalifikacja,2,ADACBAA
3535,stołek,2,ACABBA
3536,miszalskim,2,-
3537,ko,2,-
3538,komunalny,2,CAB
3539,urzędowy,2,CAB
3540,równość,2,ADCCA
3541,maszerować,2,BAAA
3542,spodobać się,2,-
3543,rafał,2,-
3544,pal,2,ACACBAA
3545,rewolucyjny,2,CAB
3546,jarosława,2,-
3547,kaczyńskiego,2,-
3548,odrzucony,2,BBCA
3549,tur,2,ABABAAA
3550,zasiać,2,BAFBD
3551,gospodarz,2,AAABD
3552,referendalna,2,-
3553,uważnie,2,FB
3554,pouczać,2,BDA
3555,cierpliwość,2,ADCCA
3556,wyciągać,2,BDA
3557,wygranie,2,AEBAA
3558,fotel,2,ACACBAA
3559,berkowicz,2,-
3560,układ,2,ACAAAAA
3561,finansowo,2,FC
3562,oddolny,2,CAB
3563,alternatywa,2,ADAAA
3564,gibały,2,-
3565,nieprawidłowy,2,CAB
3566,wprowadzony,2,BBCA
3567,niezadowolony,2,CAB
3568,awantura,2,ADAAA
3569,utrudnienie,2,AEBAA
3570,ogólnopolski,2,CBA
3571,rozwiązywanie,2,AEBAA
3572,wybrana,2,ADACCBA
3573,zawodowy,2,CAB
3574,zamiar,2,ACAAAAA
3575,modlić się,2,-
3576,sympatyk,2,AAACBA
3577,odseparowanie,2,AEBAA
3578,podyktowany,2,BAAA
3579,zapewniony,2,BBCB
3580,ogłoszenie,2,AEBAA
3581,pozdrowienie,2,AEBAA
3582,harald,2,-
3583,fjotolf,2,-
3584,hansen,2,-
3585,odizolowanie,2,AEBAA
3586,kieszonkowe,2,AEBBB
3587,wyznać,2,BDA
3588,żałować,2,BAAA
3589,biec,2,BAFAAB
3590,paranoidalny,2,CAB
3591,uchronić,2,BBCA
3592,palnąć,2,BAEAA
3593,harrego,2,-
3594,singiel,2,-
3595,saturday,2,-
3596,night,2,-
3597,late,2,-
3598,fine,2,-
3599,line,2,-
3600,wydany,2,BDC
3601,la,2,AEE
3602,singlem,2,-
3603,promujący,2,BAAA
3604,tour,2,-
3605,pandemia,2,ADACBAA
3606,europę,2,-
3607,francuski,2,ACD
3608,wino,2,ADAAA
3609,butelka,2,ADAB
3610,marksista,2,AABDAA
3611,opętać,2,BDA
3612,spadkobierca,2,AABCBB
3613,prezentować,2,BAAA
3614,chrześcijanin,2,AAABBA
3615,dżihadu,2,-
3616,obiec,2,BAFAAB
3617,przystojny,2,CAB
3618,wymordować,2,BAAA
3619,motyw,2,ACAAAAA
3620,półtora,2,DF
3621,piroman,2,AAADAA
3622,andrew,2,-
3623,berwick,2,-
3624,wrzucić,2,BBCA
3625,chwytliwy,2,CAB
3626,bbc,2,-
3627,nawoływać,2,BAAB
3628,czoło,2,AEAAAB
3629,śmiertelny,2,CAB
3630,komunizm,2,ACAAAAA
3631,prawicowiec,2,AAACBA
3632,winstona,2,-
3633,sympatyzować,2,BAAA
3634,trzydziestka,2,ADAB
3635,chrzest,2,ACAAAAA
3636,protestancki,2,CBA
3637,wyglądający,2,BDA
3638,minimalistyczny,2,CAB
3639,english,2,-
3640,defence,2,-
3641,league,2,-
3642,europe,2,-
3643,geerta,2,-
3644,wyprzeć,2,BABA
3645,skrupulatnie,2,FB
3646,produkować,2,BAAA
3647,zdetonowany,2,BAAA
3648,world,2,-
3649,kłaść,2,BAFCAA
3650,nauczany,2,BDA
3651,ogólnokształcący,2,CAA
3652,iv,2,-
3653,uzasadnienie,2,AEBAA
3654,wskazany,2,BAAFA
3655,interakcja,2,ADACBAA
3656,uczestnictwo,2,AEAAAB
3657,szykować,2,BAAA
3658,rap,2,ABABAAA
3659,upadek,2,ACABA
3660,katarzyny,2,-
3661,koprodukcja,2,ADACBAA
3662,krążek,2,ACABBA
3663,rapowego,2,-
3664,regina,2,-
3665,zawadzka,2,-
3666,bigaj,2,-
3667,roszkowski,2,-
3668,ego,2,-
3669,specjalnie,2,FB
3670,szlempo,2,-
3671,bisz,2,-
3672,antygona,2,-
3673,heros,2,AAADAA
3674,bunt,2,ACAAAAA
3675,niepewność,2,ADCCA
3676,mścić,2,BBCB
3677,nastąpić,2,BBCA
3678,julia,2,-
3679,tadeusz,2,-
3680,wokalnie,2,FB
3681,wokalny,2,CAB
3682,używany,2,BDA
3683,getto,2,AEAAAB
3684,analogia,2,ADACBAA
3685,wpław,2,FC
3686,nabożeństwo,2,AEAAAB
3687,żałobny,2,CAB
3688,paść,2,BAFAAAB
3689,tradycyjny,2,CAB
3690,kwietniowy,2,CAB
3691,zażądać,2,BDA
3692,garnitur,2,ACAAAAA
3693,zaparkować,2,BAAA
3694,prewencyjny,2,CAB
3695,patriota,2,AABDAA
3696,zgnić,2,AEBAA
3697,schizofrenia,2,ADACBAA
3698,osadzony,2,BBCA
3699,zeszły,2,BAFCAA
3700,andersie,2,-
3701,zmęczony,2,CAB
3702,wyjątkowo,2,FC
3703,wykazywać,2,BAAB
3704,wojownik,2,AAACBA
3705,pobudzać,2,BDA
3706,nienawidzić,2,BBCA
3707,obiekt,2,ACAAAAA
3708,dodatkowo,2,FC
3709,afryki,2,-
3710,pojęcie,2,AEBAA
3711,marius,2,-
3712,emberland,2,-
3713,zabronić,2,BBCA
3714,pokrycie,2,AEBAA
3715,członkowski,2,CBA
3716,pełnia,2,ADACBAA
3717,gwarantować,2,BAAA
3718,socjalny,2,CAB
3719,konsument,2,AAADAA
3720,przyroda,2,ADAAA
3721,towar,2,ACAAAAA
3722,dyplomata,2,AABDAA
3723,hopu,2,-
3724,przerazić,2,BBCA
3725,przyrodni,2,CBB
3726,dyplomatka,2,ADAB
3727,ogólnie,2,FB
3728,patologia,2,ADACBAA
3729,rozpatrywany,2,BAAB
3730,emerytura,2,ADAAA
3731,lewicowiec,2,AAACBA
3732,patriarchat,2,ACAAAAA
3733,napaść,2,ADCCA
3734,miewać,2,BDA
3735,moje,2,EDAB
3736,przełomowy,2,CAB
3737,sprzeciwiać się,2,-
3738,rozwód,2,ACAAAAA
3739,saletrowy,2,CAB
3740,urzędować,2,BAAA
3741,przedsięwzięcie,2,AEBAA
3742,przerwać,2,BAAFB
3743,pobudka,2,ADAB
3744,ksenofobia,2,ADACBAA
3745,ruger,2,-
3746,strzelić,2,BBCA
3747,ranny,2,AAEC
3748,nerwowy,2,CAB
3749,przesunąć,2,BAEAB
3750,wezwać,2,BAAFB
3751,okazanie,2,AEBAA
3752,solidarność,2,ADCCA
3753,tysięczny,2,CAB
3754,potępić,2,BBCA
3755,ubolewanie,2,AEBAA
3756,bronisław,2,-
3757,komorowski,2,-
3758,zakakującym,2,-
3759,odnośnie,2,-
3760,napływ,2,ACAAAAA
3761,wydłużany,2,BDA
3762,gwiazdor,2,AAACAAAB
3763,skrojony,2,BBCA
3764,oscarowe,2,-
3765,komiksowy,2,CAB
3766,teksas,2,ACAAAAA
3767,wypromować,2,BAAA
3768,ustawić,2,BBCA
3769,potomek,2,AAAAB
3770,dojrzały,2,CAB
3771,błysk,2,ACABA
3772,ranczo,2,AEAAAA
3773,bicie,2,AEBAA
3774,zdobywać,2,BDA
3775,dorastać,2,BDA
3776,dyskusyjny,2,CAB
3777,washington,2,-
3778,mel,2,-
3779,los,2,ACAAAAA
3780,lokum,2,AEE
3781,zmierzch,2,ACAAAB
3782,sportowiec,2,AAACBA
3783,epoka,2,ADAB
3784,przegrywać,2,BDA
3785,futbolista,2,AABDAA
3786,kręcony,2,BBCA
3787,dawny,2,CAB
3788,johna,2,-
3789,zaproszenie,2,AEBAA
3790,teller,2,-
3791,oparty,2,CAB
3792,koszulka,2,ADAB
3793,sława,2,ADAAA
3794,romantyczny,2,CAB
3795,sweeney,2,-
3796,roznosić,2,BBCA
3797,ziarno,2,AEAAAB
3798,wykupić,2,BBCA
3799,śmieszny,2,CAB
3800,tornado,2,AEAAAB
3801,lekki,2,CBA
3802,gotów,2,CCBBA
3803,wjechać,2,BAAFA
3804,matthew,2,-
3805,porównywać,2,BAAB
3806,glasgow,2,-
3807,ponosić,2,BBCA
3808,reporter,2,AAACAAAB
3809,ciężko,2,FA
3810,cool,2,-
3811,dbanie,2,AEBAA
3812,bourne,2,-
3813,miasteczko,2,AEAAAA
3814,lekko,2,FA
3815,świeca,2,ADACABB
3816,prąd,2,ACAAAAA
3817,parafianin,2,AAABBA
3818,kolędowy,2,CAB
3819,jarka,2,ADAB
3820,zjeść,2,BDD
3821,obiad,2,ACAAAAA
3822,niepołomicach,2,-
3823,orientować,2,BAAA
3824,przydać,2,BDC
3825,wdzięczność,2,ADCCA
3826,składany,2,BDA
3827,dziękować,2,BAAA
3828,duszpasterski,2,CBA
3829,osobiście,2,FC
3830,maleńka,2,ADACCBB
3831,bieda,2,ADAAA
3832,służyć,2,BCCA
3833,lśnić,2,BBCB
3834,ministrant,2,AAADAA
3835,xix,2,-
3836,puszcza,2,ADACABB
3837,ogrzewanie,2,AEBAA
3838,wychowywać,2,BAAB
3839,msza,2,ADACAA
3840,wizytówka,2,ADAB
3841,agresja,2,ADACBAA
3842,zadeklarować,2,BAAA
3843,zgłosić,2,BBCA
3844,aktywność,2,ADCCA
3845,oficer,2,AAAAAA
3846,chemik,2,AAACBA
3847,kodeks,2,ACAAAAA
3848,sprowadzić,2,BBCA
3849,niebezpieczeństwo,2,AEAAAB
3850,bang,2,-
3851,internetowy,2,-
3852,sprzedający,2,BDC
3853,dziesiątek,2,ACABBA
3854,świadczyć,2,BCCA
3855,posiadający,2,BDA
3856,kontrolować,2,BAAA
3857,polaka,2,-
3858,konstrukcja,2,ADACBAA
3859,norwegowi,2,-
3860,kg,2,-
3861,namiar,2,ACAAAAA
3862,wiceszef,2,-
3863,podmiot,2,ACAAAAA
3864,zszokować,2,BAAA
3865,przedsiębiorstwo,2,AEAAAB
3866,ak,2,-
3867,granat,2,ACAAAAA
3868,pragi,2,-
3869,mafia,2,ADACBAA
3870,norwegami,2,-
3871,klausa,2,-
3872,zsrr,2,-
3873,przywoływać,2,BAAB
3874,dekret,2,ACAAAAA
3875,benesza,2,-
3876,niemcy,2,-
3877,stanisława,2,-
3878,zaśpiewać,2,BDA
3879,opera,2,ADAAA
3880,podlaskiej,2,-
3881,znakomicie,2,FB
3882,dyrygentka,2,ADAB
3883,szarość,2,ADCCA
3884,róż,2,ACACACB
3885,dawidowi,2,-
3886,brawo,2,AEAAAB
3887,schodzić,2,BBCA
3888,szczęśliwy,2,CAB
3889,opuścić,2,BBCA
3890,koncertować,2,BAAA
3891,wnioskować,2,BAAA
3892,przeżywać,2,BDA
3893,dostrzegać,2,BDA
3894,zderzenie,2,AEBAA
3895,nieszczęście,2,AEBAA
3896,zamieniać,2,BDA
3897,heterogeniczny,2,CAB
3898,tradycja,2,ADACBAA
3899,narodowość,2,ADCCA
3900,przeciwdziałanie,2,AEBAA
3901,emigrant,2,AAADAA
3902,przejawiać,2,BDA
3903,szanować,2,BAAA
3904,teda,2,-
3905,przytulać,2,BDA
3906,faszyzujący,2,BAAA
3907,wymyślić,2,BBCA
3908,paneuropejski,2,CBA
3909,wariat,2,AAADAA
3910,baader,2,-
3911,meinhof,2,-
3912,frakcja,2,ADACBAA
3913,cywilizacyjny,2,CAB
3914,kapitalizm,2,ACAAAAA
3915,rewolucja,2,ADACBAA
3916,biblioteka,2,ADAB
3917,północ,2,ADCAB
3918,kiepsko,2,FC
3919,Anglik,2,AAACBA
3920,Holender,2,AAACAAAB
3921,doraźny,2,CAB
3922,multikulturalizmu,2,-
3923,ratunek,2,ACABA
3924,teoria,2,ADACBAA
3925,frustracja,2,ADACBAA
3926,wielokulturowego,2,-
3927,antyimigrancką,2,-
3928,retoryka,2,ADAB
3929,finów,2,-
3930,umowa,2,ADAAA
3931,najmniejszy,2,CAB
3932,dziad,2,AAAAAA
3933,pradziad,2,AAAAAA
3934,fizycznie,2,FB
3935,ekstremistyczny,2,CAB
3936,umówić,2,BBCA
3937,faszysta,2,AABDAA
3938,jakoś,2,EK
3939,rodzimy,2,BBCA
3940,sztab,2,ACAAAAA
3941,skuteczniejszy,2,CAB
3942,dłuższy,2,CAB
3943,twardy,2,CAB
3944,doczekać,2,BDA
3945,monitoringu,2,-
3946,beztroski,2,ADABA
3947,brytania,2,-
3948,bezpański,2,CBA
3949,izraelu,2,-
3950,nieprzyjazny,2,CAB
3951,cenzurowanie,2,AEBAA
3952,zbiór,2,ACAAAAA
3953,ściśle,2,FB
3954,strzeżony,2,BAFCAB
3955,założyciel,2,AAABCA
3956,najchętniej,2,FC
3957,nawrocki,2,-
3958,detal,2,ACACAA
3959,pałac,2,ACACACB
3960,bitwa,2,ADAAA
3961,house,2,-
3962,wygrywać,2,BDA
3963,propaganda,2,ADAAA
3964,prawy,2,CAB
3965,braun,2,-
3966,przekaz,2,ACAAAAA
3967,najnowszym,2,-
3968,nicolasa,2,-
3969,maduro,2,-
3970,algorytm,2,ACAAAAA
3971,afera,2,ADAAA
3972,głośno,2,FA
3973,migrant,2,AAADAA
3974,suwerenność,2,ADCCA
3975,zachwycać,2,BDA
3976,usunięty,2,BAEAB
3977,dezinformacja,2,ADACBAA
3978,generowany,2,BAAA
3979,cyfryzacji,2,-
3980,patriotyczny,2,CAB
3981,przejęcie,2,AEBAA
3982,propagandowy,2,CAB
3983,wypełniać,2,BDA
3984,niewygodny,2,CAB
3985,schemat,2,ACAAAAA
3986,pośrednictwo,2,AEAAAB
3987,odliczenie,2,AEBAA
3988,samorząd,2,ACAAAAA
3989,śmietnik,2,ACABBA
3990,polskę,2,-
3991,cristiano,2,-
3992,cr,2,-
3993,georgina,2,-
3994,stabilny,2,CAB
3995,przeprowadzka,2,ADAB
3996,prywatności,2,-
3997,sąsiedni,2,CBB
3998,słynny,2,CAB
3999,budowlany,2,AAEC
4000,wzbudzać,2,BDA
4001,ogrom,2,ACAAAAA
4002,alek,2,-
4003,komunikowanie,2,AEBAA
4004,prywatnie,2,FB
4005,różnorodność,2,ADCCA
4006,filoktei,2,-
4007,miły,2,AAEC
4008,pomyłka,2,ADAB
4009,niepełnosprawność,2,-
4010,niepełnosprawności,2,-
4011,istnienie,2,AEBAA
4012,nieznany,2,CAB
4013,podrożyć,2,BCCA
4014,filokteta,2,-
4015,mit,2,ACAAAAA
4016,żmija,2,ADACBABA
4017,przenosić,2,BBCA
4018,przetrwać,2,BDA
4019,budowanie,2,AEBAA
4020,ukąsić,2,BBCA
4021,odgrywać,2,BDA
4022,ciężar,2,ACAAAAA
4023,przestrzeń,2,ADCAAA
4024,uważny,2,CAB
4025,powtórzyć,2,BCCA
4026,jutro,2,AEAAAB
4027,zapominać,2,BDA
4028,instrument,2,ACAAAAA
4029,uprawnienie,2,AEBAA
4030,radar,2,ACAAAAA
4031,afganistanie,2,-
4032,domniemany,2,BDA
4033,zwiastun,2,AAADAA
4034,mobilizacja,2,ADACBAA
4035,antyimigranckiej,2,-
4036,ksenofobicznej,2,-
4037,romów,2,-
4038,rejon,2,ACAAAAA
4039,astrid,2,-
4040,rektor,2,AAACAAAB
4041,petter,2,-
4042,ottersen,2,-
4043,wykształcenie,2,AEBAA
4044,krewny,2,AAEC
4045,oresznikiem,2,-
4046,walerij,2,-
4047,ponowny,2,CAB
4048,zastraszyć,2,BCCA
4049,zmasować,2,BAAA
4050,hipersoniczny,2,CAB
4051,oresznik,2,-
4052,resort,2,ACAAAAA
4053,new,2,-
4054,arsenał,2,ACAAAAA
4055,infrastruktura,2,ADAAA
4056,załączyć,2,BCCA
4057,sbu,2,-
4058,moskwy,2,-
4059,dostawa,2,ADAAA
4060,aresztowanie,2,AEBAA
4061,blokować,2,BAAA
4062,przejazd,2,ACAAAAA
4063,gwałtownie,2,FB
4064,uzasadniony,2,BBCB
4065,odwrotny,2,CAB
4066,kontekst,2,ACAAAAA
4067,nalot,2,ACAAAAA
4068,teoretycznie,2,FB
4069,mopsiczka,2,-
4070,gypsia,2,-
4071,gęś,2,ADCCA
4072,pipa,2,-
4073,dżok,2,-
4074,olgi,2,-
4075,kulturalny,2,CAB
4076,autorski,2,CBA
4077,jazz,2,ACAAAAA
4078,sacrum,2,-
4079,tan,2,ACAAAAA
4080,cyfrowej,2,-
4081,serdeczny,2,CAB
4082,dubiel,2,-
4083,optymistyczny,2,CAB
4084,akademia,2,ADACBAA
4085,prestiżowy,2,CAB
4086,amkp,2,-
4087,fortepian,2,ACAAAAA
4088,kciuk,2,ACABBA
4089,kompletny,2,CAB
4090,magiczny,2,CAB
4091,płynnie,2,FB
4092,płakać,2,BAAFA
4093,tramwaj,2,ACACACB
4094,pamiątka,2,ADAB
4095,zwiedzający,2,BDA
4096,karolczyk,2,-
4097,inw,2,-
4098,mhk,2,-
4099,xif,2,-
4100,podgórze,2,AEBAB
4101,abakanowicz,2,-
4102,dziedziniec,2,ACACBC
4103,kwitnący,2,CAA
4104,magnolia,2,ADACBAA
4105,magdaleny,2,-
4106,delikatny,2,CAB
4107,ozdobny,2,CAB
4108,srebro,2,AEAAAB
4109,tęsknota,2,ADAAA
4110,parkiet,2,ACAAAAA
4111,poniżej,2,FC
4112,gdańsku,2,-
4113,statystyk,2,AAACBA
4114,diamentowy,2,CAB
4115,nagrany,2,BDA
4116,sanah,2,-
4117,vintage,2,-
4118,pretekst,2,ACAAAAA
4119,spać,2,BBA
4120,powracać,2,BDA
4121,chokery,2,-
4122,bomberki,2,-
4123,maksymalizm,2,ACAAAAA
4124,nostalgia,2,ADACBAA
4125,kojarzony,2,CAB
4126,autentyczność,2,ADCCA
4127,predicts,2,-
4128,nadchodzić,2,BBCA
4129,era,2,ADAAA
4130,wpisywać,2,BAAB
4131,wyrazisty,2,CAB
4132,estetyka,2,AAACBA
4133,pastelowy,2,CAB
4134,krata,2,ADAAA
4135,technologia,2,ADACBAA
4136,tożsamość,2,ADCCA
4137,potoczny,2,CAB
4138,online,2,-
4139,międzypokoleniowy,2,CAB
4140,słuchawka,2,ADAB
4141,niesamowicie,2,FC
4142,przemawiać,2,BDA
4143,nietolerancja,2,ADACBAA
4144,przemówienie,2,AEBAA
4145,nieokreślony,2,CAB
4146,rozliczyć,2,BCCA
4147,nadawca,2,AABCBB
4148,nrk,2,-
4149,sypialnia,2,ADACBAA
4150,siłownia,2,ADACBAA
4151,zastosowany,2,BAAA
4152,rygor,2,ACAAAAA
4153,pozew,2,ACAAAAA
4154,socjaldemokratyczny,2,CAB
4155,oberwać,2,BAAFB
4156,reczkałow,2,-
4157,demoralizujący,2,BAAA
4158,idea,2,ADACBAA
4159,otoczyć,2,BCCA
4160,reczkałowa,2,-
4161,stado,2,AEAAAB
4162,krzesło,2,AEAAAB
4163,bandyta,2,AABDAA
4164,strzelec,2,AAACAAAA
4165,zmotoryzowany,2,BAAA
4166,internautów,2,-
4167,sterowany,2,BAAA
4168,władimir,2,-
4169,masa,2,ADAAA
4170,ambasada,2,ADAAA
4171,plama,2,ADAAA
4172,zaradzić,2,BBCA
4173,savanna,2,-
4174,puckett,2,-
4175,demokrata,2,AABDAA
4176,republikanin,2,AAABAA
4177,zgłoszony,2,BBCA
4178,oskarżona,2,ADACCBA
4179,pojawiający się,2,-
4180,pamiętliwy,2,CAB
4181,refren,2,ACAAAAA
4182,mienić się,2,-
4183,wyżej,2,FC
4184,pogodny,2,CAB
4185,singla,2,-
4186,codzienność,2,ADCCA
4187,zbliżony,2,CAB
4188,doceniać,2,BDA
4189,najpoważniejszy,2,CAB
4190,melodia,2,ADACBAA
4191,podany,2,BDC
4192,przyjmowanie,2,AEBAA
4193,znacząco,2,FC
4194,nieznacznie,2,FB
4195,kuratoryjny,2,CAB
4196,elementarny,2,CAB
4197,wcinać,2,BDA
4198,hot,2,-
4199,dog,2,ABAC
4200,małopolska,2,-
4201,gabriela,2,-
4202,bułka,2,ADAB
4203,dieta,2,ADAAA
4204,c,2,-
4205,f,2,-
4206,wystartować,2,BAAA
4207,regulamin,2,ACAAAAA
4208,pozytywnie,2,FB
4209,oznaczenie,2,AEBAA
4210,spożywczy,2,CAA
4211,zainteresowany,2,BAAA
4212,dudek,2,ABAC
4213,różycki,2,-
4214,biologia,2,ADACBAA
4215,najwyraźniej,2,FC
4216,wystarczać,2,BDA
4217,pomylić,2,BBCA
4218,zniechęcać,2,BDA
4219,finalista,2,AABDAA
4220,uzyskać,2,BDA
4221,świadectwo,2,AEAAAB
4222,shelley,2,-
4223,oddanie,2,AEBAA
4224,potwora,2,ADAAA
4225,niezły,2,CAB
4226,ludzki,2,CBA
4227,piękno,2,AEAAAB
4228,poczet,2,ACAAAAA
4229,zażyczyć,2,BCCA
4230,japonią,2,-
4231,maksymalny,2,CAB
4232,udowodnienie,2,AEBAA
4233,utracić,2,BBCA
4234,janne,2,-
4235,normalna,2,ADACCBA
4236,kolejowy,2,CAB
4237,ewakuować,2,BAAA
4238,walizka,2,ADAB
4239,autobus,2,ACAAAAA
4240,stopniowo,2,FC
4241,sprzątanie,2,AEBAA
4242,przestrzenny,2,CAB
4243,plastik,2,ACABA
4244,zakryty,2,BAFB
4245,praktycznie,2,FB
4246,wenezueli,2,-
4247,skierować,2,BAAA
4248,metropolitan,2,-
4249,detention,2,-
4250,skazana,2,ADACCBA
4251,combs,2,-
4252,epsteina,2,-
4253,joaquin,2,-
4254,el,2,-
4255,chapo,2,-
4256,narkotykowy,2,-
4257,smutek,2,ACABA
4258,przywrócić,2,BBCA
4259,czujny,2,CAB
4260,sydnes,2,-
4261,wzmocnienie,2,AEBAA
4262,zbudowanie,2,AEBAA
4263,brukseli,2,-
4264,geert,2,-
4265,wilders,2,-
4266,mein,2,-
4267,kampf,2,-
4268,roentgena,2,-
4269,napisany,2,BAAFA
4270,straszyć,2,BCCA
4271,straszliwy,2,CAB
4272,szczególność,2,ADCCA
4273,garść,2,ADCAAA
4274,rodak,2,AAACBA
4275,wyścig,2,ACABA
4276,prawdopodobieństwo,2,AEAAAB
4277,etniczny,2,CAB
4278,norwegiem,2,-
4279,brygada,2,ADAAA
4280,rdzenny,2,CAB
4281,wierzący,2,AAEB
4282,podsumować,2,BAAA
4283,wyjeżdżać,2,BDA
4284,komórkowy,2,CAB
4285,uspokajać,2,BDA
4286,rozgrywać,2,BDA
4287,zapanować,2,BAAA
4288,skakać,2,BAAFA
4289,iranu,2,-
4290,nakaz,2,ACAAAAA
4291,hipoteza,2,ADAAA
4292,zapora,2,ADAAA
4293,podejrzewany,2,BDA
4294,bariera,2,ADAAA
4295,skok,2,ACABA
4296,kamila,2,-
4297,kibic,2,AAABAB
4298,olimpijski,2,CBA
4299,zwycięstwo,2,AEAAAB
4300,turniej,2,ACACACB
4301,wzorcowy,2,CAB
4302,wzorowy,2,CAB
4303,reportaż,2,ACACAB
4304,izraela,2,-
4305,żerdź,2,ADCAAA
4306,córeczka,2,ADAB
4307,śliczny,2,CAB
4308,opuszczony,2,CAB
4309,współżycie,2,AEBAA
4310,grzywna,2,ADAAA
4311,luizą,2,-
4312,iwonką,2,-
4313,iwonka,2,-
4314,antoniego,2,-
4315,krowa,2,ADAAA
4316,antoni,2,-
4317,słoma,2,ADAAA
4318,zazdrosny,2,CAB
4319,przyrządzać,2,BDA
4320,felutka,2,-
4321,drobny,2,CAB
4322,makowski,2,-
4323,eugenia,2,-
4324,zapukać,2,BDA
4325,bielsku,2,-
4326,podlaskim,2,-
4327,miesięcznie,2,FB
4328,ewą,2,-
4329,henrykiem,2,-
4330,przedpokój,2,ACACAA
4331,ilskich,2,-
4332,źdźbło,2,AEAAAB
4333,kolano,2,AEAAAB
4334,mydło,2,AEAAAB
4335,gałąź,2,ADCAAA
4336,poszwa,2,ADAAA
4337,palić,2,BBCA
4338,biblia,2,ADACBAA
4339,henrykowi,2,-
4340,milczeć,2,BCBA
4341,apokalipsa,2,ADAAA
4342,dusza,2,ADACABB
4343,jolanta,2,-
4344,paszka,2,ADAB
4345,pouczyć,2,BCCA
4346,zameldowanie,2,AEBAA
4347,audycja,2,ADACBAA
4348,odwrót,2,ACAAAAA
4349,agitować,2,BAAA
4350,czesać,2,BAAFA
4351,środowiskowy,2,CAB
4352,spokój,2,ACACACB
4353,wózek,2,ACABBA
4354,kochany,2,BDA
4355,odrastać,2,BDA
4356,potłuczony,2,BAFCAB
4357,olchowy,2,CAB
4358,lubartowa,2,-
4359,zielone,2,AEBBB
4360,dotknięty,2,BAEAA
4361,poszkodowana,2,ADACCBA
4362,ewie,2,-
4363,postanowienie,2,AEBAA
4364,operacyjny,2,CAB
4365,drewno,2,AEAAAB
4366,ul,2,ACACBAA
4367,nowaka,2,-
4368,komenda,2,ADAAA
4369,wyznawca,2,AABCBB
4370,wąski,2,CBA
4371,ograniczony,2,CAB
4372,świdnicy,2,-
4373,stanisław,2,-
4374,adopcja,2,ADACBAA
4375,opiekuńczy,2,CAA
4376,nóż,2,ACACBBA
4377,wykroczenie,2,AEBAA
4378,zaniedbanie,2,AEBAA
4379,podlegać,2,BDA
4380,opisany,2,BAAFA
4381,informujący,2,BAAA
4382,hejt,2,-
4383,wandalizm,2,ACAAAAA
4384,wpłata,2,ADAAA
4385,sęk,2,ACABBA
4386,strażnica,2,ADACABB
4387,maria,2,-
4388,własność,2,ADCCA
4389,katowice,2,-
4390,wypłata,2,ADAAA
4391,łączyć,2,BCCA
4392,skrócenie,2,AEBAA
4393,biegły,2,BAFAAB
4394,ringerike,2,-
4395,fengsel,2,-
4396,brevik,2,-
4397,używanie,2,AEBAA
4398,transferowy,2,CAB
4399,pge,2,-
4400,atakujący,2,BAAA
4401,dwukrotny,2,CAB
4402,transfer,2,ACAAAAA
4403,wątpienie,2,AEBAA
4404,romano,2,-
4405,włoski,2,ACABBA
4406,historyczny,2,CAB
4407,portfel,2,ACACBAA
4408,zysk,2,ACABA
4409,giełda,2,ADAAA
4410,kurs,2,ACAAAAA
4411,usd,2,-
4412,radykał,2,AAAAAA
4413,tajny,2,CAB
4414,aktywny,2,CAB
4415,copeland,2,-
4416,londynu,2,-
4417,głupstwo,2,AEAAAB
4418,spór,2,ACAAAAA
4419,kasa,2,ADAAA
4420,szemrać,2,BAAFA
4421,skłonność,2,ADCCA
4422,tygodnik,2,ACABBA
4423,ósmy,2,CAB
4424,zelandii,2,-
4425,norwegią,2,-
4426,nieuzasadniony,2,CAB
4427,rejestracja,2,ADACBAA
4428,brenton,2,-
4429,tarrant,2,-
4430,christchurch,2,-
4431,wychwalać,2,BDA
4432,paul,2,-
4433,hasson,2,-
4434,fragment,2,ACAAAAA
4435,biznesowych,2,-
4436,oferować,2,BAAA
4437,ołówkowy,2,CAB
4438,dopasowany,2,BAAA
4439,zabudowany,2,BAAA
4440,kroić,2,BBCA
4441,krój,2,BBCA
4442,biel,2,ADCAAA
4443,kw,2,-
4444,przynależność,2,ADCCA
4445,przerosnąć,2,BAEB
4446,osłabić,2,BBCA
4447,ravik,2,-
4448,jupskas,2,-
4449,kristin,2,-
4450,zaprowadzić,2,BBCA
4451,ucieczka,2,ADAB
4452,ciemny,2,CAB
4453,netto,2,CD
4454,elektroenergetyczny,2,CAB
4455,pokrywa,2,ADAAA
4456,energetyka,2,AAACBA
4457,słoneczny,2,CAB
4458,panele,2,-
4459,opad,2,ACAAAAA
4460,wodny,2,CAB
4461,br,2,-
4462,ut,2,-
4463,ya,2,-
4464,harrich,2,-
4465,podopieczna,2,ADACCBA
4466,zgłaszanie,2,AEBAA
4467,przygarnięcie,2,AEBAA
4468,kocur,2,ABABAAA
4469,pegazus,2,-
4470,kochający,2,BDA
4471,błagać,2,BDA
4472,psiak,2,ABAC
4473,rosjanom,2,-
4474,dwór,2,ACAAAAA
4475,zapisek,2,ACABA
4476,zagrzewać,2,BDA
4477,blogu,2,-
4478,popularny,2,CAB
4479,jihadwatch,2,-
4480,org,2,-
4481,spencer,2,-
4482,dżihad,2,-
4483,unabombera,2,-
4484,wyłączyć,2,BCCA
4485,malkin,2,-
4486,miłosz,2,-
4487,zarzycki,2,-
4488,kaszuba,2,-
4489,napęd,2,ACAAAAA
4490,morski,2,CBA
4491,lina,2,ABABAAA
4492,jednomyślnie,2,FB
4493,warunkowy,2,CAB
4494,influencerem,2,-
4495,wypolerowany,2,BAAA
4496,ubrudzony,2,BBCA
4497,danie,2,AEBAA
4498,hrabstwo,2,AEAAAB
4499,uganiać,2,BDA
4500,uciekający,2,BDA
4501,brudny,2,CAB
4502,posiniaczony,2,CAB
4503,sielanka,2,ADAB
4504,nieustanny,2,CAB
4505,wyhodowanie,2,AEBAA
4506,instagramowym,2,-
4507,łyżeczka,2,ADAB
4508,anchois,2,AEE
4509,kapar,2,ACAABAA
4510,pestka,2,ADAB
4511,masło,2,AEAAAB
4512,cukier,2,ACAAAAA
4513,pęczek,2,ACABBA
4514,gruby,2,CAB
4515,usmażyć,2,BCCA
4516,przepłukać,2,BAAFA
4517,zgęstnieć,2,BAD
4518,podgrzewać,2,BDA
4519,porządnie,2,FB
4520,dente,2,-
4521,podgrzać,2,BAFBD
4522,dolewać,2,BDA
4523,ml,2,-
4524,wędzony,2,BBCA
4525,ostry,2,CAA
4526,nasienie,2,AEBAA
4527,pokrywka,2,ADAB
4528,zmięknąć,2,BAEB
4529,wywar,2,ACAAAAA
4530,skórka,2,ADAB
4531,ćwiartka,2,ADAB
4532,włożyć,2,BCCA
4533,przyprawa,2,ADAAA
4534,zrównoważony,2,CAB
4535,podłużny,2,CAB
4536,zależnie,2,FB
4537,kolendra,2,ADAAA
4538,sok,2,ACABA
4539,ricotty,2,-
4540,udko,2,AEAAAA
4541,seler,2,ABABAAA
4542,marchewka,2,ADAB
4543,poranny,2,CAB
4544,ciężarówka,2,ADAB
4545,kijowie,2,-
4546,podręcznik,2,ACABBA
4547,prawosławny,2,AAEC
4548,sprawdzenie,2,AEBAA
4549,płaszczyzna,2,ADAAA
4550,literatura,2,ADAAA
4551,osesi,2,-
4552,wewior,2,-
4553,słowny,2,CAB
4554,kropka,2,ADAB
4555,przecinek,2,ACABBA
4556,wers,2,ACAAAAA
4557,zaproponowanie,2,AEBAA
4558,kładący,2,CAA
4559,afektywny,2,CAB
4560,jubilerski,2,CBA
4561,niebieski,2,CBA
4562,właściwość,2,ADCCA
4563,brylant,2,ACAAAAA
4564,perła,2,ADAAA
4565,topaz,2,ACAAAAA
4566,superpucharu,1,-
4567,rozgromić,1,BBCA
4568,rywalizacja,1,ADACBAA
4569,superpuchar,1,-
4570,arabii,1,-
4571,saudyjskiej,1,-
4572,zdobywca,1,AABCBB
4573,athletikiem,1,-
4574,hansi,1,-
4575,flick,1,-
4576,jedenastka,1,ADAB
4577,szczęsnego,1,-
4578,gol,1,ABAABA
4579,roberta,1,-
4580,lewandowskiego,1,-
4581,ferran,1,-
4582,torres,1,-
4583,ambitnie,1,FB
4584,blaugrana,1,-
4585,strzelanie,1,AEBAA
4586,fermin,1,-
4587,lopez,1,-
4588,skiksować,1,BAAA
4589,spadły,1,CAB
4590,ferrana,1,-
4591,torresa,1,-
4592,barcelony,1,-
4593,kwadrans,1,ACACACAA
4594,flicka,1,-
4595,ruszyć,1,BCCA
4596,nadbiegający,1,BDA
4597,fermina,1,-
4598,lopeza,1,-
4599,huknąć,1,BAEAA
4600,płasko,1,FC
4601,roony,1,-
4602,bardghji,1,-
4603,popisać,1,BAAFA
4604,przepuszczać,1,BDA
4605,bezradny,1,CAB
4606,bramkowy,1,CAB
4607,przepiękny,1,CAB
4608,sekunda,1,ADAAA
4609,wybić,1,AEBAA
4610,rzut,1,ACAAAAA
4611,rożen,1,ACAABAA
4612,daniego,1,-
4613,viviana,1,-
4614,oihana,1,-
4615,sanceta,1,-
4616,zamieszanie,1,AEBAA
4617,blaugrany,1,-
4618,blokowany,1,BAAA
4619,dopaść,1,BAFAAAB
4620,wpakować,1,BAAA
4621,alejandro,1,-
4622,berenguer,1,-
4623,przestrzelić,1,BBCA
4624,zwolnili,1,-
4625,boisko,1,AEAAAA
4626,komplet,1,ACAAAAA
4627,końcowy,1,CAB
4628,gomez,1,-
4629,joana,1,-
4630,garcii,1,-
4631,basek,1,ACABA
4632,wykreować,1,BAAA
4633,finałowy,1,CAB
4634,atletico,1,-
4635,realem,1,-
4636,kowalczykiem,1,-
4637,psychoterapeuta,1,AABDAA
4638,jurek,1,-
4639,stereotyp,1,ACAAAAA
4640,ochota,1,ADAAA
4641,przytaczać,1,BDA
4642,piotrem,1,-
4643,świniarskim,1,-
4644,krawczykiem,1,-
4645,płonąć,1,BAEAB
4646,unieważniać,1,BDA
4647,narzucać,1,BDA
4648,wzorzec,1,ACACBC
4649,marią,1,-
4650,beisert,1,-
4651,zaspokajać,1,BDA
4652,ejakulacja,1,ADACBAA
4653,mianownik,1,ACABBA
4654,unikanie,1,AEBAA
4655,rozpaczliwy,1,CAB
4656,odmowa,1,ADAAA
4657,odrzucenie,1,AEBAA
4658,widoczny,1,CAB
4659,wierzchołek,1,ACABBA
4660,lodowej,1,-
4661,spód,1,ACAAAAA
4662,zmęczenie,1,AEBAA
4663,hormon,1,ACAAAAA
4664,mozaika,1,ADAB
4665,uwarunkowanie,1,AEBAA
4666,naczyniowy,1,CAB
4667,schorzenie,1,AEBAA
4668,uboczny,1,CAB
4669,przyjmowany,1,BAAA
4670,niebagatelny,1,CAB
4671,wyhamować,1,BAAA
4672,przemęczenie,1,AEBAA
4673,wyczerpanie,1,AEBAA
4674,wypalony,1,BBCA
4675,zawodowo,1,FC
4676,akurat,1,FC
4677,silnie,1,FB
4678,przyjrzenie się,1,-
4679,biseksualny,1,CAB
4680,wiązanie,1,AEBAA
4681,nasuwać,1,BDA
4682,spontaniczny,1,CAB
4683,responsywne,1,-
4684,czułość,1,ADCCA
4685,spieszyć,1,BCCA
4686,spirala,1,ADACBABA
4687,ironia,1,ADACBAA
4688,skuteczność,1,ADCCA
4689,testowanie,1,AEBAA
4690,przenoszenie,1,AEBAA
4691,dotyk,1,ACABA
4692,obniżać,1,BDA
4693,personalizacji,1,-
4694,wymsknąć,1,-
4695,zacytować,1,BAAA
4696,intencja,1,ADACBAA
4697,zapamiętać,1,BDA
4698,zbliżenie,1,AEBAA
4699,dudnić,1,BBCB
4700,zdrada,1,ADAAA
4701,udawanie,1,AEBAA
4702,zrazić,1,BBCA
4703,ignorowanie,1,AEBAA
4704,utrwalać,1,BDA
4705,rozróżnić,1,BBCB
4706,długotrwały,1,CAB
4707,powodujący,1,BAAA
4708,dojmujący,1,BAAA
4709,zasugerować,1,BAAA
4710,martwić,1,BBCA
4711,defekt,1,ACAAAAA
4712,udanie,1,AEBAA
4713,psychologa,1,-
4714,leczenie,1,AEBAA
4715,rozpoznanie,1,AEBAA
4716,zniechęcić,1,BBCA
4717,poszukanie,1,AEBAA
4718,wyprzedzać,1,BDA
4719,mecz,1,ACACACB
4720,zapłon,1,ACAAAAA
4721,suplement,1,ACAAAAA
4722,kuszący,1,BBCA
4723,ambicja,1,ADACBAA
4724,intymny,1,CAB
4725,przeciętnie,1,FB
4726,wykształcony,1,BBCA
4727,psychoaktywnych,1,-
4728,stuprocentowy,1,CAB
4729,wyleczyć,1,BCCA
4730,całkowity,1,CAB
4731,adekwatny,1,CAB
4732,dojrzałość,1,ADCCA
4733,seksualności,1,-
4734,skłonny,1,CAB
4735,sprawczość,1,-
4736,miernik,1,ACABBA
4737,rozładowanie,1,AEBAA
4738,zauważony,1,CAB
4739,nieoceniający,1,-
4740,operować,1,BAAA
4741,zaciekawienie,1,AEBAA
4742,bazować,1,BAAA
4743,preferencja,1,ADACBAA
4744,słuchanie,1,AEBAA
4745,życzyć,1,BCCA
4746,rozpaczać,1,BDA
4747,zamęczyć,1,BCCA
4748,anundsen,1,-
4749,gorzeć,1,BAD
4750,grubbegata,1,-
4751,okoliczny,1,CAB
4752,wypełnić,1,BBCA
4753,mieszanka,1,ADAB
4754,piętrowy,1,CAB
4755,wieżowiec,1,ACACBC
4756,wylecieć,1,BBBA
4757,walać,1,BDA
4758,biegać,1,BDA
4759,zdezorientowany,1,BAAA
4760,sanitariusz,1,AAABD
4761,przewieźć,1,BAFCAA
4762,strażak,1,AAACBA
4763,udostępnili,1,-
4764,ratownik,1,AAACBA
4765,docierać,1,BDA
4766,prom,1,ACAAAAA
4767,wpuścić,1,BBCA
4768,wypchany,1,BDA
4769,magazynek,1,ACABA
4770,przeraźliwie,1,FB
4771,zimno,1,AEAAAB
4772,krzak,1,ACABBA
4773,skała,1,ADAAA
4774,skołowany,1,BAAA
4775,zaufać,1,BDA
4776,jorgen,1,-
4777,benone,1,-
4778,nasłuchiwać,1,BAAC
4779,ów,1,EAABA
4780,reagowanie,1,AEBAA
4781,swat,1,AAAAAA
4782,zgłoszenie,1,AEBAA
4783,dopływać,1,BDA
4784,sądowej,1,-
4785,psycholog,1,-
4786,depresja,1,ADACBAA
4787,stwierdzać,1,BDA
4788,rozczarować,1,BAAA
4789,odsiadka,1,ADAB
4790,wielokrone,1,-
4791,robota,1,ABABAAA
4792,wykonywać,1,BAAB
4793,sformułowany,1,BAAA
4794,uchodźstwo,1,AEAAAB
4795,misleya,1,-
4796,mandarina,1,-
4797,conservativepost,1,-
4798,mandarin,1,-
4799,ostrzec,1,BAFCAB
4800,strategicznie,1,FB
4801,mauritius,1,-
4802,zależny,1,CAB
4803,chin,1,-
4804,namawiać,1,BDA
4805,zablokowanie,1,AEBAA
4806,chiński,1,CBA
4807,ingerencja,1,ADACBAA
4808,nieodzowny,1,CAB
4809,pozostawienie,1,AEBAA
4810,brytyjsko,1,-
4811,brytyjskim,1,-
4812,dzierżawiony,1,BBCA
4813,maurytyjskim,1,-
4814,express,1,-
4815,wypłacony,1,BBCA
4816,funt,1,ABABAAA
4817,londyński,1,-
4818,jonathana,1,-
4819,wyminąć,1,BAEAB
4820,krążący,1,CAA
4821,staranować,1,BAAA
4822,najnowsze,1,-
4823,uśmiechający się,1,-
4824,kanapa,1,ADAAA
4825,zidentyfikować,1,BAAA
4826,jonathan,1,-
4827,potrącić,1,BBCA
4828,beccę,1,-
4829,obchodzący,1,CAA
4830,zaczepiać,1,BDA
4831,byś,1,-
4832,lunch,1,-
4833,chwytać,1,BDA
4834,pasażer,1,AAAAAA
4835,podniesiony,1,CAB
4836,szarpać,1,BAAFA
4837,tył,1,BAFB
4838,przód,1,ACAAAAA
4839,kochanie,1,AEBAA
4840,lusterko,1,AEAAAA
4841,odjeżdżający,1,BDA
4842,jęknięcie,1,AEBAA
4843,wystrzał,1,ACAAAAA
4844,pier,1,-
4845,suka,1,ADAB
4846,kirsti,1,-
4847,immunitet,1,ACAAAAA
4848,hospitalizować,1,BAAA
4849,rozbity,1,BAFB
4850,tim,1,-
4851,walz,1,-
4852,gubernator,1,AAACAAAB
4853,użyć,1,AEBAA
4854,gwardia,1,ADACBAA
4855,wyłączność,1,ADCCA
4856,sprzeciw,1,ACAAAAA
4857,chicago,1,-
4858,protestujący,1,BAAA
4859,ułożyć,1,BCCA
4860,znicz,1,ACACBBA
4861,trąbić,1,BBCA
4862,klakson,1,ACAAAAA
4863,hampton,1,-
4864,hill,1,-
4865,zakwaterowanie,1,AEBAA
4866,złośliwość,1,ADCCA
4867,pożalić się,1,-
4868,angelina,1,-
4869,katsanis,1,-
4870,zarezerwować,1,BAAA
4871,mail,1,-
4872,stawek,1,ACABA
4873,złośliwie,1,FB
4874,anulować,1,BAAA
4875,niedopuszczalny,1,CAB
4876,gwałciciel,1,AAABCA
4877,podważać,1,BDA
4878,egzekwowanie,1,AEBAA
4879,eskalacja,1,ADACBAA
4880,wycofać,1,BDA
4881,usprawiedliwienie,1,AEBAA
4882,promieniować,1,BAAA
4883,pielęgnować,1,BAAA
4884,chrześcijanka,1,ADAB
4885,nauczać,1,BDA
4886,troszczyć się,1,-
4887,integralność,1,ADCCA
4888,appla,1,-
4889,aplikacja,1,ADACBAA
4890,ostrzegający,1,BDA
4891,migration,1,-
4892,przystać,1,BAFABD
4893,zabrany,1,BAAFA
4894,gwizdek,1,ACABBA
4895,uczcić,1,BBCB
4896,odwracać,1,BDA
4897,spopularyzować,1,BAAA
4898,skandynawki,1,-
4899,odzieżowy,1,CAB
4900,modowym,1,-
4901,twist,1,ABABAAA
4902,wielowarstwowy,1,CAB
4903,minusowy,1,CAB
4904,ubieranie,1,AEBAA
4905,ubiór,1,ACAAAAA
4906,wizualny,1,CAB
4907,modowej,1,-
4908,fakturowo,1,-
4909,przykuwać,1,BDA
4910,nieoczywistymi,1,-
4911,łączenie,1,AEBAA
4912,jeansów,1,-
4913,midi,1,AEE
4914,wystający,1,CAA
4915,nonszalancko,1,FC
4916,tyć,1,AEBAA
4917,chusta,1,ADAAA
4918,przewiązany,1,BAAFA
4919,layeringu,1,-
4920,ocieplajace,1,-
4921,fantazyjny,1,CAB
4922,dozwolony,1,BBCA
4923,szafa,1,ADAAA
4924,bawełniany,1,CAB
4925,obcisły,1,CAB
4926,rękaw,1,ACAABAA
4927,golf,1,ABABAAA
4928,leginsy,1,-
4929,wełna,1,ADAAA
4930,merino,1,-
4931,najmodniejszy,1,CAB
4932,tunika,1,ADAB
4933,spodnie,1,CBB
4934,okrycie,1,AEBAA
4935,fason,1,ACAAAAA
4936,komponować,1,BAAA
4937,stroić,1,BBCA
4938,kolorystyczny,1,CAB
4939,spójny,1,CAB
4940,acz,1,-
4941,memoriał,1,ACAAAAA
4942,zaostrzać,1,BDA
4943,postąpić,1,BBCA
4944,finlandia,1,-
4945,sztokholmu,1,-
4946,utrudnić,1,BBCB
4947,niepowołany,1,CAB
4948,roboczy,1,CAA
4949,rozpatrywać,1,BAAB
4950,fosli,1,-
4951,dokładniejszy,1,CAB
4952,kontrolowanie,1,AEBAA
4953,beatrice,1,-
4954,ask,1,-
4955,posiadany,1,BDA
4956,jesienny,1,CAB
4957,malm,1,ACAAAAA
4958,obydwaj,1,DABAA
4959,sankcjonować,1,BAAA
4960,chadecki,1,CBA
4961,tuve,1,-
4962,skaanberg,1,-
4963,ostrzejszy,1,CAB
4964,restrykcja,1,ADACBAA
4965,helsinek,1,-
4966,dolny,1,CAB
4967,azotan,1,ACAAAAA
4968,amon,1,ACAAAAA
4969,wyprodukować,1,BAAA
4970,przebadanie,1,AEBAA
4971,ludność,1,ADCCA
4972,skutkujący,1,BAAA
4973,uszkodzenie,1,AEBAA
4974,dagbladet,1,-
4975,odseparować,1,BAAA
4976,stronnicowe,1,-
4977,argumentacja,1,ADACBAA
4978,przyżył,1,-
4979,powrócić,1,BBCA
4980,strasznie,1,FB
4981,darować,1,BAAA
4982,newsweeka,1,-
4983,postrzał,1,ACAAAAA
4984,metalowy,1,CAB
4985,bramka,1,ADAB
4986,wykrywający,1,BDA
4987,metal,1,ACACAA
4988,współorganizator,1,AAACAAAB
4989,godizny,1,-
4990,breivi,1,-
4991,poświęcony,1,BBCA
4992,hjartet,1,-
4993,mot,1,-
4994,steinen,1,-
4995,dosł,1,-
4996,polsku,1,-
4997,tvp,1,-
4998,udzielać,1,BDA
4999,llh,1,-
5000,przesada,1,ADAAA
5001,ujemny,1,CAB
5002,wiązać,1,BAAFA
5003,sercowy,1,CAB
5004,kardiolog,1,AAACBA
5005,n,1,-
5006,med,1,-
5007,american,1,-
5008,heart,1,-
5009,association,1,-
5010,zabójczy,1,CAA
5011,umierać,1,BDA
5012,palenie,1,AEBAA
5013,nadciśnienie,1,AEBAA
5014,dojście,1,AEBAA
5015,nasilenie,1,AEBAA
5016,lekarka,1,ADAB
5017,najszybciej,1,FC
5018,górny,1,CAB
5019,najkrótszy,1,CAB
5020,abczdrowie,1,-
5021,grabowski,1,-
5022,warszawskiego,1,-
5023,pijana,1,ADACCBA
5024,szkockich,1,-
5025,drogowiec,1,AAACBA
5026,mph,1,-
5027,uspokajanie,1,AEBAA
5028,ostrzegawczy,1,CAA
5029,wiodący,1,BAFCAA
5030,miejscowość,1,ADCCA
5031,dróżka,1,ADAB
5032,rozdzielający,1,BDA
5033,zygzak,1,ACABBA
5034,uzupełniać,1,BDA
5035,leeds,1,-
5036,university,1,-
5037,pionowy,1,CAB
5038,przesunięcie,1,AEBAA
5039,zwężenie,1,AEBAA
5040,iluzoryczny,1,CAB
5041,podzielony,1,BBCA
5042,przeznaczyć,1,BCCA
5043,załatanie,1,AEBAA
5044,kombinacja,1,ADACBAA
5045,daily,1,-
5046,record,1,-
5047,danny,1,-
5048,krzysztofem,1,-
5049,komanderem,1,-
5050,kicz,1,ACACACB
5051,przystawać,1,BAAE
5052,obiegowy,1,CAB
5053,zrobienie,1,AEBAA
5054,wesele,1,AEBAA
5055,wojtka,1,-
5056,scenarzysta,1,AABDAA
5057,debiutować,1,BAAA
5058,producentka,1,-
5059,oświetlenie,1,AEBAA
5060,scenografka,1,-
5061,zgraja,1,ADACBABA
5062,dzieciak,1,AAADBB
5063,filmowiec,1,AAACBA
5064,cinekid,1,-
5065,amsterdamie,1,-
5066,sekcja,1,ADACBAA
5067,wstać,1,BAFABD
5068,wypalić,1,BBCA
5069,nuda,1,ADAAA
5070,owijać,1,BDA
5071,kurtuazyjny,1,CAB
5072,popracować,1,BAAA
5073,przyzwyczaić,1,BBCA
5074,rozsypać,1,BAAFA
5075,załatwić,1,BBCA
5076,przygodowy,1,CAB
5077,indianę,1,-
5078,jonesa,1,-
5079,stereotypowo,1,-
5080,napakowany,1,BAAA
5081,bodziec,1,ACACBC
5082,dopytać,1,BDA
5083,ogarniać,1,BDA
5084,siedmiolatek,1,AAADBA
5085,jedenastoletni,1,CBB
5086,spytać,1,BDA
5087,przestraszyć,1,BCCA
5088,zanudzić,1,BBCA
5089,pogrzeb,1,ACAAAAA
5090,dopełnić,1,BBCB
5091,tracić,1,BBCA
5092,kalkulacja,1,ADACBAA
5093,obliczony,1,CAB
5094,san,1,-
5095,sebastian,1,-
5096,sundance,1,-
5097,kurczę,1,AECA
5098,opowiadanie,1,AEBAA
5099,walor,1,ACAAAAA
5100,cynicznie,1,FB
5101,arkiem,1,-
5102,jakubikiem,1,-
5103,pogadać,1,BDA
5104,nieudolnie,1,FB
5105,emocjonalnie,1,FB
5106,dziesięcioletni,1,CBB
5107,obciążać,1,BDA
5108,nocleg,1,ACABA
5109,darmo,1,FC
5110,uprawniać,1,BDA
5111,bydło,1,AEAAAB
5112,branża,1,ADACABB
5113,przesiąknięty,1,BAEAA
5114,pić,1,AEBAA
5115,obrażać,1,BDA
5116,wyzyskiwać,1,BAAC
5117,uformowanie,1,AEBAA
5118,kółeczko,1,AEAAAA
5119,bezpieczniej,1,FC
5120,ciasteczko,1,AEAAAA
5121,przepadać,1,BDA
5122,pająk,1,ABAC
5123,zapewnić,1,BBCB
5124,struna,1,ADAAA
5125,obojętnie,1,FB
5126,tłuc,1,BAFCAB
5127,patyk,1,ACABBA
5128,kałuża,1,ADACABB
5129,wybrnąć,1,BAEAA
5130,urazić,1,BBCA
5131,wypowiedzieć,1,BDC
5132,rączka,1,ADAB
5133,stawać,1,BAAE
5134,mądrzejszy,1,CAB
5135,przekroczenie,1,AEBAA
5136,genialny,1,CAB
5137,groźnie,1,FB
5138,krzywdzić,1,BBCA
5139,znęcać,1,BDA
5140,bydgoszczy,1,-
5141,lucky,1,-
5142,bob,1,-
5143,janusz,1,-
5144,hetman,1,AAADAA
5145,gostomczyk,1,-
5146,zamurować,1,BAAA
5147,rozłożyć,1,BCCA
5148,intuicyjny,1,CAB
5149,amelią,1,-
5150,goldą,1,-
5151,odeprzeć,1,BABA
5152,cringe,1,-
5153,kompletnie,1,FB
5154,passa,1,ADAAA
5155,wstydzić się,1,-
5156,przewaga,1,ADAB
5157,peszyć,1,BCCA
5158,przyzwyczajony,1,BBCA
5159,nagrywanie,1,AEBAA
5160,ustawienie,1,AEBAA
5161,odgrywanie,1,AEBAA
5162,scenka,1,ADAB
5163,obiektyw,1,ACAAAAA
5164,testowy,1,CAB
5165,research,1,-
5166,wojtek,1,-
5167,poświęcać,1,BDA
5168,zgłębianie,1,AEBAA
5169,rzadkość,1,ADCCA
5170,opowiedzenie,1,AEBAA
5171,konsultować,1,BAAA
5172,zmontowanie,1,AEBAA
5173,nieznajoma,1,ADACCBA
5174,balans,1,ACACACA
5175,fabuła,1,ADAAA
5176,realizm,1,ACAAAAA
5177,przygoda,1,ADAAA
5178,troszkę,1,DF
5179,podrosnąć,1,BAEB
5180,obejrzenie,1,AEBAA
5181,płytka,1,ADAB
5182,szturchać,1,BDA
5183,wygadywać,1,BAAB
5184,nabity,1,BAFB
5185,spóźnić się,1,-
5186,najfajniejszy,1,CAB
5187,podskoczyć,1,BCCA
5188,pobeczeć,1,BCBA
5189,wartościowy,1,CAB
5190,spowodować,1,BAAA
5191,schlingel,1,-
5192,gala,1,ACACBAA
5193,moderator,1,ACAABAA
5194,amelce,1,-
5195,łańcuszek,1,ACABBA
5196,uzmysłowić,1,BBCA
5197,gal,1,ACACAA
5198,krzychu,1,-
5199,zakłuć,1,AEBAA
5200,amelkę,1,-
5201,wypchnąć,1,BAEAA
5202,rockowy,1,CAB
5203,grosz,1,ACACBBA
5204,bal,1,ACACACB
5205,łączący,1,CAA
5206,zeliszewski,1,-
5207,pełniący,1,CAA
5208,menedżera,1,-
5209,zm,1,-
5210,przełom,1,ACAAAAA
5211,xx,1,-
5212,anną,1,-
5213,jantar,1,ACAAAAA
5214,izabelą,1,-
5215,trojanowską,1,-
5216,urszulą,1,-
5217,alabama,1,-
5218,pay,1,-
5219,reaktywować,1,BAAA
5220,licealista,1,AABDAA
5221,gitarzysta,1,AABDAA
5222,brozi,1,-
5223,janusza,1,-
5224,pędzisza,1,-
5225,gr,1,-
5226,prompter,1,-
5227,box,1,-
5228,słownik,1,ACABBA
5229,angielsko,1,-
5230,spolszczenie,1,AEBAA
5231,lubelskim,1,-
5232,arcus,1,-
5233,kres,1,ACAAAAA
5234,stały,1,BAFABD
5235,umcs,1,-
5236,klawiszowiec,1,-
5237,witold,1,-
5238,odorowicz,1,-
5239,giżycku,1,-
5240,coverów,1,-
5241,zagraniczny,1,CAB
5242,wiosna,1,ADAAA
5243,nagraniowej,1,-
5244,lublin,1,-
5245,instrumentalny,1,CAB
5246,kazimierz,1,-
5247,łojan,1,-
5248,początkujący,1,AAEB
5249,poeta,1,AABDAA
5250,migo,1,-
5251,gorączka,1,ADAB
5252,wahać,1,BDA
5253,trójka,1,ADAB
5254,pilność,1,ADCCA
5255,przykładać,1,BDA
5256,regulować,1,BAAA
5257,podwyższyć,1,BCCB
5258,obniżyć,1,BCCA
5259,demotywuje,1,-
5260,stresować,1,BAAA
5261,kuśmierz,1,-
5262,praworządność,1,ADCCA
5263,popularnie,1,FB
5264,zatwierdzić,1,BBCA
5265,przeprowadzanie,1,AEBAA
5266,bożena,1,-
5267,kuratorium,1,AED
5268,ekspertka,1,-
5269,zbieg,1,AAAAB
5270,rozpoczynać,1,BDA
5271,określenie,1,AEBAA
5272,pytający,1,BDA
5273,chętny,1,CAB
5274,upłynąć,1,BAEAB
5275,polonistka,1,ADAB
5276,katowickich,1,-
5277,uczniowski,1,CBA
5278,wzmożony,1,CAB
5279,motywacja,1,ADACBAA
5280,odprawiać,1,BDA
5281,kwitek,1,ACABBA
5282,wywierać,1,BDA
5283,zasypywać,1,BAAB
5284,julka,1,-
5285,kuba,1,-
5286,podsumowanie,1,AEBAA
5287,przyłożyć,1,BCCA
5288,kontynuowanie,1,AEBAA
5289,uzupełnienie,1,AEBAA
5290,rzeczniczka,1,ADAB
5291,pełnoletni,1,CBB
5292,uzyskanie,1,AEBAA
5293,zaliczenie,1,AEBAA
5294,korzystający,1,BDA
5295,gorący,1,CAA
5296,kalkulator,1,AAACAAAB
5297,uzyskany,1,BDA
5298,automatycznie,1,FB
5299,ania,1,-
5300,uczennica,1,ADACABB
5301,śródroczną,1,-
5302,opanowanie,1,AEBAA
5303,pomagający,1,BDA
5304,marzena,1,-
5305,metodyczka,1,ADAB
5306,niezgodny,1,CAB
5307,wpisać,1,BAAFA
5308,czasownik,1,ACABBA
5309,odmienić,1,BBCA
5310,zaimek,1,ACABBA
5311,palec,1,ACACBC
5312,gramatyka,1,AAACBA
5313,leksyka,1,ADAB
5314,wymowa,1,ADAAA
5315,intonacja,1,ADACBAA
5316,rozmówca,1,AABCBB
5317,adekwatnie,1,FB
5318,wyuczenie,1,AEBAA
5319,faktyczny,1,CAB
5320,komunikacyjny,1,CAB
5321,demotywująco,1,-
5322,obiektywniej,1,-
5323,stronniczość,1,ADCCA
5324,zżymać się,1,-
5325,autonomia,1,ADACBAA
5326,cisnąć,1,BAEAA
5327,rankingi,1,-
5328,janina,1,-
5329,sabat,1,ACAAAAA
5330,nauczycielka,1,ADAB
5331,chorzowa,1,-
5332,opisowy,1,CAB
5333,tabloidu,1,-
5334,verdens,1,-
5335,stwierdzenie,1,AEBAA
5336,potok,1,ACABA
5337,wtorkowy,1,CAB
5338,utrzymać,1,BDA
5339,płynąć,1,BAEAB
5340,nieustający,1,CAA
5341,plaża,1,ADACABB
5342,pobiec,1,BAFAAB
5343,haavard,1,-
5344,gaasbakk,1,-
5345,pistolklubbu,1,-
5346,wydalić,1,BBCA
5347,loża,1,ADACABB
5348,szkolenie,1,AEBAA
5349,zastrzegać,1,BDA
5350,łatwizna,1,ADAAA
5351,toksyczny,1,CAB
5352,krążyć,1,BCCA
5353,maraton,1,ACAAAAA
5354,dwaj,1,DABAA
5355,pogubiony,1,BBCA
5356,niezdolny,1,CAB
5357,dryfujący,1,BAAA
5358,autodestrukcją,1,-
5359,odkupienie,1,AEBAA
5360,uczynić,1,BBCA
5361,perfekcjonizm,1,ACAAAAA
5362,bystrzejszy,1,CAB
5363,hazard,1,ACAAAAA
5364,charyzmatyczny,1,CAB
5365,pięknie,1,FB
5366,opakowany,1,BAAA
5367,fikcja,1,ADACBAA
5368,wypożyczony,1,CAB
5369,stolik,1,ACABBA
5370,przykrywać,1,BDA
5371,kredyt,1,ACAAAAA
5372,splatać,1,BDA
5373,klaseru,1,-
5374,parking,1,ACABA
5375,oznajmiać,1,BDA
5376,znoszący,1,BBCA
5377,słać,1,BAAFA
5378,gęsto,1,FA
5379,kiepski,1,CBA
5380,przemilczany,1,BDA
5381,pragnienie,1,AEBAA
5382,misternie,1,FB
5383,kruszyć,1,BCCA
5384,krasomówczy,1,CAA
5385,przemowa,1,ADAAA
5386,blichtr,1,ACAAAAA
5387,zawalić,1,BBCA
5388,napadać,1,BDA
5389,vincem,1,-
5390,cofać,1,BDA
5391,napad,1,ACAAAAA
5392,wierzyciel,1,AAABCA
5393,zainwestować,1,BAAA
5394,głębiej,1,FC
5395,nowojorski,1,-
5396,półświatek,1,ACABBA
5397,pociągać,1,BDA
5398,oczyszczenie,1,AEBAA
5399,szczelina,1,ADAAA
5400,wypływać,1,BDA
5401,tłumiony,1,BBCA
5402,jork,1,-
5403,blask,1,ACABA
5404,neon,1,ACAAAAA
5405,wilgotny,1,CAB
5406,zakurzony,1,CAB
5407,trafnie,1,FB
5408,sensacja,1,ADACBAA
5409,bum,1,ACAAAAA
5410,subtelny,1,CAB
5411,meandrować,1,BAAA
5412,zmierzać,1,BDA
5413,spłycony,1,BBCA
5414,odsłonić,1,BBCA
5415,intryga,1,ADAB
5416,uroda,1,ADAAA
5417,dumbledore,1,-
5418,drażnić,1,BBCB
5419,dłużny,1,CAB
5420,pętla,1,ADACBAA
5421,lojalność,1,ADCCA
5422,popękany,1,BDA
5423,domyślać,1,BDA
5424,alkoholik,1,AAACBA
5425,odciskać,1,BDA
5426,sharidyn,1,-
5427,svebakk,1,-
5428,bohn,1,-
5429,rówieśnik,1,AAACBA
5430,johannes,1,-
5431,buo,1,-
5432,dziewczę,1,AECA
5433,buø,1,-
5434,daleki,1,CBA
5435,svalbard,1,-
5436,arktyce,1,-
5437,jazda,1,ADAAA
5438,skuter,1,ACAABAA
5439,wesoły,1,CAB
5440,aas,1,-
5441,eriksen,1,-
5442,karin,1,-
5443,elena,1,-
5444,holst,1,-
5445,powszechnie,1,FB
5446,lubiany,1,CAB
5447,uśmiechnięty,1,BAEAA
5448,pochodzący,1,CAA
5449,karar,1,-
5450,mustafa,1,-
5451,qasim,1,-
5452,ciemnoskóry,1,CAA
5453,ismail,1,-
5454,haji,1,-
5455,ahmed,1,-
5456,piosenkarz,1,AAABD
5457,isma,1,-
5458,brown,1,-
5459,abdim,1,-
5460,farahem,1,-
5461,tamtejszy,1,CAB
5462,factor,1,-
5463,recepcjonistka,1,ADAB
5464,stołeczny,1,CAB
5465,anne,1,-
5466,lise,1,-
5467,holter,1,-
5468,pasjonatka,1,ADAB
5469,baseballa,1,-
5470,trenować,1,BAAA
5471,zawodniczka,1,ADAB
5472,trond,1,-
5473,berntsen,1,-
5474,księżna,1,ADACAC
5475,aleksandrowi,1,-
5476,plebiscyt,1,ACAAAAA
5477,bombardowany,1,BAAA
5478,skrzyknąć,1,BAEAA
5479,włączyć,1,BCCA
5480,zapaść,1,ADCCA
5481,dowiadywać się,1,-
5482,zagłosować,1,-
5483,badany,1,BDA
5484,zagadkowo,1,FC
5485,odnoga,1,ADAB
5486,zadłużenie,1,AEBAA
5487,skumulować,1,BAAA
5488,miliard,1,ACAABAA
5489,przeliczenie,1,AEBAA
5490,odziedziczony,1,CAB
5491,poprzednik,1,AAACBA
5492,majchrowski,1,-
5493,zadłużyć,1,BCCA
5494,przebić,1,AEBAA
5495,starobrat,1,-
5496,zadowolenie,1,AEBAA
5497,alarm,1,ACAAAAA
5498,smogowego,1,-
5499,ankietowany,1,BAAA
5500,poprzeć,1,BABA
5501,nieprzepisowy,1,CAB
5502,aut,1,ACAAAAA
5503,zwolniony,1,BBCB
5504,restrykcyjny,1,CAB
5505,uchwalony,1,BBCA
5506,zobowiązany,1,BAAFA
5507,sejmik,1,ACABA
5508,małopolskiego,1,-
5509,wieloletni,1,CBB
5510,wywóz,1,ACAAAAA
5511,śmiecić,1,BBCA
5512,odpłatny,1,CAB
5513,odpłatność,1,ADCCA
5514,podstrefie,1,-
5515,wydłużyć,1,BCCA
5516,obowiązywanie,1,AEBAA
5517,przeciętna,1,ADACCBA
5518,rocznie,1,FC
5519,dzielony,1,BBCA
5520,intratny,1,CAB
5521,posada,1,ADAAA
5522,brutto,1,CD
5523,wypłacany,1,BDA
5524,odchodne,1,-
5525,zgarnąć,1,BAEAA
5526,bogusław,1,-
5527,kośmider,1,-
5528,holding,1,ACABA
5529,dorzucać,1,BDA
5530,wywieszanie,1,AEBAA
5531,flaga,1,ADAB
5532,eksponowanie,1,AEBAA
5533,patronat,1,ACAAAAA
5534,wołyńskiej,1,-
5535,pochód,1,ACAAAAA
5536,hipokryzja,1,ADACBAA
5537,wyprawiać,1,BDA
5538,trzaskowski,1,-
5539,przypodobać się,1,-
5540,święcie,1,FC
5541,skrytykować,1,BAAA
5542,moralnie,1,FB
5543,społecznościowym,1,-
5544,antykościelnych,1,-
5545,lansować,1,BAAA
5546,odwoławczy,1,CAA
5547,zaglądać,1,BDA
5548,konkludować,1,BAAA
5549,słabszy,1,CAB
5550,pesel,1,-
5551,średnio,1,FC
5552,głosować,1,BAAA
5553,mądrze,1,FB
5554,zirytowany,1,BAAA
5555,zdeterminowany,1,BAAA
5556,filipowicza,1,-
5557,częstochowie,1,-
5558,mamprawowiedzieć,1,-
5559,doprowadzenie,1,AEBAA
5560,zbieranie,1,AEBAA
5561,samorządowców,1,-
5562,odwołany,1,BDA
5563,obronić,1,BBCA
5564,sopotu,1,-
5565,karnowski,1,-
5566,wiążący,1,BAAFA
5567,prezydentka,1,-
5568,zabrza,1,-
5569,inicjator,1,AAACAAAB
5570,szum,1,ACAAAAA
5571,rozpoznawalność,1,-
5572,karta,1,ABABAAA
5573,wizerunkowy,1,-
5574,socjolog,1,AAACBA
5575,jagiellońskiego,1,-
5576,gonić,1,BBCA
5577,króliczek,1,ABAC
5578,obrazowo,1,FC
5579,skromny,1,CAB
5580,zerowy,1,CAB
5581,skapitalizować,1,-
5582,wizerunkowym,1,-
5583,kmita,1,-
5584,wassermann,1,-
5585,jackiem,1,-
5586,majchrowskim,1,-
5587,konrad,1,-
5588,wybryk,1,ACABA
5589,ikei,1,-
5590,wygrana,1,ADACCBA
5591,rządzić,1,BBCA
5592,zaangażować,1,BAAA
5593,prawdziwie,1,FB
5594,limit,1,ACAAAAA
5595,klapa,1,ADAAA
5596,nadużycie,1,AEBAA
5597,sporządzanie,1,AEBAA
5598,umorzony,1,CAB
5599,szkodliwość,1,ADCCA
5600,cięcie,1,AEBAA
5601,rozczarowany,1,BAAA
5602,najgłośniej,1,FC
5603,referendalnej,1,-
5604,nieprzychylny,1,CAB
5605,kolejność,1,ADCCA
5606,wywołanie,1,AEBAA
5607,dostawać,1,BAAE
5608,populistyczne,1,-
5609,podnoszony,1,BBCA
5610,oponent,1,AAADAA
5611,niespójny,1,CAB
5612,zastać,1,BAFABD
5613,wprowadzany,1,BDA
5614,ratować,1,BAAA
5615,uzdrawiać,1,BDA
5616,skonstruować,1,BAAA
5617,zarządzać,1,BDA
5618,odpierać,1,BDA
5619,kolesiostwo,1,-
5620,kolesi,1,-
5621,populistyczny,1,-
5622,zatrudniać,1,BDA
5623,przejrzysty,1,CAB
5624,nabór,1,ACAAAAA
5625,przyjęty,1,BAFCB
5626,złożenie,1,AEBAA
5627,zawiadomienie,1,AEBAA
5628,komisarz,1,AAABD
5629,odyna,1,-
5630,wizytacja,1,ADACBAA
5631,fredrik,1,-
5632,sejersted,1,-
5633,spodziewane,1,-
5634,unieść,1,BAFCAA
5635,hitlerowski,1,CBA
5636,poczytalny,1,CAB
5637,przegrana,1,ADACCBA
5638,przyspieszony,1,CAB
5639,manipulacja,1,ADACBAA
5640,megalomania,1,ADACBAA
5641,psychoza,1,ADAAA
5642,drogowy,1,CAB
5643,rolniczy,1,CAA
5644,zawierający,1,BDA
5645,lights,1,-
5646,up,1,-
5647,zadebiutować,1,BAAA
5648,jamesa,1,-
5649,corden,1,-
5650,kendal,1,-
5651,jenner,1,-
5652,jamesem,1,-
5653,cordenem,1,-
5654,shangri,1,-
5655,malibu,1,-
5656,kalifornii,1,-
5657,produkcyjny,1,CAB
5658,grammy,1,-
5659,brzmienie,1,AEBAA
5660,funku,1,-
5661,soulu,1,-
5662,rolling,1,-
5663,stone,1,-
5664,wszech,1,-
5665,watermelon,1,-
5666,sugar,1,-
5667,dziesiątka,1,ACABBA
5668,osiągać,1,BDA
5669,love,1,-
5670,sars,1,-
5671,cov,1,-
5672,występ,1,ACAAAAA
5673,płeć,1,ADCAAA
5674,marka,1,ACABBA
5675,pielęgnacja,1,ADACBAA
5676,paznokieć,1,ACACBAA
5677,pleasing,1,-
5678,wielbiciel,1,AAABCA
5679,kafki,1,-
5680,orwella,1,-
5681,uznający,1,BDA
5682,zakonnica,1,ADACABB
5683,wyprawa,1,ADAAA
5684,krzyżowa,1,ADACCBA
5685,pątników,1,-
5686,niewierny,1,AAEC
5687,zamieszczony,1,CAB
5688,rynsztunek,1,ACABA
5689,krzyżowiec,1,AAACBA
5690,wycelowany,1,BAAA
5691,knights,1,-
5692,templar,1,-
5693,fundamentalistów,1,-
5694,wysadzający,1,BDA
5695,blondyn,1,AAADAA
5696,sąsiedztwo,1,AEAAAB
5697,uczący,1,CAA
5698,smestad,1,-
5699,następca,1,AABCBB
5700,tron,1,ACAAAAA
5701,wchodzący,1,CAA
5702,skąpy,1,CAB
5703,wpis,1,ACAAAAA
5704,facebook,1,-
5705,twitter,1,-
5706,document,1,-
5707,zatytułować,1,BAAA
5708,skrzyżowanie,1,AEBAA
5709,poradnik,1,ACABBA
5710,obrazkowy,1,CAB
5711,skrócony,1,BBCA
5712,medialny,1,CAB
5713,bastion,1,ACAAAAA
5714,brytyjską,1,-
5715,dominacja,1,ADACBAA
5716,wieszczył,1,-
5717,nadejście,1,AEBAA
5718,euroarabii,1,-
5719,turcję,1,-
5720,trojański,1,CBA
5721,wizja,1,ADACBAA
5722,eussr,1,-
5723,marksistowski,1,CBA
5724,sojusznik,1,AAACBA
5725,zbrojny,1,AAEC
5726,zwołanie,1,AEBAA
5727,kongres,1,ACAAAAA
5728,narodzić,1,BBCA
5729,jednolity,1,CAB
5730,stawić się,1,-
5731,izm,1,-
5732,historycznie,1,FB
5733,nazizm,1,ACAAAAA
5734,równo,1,FA
5735,nazista,1,AABDAA
5736,neonazistowski,1,CBA
5737,wygłaszać,1,BDA
5738,widywać,1,BAAB
5739,dobrowolny,1,CAB
5740,pastor,1,AAACAAAB
5741,palestyny,1,-
5742,konwersja,1,ADACBAA
5743,protestant,1,AAADAA
5744,katolicyzm,1,ACAAAAA
5745,mieszczący,1,CAA
5746,obniżka,1,ADAB
5747,deportowanie,1,AEBAA
5748,normalizacja,1,ADACBAA
5749,irytować,1,BAAA
5750,składka,1,ADAB
5751,karierowicz,1,AAABAB
5752,idealista,1,AABDAA
5753,idealistyczny,1,CAB
5754,antymuzułmańskimi,1,-
5755,islamification,1,-
5756,antyislamskiej,1,-
5757,podróżować,1,BAAA
5758,geofarm,1,-
5759,rolny,1,CAB
5760,asta,1,-
5761,nafaszerowanie,1,AEBAA
5762,nabyć,1,AEBAA
5763,cichy,1,CAB
5764,metamorfoza,1,ADAAA
5765,pijać,1,BDA
5766,grywać,1,BDA
5767,warcraft,1,-
5768,orka,1,ADAB
5769,przecierać,1,BDA
5770,zdumienie,1,AEBAA
5771,zwyczajny,1,CAB
5772,niezbyt,1,FC
5773,rozmowny,1,CAB
5774,wkraczać,1,BDA
5775,zastąpić,1,BBCA
5776,neutralność,1,ADCCA
5777,fakultatywny,1,CAB
5778,począć,1,BAFCB
5779,rozporządzenie,1,AEBAA
5780,realizować,1,BAAA
5781,teoretyczny,1,CAB
5782,wpływanie,1,AEBAA
5783,załatwianie,1,AEBAA
5784,mechanizm,1,ACAAAAA
5785,równoważny,1,CAB
5786,musicalowy,1,CAB
5787,rapować,1,-
5788,widzki,1,-
5789,szyngiery,1,-
5790,webbera,1,-
5791,mikosza,1,-
5792,gdański,1,CBA
5793,szekspirowskim,1,-
5794,wyprzedać,1,BDC
5795,afisz,1,ACACBC
5796,zagościć,1,BBCA
5797,repertuar,1,ACAAAAA
5798,fryderyk,1,-
5799,nakład,1,ACAAAAA
5800,universal,1,-
5801,music,1,-
5802,bisza,1,-
5803,atmosfera,1,ADAAA
5804,podkręcać,1,BDA
5805,zimowlę,1,-
5806,dominiki,1,-
5807,słowik,1,ABAC
5808,smok,1,ABAC
5809,adaptacja,1,ADACBAA
5810,gatsby,1,-
5811,francisa,1,-
5812,scotta,1,-
5813,fitzgeralda,1,-
5814,michała,1,-
5815,najciekawszy,1,CAB
5816,raperów,1,-
5817,tekściarzy,1,-
5818,antygonie,1,-
5819,duet,1,ACAAAAA
5820,rapowanym,1,-
5821,pomost,1,ACAAAAA
5822,antyczny,1,CAB
5823,żyjący,1,BAFB
5824,bohaterstwo,1,AEAAAB
5825,zagubienie,1,AEBAA
5826,bratobójczy,1,CAA
5827,niesprawny,1,CAB
5828,odbudować,1,BAAA
5829,kreować,1,BAAA
5830,miecz,1,ACACBBA
5831,pojednanie,1,AEBAA
5832,rozliczać,1,BDA
5833,kazana,1,-
5834,ast,1,-
5835,kościelniak,1,-
5836,dominika,1,-
5837,kozłowska,1,-
5838,anna,1,-
5839,tomaszewska,1,-
5840,dolatowski,1,-
5841,maciej,1,-
5842,jackowski,1,-
5843,łukawski,1,-
5844,malchar,1,-
5845,sławomir,1,-
5846,rokita,1,ADAAA
5847,dominik,1,-
5848,stroka,1,-
5849,zięba,1,ADAAA
5850,wanda,1,-
5851,skorny,1,-
5852,kubasiewicz,1,-
5853,michałem,1,-
5854,scenografia,1,ADACBAA
5855,kostium,1,ACAAAAA
5856,opracować,1,BAAA
5857,mirek,1,-
5858,kaczmarek,1,-
5859,choreografia,1,ADACBAA
5860,maćko,1,-
5861,Prusak,1,AAACBA
5862,natan,1,-
5863,zuzanna,1,-
5864,skolias,1,-
5865,pakuła,1,-
5866,szkic,1,ACACACB
5867,oliwia,1,-
5868,kuc,1,ABAAAB
5869,inspicjent,1,AAADAA
5870,bartłomiej,1,-
5871,oskarbski,1,-
5872,rajski,1,CBA
5873,teatrwkrakowie,1,-
5874,podłożenie,1,AEBAA
5875,sveinung,1,-
5876,sponheim,1,-
5877,małomówny,1,CAB
5878,neurotyczny,1,CAB
5879,nasycić,1,BBCA
5880,antymuzułmańską,1,-
5881,ksenofobicznych,1,-
5882,holandii,1,-
5883,mcveigha,1,-
5884,pedantycznie,1,FB
5885,zamówienie,1,AEBAA
5886,rugera,1,-
5887,jeleni,1,CBB
5888,kusić,1,BBCA
5889,multikulturowych,1,-
5890,mniemanie,1,AEBAA
5891,osłabiać,1,BDA
5892,nina,1,-
5893,witoszek,1,-
5894,kulturoznawca,1,AABCBB
5895,wykładający,1,BDA
5896,rozstrzelać,1,BDA
5897,hitlerjugend,1,-
5898,pogardliwie,1,FB
5899,stoltenbergjugend,1,-
5900,potonąć,1,BAEAB
5901,namiot,1,ACAAAAA
5902,wyszukiwać,1,BAAC
5903,zjawić się,1,-
5904,spóźniony,1,BBCB
5905,spóźnienie,1,AEBAA
5906,pojedynka,1,ADAB
5907,uczestniczący,1,CAA
5908,sonja,1,-
5909,zdruzgotany,1,BAAFA
5910,fotoreporter,1,AAACAAAB
5911,pozdrowić,1,BBCA
5912,niedoszły,1,CAB
5913,kieszeń,1,ADCAAA
5914,wsiąść,1,BAFCAA
5915,lipcowy,1,CAB
5916,dopuszczający,1,BDA
5917,etniczności,1,-
5918,obalenie,1,AEBAA
5919,zastąpienie,1,AEBAA
5920,kilkusetstronicowy,1,CAB
5921,panująca,1,ADACCBA
5922,popełniony,1,BBCA
5923,poniżać,1,BDA
5924,czterostronicowy,1,-
5925,niehumanitarne,1,-
5926,umożliwienie,1,AEBAA
5927,geira,1,-
5928,lippestadta,1,-
5929,zakłopotany,1,BAAFA
5930,oznaka,1,ADAB
5931,zasłynąć,1,BAEAB
5932,wiezienie,1,AEBAA
5933,benjamina,1,-
5934,hermansena,1,-
5935,helen,1,-
5936,andenaes,1,-
5937,sekulic,1,-
5938,obligować,1,BAAA
5939,niezapowiedzianych,1,-
5940,niesłusznie,1,FB
5941,wnoszenie,1,AEBAA
5942,zaskarżenie,1,AEBAA
5943,uprawomocnienie,1,AEBAA
5944,marcowy,1,CAB
5945,rozstrzelanie,1,AEBAA
5946,wykonywanie,1,AEBAA
5947,telefoniczny,1,CAB
5948,podłączenie,1,AEBAA
5949,nadanie,1,AEBAA
5950,matrymonialny,1,CAB
5951,zawarcie,1,AEBAA
5952,małżeński,1,CBA
5953,podawanie,1,AEBAA
5954,niesmaczny,1,CAB
5955,mikrofalówki,1,-
5956,wynoszący,1,BBCA
5957,maskara,1,-
5958,powiększenie,1,AEBAA
5959,erasmus,1,-
5960,obszar,1,ACAAAAA
5961,integracja,1,ADACBAA
5962,cypru,1,-
5963,uwzględnienie,1,AEBAA
5964,surowszy,1,CAB
5965,dziedzina,1,ADAAA
5966,czystszy,1,CAB
5967,objęty,1,BAFCB
5968,malty,1,-
5969,słowacka,1,-
5970,rozszerzenie,1,AEBAA
5971,hiszpański,1,ACD
5972,eksport,1,ACAAAAA
5973,włosek,1,ACABBA
5974,zacieśnić,1,BBCB
5975,litwą,1,-
5976,szwecją,1,-
5977,dwudziestolecie,1,AEBAC
5978,przepływ,1,ACAAAAA
5979,przystojniak,1,AAACBA
5980,żenić,1,BBCA
5981,angielsku,1,-
5982,emerytowany,1,CAB
5983,davida,1,-
5984,teheranie,1,-
5985,oecd,1,-
5986,wenche,1,-
5987,rozwieść,1,BAFCAA
5988,ożenić,1,BBCA
5989,bezskutecznie,1,FB
5990,nieobecność,1,ADCCA
5991,uprzywilejowany,1,BAAA
5992,macocha,1,ADAAA
5993,tove,1,-
5994,ideologiczno,1,-
5995,wywód,1,ACAAAAA
5996,pogrupować,1,BAAA
5997,obyczajowy,1,CAB
5998,kosztowny,1,CAB
5999,weneryczny,1,CAB
6000,likwidacja,1,ADACBAA
6001,odzwierciedlać,1,BDA
6002,szczycić się,1,-
6003,czołowy,1,CAB
6004,grafficiarzy,1,-
6005,pokrywający,1,BDA
6006,przyjaźnie,1,FB
6007,pakistańskiego,1,-
6008,zintegrować,1,BAAA
6009,świadomie,1,FB
6010,chrzestna,1,ADACCBA
6011,uchodźczyni,1,-
6012,chile,1,-
6013,okraść,1,BAFAAAA
6014,hopowym,1,-
6015,zainteresować,1,BAAA
6016,ćpać,1,BDA
6017,ekonomia,1,ADACBAA
6018,zarządzanie,1,AEBAA
6019,towarzyski,1,CBA
6020,przelotny,1,CAB
6021,zapobiegliwość,1,ADCCA
6022,brytyjskich,1,-
6023,donieść,1,BAFCAA
6024,plastyczny,1,CAB
6025,przebudzenie,1,AEBAA
6026,serbii,1,-
6027,wypędzenie,1,AEBAA
6028,albańczyków,1,-
6029,kosowa,1,-
6030,kandydować,1,BAAA
6031,umiarkowany,1,CAB
6032,hollywoodzki,1,-
6033,richarda,1,-
6034,linklatera,1,-
6035,transparent,1,ACAAAAA
6036,glena,1,-
6037,tytułowy,1,CAB
6038,szelmowsko,1,FC
6039,ściskać,1,BDA
6040,pozować,1,BAAA
6041,fotka,1,ADAB
6042,rozpromienić,1,BBCA
6043,zasilić,1,BBCA
6044,chutsky,1,-
6045,Tatar,1,AAACAAAB
6046,cyndy,1,-
6047,powellowie,1,-
6048,zadrwili,1,-
6049,podbić,1,AEBAA
6050,postawny,1,CAB
6051,szczęka,1,ADAB
6052,timothe,1,-
6053,chalameta,1,-
6054,antagonista,1,AABDAA
6055,udowodnić,1,BBCB
6056,futbolowy,1,CAB
6057,siódemka,1,ADAB
6058,ryzykowny,1,CAB
6059,wujek,1,AAAAB
6060,nastoletni,1,CBB
6061,opona,1,ADAAA
6062,traktor,1,ACAABAA
6063,ujarzmiać,1,BDA
6064,gq,1,-
6065,strzelnica,1,ADACABB
6066,wystawiać,1,BDA
6067,rozstawać się,1,-
6068,denzela,1,-
6069,washingtona,1,-
6070,perfekcyjnie,1,-
6071,elegancko,1,FA
6072,harvardu,1,-
6073,edowi,1,-
6074,richard,1,-
6075,gere,1,-
6076,powellem,1,-
6077,mylny,1,CAB
6078,młodzieniec,1,AAACAAAA
6079,angeles,1,-
6080,castingi,1,-
6081,wiotki,1,CBA
6082,blady,1,CAB
6083,wielkooki,1,CBA
6084,zbudowany,1,BAAA
6085,opalony,1,BBCA
6086,wyświetlać,1,BDA
6087,iron,1,ACAAAAA
6088,mana,1,-
6089,wygodny,1,CAB
6090,garaż,1,ACACAB
6091,zaprzyjaźniony,1,BBCA
6092,nadsyłany,1,BDA
6093,desperacja,1,ADACBAA
6094,sylvestra,1,-
6095,kompletować,1,BAAA
6096,obsada,1,ADAAA
6097,niezniszczalny,1,CAB
6098,głupi,1,CBB
6099,najemnik,1,AAACBA
6100,składający,1,BDA
6101,arnold,1,-
6102,schwarzenegger,1,-
6103,harrison,1,-
6104,ford,1,ABABAAA
6105,dolph,1,-
6106,lundgren,1,-
6107,jet,1,-
6108,li,1,-
6109,statham,1,-
6110,teksańczykiem,1,-
6111,ryan,1,-
6112,murphy,1,-
6113,obsadzać,1,BDA
6114,krzyk,1,ACABA
6115,jama,1,ADAAA
6116,lee,1,-
6117,curtis,1,-
6118,drgnąć,1,BAEAA
6119,astronauta,1,AABDAA
6120,glenna,1,-
6121,nominowanym,1,-
6122,oscara,1,-
6123,ukryty,1,BAFB
6124,swatać,1,BDA
6125,próbny,1,CAB
6126,startować,1,BAAA
6127,roostera,1,-
6128,goose,1,-
6129,mavericka,1,-
6130,pragnąć,1,BAEAAD
6131,butler,1,-
6132,miles,1,-
6133,nicholas,1,-
6134,hoult,1,-
6135,załamać,1,BAAFA
6136,joseph,1,-
6137,kosinski,1,-
6138,postprodukcji,1,-
6139,godzić,1,BBCA
6140,streamingowych,1,-
6141,richardem,1,-
6142,linklaterem,1,-
6143,wykładowca,1,AABCBB
6144,łapać,1,BAAFA
6145,prześmiewcze,1,-
6146,topnieć,1,BAD
6147,przebojem,1,FC
6148,logo,1,-
6149,jon,1,ACAAAAA
6150,hamm,1,-
6151,opalenizna,1,ADAAA
6152,muskulatura,1,ADAAA
6153,niegrzeczny,1,CAB
6154,sydney,1,-
6155,niespodzianka,1,ADAB
6156,zakochiwać się,1,-
6157,marnie,1,FB
6158,poczta,1,ADAAA
6159,pantoflowy,1,CAB
6160,plotkować,1,BAAA
6161,monolog,1,ACABA
6162,zasiany,1,BAFBD
6163,entuzjastyczny,1,CAB
6164,wenecji,1,-
6165,wyświetlanie,1,AEBAA
6166,netflix,1,-
6167,ugruntować,1,BAAA
6168,przebranie,1,AEBAA
6169,żałosny,1,CAB
6170,twisters,1,-
6171,zrobiony,1,BBCA
6172,rozmach,1,ACAAAB
6173,katastroficzny,1,CAB
6174,łowca,1,AABCBB
6175,południowiec,1,AAACBA
6176,kowbojski,1,CBA
6177,kapelusz,1,ACACBBA
6178,poklask,1,ACABA
6179,fajerwerk,1,ACABA
6180,wyważyć,1,BCCA
6181,teksańczyk,1,-
6182,mcconaughey,1,-
6183,matrix,1,-
6184,podłączać,1,BDA
6185,akwarium,1,AED
6186,rybka,1,ADAB
6187,pływać,1,BDA
6188,kółko,1,AEAAAA
6189,wystawiony,1,BBCA
6190,konkurować,1,BAAA
6191,brisket,1,-
6192,obserwator,1,AAACAAAB
6193,weterynarz,1,AAABD
6194,uciekinier,1,AAACAAAB
6195,powieść,1,ADCCA
6196,stephena,1,-
6197,kinga,1,-
6198,schwarzeneggerem,1,-
6199,edgara,1,-
6200,wrighta,1,-
6201,komediowy,1,CAB
6202,chad,1,-
6203,powers,1,-
6204,zdyskredytowany,1,BAAA
6205,huntington,1,-
6206,fantasy,1,-
6207,ghostwriter,1,-
6208,abrams,1,-
6209,idol,1,AAABCA
6210,tom,1,ACAAAAA
6211,magia,1,ADACBAA
6212,przyciągnąć,1,BAEAA
6213,dopasowywanie,1,AEBAA
6214,nieautentyczny,1,CAB
6215,rozdawać,1,BAAE
6216,mr,1,-
6217,niemęski,1,CBA
6218,kumpel,1,AAABCA
6219,piwo,1,AEAAAB
6220,sauna,1,ADAAA
6221,istotnie,1,FB
6222,jasona,1,-
6223,park,1,ACABA
6224,jurajski,1,CBA
6225,kowboj,1,AAABAB
6226,westchnienie,1,AEBAA
6227,twoje,1,EDAB
6228,piesek,1,ABAC
6229,pacha,1,ADAAA
6230,determinacja,1,ADACBAA
6231,podziw,1,ACAAAAA
6232,niechęć,1,ADCCA
6233,oldskulowym,1,-
6234,rozbłysnąć,1,BAEAA
6235,mocniej,1,FC
6236,jarosławem,1,-
6237,chlebdą,1,-
6238,dna,1,ADAAA
6239,szlak,1,ACABA
6240,dwanaście,1,DBCA
6241,czternaście,1,DBCA
6242,podpisywać,1,BAAB
6243,niepołomic,1,-
6244,przejmować,1,BAAA
6245,wypijać,1,BDA
6246,głupio,1,FA
6247,espresso,1,-
6248,gdybym,1,-
6249,wypić,1,AEBAA
6250,niebezpiecznie,1,FB
6251,posprowadzali,1,-
6252,szeregowiec,1,AAACBA
6253,tańszy,1,CAB
6254,nastawienie,1,AEBAA
6255,tradycyjnie,1,FB
6256,wręczany,1,BDA
6257,umowny,1,CAB
6258,wkładać,1,BDA
6259,gotówka,1,ADAB
6260,upierać się,1,-
6261,negocjować,1,BAAA
6262,całoroczny,1,CAB
6263,posługę,1,-
6264,libiąża,1,-
6265,synek,1,AAAAB
6266,gnębiony,1,BBCA
6267,naoglądał,1,-
6268,odnowiony,1,BBCA
6269,schodowy,1,CAB
6270,marmur,1,ACAAAAA
6271,apartament,1,ACAAAAA
6272,turysta,1,AABDAA
6273,skromniejszy,1,CAB
6274,błoto,1,AEAAAB
6275,oficyna,1,ADAAA
6276,xxi,1,-
6277,urządzić,1,BBCA
6278,hostel,1,-
6279,wyjmować,1,BAAA
6280,bezradność,1,ADCCA
6281,kolędowanie,1,AEBAA
6282,przysiółek,1,ACABBA
6283,dosłownie,1,FB
6284,niepołomickiej,1,-
6285,rozplanować,1,BAAA
6286,religijnie,1,FB
6287,praktykować,1,BAAA
6288,podpowiadać,1,BDA
6289,chlebdzie,1,-
6290,podstolic,1,-
6291,kapłański,1,CBA
6292,franciszka,1,-
6293,macharskiego,1,-
6294,wawelskiej,1,-
6295,hurtownia,1,ADACBAA
6296,odczynnik,1,ACABBA
6297,przyrząd,1,ACAAAAA
6298,radioaktywny,1,CAB
6299,emitujący,1,BAAA
6300,jonizujący,1,BAAA
6301,mienie,1,AEBAA
6302,norsk,1,-
6303,freakforum,1,-
6304,pyroforum,1,-
6305,włączać,1,BDA
6306,pyro,1,-
6307,prat,1,-
6308,podpisujący,1,CAA
6309,pyromaniac,1,-
6310,zachwalać,1,BDA
6311,tani,1,CBB
6312,ostrożność,1,ADCCA
6313,przesyłka,1,ADAB
6314,samolot,1,ACAAAAA
6315,niemożliwy,1,CAB
6316,uznawany,1,BAAE
6317,dowieźć,1,BAFCAA
6318,gram,1,BDA
6319,płk,1,-
6320,dementować,1,BAAA
6321,pogłoska,1,ADAB
6322,zamawiać,1,BDA
6323,kamuflować,1,BAAA
6324,marginalny,1,CAB
6325,wskazujący,1,CAA
6326,przestraszony,1,CAB
6327,chcący,1,AAEB
6328,pobawić,1,BBCA
6329,ubezpieczeniowy,1,CAB
6330,spokrewnić się,1,-
6331,łukaszem,1,-
6332,kontaktowy,1,CAB
6333,nieporozumienie,1,AEBAA
6334,rusznica,1,ADACABB
6335,przeciwpancerny,1,CAB
6336,praga,1,-
6337,tranzytowy,1,CAB
6338,taksówkarz,1,AAABD
6339,nerw,1,ACAAAAA
6340,przebrany,1,BAAFA
6341,zdystansować,1,BAAA
6342,vaclav,1,-
6343,klaus,1,-
6344,sympatia,1,ADACBAA
6345,wschodni,1,CBB
6346,diabelski,1,CBA
6347,imperium,1,AED
6348,czechosłowacji,1,-
6349,wygnany,1,BDA
6350,sudeccy,1,-
6351,naśladować,1,BAAA
6352,odniesienie,1,AEBAA
6353,st,1,-
6354,sopran,1,ACAAAAA
6355,alt,1,ACAAAAA
6356,tenor,1,AAACAAAB
6357,bas,1,AAACAAAB
6358,menadżera,1,-
6359,amatorski,1,CBA
6360,beata,1,-
6361,koordynatorka,1,-
6362,dziewiętnastoosobowy,1,-
6363,zabrzmieć,1,BBBB
6364,niesamowity,1,CAB
6365,skupienie,1,AEBAA
6366,wpatrywać się,1,-
6367,stojący,1,BBD
6368,niżej,1,FC
6369,ćwiczyć,1,BCCA
6370,nieznajomy,1,AAEC
6371,dołączyć,1,BCCA
6372,zabrzmiały,1,CAB
6373,wyczuwać,1,BDA
6374,konsternacja,1,ADACBAA
6375,niedowierzanie,1,AEBAA
6376,wybrzmiał,1,-
6377,śpiewany,1,BDA
6378,poderwać,1,BAAFB
6379,owacja,1,ADACBAA
6380,stojąco,1,FC
6381,doceniony,1,BBCA
6382,kurzyna,1,-
6383,zarzecka,1,-
6384,białymstoku,1,-
6385,wspaniale,1,FB
6386,szałkiewicz,1,-
6387,rewelacyjny,1,CAB
6388,gratulować,1,BAAA
6389,smoleński,1,-
6390,sprzyjający,1,BDA
6391,wielokulturowej,1,-
6392,fundamentalista,1,-
6393,nadciągać,1,BDA
6394,przewidzieć,1,BBBA
6395,opisywanie,1,AEBAA
6396,symptom,1,ACAAAAA
6397,istota,1,ADAAA
6398,zlepek,1,ACABA
6399,dostosowanie,1,AEBAA
6400,asymilacyjny,1,CAB
6401,jedność,1,ADCCA
6402,wynalazek,1,ACABA
6403,wyrosły,1,CAB
6404,przybyły,1,BEB
6405,idący,1,CAA
6406,kakofonia,1,ADACBAA
6407,mitologia,1,ADACBAA
6408,wiking,1,AAAAB
6409,mason,1,AAADAA
6410,powołanie,1,AEBAA
6411,walczący,1,CAA
6412,niezrównoważony,1,CAB
6413,odklejać,1,BDA
6414,grupka,1,ADAB
6415,kupa,1,ADAAA
6416,inteligentny,1,CAB
6417,ubzdurać,1,BDA
6418,islamistyczny,1,CAB
6419,samobójca,1,AABCBB
6420,pokiereszowany,1,BAAA
6421,wyrastać,1,BDA
6422,urlike,1,-
6423,zmysł,1,ACAAAAA
6424,podkładanie,1,AEBAA
6425,supermarketach,1,-
6426,porywanie,1,AEBAA
6427,mordowanie,1,AEBAA
6428,przemysłowiec,1,AAACBA
6429,peryferyjny,1,CAB
6430,przyjazny,1,CAB
6431,bezproblemowy,1,CAB
6432,multikulturalizm,1,-
6433,teoretyk,1,AAACBA
6434,liberał,1,AAAAAA
6435,pięknoduch,1,AAACBA
6436,feudalizm,1,ACAAAAA
6437,nierówność,1,ADCCA
6438,emigracja,1,ADACBAA
6439,demografia,1,ADACBAA
6440,starzeć się,1,-
6441,schizofreniczny,1,CAB
6442,dostatek,1,ACABA
6443,islamizm,1,-
6444,islamizmem,1,-
6445,asymilacja,1,ADACBAA
6446,urągać,1,BDA
6447,polakom,1,-
6448,czechom,1,-
6449,rozpoznać,1,BDA
6450,algierii,1,-
6451,turcji,1,-
6452,wykorzenić,1,BBCA
6453,wpływowy,1,CAB
6454,niemodny,1,CAB
6455,świt,1,ACAAAAA
6456,ksenofob,1,AAADAA
6457,imigranckie,1,-
6458,osiedlać,1,BDA
6459,siak,1,-
6460,przywlec,1,BAFCAB
6461,homogeniczność,1,ADCCA
6462,racjonalnie,1,FB
6463,myć,1,AEBAA
6464,wymyślać,1,BDA
6465,skomplikować,1,BAAA
6466,mniejszościowy,1,CAB
6467,wielożeństwo,1,AEAAAB
6468,obrzezanie,1,AEBAA
6469,tolerować,1,BAAA
6470,podglebie,1,-
6471,asymilować,1,BAAA
6472,specyfik,1,ACABA
6473,prawidła,1,-
6474,specyfika,1,ADAB
6475,danii,1,-
6476,mówienie,1,AEBAA
6477,zadekretowanie,1,-
6478,wyprostować,1,BAAA
6479,wielokulturową,1,-
6480,byśmy,1,-
6481,ustawodawstwo,1,AEAAAB
6482,duńskiej,1,-
6483,ludowy,1,CAB
6484,nicolas,1,-
6485,sarkozy,1,-
6486,antyromskie,1,-
6487,heca,1,ADACABB
6488,zakamuflowany,1,BAAA
6489,nawoływanie,1,AEBAA
6490,niesmak,1,ACABA
6491,populizm,1,-
6492,pozyskiwanie,1,AEBAA
6493,integrować,1,BAAA
6494,socjalistyczny,1,CAB
6495,komunista,1,AABDAA
6496,grubszy,1,CAB
6497,pokrzywdzony,1,BBCA
6498,zagrożony,1,BBCA
6499,arabski,1,CBA
6500,podparyskich,1,-
6501,blokowiskach,1,-
6502,rewanż,1,ACACACB
6503,kilogram,1,ACAABAA
6504,przypadkowy,1,CAB
6505,kliniczny,1,CAB
6506,bezsporny,1,CAB
6507,fachowiec,1,AAACBA
6508,wypracowywać,1,BAAB
6509,zagubić,1,BBCA
6510,ufność,1,ADCCA
6511,taktyka,1,AAACBA
6512,meta,1,ADAAA
6513,niszczyć,1,BCCA
6514,maszyna,1,ADAAA
6515,islamizmu,1,-
6516,rozszerzyć,1,BCCA
6517,ufny,1,CAB
6518,nonszalancki,1,CBA
6519,irlandzkiej,1,-
6520,republikański,1,CBA
6521,pubie,1,-
6522,wagonik,1,ACABBA
6523,tabliczka,1,ADAB
6524,napis,1,ACAAAAA
6525,pakunek,1,ACABA
6526,siedzenie,1,AEBAA
6527,rozłożony,1,CAB
6528,cień,1,BBCA
6529,izraelskie,1,-
6530,standard,1,ACAAAAA
6531,torebka,1,ADAB
6532,koegzystować,1,BAAA
6533,zawiesić,1,BBCA
6534,padać,1,BDA
6535,skutkować,1,BAAA
6536,bezpieczniejszy,1,CAB
6537,drobiazgowy,1,CAB
6538,wyrywkowy,1,CAB
6539,lądowy,1,CAB
6540,zrzeszanie,1,AEBAA
6541,zaszokowany,1,BAAA
6542,sztywny,1,CAB
6543,dawno,1,FA
6544,trade,1,-
6545,miękkość,1,ADCCA
6546,udaremnić,1,BBCB
6547,ograniczanie,1,AEBAA
6548,przemiana,1,ADAAA
6549,perspektywa,1,ADAAA
6550,wahnięcie,1,AEBAA
6551,alert,1,ACAAAAA
6552,ur,1,-
6553,niemiecko,1,-
6554,żydowski,1,CBA
6555,bundeswehry,1,-
6556,monachium,1,-
6557,ścinać,1,BDA
6558,choinka,1,ADAB
6559,dojrzeć,1,BAD
6560,ustawiany,1,BDA
6561,nieustawiane,1,-
6562,ściąć,1,BAFCB
6563,wnieść,1,BAFCAA
6564,przesłanie,1,AEBAA
6565,grzegorza,1,-
6566,podium,1,AED
6567,zajączkowskiej,1,-
6568,hernik,1,-
6569,bogdana,1,-
6570,rymanowskiego,1,-
6571,zachęcający,1,BDA
6572,polexitu,1,-
6573,społecznościowe,1,-
6574,analizujący,1,BAAA
6575,ubiec,1,BAFAAB
6576,reprezentant,1,AAADAA
6577,analityk,1,AAACBA
6578,mentzen,1,-
6579,indywidualnie,1,FB
6580,bezkonkurencyjnie,1,FB
6581,zdominowania,1,-
6582,tiktoka,1,-
6583,pula,1,ADACBABA
6584,ekosystem,1,ACAAAAA
6585,ranking,1,-
6586,oglądany,1,BDA
6587,jaszczur,1,ABABAAA
6588,ludwiczek,1,-
6589,kontra,1,ADAAA
6590,bartosiak,1,-
6591,bosak,1,ACABBA
6592,sylwester,1,ABABAAA
6593,bąkiewicz,1,-
6594,karać,1,BAAFA
6595,wenezuelę,1,-
6596,wywieźć,1,BAFCAA
6597,olszański,1,-
6598,jaruzelska,1,-
6599,przekąsem,1,-
6600,stanowskiego,1,-
6601,przybywać,1,BDA
6602,wiec,1,ACACACB
6603,ubrany,1,BAAFA
6604,udostępniany,1,BDA
6605,patriotyzm,1,ACAAAAA
6606,normalność,1,ADCCA
6607,eurokołchozu,1,-
6608,bruksela,1,-
6609,płacz,1,ACACACB
6610,rozlany,1,BAFBD
6611,mleko,1,AEAAAA
6612,zezwalać,1,BDA
6613,rozpowszechnianie,1,AEBAA
6614,wyrządzać,1,BDA
6615,wprowadzający,1,BDA
6616,skopiowany,1,BAAA
6617,smycz,1,ADCAB
6618,gęba,1,ADAAA
6619,białoruś,1,-
6620,prawilnymi,1,-
6621,akcjaz,1,-
6622,precyzyjnie,1,FB
6623,anglojęzycznego,1,-
6624,obserwujący,1,BAAA
6625,ominięcie,1,AEBAA
6626,blokada,1,ADAAA
6627,rozkręcony,1,BBCA
6628,kontrowersyjny,1,CAB
6629,zdwojony,1,BBCA
6630,wygenerować,1,-
6631,dotarcie,1,AEBAA
6632,gawkowski,1,-
6633,wpisanie,1,AEBAA
6634,eurokołchoz,1,-
6635,wygenerowało,1,-
6636,polubienie,1,AEBAA
6637,prowokacyjny,1,CAB
6638,owsiak,1,-
6639,owsiaka,1,-
6640,lęborku,1,-
6641,kant,1,ACAAAAA
6642,bankructwo,1,AEAAAB
6643,wywłaszczenie,1,AEBAA
6644,polexitem,1,-
6645,roić,1,BBCA
6646,wygenerowanych,1,-
6647,realnie,1,FB
6648,komentujący,1,BAAA
6649,podłapać,1,BAAFA
6650,parioduje,1,-
6651,tiktokowy,1,-
6652,kiełbasa,1,ADAAA
6653,niemców,1,-
6654,wygenerowany,1,-
6655,portugalii,1,-
6656,piłkarz,1,AAABD
6657,osiedlić,1,BBCA
6658,portugalskiej,1,-
6659,zamieszkanie,1,AEBAA
6660,rodr,1,-
6661,guez,1,-
6662,najgorętszy,1,CAB
6663,butików,1,-
6664,modowych,1,-
6665,madrycie,1,-
6666,zakochany,1,BDA
6667,kobierzec,1,ACACBC
6668,quinta,1,-
6669,marinha,1,-
6670,lizbony,1,-
6671,rezydencja,1,ADACBAA
6672,posiadłość,1,ADCCA
6673,piłkarski,1,CBA
6674,portugalski,1,-
6675,fama,1,ADAAA
6676,luksusowy,1,CAB
6677,rezygnacja,1,ADACBAA
6678,działka,1,ADAB
6679,oitavos,1,-
6680,transakcja,1,ADACBAA
6681,napotykać,1,BDA
6682,zaprojektować,1,BAAA
6683,architekt,1,AAADAA
6684,vitora,1,-
6685,vitorino,1,-
6686,kurz,1,ACACACB
6687,faraon,1,AAAAAA
6688,piramida,1,ADAAA
6689,portugalskim,1,-
6690,agnieszką,1,-
6691,pilip,1,-
6692,intuicja,1,ADACBAA
6693,inkluzywność,1,-
6694,żebyśmy,1,-
6695,twórczy,1,CAA
6696,pchać,1,BDA
6697,przemek,1,-
6698,kossakowski,1,-
6699,zagadać,1,BDA
6700,odwrotnie,1,FC
6701,ekscytacja,1,ADACBAA
6702,idiots,1,-
6703,zaskoczenie,1,AEBAA
6704,uśmiechnąć się,1,-
6705,bezwzględny,1,CAB
6706,zastanawianie się,1,-
6707,zwodniczy,1,CAA
6708,wnosić,1,BBCA
6709,łucznik,1,AAACBA
6710,ukąszenie,1,AEBAA
6711,kompan,1,AAADAA
6712,konstytuować,1,BAAA
6713,współczesność,1,ADCCA
6714,powodować,1,BAAA
6715,czynić,1,BBCA
6716,inspirowany,1,BAAA
6717,przetrwanie,1,AEBAA
6718,nieunikniony,1,CAB
6719,wypowiedź,1,ADCCA
6720,niedosłownym,1,-
6721,przymierzać,1,BDA
6722,parafrazować,1,BAAA
6723,filoktetem,1,-
6724,traf,1,ACAAAAA
6725,mieścić,1,BBCA
6726,filoktecie,1,-
6727,fetyszyzować,1,BAAA
6728,fajnie,1,FB
6729,demonizować,1,BAAA
6730,ciekawić,1,BBCA
6731,kąsać,1,BDA
6732,boleśnie,1,FB
6733,założycielka,1,ADAB
6734,zarazić,1,BBCA
6735,zaobserwować,1,BAAA
6736,uwidaczniać,1,BDA
6737,humor,1,ACAAAAA
6738,warsztatowy,1,CAB
6739,przytulić,1,BBCA
6740,powitanie,1,AEBAA
6741,uściskać,1,BDA
6742,runda,1,ADAAA
6743,herbata,1,ADAAA
6744,poczuć,1,AEBAA
6745,porozumieć się,1,-
6746,koleżeński,1,CBA
6747,bezpośredniość,1,ADCCA
6748,onieśmielać,1,BDA
6749,definiować,1,BAAA
6750,wyzwalający,1,BDA
6751,treściwy,1,CAB
6752,komunikatywny,1,CAB
6753,przejrzenie,1,AEBAA
6754,taryfa,1,ADAAA
6755,ulgowy,1,CAB
6756,podpowiedzieć,1,BDC
6757,reżyserka,1,ADAB
6758,wielgus,1,-
6759,empatyczni,1,-
6760,ktokolwiek,1,EFE
6761,wyczuć,1,AEBAA
6762,dziwnie,1,FB
6763,pobłażliwość,1,ADCCA
6764,improwizować,1,BAAA
6765,improwizacja,1,ADACBAA
6766,niepoprawnie,1,FB
6767,nieprzewidywalne,1,-
6768,siadać,1,BDA
6769,nieznane,1,AEBBB
6770,niepostrzeżenie,1,FC
6771,rozwój,1,ACACACB
6772,filokteją,1,-
6773,serialowa,1,-
6774,rozmaitość,1,ADCCA
6775,dostateczny,1,CAB
6776,graniczny,1,CAB
6777,śledzenie,1,AEBAA
6778,niezauważenie,1,AEBAA
6779,niedocenienie,1,-
6780,wykrywalny,1,CAB
6781,luka,1,ADAB
6782,skandynawskie,1,-
6783,zaangażowany,1,BAAA
6784,libii,1,-
6785,goodwin,1,-
6786,nottingham,1,-
6787,znawca,1,AABCBB
6788,pojedynczy,1,CAA
6789,umknąć,1,BAEAA
6790,zapatrzony,1,CAB
6791,poohla,1,-
6792,expo,1,-
6793,karmiący,1,CAA
6794,islamofobią,1,-
6795,przeformułowanie,1,AEBAA
6796,wzięcie,1,AEBAA
6797,niewykluczone,1,-
6798,winowajca,1,AABCBB
6799,przyłączyć,1,BCCA
6800,bezgraniczny,1,CAB
6801,nieprawdopodobny,1,CAB
6802,wiarygodność,1,ADCCA
6803,przekonujący,1,CAA
6804,czasowy,1,CAB
6805,zamykanie,1,AEBAA
6806,prezydentura,1,ADAAA
6807,george,1,-
6808,busha,1,-
6809,zrażony,1,BBCA
6810,zagadka,1,ADAB
6811,stopniowy,1,CAB
6812,erozja,1,ADACBAA
6813,wysiedlenie,1,AEBAA
6814,dyskryminacja,1,ADACBAA
6815,groźniejszy,1,CAB
6816,popołudnie,1,AEBAC
6817,sielniejszy,1,-
6818,działaczka,1,ADAB
6819,korespondencyjnie,1,FB
6820,opuszczać,1,BDA
6821,reutera,1,-
6822,ole,1,-
6823,zaakceptowanie,1,AEBAA
6824,zagadnienie,1,AEBAA
6825,respektowanie,1,AEBAA
6826,nałożony,1,CAB
6827,nakazywać,1,BAAB
6828,wykład,1,ACAAAAA
6829,seminarium,1,AED
6830,ukrainę,1,-
6831,nieuzbrojona,1,-
6832,antena,1,ADAAA
6833,voice,1,-
6834,nv,1,-
6835,kreml,1,ACACBAA
6836,twierdzenie,1,AEBAA
6837,kyryły,1,-
6838,budanowa,1,-
6839,wystrzelony,1,BBCA
6840,powstrzymywać,1,BAAB
6841,rosję,1,-
6842,głowica,1,ADACABB
6843,anatolij,1,-
6844,chrapczyński,1,-
6845,kyiv,1,-
6846,okupant,1,AAADAA
6847,niszczycielski,1,CBA
6848,wyrządzić,1,BBCA
6849,federacja,1,ADACBAA
6850,wołodymyr,1,-
6851,zełenski,1,-
6852,słyszalny,1,CAB
6853,kijowa,1,-
6854,lwowa,1,-
6855,dronów,1,-
6856,obwód,1,ACAAAAA
6857,lwowski,1,-
6858,położony,1,CAB
6859,kwalifikować,1,BAAA
6860,zmasowany,1,BAAA
6861,nieuzbrojoną,1,-
6862,stwarzać,1,BDA
6863,celno,1,-
6864,zastrzelony,1,BBCA
6865,wpoprzek,1,-
6866,odjechać,1,BAAFA
6867,maska,1,ADAB
6868,funcjonariusz,1,-
6869,ruszenie,1,AEBAA
6870,parkować,1,BAAA
6871,axios,1,-
6872,donaldem,1,-
6873,trumpem,1,-
6874,samoobrona,1,ADAAA
6875,nieporządnie,1,FB
6876,brutalnie,1,FB
6877,społecznościowej,1,-
6878,truth,1,-
6879,social,1,-
6880,bzdura,1,ADAAA
6881,wypierdalać,1,-
6882,biran,1,-
6883,hara,1,-
6884,nieuzbrojonej,1,-
6885,masowo,1,FC
6886,niejednoznaczny,1,CAB
6887,aktywista,1,AABDAA
6888,propalestyńskie,1,-
6889,przekraczać,1,BDA
6890,deportowany,1,BAAA
6891,kristi,1,-
6892,wczorajszy,1,CAB
6893,józefa,1,-
6894,chełmońskiego,1,-
6895,kalendarz,1,ACACBBA
6896,pękać,1,BDA
6897,szew,1,ACAAAAA
6898,summer,1,-
6899,unsound,1,-
6900,paschalia,1,-
6901,profanum,1,-
6902,juniors,1,-
6903,mastercard,1,-
6904,camera,1,-
6905,kinobranie,1,-
6906,literacki,1,CBA
6907,miłosza,1,-
6908,conrada,1,-
6909,patchlab,1,-
6910,robbie,1,-
6911,williamsa,1,-
6912,bryana,1,-
6913,adamsa,1,-
6914,roda,1,-
6915,stewarta,1,-
6916,marcusa,1,-
6917,millera,1,-
6918,wzruszać,1,BDA
6919,zobrazować,1,BAAA
6920,prestiż,1,ACACACB
6921,mapa,1,ADAAA
6922,włodek,1,-
6923,pendereckiego,1,-
6924,duma,1,ADAAA
6925,mirosława,1,-
6926,herbowskiego,1,-
6927,mileny,1,-
6928,kędry,1,-
6929,tauron,1,-
6930,cisza,1,ADACABB
6931,ballada,1,ADAAA
6932,przylecieć,1,BBBA
6933,hard,1,-
6934,soft,1,-
6935,fanami,1,-
6936,puszczany,1,BDA
6937,serdecznie,1,FB
6938,oczarować,1,BAAA
6939,szczerość,1,ADCCA
6940,dystans,1,ACACACA
6941,józefie,1,-
6942,chełmońskim,1,-
6943,oldze,1,-
6944,portretujący,1,BAAA
6945,majestatyczny,1,CAB
6946,przedstawiający,1,BDA
6947,bocian,1,ABABAAA
6948,chełmoński,1,-
6949,kilkuletni,1,CBB
6950,badawczo,1,FC
6951,ekspozycyjny,1,CAB
6952,zwiedzać,1,BDA
6953,artystka,1,ADAB
6954,boznańska,1,-
6955,kameralnie,1,FB
6956,skan,1,-
6957,gulis,1,-
6958,potraktować,1,BAAA
6959,stworzenie,1,AEBAA
6960,pełnoprawny,1,CAB
6961,zwierzkańców,1,-
6962,mamut,1,ABABAAA
6963,dzik,1,AAADBA
6964,gołąb,1,ABAABA
6965,aligatorzycą,1,-
6966,wzruszający,1,BDA
6967,powstały,1,BAFABD
6968,bednarski,1,CBA
6969,spacerować,1,BAAA
6970,most,1,ACAAAAA
6971,podmokły,1,CAB
6972,multimedialną,1,-
6973,międzymurze,1,-
6974,zbrojownia,1,ADACBAA
6975,bunkier,1,ACAABAA
6976,świętować,1,BAAA
6977,grafiozbiór,1,-
6978,migotliwy,1,CAB
6979,konfiguracja,1,ADACBAA
6980,zapachowy,1,CAB
6981,mocak,1,-
6982,janickiego,1,-
6983,dzienny,1,CAB
6984,nocny,1,CAB
6985,kolekcja,1,ADACBAA
6986,radosława,1,-
6987,kotarskiego,1,-
6988,youtubera,1,-
6989,podcastera,1,-
6990,obiecywać,1,BAAB
6991,szczegółowo,1,FA
6992,raportować,1,BAAA
6993,użyteczny,1,CAB
6994,ozdoba,1,ADAAA
6995,pozłacany,1,BDA
6996,bransoleta,1,ADAAA
6997,cyrkoniami,1,-
6998,traktowany,1,BAAA
6999,współgrający,1,BDA
7000,garsonka,1,ADAB
7001,rzucający,1,BDA
7002,dobrać,1,BAAFA
7003,proporcjonalnie,1,FB
7004,żakiet,1,ACAAAAA
7005,okrągły,1,CAB
7006,owalny,1,CAB
7007,ośmiokątny,1,CAB
7008,stonowany,1,BAAA
7009,ecru,1,-
7010,srebrno,1,FA
7011,granatowy,1,CAB
7012,grafitowy,1,CAB
7013,blanty,1,-
7014,diabeł,1,AAADAB
7015,żegnać,1,BDA
7016,concept,1,-
7017,dekoracja,1,ADACBAA
7018,pobić,1,AEBAA
7019,chorzowie,1,-
7020,małomiasteczkowy,1,CAB
7021,podwójnie,1,FC
7022,przekroczyć,1,BCCA
7023,ekwiwalent,1,ACAAAAA
7024,streamingu,1,-
7025,nagrodzony,1,BBCA
7026,egzemplarz,1,ACACBBA
7027,urodzony,1,BBCA
7028,trzydziesty,1,CAB
7029,gitarowy,1,CAB
7030,curly,1,-
7031,heads,1,-
7032,bartosza,1,-
7033,dziedzic,1,AAABAB
7034,jakubem,1,-
7035,galińskim,1,-
7036,współpracujący,1,BAAA
7037,odliczać,1,BDA
7038,czterdziesty,1,CAB
7039,odmłodzić,1,BBCA
7040,wyszaleć się,1,-
7041,nawiązujący,1,CAA
7042,electropopu,1,-
7043,dance,1,-
7044,opatrywać,1,BAAB
7045,autøyaronicznymi,1,-
7046,posmak,1,ACABA
7047,początkowy,1,CAB
7048,zachęta,1,ADAAA
7049,świrować,1,BAAA
7050,wirować,1,BAAA
7051,skandowany,1,BAAA
7052,modnie,1,FB
7053,wrs,1,-
7054,falsetowy,1,CAB
7055,everybody,1,-
7056,backstreet,1,-
7057,boys,1,-
7058,wywijać,1,BDA
7059,syntezatorowymi,1,-
7060,akord,1,ACAAAAA
7061,klawiszowy,1,CAB
7062,zagrywka,1,ADAB
7063,tazosach,1,-
7064,gadżety,1,-
7065,wzdychać,1,BDA
7066,prościej,1,FC
7067,ukochana,1,ADACCBA
7068,śmiech,1,ACAAAB
7069,rwać,1,BAAFB
7070,smsowej,1,-
7071,zaczepka,1,ADAB
7072,portretować,1,BAAA
7073,narastający,1,BDA
7074,radykalizm,1,ACAAAAA
7075,kadr,1,ACAAAAA
7076,hipokryta,1,AABDAA
7077,pottery,1,-
7078,pluć,1,AEBAA
7079,rzekomo,1,FC
7080,pościć,1,BBCA
7081,pstrąg,1,ABAC
7082,barabara,1,-
7083,wskrzeszać,1,BDA
7084,nowocześniejszy,1,CAB
7085,wyraźny,1,CAB
7086,zwrot,1,ACAAAAA
7087,jednogłośnie,1,FB
7088,oś,1,ADCAAA
7089,reddit,1,-
7090,wyróżnienie,1,AEBAA
7091,zerwanie,1,AEBAA
7092,wszechobecnym,1,-
7093,nastrojowy,1,CAB
7094,ikona,1,ADAAA
7095,tasiemka,1,ADAB
7096,bogato,1,FA
7097,zdobiony,1,BBCA
7098,satynowy,1,CAB
7099,halkowe,1,-
7100,slip,1,-
7101,dress,1,-
7102,crop,1,-
7103,wyraźnie,1,FB
7104,brokat,1,ACAAAAA
7105,glam,1,-
7106,wypierać,1,BDA
7107,quiet,1,-
7108,luxury,1,-
7109,subtelność,1,ADCCA
7110,wyrazistość,1,ADCCA
7111,dominujący,1,BAAA
7112,chłodny,1,CAB
7113,błękit,1,ACAAAAA
7114,blue,1,-
7115,makijaż,1,ACACAB
7116,wnętrze,1,AEBAA
7117,vibe,1,-
7118,młodzieńczy,1,CAA
7119,marzycielski,1,CBA
7120,glamoratti,1,-
7121,koronka,1,ADAB
7122,reinterpretacją,1,-
7123,bogatszy,1,CAB
7124,akcesorium,1,AED
7125,broszka,1,ADAB
7126,zoomersi,1,-
7127,zachwycić,1,BBCA
7128,aesthetic,1,-
7129,dyktować,1,BAAA
7130,odświeżony,1,CAB
7131,podarty,1,CAB
7132,kabaretki,1,-
7133,łączony,1,CAB
7134,designerskimi,1,-
7135,unisex,1,-
7136,autowyrazu,1,-
7137,wzmocniony,1,BBCB
7138,niepokoić,1,BBCA
7139,ukojenie,1,AEBAA
7140,eskapizm,1,ACAAAAA
7141,prostszy,1,CAB
7142,buntować,1,BAAA
7143,sterylny,1,CAB
7144,wyciszony,1,CAB
7145,pozbawiony,1,BBCA
7146,kolorowy,1,CAB
7147,portfolio,1,-
7148,elektronika,1,AAACBA
7149,wyróżniać,1,BDA
7150,tło,1,AEAAAB
7151,konkurencja,1,ADACBAA
7152,gen,1,ACAAAAA
7153,skrywać,1,BDA
7154,frustrować,1,BAAA
7155,rozgrywka,1,ADAB
7156,ogarnąć,1,BAEAA
7157,przetworzyć,1,BCCA
7158,nudny,1,CAB
7159,słownictwo,1,AEAAAB
7160,żargon,1,ACAAAAA
7161,niespotykanym,1,-
7162,asystent,1,AAADAA
7163,głosowy,1,CAB
7164,kraken,1,-
7165,pro,1,-
7166,rozwikłać,1,BDA
7167,żartobliwy,1,CAB
7168,obrażający,1,BDA
7169,wyrażenie,1,AEBAA
7170,zasilać,1,BDA
7171,gamer,1,-
7172,copilot,1,-
7173,unikalny,1,CAB
7174,przetwarzanie,1,AEBAA
7175,nlp,1,-
7176,przycisnąć,1,BAEAA
7177,przycisk,1,ACABA
7178,wyszukiwanie,1,AEBAA
7179,google,1,-
7180,wgląd,1,ACAAAAA
7181,niecodzienny,1,CAB
7182,bełkot,1,ACAAAAA
7183,multiplayer,1,-
7184,twoi,1,AFFC
7185,wiekowy,1,CAB
7186,diablo,1,FC
7187,innowacja,1,ADACBAA
7188,ce,1,-
7189,składanie,1,AEBAA
7190,ocalały,1,BDA
7191,zwalczać,1,BDA
7192,zaradczy,1,CAA
7193,umocnienie,1,AEBAA
7194,haralda,1,-
7195,najkrwawszy,1,-
7196,ocalony,1,BBCA
7197,eide,1,-
7198,hoem,1,-
7199,ub,1,-
7200,wybitny,1,CAB
7201,zaapelować,1,BAAA
7202,uniewinniać,1,BDA
7203,relatywnie,1,FB
7204,okropny,1,CAB
7205,opiekować się,1,-
7206,papuga,1,ADAB
7207,pts,1,-
7208,łamana,1,ADACCBA
7209,tolerancyjny,1,CAB
7210,komentator,1,AAACAAAB
7211,wadim,1,-
7212,wielkonakładowym,1,-
7213,moskiewskim,1,-
7214,komsomolec,1,AAACBA
7215,przybysz,1,AAABAB
7216,zbuntować,1,BAAA
7217,sytość,1,ADCCA
7218,dowieść,1,BAFCAA
7219,materialny,1,CAB
7220,zwariować,1,BAAA
7221,wyrżnąć,1,BAEAA
7222,obowiązujący,1,CAA
7223,mięczak,1,AAADBA
7224,tchórz,1,AAABD
7225,obrzucić,1,BBCA
7226,czeczenii,1,-
7227,chłopczyk,1,AAADBA
7228,cagarajewa,1,-
7229,zbój,1,AAABAB
7230,pułk,1,ACABA
7231,moralny,1,CAB
7232,wyższość,1,ADCCA
7233,niezarażonych,1,-
7234,rosjan,1,-
7235,zniewieściały,1,CAB
7236,zamieniony,1,BBCA
7237,moskiewski,1,-
7238,ideał,1,AAACAAAB
7239,autorytet,1,ACAAAAA
7240,przestudiować,1,BAAA
7241,stronicowy,1,-
7242,rosja,1,-
7243,nabycie,1,AEBAA
7244,biologiczny,1,CAB
7245,kulturalno,1,-
7246,stworzony,1,CAB
7247,proputinowska,1,-
7248,ustroić,1,BBCA
7249,putinowskiej,1,-
7250,nieudolny,1,CAB
7251,zastąpiony,1,BBCA
7252,sprawiedliwy,1,CAB
7253,godny,1,CAB
7254,potencjalnie,1,FB
7255,kondolencyjny,1,CAB
7256,dmitrij,1,-
7257,miedwiediew,1,-
7258,savanny,1,-
7259,zamordowana,1,ADACCBA
7260,zastępczyni,1,ADBB
7261,szeryf,1,AAAAAA
7262,telefonować,1,BAAA
7263,alarmowy,1,CAB
7264,james,1,-
7265,jackson,1,-
7266,podpalić,1,BBCA
7267,dopuszczanie,1,AEBAA
7268,stalkingu,1,-
7269,przewrócić,1,BBCA
7270,prześladować,1,BAAA
7271,kontaktowanie,1,AEBAA
7272,savannę,1,-
7273,udusić,1,BBCA
7274,recydywista,1,AABDAA
7275,rządzony,1,BBCA
7276,uchwalić,1,BBCA
7277,przemocowców,1,-
7278,tama,1,ADAAA
7279,feminotece,1,-
7280,feminoteki,1,-
7281,novum,1,AEE
7282,gwałt,1,ACAAAAA
7283,molestowanie,1,AEBAA
7284,recydywa,1,ADAAA
7285,opisujący,1,CAA
7286,guardian,1,-
7287,najnowszej,1,-
7288,śmielej,1,FC
7289,popową,1,-
7290,powstawać,1,BAAE
7291,kuby,1,-
7292,galińskiego,1,-
7293,rozwaga,1,ADAB
7294,stylistyczny,1,CAB
7295,otwierający,1,BDA
7296,pierwotnie,1,FC
7297,powtarzany,1,BDA
7298,kilkukrotnie,1,-
7299,syntezatory,1,-
7300,pobrzmiewający,1,BDA
7301,parę,1,ADAAA
7302,dyskotekowa,1,-
7303,wątpić,1,BBCA
7304,nośnie,1,-
7305,tazosy,1,-
7306,nawiązanie,1,AEBAA
7307,kolekcjonowany,1,BAAA
7308,dodawany,1,BAAE
7309,chipsów,1,-
7310,maniera,1,ADAAA
7311,zwrotka,1,ADAB
7312,fisza,1,-
7313,zaśpiewany,1,BDA
7314,falset,1,ACAAAAA
7315,wypadać,1,BDA
7316,traktujący,1,BAAA
7317,wyczekiwanie,1,AEBAA
7318,pewniak,1,AAADBA
7319,remiksu,1,-
7320,spory,1,ADAAA
7321,zadatek,1,ACABA
7322,zanurzony,1,CAB
7323,zgrabnie,1,FB
7324,śnić,1,BBCB
7325,gościnnie,1,FB
7326,shows,1,-
7327,syntezatorowy,1,-
7328,blant,1,-
7329,liryczny,1,CAB
7330,używka,1,ADAB
7331,biegun,1,ACAABAA
7332,daftpunkowy,1,-
7333,wydźwięk,1,ACABA
7334,stylistycznie,1,FB
7335,rytmika,1,ADAB
7336,udany,1,BDC
7337,mori,1,-
7338,ponury,1,CAA
7339,przejmujący,1,BAAA
7340,wsłuchać się,1,-
7341,millenium,1,-
7342,zasadzać,1,BDA
7343,podnieść,1,BAFCAA
7344,coldplayowa,1,-
7345,miłosna,1,ADACCBA
7346,najsilniejszy,1,CAB
7347,ajewniaku,1,-
7348,nosowska,1,-
7349,okołogitarowa,1,-
7350,łagodny,1,CAB
7351,płynący,1,CAA
7352,naznaczony,1,CAB
7353,tematyka,1,ADAB
7354,ulotny,1,CAB
7355,niepewien,1,CCBBA
7356,beatlesowska,1,-
7357,końcówka,1,ADAB
7358,wariacki,1,CBA
7359,przaśny,1,CAB
7360,trąba,1,ADAAA
7361,smyk,1,AAADBA
7362,obstawiać,1,BDA
7363,pewnik,1,ACABBA
7364,bis,1,ACAAAAA
7365,pop,1,AAADAA
7366,syntezatorowa,1,-
7367,ładnie,1,FB
7368,domówkach,1,-
7369,stadionowych,1,-
7370,korzystny,1,CAB
7371,andersowi,1,-
7372,zaskarżyć,1,BCCA
7373,startujący,1,BAAA
7374,załamany,1,BAAFA
7375,zjadać,1,BDA
7376,kajzerka,1,ADAB
7377,przekąska,1,ADAB
7378,spożywanie,1,AEBAA
7379,pełnoziarnistych,1,-
7380,błonnik,1,ACABBA
7381,razowy,1,CAB
7382,przemiał,1,ACAAAAA
7383,dostarczać,1,BDA
7384,witamina,1,ADAAA
7385,grypa,1,ADAAA
7386,cynk,1,ACABA
7387,magnez,1,ACAAAAA
7388,owsiany,1,CAB
7389,górski,1,CBA
7390,pełnoziarniste,1,-
7391,wspomagać,1,BDA
7392,perystaltyka,1,ADAB
7393,jelito,1,AEAAAB
7394,niewiedza,1,ADACABB
7395,małopolskich,1,-
7396,negatywnie,1,FB
7397,wpływający,1,BDA
7398,higieniczny,1,CAB
7399,mycie,1,AEBAA
7400,odzież,1,ADCAB
7401,bielizna,1,ADAAA
7402,żywienie,1,AEBAA
7403,etykieta,1,ADAAA
7404,odżywczy,1,CAA
7405,alergen,1,ACAAAAA
7406,zbilansować,1,BAAA
7407,nadwaga,1,ADAB
7408,insulinooporność,1,-
7409,uzależnienie,1,AEBAA
7410,rozpoznawać,1,BAAE
7411,chorobowe,1,AEBBB
7412,skórny,1,CAB
7413,brzuch,1,ACAABB
7414,stolec,1,ACACBC
7415,zakaźny,1,CAB
7416,szczepienie,1,AEBAA
7417,zinterpretować,1,BAAA
7418,parametr,1,ACAAAAA
7419,bmi,1,-
7420,ciśnienie,1,AEBAA
7421,tętno,1,AEAAAB
7422,glukoza,1,ADAAA
7423,piszący,1,BAAFA
7424,przewodniczący,1,AAEB
7425,przyrodniczy,1,CAA
7426,konkursowy,1,CAB
7427,zaznaczanie,1,AEBAA
7428,wyręczać,1,BDA
7429,przekazywanie,1,AEBAA
7430,rozsypany,1,BAAFA
7431,fiasko,1,AEAAAA
7432,ustąpić,1,BBCA
7433,antyrodzinną,1,-
7434,permisywną,1,-
7435,systemowy,1,CAB
7436,deprawacja,1,ADACBAA
7437,abyście,1,-
7438,wyznaczanie,1,AEBAA
7439,władysław,1,-
7440,kosiniak,1,-
7441,kamysz,1,-
7442,barbara,1,-
7443,nowacka,1,-
7444,mon,1,-
7445,wiceministry,1,-
7446,lubnauer,1,-
7447,karola,1,-
7448,nawrockiego,1,-
7449,publicznie,1,FB
7450,przemycać,1,BDA
7451,rozwiewać,1,BDA
7452,narosłe,1,-
7453,archiwalny,1,CAB
7454,kazanie,1,AEBAA
7455,arcybiskup,1,AAADAA
7456,jędraszewskiego,1,-
7457,dialog,1,ACABA
7458,zadecydować,1,BAAA
7459,promować,1,BAAA
7460,wojewódzki,1,CBA
7461,wyczekiwać,1,BAAC
7462,niezwykły,1,CAB
7463,odkrycie,1,AEBAA
7464,wiktora,1,-
7465,sceniczny,1,CAB
7466,rozdział,1,ACAAAAA
7467,wyruszać,1,BDA
7468,konfrontować,1,BAAA
7469,gotycki,1,CBA
7470,człowieczeństwo,1,AEAAAB
7471,pierwotny,1,CAB
7472,mara,1,ADAAA
7473,wollstonecraft,1,-
7474,przybliżenie,1,AEBAA
7475,oryginalny,1,CAB
7476,groza,1,ADAAA
7477,widowisko,1,AEAAAA
7478,przyboś,1,-
7479,wiktorze,1,-
7480,mętlik,1,ACABA
7481,popkulturowe,1,-
7482,mrok,1,ACABA
7483,przeplatać,1,BDA
7484,tematycznie,1,FB
7485,charakterystyczny,1,CAB
7486,taniec,1,ACACBC
7487,akrobatyka,1,ADAB
7488,przesłaniać,1,BDA
7489,bogactwo,1,AEAAAB
7490,nadawać,1,BAAE
7491,głębia,1,ADACBAA
7492,rozbudowany,1,BAAA
7493,choreograficznie,1,FB
7494,przerzucać,1,BDA
7495,ciężkość,1,ADCCA
7496,burleskowy,1,CAB
7497,groteskowy,1,CAB
7498,mnożyć,1,BCCA
7499,baerum,1,-
7500,muszla,1,ADACBAA
7501,klozetowy,1,CAB
7502,dagens,1,-
7503,naeringsliv,1,-
7504,japończyk,1,-
7505,pojąć,1,BAFCB
7506,europejczyk,1,-
7507,japonię,1,-
7508,koreę,1,-
7509,tajwan,1,-
7510,jednonarodowe,1,-
7511,odrzucający,1,BDA
7512,sojusz,1,ACACACB
7513,złudzenie,1,AEBAA
7514,dwójka,1,ADAB
7515,mecenas,1,AAADAA
7516,ujawniany,1,BDA
7517,rewelacja,1,ADACBAA
7518,abdykacja,1,ADACBAA
7519,udzielony,1,BBCA
7520,dwojaki,1,ACABBA
7521,nierealistyczny,1,CAB
7522,świadczący,1,CAA
7523,oświadczyć,1,BCCA
7524,wywiadowczy,1,CAA
7525,priorytetowy,1,CAB
7526,zamieszany,1,BDA
7527,brytyjski,1,-
7528,tuz,1,AAACAAAB
7529,brytyjskie,1,-
7530,skrzywiony,1,BBCA
7531,podjechać,1,BAAFA
7532,bagaż,1,ACACAB
7533,saper,1,AAACAAAB
7534,pożarna,1,-
7535,patrolować,1,BAAA
7536,samoczyszczące,1,-
7537,filtr,1,ACAAAAA
7538,neutralizować,1,BAAA
7539,przykry,1,CAA
7540,zaleta,1,ADAAA
7541,pojawienie się,1,-
7542,zatroszczyć się,1,-
7543,wyprawka,1,ADAB
7544,ułatwiać,1,BDA
7545,pupil,1,AAABAB
7546,dostosować,1,BAAA
7547,narożny,1,CAB
7548,najtańszy,1,CAB
7549,zwierzęcy,1,CAA
7550,zoologiczny,1,CAB
7551,rozprzestrzeniać,1,BDA
7552,wysypywać,1,BAAB
7553,zalegać,1,BDA
7554,mat,1,AAADAA
7555,ścianka,1,ADAB
7556,boczny,1,CAB
7557,zadaszenie,1,-
7558,prostokąt,1,ACAABAA
7559,odgradzać,1,BDA
7560,zamykający,1,BDA
7561,mur,1,ACAAAAA
7562,dołączać,1,BDA
7563,pojmanie,1,-
7564,niespodziewanie,1,AEBAA
7565,caracas,1,-
7566,dyktator,1,AAACAAAB
7567,ekspresowy,1,CAB
7568,przetransportować,1,BAAA
7569,nowojorskim,1,-
7570,trzask,1,ACABA
7571,zamykany,1,BDA
7572,oczekujący,1,BAAC
7573,przeniesienie,1,AEBAA
7574,krótszy,1,CAB
7575,sean,1,-
7576,diddy,1,-
7577,raper,1,-
7578,uniewinnić,1,BBCB
7579,przemyt,1,ACAAAAA
7580,prostytutka,1,ADAB
7581,spędzony,1,BBCA
7582,symboliczny,1,CAB
7583,brytyjka,1,-
7584,ghislaine,1,-
7585,maxwell,1,-
7586,otoczenie,1,AEBAA
7587,przestępca,1,AABCBB
7588,jeffreya,1,-
7589,wykorzystywanie,1,AEBAA
7590,przeniesiony,1,CAB
7591,meksykański,1,-
7592,kartel,1,ACACAA
7593,sinaloa,1,-
7594,plus,1,ACAAAAA
7595,narkotykowego,1,-
7596,pogrążony,1,CAB
7597,wyciszyć,1,BCCA
7598,upamiętnienie,1,AEBAA
7599,zagospodarowanie,1,AEBAA
7600,milioner,1,AAACAAAB
7601,stordalen,1,-
7602,późno,1,FA
7603,zignorować,1,BAAA
7604,zwierać,1,BDA
7605,spisać,1,BAAFA
7606,fantastycznie,1,FB
7607,storberget,1,-
7608,kontrastować,1,BAAA
7609,aftenposten,1,-
7610,christiana,1,-
7611,hatlo,1,-
7612,przewidujący,1,CAA
7613,dostępność,1,ADCCA
7614,onz,1,-
7615,leiv,1,-
7616,k,1,-
7617,kupujący,1,BAAA
7618,podejrzewać,1,BDA
7619,kilkakrotnie,1,FC
7620,prezydencji,1,-
7621,usprawnić,1,BBCB
7622,europolu,1,-
7623,dokładny,1,CAB
7624,keten,1,ACAAAAA
7625,azotyn,1,ACAAAAA
7626,sód,1,ADAAA
7627,nadużywany,1,BDA
7628,psychopata,1,AABDAA
7629,policzek,1,ACABBA
7630,antyislamskiego,1,-
7631,hitlera,1,-
7632,aldous,1,-
7633,huxley,1,-
7634,przeniknąć,1,BAEAA
7635,przeszywać,1,BDA
7636,przeszyć,1,AEBAA
7637,dotkliwiej,1,FC
7638,ciarka,1,ADAB
7639,hitler,1,-
7640,stalin,1,-
7641,mao,1,-
7642,koncentracyjny,1,CAB
7643,komora,1,ADAAA
7644,wywózka,1,ADAB
7645,reedukacja,1,ADACBAA
7646,angielszczyzna,1,ADAAA
7647,filozoficzny,1,CAB
7648,przewodnik,1,AAACBA
7649,instrukcja,1,ADACBAA
7650,hitlerem,1,-
7651,hrerem,1,-
7652,kuriozum,1,AED
7653,ideologicznie,1,FB
7654,katechizm,1,ACAAAAA
7655,współobywatelach,1,-
7656,totalitaryzm,1,ACAAAAA
7657,technicznie,1,FB
7658,niewykonalny,1,CAB
7659,dysk,1,ACABA
7660,zakazany,1,BAAFA
7661,memento,1,AEE
7662,obnażać,1,BDA
7663,recepta,1,ADAAA
7664,odcinać,1,BDA
7665,sądowa,1,-
7666,obrażanie,1,AEBAA
7667,populistów,1,-
7668,jimmie,1,-
7669,akesson,1,-
7670,burek,1,ABAC
7671,zasiłek,1,ACABA
7672,dystansować,1,BAAA
7673,emeryt,1,AAADAA
7674,narodowiec,1,AAACBA
7675,zakwefionymi,1,-
7676,darmozjad,1,AAACAAAB
7677,węgierski,1,CBA
7678,jobbiku,1,-
7679,cygański,1,CBA
7680,węgrzech,1,-
7681,umysł,1,ACAAAAA
7682,wybiegać,1,BDA
7683,dyskurs,1,ACAAAAA
7684,antymuzułmański,1,-
7685,antyimigrancki,1,-
7686,blef,1,ACAAAAA
7687,grafoman,1,AAADAA
7688,columbine,1,-
7689,naśladowany,1,BAAA
7690,rozbroić,1,BBCA
7691,skazanie,1,AEBAA
7692,wyznający,1,BDA
7693,próbujący,1,BAAA
7694,metodycznie,1,FB
7695,sympatyzujący,1,BAAA
7696,pochowany,1,BDA
7697,raniony,1,BBCA
7698,dobity,1,BAFB
7699,poszukiwanie,1,AEBAA
7700,pochować,1,BDA
7701,kryjówka,1,ADAB
7702,antyterrorystyczna,1,-
7703,niezdetonowane,1,-
7704,usłyszenie,1,AEBAA
7705,trzydziestokilkuletni,1,-
7706,wart,1,CCBBA
7707,robienie,1,AEBAA
7708,zablokowany,1,BAAA
7709,myślistwo,1,AEAAAB
7710,masoneria,1,ADACBAA
7711,mieszanie,1,AEBAA
7712,nieoficjalny,1,CAB
7713,londyńskie,1,-
7714,metro,1,AEAAAB
7715,kompleks,1,ACAAAAA
7716,front,1,ACAAAAA
7717,zasypać,1,BAAFA
7718,niepełny,1,CAB
7719,pogotowie,1,AEBAC
7720,przechodni,1,CBB
7721,pokaleczony,1,CAB
7722,paczka,1,ADAB
7723,zalecić,1,BBCA
7724,patrol,1,ACACAA
7725,de,1,-
7726,facto,1,-
7727,pusty,1,CAB
7728,przeciążony,1,CAB
7729,udostępnienie,1,AEBAA
7730,bezprzewodowy,1,CAB
7731,ucierpieć,1,BBBA
7732,biorący,1,CAA
7733,totalny,1,CAB
7734,chaos,1,ACAAAAA
7735,dopłynąć,1,BAEAB
7736,antyterrorystycznej,1,-
7737,lecieć,1,BBBA
7738,narazić,1,BBCA
7739,zwołać,1,BDA
7740,kryzysowy,1,CAB
7741,posiedzenie,1,AEBAA
7742,snucie,1,AEBAA
7743,przypuszczenie,1,AEBAA
7744,celownik,1,ACABBA
7745,afganistanu,1,-
7746,libię,1,-
7747,przeczyć,1,BCCA
7748,rzecznik,1,AAACBA
7749,koordynator,1,AAACAAAB
7750,dobrzyński,1,-
7751,lubelskiego,1,-
7752,mateusza,1,-
7753,przekazany,1,BAAFA
7754,pozyskiwać,1,BAAC
7755,konstruowanie,1,AEBAA
7756,zastraszenie,1,AEBAA
7757,wstąpienie,1,AEBAA
7758,przeszukanie,1,AEBAA
7759,zabezpieczyć,1,BCCA
7760,nośnik,1,ACABBA
7761,tymczasowo,1,FC
7762,małe,1,ADACCBA
7763,ustawiony,1,BBCA
7764,zabezpieczać,1,BDA
7765,dorożka,1,ADAB
7766,plenerowy,1,CAB
7767,zębu,1,-
7768,stoch,1,-
7769,najwybitniejszy,1,CAB
7770,chluba,1,ADAAA
7771,legendarny,1,CAB
7772,giewontem,1,-
7773,soczi,1,-
7774,pjongczang,1,-
7775,drużynowa,1,ADACCBA
7776,kryształowy,1,CAB
7777,planica,1,-
7778,profesjonalista,1,AABDAA
7779,fach,1,ACAAAB
7780,życzliwy,1,CAB
7781,zawdzięczać,1,BDA
7782,stochu,1,-
7783,tatrami,1,-
7784,tatrzańskiego,1,-
7785,generacja,1,ADACBAA
7786,trener,1,AAACAAAB
7787,fenomenalny,1,CAB
7788,narciarstwo,1,AEAAAB
7789,sprowadzać,1,BDA
7790,całokształt,1,ACAAAAA
7791,skromność,1,ADCCA
7792,cecha,1,ADAAA
7793,uratowany,1,BAAA
7794,grochowskiej,1,-
7795,papierowy,1,CAB
7796,łapanie,1,AEBAA
7797,kozioł,1,ABABAAA
7798,zapłakać,1,BAAFA
7799,czysto,1,FA
7800,pisany,1,BAAFA
7801,jakubowskie,1,-
7802,białostocczyźnie,1,-
7803,niezapłacenie,1,-
7804,świerzb,1,ACAAAAA
7805,kraść,1,BAFAAAA
7806,guru,1,AAI
7807,dwuletni,1,CBB
7808,radkiem,1,-
7809,błogosławić,1,BBCA
7810,kapliczka,1,ADAB
7811,inkrustowany,1,BAAA
7812,szkiełko,1,AEAAAA
7813,właścicielka,1,ADAB
7814,wieść,1,BBCA
7815,firanka,1,ADAB
7816,obora,1,ADAAA
7817,nakarmić,1,BBCA
7818,inwentarz,1,ACACBBA
7819,studnia,1,ADACBAA
7820,mętny,1,CAB
7821,napomknąć,1,BAEAA
7822,siennik,1,ACABBA
7823,rozchylić,1,BBCA
7824,zanieść,1,BAFCAA
7825,płot,1,ACAAAAA
7826,uprzejmie,1,FB
7827,podziękować,1,BAAA
7828,uszyć,1,AEBAA
7829,przeciętny,1,CAB
7830,dzielnicowy,1,AAEC
7831,zdolny,1,CAB
7832,kosmos,1,ACAAAAA
7833,ogólniak,1,ACABBA
7834,małgosię,1,-
7835,cera,1,ADAAA
7836,lalka,1,ADAB
7837,wpadać,1,BDA
7838,okręcać,1,BDA
7839,pulchny,1,CAB
7840,pizzę,1,-
7841,kochana,1,ADACCBA
7842,żartować,1,BAAA
7843,dyplom,1,ACAAAAA
7844,niepotrzebny,1,CAB
7845,magisterium,1,AED
7846,marynarka,1,ADAB
7847,kobiecy,1,CAA
7848,lok,1,ACABBA
7849,przerzucony,1,BBCA
7850,druhna,1,ADAAA
7851,zawodówka,1,ADAB
7852,porcelana,1,ADAAA
7853,henryka,1,-
7854,dyskoteka,1,ADAB
7855,pobrać,1,BAAFA
7856,obrazek,1,ACABBA
7857,pracownik,1,AAACBA
7858,płażyńskiego,1,-
7859,gdańsk,1,-
7860,intelektualny,1,CAB
7861,sajnóg,1,-
7862,kacprem,1,-
7863,płażyńskim,1,-
7864,spojrzenie,1,AEBAA
7865,altana,1,ADAAA
7866,mechanik,1,AAACBA
7867,poród,1,ACAAAAA
7868,wygrzewać,1,BDA
7869,rumuni,1,-
7870,armeńcy,1,-
7871,mącić,1,BBCA
7872,wyganiać,1,BDA
7873,komorne,1,AEBBB
7874,babcin,1,CCBBA
7875,obejście,1,AEBAA
7876,uporządkować,1,BAAA
7877,ubikacja,1,ADACBAA
7878,obudować,1,BAAA
7879,wysypisko,1,AEAAAA
7880,wykopać,1,BAAFA
7881,dołek,1,ACABBA
7882,fajerka,1,ADAB
7883,naliczyć,1,BCCA
7884,dziewięcioro,1,DDB
7885,pomyśleć,1,BBBA
7886,woreczek,1,ACABBA
7887,aura,1,ADAAA
7888,małgosią,1,-
7889,uzdrowiciela,1,-
7890,prać,1,BAAFA
7891,mózg,1,ACABA
7892,lubartowem,1,-
7893,synowa,1,ADACCAA
7894,obracać,1,BDA
7895,pierzchający,1,BDA
7896,sionka,1,ADAB
7897,gumowiec,1,ACACBC
7898,błyskać,1,BDA
7899,goły,1,CAB
7900,zdziwiony,1,BBCA
7901,fachowy,1,CAB
7902,sekretarka,1,ADAB
7903,warga,1,ADAB
7904,blond,1,CD
7905,chudy,1,CAB
7906,pędzelek,1,ACABBA
7907,mianować,1,BAAA
7908,wyprany,1,BAAFA
7909,kobiecość,1,ADCCA
7910,wolniutko,1,FC
7911,sień,1,ADCAAA
7912,opał,1,ACAAAAA
7913,izba,1,ADAAA
7914,chłopski,1,CBA
7915,ława,1,ADAAA
7916,wiklinowy,1,CAB
7917,koszyk,1,ACABBA
7918,kredka,1,ADAB
7919,klocek,1,ACABBA
7920,róg,1,ACABA
7921,posłanie,1,AEBAA
7922,foliowy,1,CAB
7923,wypchać,1,BDA
7924,siano,1,BAFBD
7925,śpiwór,1,ACAABAA
7926,koc,1,ACACBC
7927,posłać,1,BAAFA
7928,zwinięty,1,BAEAB
7929,tapeta,1,ADAAA
7930,wieszak,1,ACABBA
7931,korzenić się,1,-
7932,szmatka,1,ADAB
7933,tenisówka,1,ADAB
7934,przymocowany,1,BAAA
7935,gumka,1,ADAB
7936,skórzany,1,CAB
7937,rodzący,1,CAA
7938,krąg,1,ACABA
7939,jadać,1,BDA
7940,popijać,1,BDA
7941,apostolski,1,CBA
7942,spuchnąć,1,BAEB
7943,kredens,1,ACAAAAA
7944,masować,1,BAAA
7945,olejek,1,ACABA
7946,przesłuchać,1,BDA
7947,dawniej,1,FC
7948,kacmajorem,1,-
7949,pościągać,1,BDA
7950,bohomaz,1,ACAAAAA
7951,półsłówko,1,AEAAAA
7952,krzyżówka,1,ADAB
7953,wyłączać,1,BDA
7954,telewizor,1,ACAABAA
7955,zdenerwować,1,BAAA
7956,dezodorant,1,ACAAAAA
7957,basen,1,ACAAAAA
7958,wycieczka,1,ADAB
7959,czech,1,-
7960,luizie,1,-
7961,zabawka,1,ADAB
7962,śmierdzieć,1,BBBA
7963,wersalka,1,ADAB
7964,opłatek,1,ACABBA
7965,ciąża,1,ADACABB
7966,wyrodny,1,CAB
7967,wyplucie,1,AEBAA
7968,bałagan,1,ACAAAAA
7969,święty,1,AAEC
7970,nawiedzić,1,BBCA
7971,niepozorny,1,CAB
7972,otwarło,1,-
7973,samochodowy,1,CAB
7974,tynkować,1,BAAA
7975,sklepowa,1,ADACCBA
7976,marchew,1,ADCAAA
7977,proszek,1,ACABA
7978,urzędniczka,1,ADAB
7979,wylegitymować,1,BAAA
7980,świeżutki,1,CBA
7981,komendant,1,AAADAA
7982,wołkowycki,1,-
7983,wójt,1,AAAAAA
7984,juliana,1,-
7985,baran,1,ABABAAA
7986,lut,1,ACAAAAA
7987,werbunek,1,ACABA
7988,przynęta,1,ADAAA
7989,lazurowy,1,CAB
7990,najdroższa,1,ADACCBA
7991,wyjazd,1,ACAAAAA
7992,krzyknąć,1,BAEAA
7993,listonosz,1,AAABD
7994,żebyś,1,-
7995,pognać,1,BDA
7996,maluch,1,AAACBB
7997,wstawać,1,BAAE
7998,ciuch,1,ACAABB
7999,terlikowskiemu,1,-
8000,terlikowski,1,-
8001,osiłek,1,AAADBA
8002,pomieścić,1,BBCA
8003,polonez,1,ABABAAA
8004,wódka,1,ADAB
8005,zbroić,1,BBCA
8006,drzazga,1,ADAB
8007,ukryć,1,AEBAA
8008,strych,1,ACAAAB
8009,osłona,1,ADAAA
8010,jadwiga,1,-
8011,jabłuszewska,1,-
8012,teść,1,AAAAB
8013,roztrzaskać,1,BDA
8014,usiąść,1,BAFCAA
8015,kolonia,1,ADACBAA
8016,zawisły,1,CAB
8017,heniek,1,-
8018,przywieźć,1,BAFCAA
8019,bosy,1,CAB
8020,ode,1,-
8021,balkon,1,ACAAAAA
8022,heńka,1,-
8023,pierś,1,ADCCA
8024,targ,1,ACABA
8025,odstępować,1,BAAA
8026,kawiarnia,1,ADACBAA
8027,mamusia,1,ADACBBB
8028,uśpić,1,BBCB
8029,czujność,1,ADCCA
8030,chrystusa,1,-
8031,prześwietlanie,1,AEBAA
8032,połykać,1,BDA
8033,ohydny,1,CAB
8034,nałożyć,1,BCCA
8035,koniak,1,ACABA
8036,wasz,1,EAABA
8037,kostkowski,1,-
8038,goświnowic,1,-
8039,pochłonąć,1,BAEAB
8040,zmartwychwstać,1,BAFABD
8041,bezpłodny,1,CAB
8042,oliwny,1,CAB
8043,żerdka,1,ADAB
8044,kolejno,1,FC
8045,wybujać,1,BDA
8046,żądza,1,ADACABB
8047,manipulator,1,AAACAAAB
8048,zbór,1,ACAAAAA
8049,posyłać,1,BDA
8050,jezus,1,-
8051,najinteligentniejszy,1,CAB
8052,plasować,1,BAAA
8053,hermetyczny,1,CAB
8054,głoszony,1,BBCA
8055,apostoł,1,AAAAAA
8056,podnóżek,1,ACABBA
8057,psalm,1,ACAAAAA
8058,dawidowych,1,-
8059,izajasza,1,-
8060,testament,1,ACAAAAA
8061,ateista,1,AABDAA
8062,lublina,1,-
8063,puławy,1,-
8064,kielce,1,-
8065,pekaes,1,ACAAAAA
8066,taksówka,1,ADAB
8067,pieszo,1,FC
8068,wygnać,1,BDA
8069,baba,1,ADAAA
8070,wrzeszczeć,1,BCBA
8071,przepędzać,1,BDA
8072,rynsztok,1,ACABBA
8073,chustka,1,ADAB
8074,kij,1,ACACBC
8075,okrążać,1,BDA
8076,wykręcić,1,BBCA
8077,ogrodzenie,1,AEBAA
8078,notes,1,ACAAAAA
8079,wstąpić,1,BBCA
8080,zrzeszający,1,BDA
8081,wnuczka,1,AAAAB
8082,nakazać,1,BAAFA
8083,komornik,1,AAACBA
8084,wyegzekwować,1,BAAA
8085,pluton,1,ACAAAAA
8086,hełm,1,ACAAAAA
8087,pałka,1,ADAB
8088,szpaler,1,ACAAAAA
8089,agalliasis,1,-
8090,podporządkować,1,BAAA
8091,bajan,1,ACAABAA
8092,senator,1,AAACAAAB
8093,marii,1,-
8094,łopatkowy,1,CAB
8095,ryszarda,1,-
8096,interpelacja,1,ADACBAA
8097,niepowodzenie,1,AEBAA
8098,podinspektor,1,-
8099,czerwiński,1,-
8100,współżyć,1,AEBAA
8101,seksualnie,1,FB
8102,marianowi,1,-
8103,szósty,1,CAB
8104,stryj,1,AAAAB
8105,radka,1,-
8106,krępować,1,BAAA
8107,ożenek,1,ACABA
8108,doniesienie,1,AEBAA
8109,załatwiać,1,BDA
8110,adopcyjny,1,CAB
8111,opętana,1,ADACCBA
8112,psychika,1,ADAB
8113,opieszałość,1,ADCCA
8114,leszek,1,-
8115,miller,1,-
8116,urm,1,-
8117,małoletni,1,CBB
8118,czasowo,1,FC
8119,przetrzymywany,1,BAAB
8120,obowiązany,1,CAB
8121,przeszkoda,1,ADAAA
8122,natrafiać,1,BDA
8123,eliminacja,1,ADACBAA
8124,niedostatek,1,ACABA
8125,sumienie,1,AEBAA
8126,tworzony,1,CAB
8127,wyznaniowy,1,CAB
8128,poselski,1,CBA
8129,ryszard,1,-
8130,nowak,1,-
8131,odcedzać,1,BDA
8132,pierog,1,ABAC
8133,tajemniczy,1,CAA
8134,nelson,1,ABABAAA
8135,martę,1,-
8136,opiec,1,BAFCAB
8137,zastępczy,1,CAA
8138,bochenek,1,ACABBA
8139,kąpiel,1,ADCAAA
8140,kąpać,1,BAAFA
8141,zasiadły,1,CAB
8142,cegła,1,ADAAA
8143,sprawnie,1,FB
8144,obrać,1,BAAFA
8145,kiwi,1,ACF
8146,skrobać,1,BAAFA
8147,ziemniak,1,ABAC
8148,pochwalić,1,BBCA
8149,osobny,1,CAB
8150,pokora,1,ADAAA
8151,przetrzymywanie,1,AEBAA
8152,tok,1,ACABA
8153,hajnówce,1,-
8154,łosoś,1,ABAABA
8155,sprzedawczyni,1,ADBB
8156,zaległy,1,BAFAAB
8157,odsiedzieć,1,BBBA
8158,kolegium,1,AED
8159,niebianin,1,AAABBA
8160,meldunkowy,1,CAB
8161,wrocławskiej,1,-
8162,oblatów,1,-
8163,umiłować,1,BAAA
8164,umiłowany,1,BAAA
8165,małgorzaty,1,-
8166,zerówki,1,-
8167,czynsz,1,ACACACB
8168,ps,1,-
8169,wynająć,1,BAFCB
8170,zmieniony,1,BBCA
8171,sebastiana,1,-
8172,kellera,1,-
8173,odcinek,1,ACABBA
8174,zachcianka,1,ADAB
8175,zapowiedź,1,ADCCA
8176,sobotni,1,CBB
8177,policzyć,1,BCCA
8178,podsumowujący,1,CAA
8179,wyłączenie,1,AEBAA
8180,huta,1,ADAAA
8181,swoszowic,1,-
8182,wjeżdżać,1,BDA
8183,spełniający,1,BDA
8184,kryterium,1,AED
8185,zanieczyszczenie,1,AEBAA
8186,emitować,1,BAAA
8187,cennik,1,ACABBA
8188,usuwanie,1,AEBAA
8189,czysta,1,ADACCBA
8190,stc,1,-
8191,tlenek,1,ACABA
8192,azot,1,ACAAAAA
8193,stężenie,1,AEBAA
8194,ciągle,1,FC
8195,przekraczany,1,BDA
8196,zechcieć,1,BACA
8197,abonament,1,ACAAAAA
8198,zabarwiony,1,BBCA
8199,niszczący,1,CAA
8200,uświadomić,1,BBCA
8201,zakopianka,1,-
8202,elektromobilności,1,-
8203,zeroemisyjnych,1,-
8204,złotówka,1,ADAB
8205,łata,1,ADAAA
8206,zaprzeczać,1,BDA
8207,zameldowany,1,BAAA
8208,płacący,1,CAA
8209,wyłączony,1,CAB
8210,płacenie,1,AEBAA
8211,krakowem,1,-
8212,rozliczenie,1,AEBAA
8213,podatkowy,1,CAB
8214,obaj,1,DABAA
8215,zadowolony,1,BBCA
8216,zdementować,1,BAAA
8217,fake,1,-
8218,ukarać,1,BAAFA
8219,notoryczny,1,CAB
8220,ukarany,1,BAAFA
8221,wojtacha,1,-
8222,aktualnie,1,FB
8223,kontrolujący,1,BAAA
8224,zamontowany,1,BAAA
8225,docelowo,1,FC
8226,oznakować,1,BAAA
8227,strefomatów,1,-
8228,skraść,1,BAFAAAA
8229,lokalizacja,1,ADACBAA
8230,rów,1,ACAAAAA
8231,pomalowany,1,BAAA
8232,sprayem,1,-
8233,skradziony,1,CAB
8234,zakupowej,1,-
8235,pyclik,1,-
8236,niszczony,1,CAB
8237,zamalować,1,BAAA
8238,poprawiać,1,BDA
8239,trzepak,1,ACABBA
8240,niepochlebny,1,CAB
8241,ekologia,1,ADACBAA
8242,naszą,1,-
8243,najsłabszy,1,CAB
8244,zamożny,1,CAB
8245,małopolski,1,-
8246,korek,1,ACABBA
8247,miast,1,FC
8248,katowicach,1,-
8249,katowic,1,-
8250,zobowiązywać,1,BAAB
8251,śląska,1,-
8252,przekraczanie,1,AEBAA
8253,milowy,1,CAB
8254,odbudowa,1,ADAAA
8255,unijnych,1,-
8256,niedotrzymanie,1,-
8257,zobowiązanie,1,AEBAA
8258,wdrożyć,1,BCCA
8259,opracowywanie,1,AEBAA
8260,ntb,1,-
8261,skrócić,1,BBCA
8262,uprzednio,1,FC
8263,przewidziany,1,CAB
8264,kary,1,ACAAAAA
8265,nonstad,1,-
8266,dot,1,-
8267,psychotyczny,1,CAB
8268,narcystyczne,1,-
8269,dyssocjalne,1,-
8270,miażdżący,1,CAA
8271,szybszy,1,CAB
8272,associated,1,-
8273,press,1,-
8274,opieszały,1,CAB
8275,chaotyczny,1,CAB
8276,wyszkolenie,1,AEBAA
8277,dowodzenie,1,AEBAA
8278,specjalistyczny,1,CAB
8279,niezdecydowanie,1,AEBAA
8280,niegospodarność,1,ADCCA
8281,słabo,1,FA
8282,obsadzony,1,BBCA
8283,niewykwalifikowany,1,CAB
8284,zmusić,1,BBCA
8285,podejmowanie,1,AEBAA
8286,faza,1,ADAAA
8287,wytknięty,1,BAEAA
8288,ostrzeganie,1,AEBAA
8289,spedycja,1,ADACBAA
8290,udostępnianie,1,AEBAA
8291,idnywidualnymi,1,-
8292,celny,1,CAB
8293,zamawiany,1,BDA
8294,mogący,1,CAA
8295,uniewinnienie,1,AEBAA
8296,powodowany,1,BAAA
8297,wysłanie,1,AEBAA
8298,prawodawstwo,1,AEAAAB
8299,pluslidze,1,-
8300,balcerzak,1,-
8301,pozyskanie,1,AEBAA
8302,hitów,1,-
8303,fakiele,1,-
8304,urengoj,1,-
8305,uchodzić,1,BBCA
8306,czołówka,1,ADAB
8307,klubowy,1,CAB
8308,włoch,1,-
8309,gas,1,-
8310,sales,1,-
8311,bluenergy,1,-
8312,piacenza,1,-
8313,odnosić,1,BBCA
8314,mundialu,1,-
8315,przekazywany,1,BAAB
8316,balcerzaka,1,-
8317,gazzetta,1,-
8318,dello,1,-
8319,warszawski,1,-
8320,siatkarz,1,AAABD
8321,ambitny,1,CAB
8322,włochami,1,-
8323,aktualny,1,CAB
8324,wicelider,1,-
8325,plusligi,1,-
8326,intensywnie,1,FB
8327,sfinalizować,1,BAAA
8328,plusliga,1,-
8329,kryptografia,1,ADACBAA
8330,specyficzny,1,CAB
8331,wirtualnymi,1,-
8332,cyfrowymi,1,-
8333,sprzedawca,1,AABCBB
8334,płatność,1,ADCCA
8335,kryptowalucie,1,-
8336,fiducjarną,1,-
8337,fiat,1,ABABAAA
8338,pominięcie,1,AEBAA
8339,pośrednik,1,AAACBA
8340,przelać,1,BAFBD
8341,dowolny,1,CAB
8342,wydatek,1,ACABA
8343,płatniczy,1,CAA
8344,słusznie,1,FB
8345,wycena,1,ADAAA
8346,inwestycyjny,1,CAB
8347,wypracowanie,1,AEBAA
8348,obligacja,1,ADACBAA
8349,surowiec,1,ACACBC
8350,bitcoin,1,-
8351,raptem,1,FC
8352,cent,1,ABABAAA
8353,szczyt,1,ACAAAAA
8354,notować,1,BAAA
8355,kryptowalutę,1,-
8356,krach,1,ADAAA
8357,zadeklarowany,1,BAAA
8358,behringu,1,-
8359,posiadacz,1,AAABD
8360,fanie,1,-
8361,komputerowy,1,CAB
8362,palny,1,CAB
8363,amerykanin,1,-
8364,kojarzący,1,CAA
8365,posunąć,1,BAEAB
8366,równocześnie,1,FB
8367,antyrządowy,1,CAB
8368,zgromadzony,1,BBCA
8369,wrażliwy,1,CAB
8370,chroniony,1,BBCA
8371,kaida,1,-
8372,talibowie,1,-
8373,skupisko,1,AEAAAA
8374,odizolowany,1,BAAA
8375,bombaj,1,-
8376,przedszkole,1,AEBAC
8377,czeczeński,1,-
8378,biesłan,1,-
8379,powiązać,1,BAAFA
8380,którąś,1,-
8381,wyrzucenie,1,AEBAA
8382,wulgarnie,1,FB
8383,trucizna,1,ADAAA
8384,radykalnie,1,FB
8385,rozbijać,1,BDA
8386,interpol,1,-
8387,kontrwywiad,1,ACAAAAA
8388,sprowokować,1,BAAA
8389,david,1,-
8390,robot,1,ABABAAA
8391,zamieszkany,1,BDA
8392,uczęszczany,1,BDA
8393,potrójny,1,CAB
8394,doroczny,1,CAB
8395,podziać,1,BAFBD
8396,pomocniczy,1,CAA
8397,brzydko,1,FA
8398,uwikłany,1,BDA
8399,pokusa,1,ADAAA
8400,tischner,1,-
8401,koniecznie,1,FB
8402,itd,1,-
8403,głoszenie,1,AEBAA
8404,sakrament,1,ACAAAAA
8405,mocniejszy,1,CAB
8406,miesięcznik,1,ACABBA
8407,biskupi,1,AAADAA
8408,rysi,1,CBB
8409,episkopat,1,ACAAAAA
8410,podział,1,BAFBD
8411,tropienie,1,AEBAA
8412,obdarzony,1,CAB
8413,bronienie,1,AEBAA
8414,omnes,1,-
8415,najświeższy,1,CAB
8416,nazywanie,1,AEBAA
8417,dariusz,1,-
8418,głupiec,1,AAACAAAA
8419,wciskać,1,BDA
8420,polecać,1,BDA
8421,oburzenie,1,AEBAA
8422,chrześcijaństwo,1,AEAAAB
8423,fundamentalizmy,1,-
8424,laicki,1,CBA
8425,encyklika,1,ADAB
8426,centesimus,1,-
8427,annus,1,-
8428,fanatyzm,1,ACAAAAA
8429,fundamentalizmu,1,-
8430,uważający,1,BDA
8431,naukowy,1,CAB
8432,uprawniony,1,BBCB
8433,narzucanie,1,AEBAA
8434,koncepcja,1,ADACBAA
8435,adam,1,-
8436,rozsądzić,1,BBCA
8437,rozegrać,1,BDA
8438,osadzenie,1,AEBAA
8439,nierzadko,1,FC
8440,jedzienia,1,-
8441,formularz,1,ACACBBA
8442,proceduralny,1,CAB
8443,meczet,1,ACAAAAA
8444,norwega,1,-
8445,porucznik,1,AAACBA
8446,planowanie,1,AEBAA
8447,gromadzić,1,BBCA
8448,sporządzić,1,BBCA
8449,ponadczasowy,1,CAB
8450,klasyka,1,AAACBA
8451,cenić,1,BBCA
8452,orsay,1,-
8453,zasługiwać,1,BAAC
8454,rozcięcie,1,AEBAA
8455,dekolt,1,ACAAAAA
8456,klepsydra,1,ADAAA
8457,talia,1,ADACBAA
8458,zestawienie,1,AEBAA
8459,czernić,1,BBCA
8460,woleć,1,BBBA
8461,delikatniejszy,1,CAB
8462,karczek,1,ACABBA
8463,rozkloszowany,1,BAAA
8464,dół,1,ACAAAAA
8465,rozkloszować,1,BAAA
8466,zamaskować,1,BAAA
8467,masywny,1,CAB
8468,biodro,1,AEAAAB
8469,któraś,1,-
8470,kupon,1,ACAAAAA
8471,reprezentowany,1,BAAA
8472,mariusa,1,-
8473,emberlanda,1,-
8474,nazistowski,1,CBA
8475,oddzielny,1,CAB
8476,trening,1,ACABA
8477,częstszy,1,CAB
8478,uczestniczenie,1,AEBAA
8479,wolontariusz,1,AAABD
8480,kategorycznie,1,FB
8481,psychologiem,1,-
8482,ponawiany,1,BDA
8483,reprezentujący,1,BAAA
8484,adele,1,-
8485,socjalista,1,AABDAA
8486,otrzymany,1,BDA
8487,rekreacja,1,ADACBAA
8488,treningowy,1,CAB
8489,transmisja,1,ADACBAA
8490,wykluczyć,1,BCCA
8491,podszyty,1,BAFB
8492,paraliżować,1,BAAA
8493,napędzać,1,BDA
8494,makabryczny,1,CAB
8495,niezapomniany,1,CAB
8496,ocalać,1,BDA
8497,otrzymanie,1,AEBAA
8498,ukazany,1,BAAFA
8499,paula,1,-
8500,greengrassa,1,-
8501,przyświecać,1,BDA
8502,viljarowi,1,-
8503,hanssenowi,1,-
8504,emotions,1,-
8505,motion,1,-
8506,aktywizować,1,BAAA
8507,rekonwalescencja,1,ADACBAA
8508,nieśmiały,1,CAB
8509,prelekcja,1,ADACBAA
8510,polaryzacja,1,ADACBAA
8511,przeciwstawienie,1,AEBAA
8512,viljara,1,-
8513,hanssena,1,-
8514,prelegent,1,AAADAA
8515,legenda,1,ADAAA
8516,waldemar,1,-
8517,kasta,1,ADAAA
8518,artists,1,-
8519,manager,1,AAACAAAB
8520,filip,1,-
8521,mecner,1,-
8522,ekstremę,1,-
8523,bielecki,1,-
8524,opłakiwany,1,BAAC
8525,padły,1,CAB
8526,jednoczyć,1,BCCA
8527,ujawnianie,1,AEBAA
8528,pedofilskich,1,-
8529,bezdyskusyjnie,1,FB
8530,skandynawscy,1,-
8531,uzasadniać,1,BDA
8532,wstrząśnięty,1,BAEAA
8533,skrzydło,1,AEAAAB
8534,spolaryzowany,1,BAAA
8535,duńczycy,1,-
8536,szwedzi,1,-
8537,duchowy,1,CAB
8538,wedle,1,-
8539,ekstremum,1,AED
8540,mizerny,1,CAB
8541,przerażać,1,BDA
8542,wypisany,1,BAAFA
8543,rozdawany,1,BAAE
8544,ciastko,1,AEAAAA
8545,halvorsen,1,-
8546,debatowanie,1,AEBAA
8547,prognozować,1,BAAA
8548,polityczno,1,-
8549,następstwo,1,AEAAAB
8550,wytrwać,1,BDA
8551,naiwny,1,CAB
8552,niemały,1,CAB
8553,zwiększanie,1,AEBAA
8554,przypatrywanie się,1,-
8555,przestępczy,1,CAA
8556,bilans,1,ACACACA
8557,pozbycie,1,-
8558,wybuchać,1,BDA
8559,zanotować,1,BAAA
8560,odsłona,1,-
8561,siódmy,1,CAB
8562,progresywny,1,CAB
8563,zawrzeć,1,BABA
8564,liberalizm,1,ACAAAAA
8565,wielokulturowość,1,-
8566,zamierzający,1,BDA
8567,piętnasta,1,ADACCBA
8568,podłożony,1,CAB
8569,niehumanitarnych,1,-
8570,wiać,1,BAFBD
8571,zbliżać,1,BDA
8572,odnawialnych,1,-
8573,ciemno,1,AEAAAB
8574,wietrzność,1,-
8575,elektrociepłownia,1,ADACBAA
8576,zapotrzebowanie,1,AEBAA
8577,turbina,1,ADAAA
8578,instalowany,1,BAAA
8579,wyposażony,1,CAB
8580,powstrzymujący,1,CAA
8581,osadzanie,1,AEBAA
8582,lód,1,ABABAAA
8583,umożliwiający,1,BDA
8584,rozmrażanie,1,AEBAA
8585,sięgający,1,BDA
8586,montowany,1,BAAA
8587,kąt,1,ACAABAA
8588,topnienie,1,AEBAA
8589,gw,1,-
8590,opracowanie,1,AEBAA
8591,alpejski,1,CBA
8592,cenny,1,CAB
8593,rezerwuar,1,ACAAAAA
8594,kontynentalny,1,CAB
8595,wiosenno,1,-
8596,zamieć,1,ADCAAA
8597,dystrybucja,1,ADACBAA
8598,warmii,1,-
8599,Mazur,1,AAACAAAB
8600,awaria,1,ADACBAA
8601,wichura,1,ADAAA
8602,dystrybucyjny,1,CAB
8603,przewracać,1,BDA
8604,zaśnieżony,1,CAB
8605,trudniejszy,1,CAB
8606,spadający,1,BDA
8607,osłabienie,1,AEBAA
8608,współczynnik,1,ACABBA
8609,procentowy,1,CAB
8610,stulecie,1,AEBAC
8611,emisyjny,1,CAB
8612,zaopatrzenie,1,AEBAA
8613,elektryfikacja,1,ADACBAA
8614,pompa,1,ADAAA
8615,efektywny,1,CAB
8616,ekologiczny,1,CAB
8617,rozpowszechnienie,1,AEBAA
8618,szczytowy,1,CAB
8619,zabezpieczony,1,CAB
8620,zmniejszać,1,BDA
8621,termiczny,1,CAB
8622,pv,1,-
8623,bateryjny,1,CAB
8624,funkcjonalność,1,ADCCA
8625,grid,1,-
8626,odosobniony,1,BBCB
8627,kominek,1,ACABBA
8628,agregat,1,ACAAAAA
8629,prądotwórczy,1,CAA
8630,ujawniać,1,BDA
8631,dokumentalista,1,AABDAA
8632,nyheter,1,-
8633,rutynowy,1,CAB
8634,wetzlar,1,-
8635,frankfurtu,1,-
8636,menem,1,-
8637,uzbrojenie,1,AEBAA
8638,zarekwirować,1,BAAA
8639,zwierzak,1,ABAC
8640,prognoza,1,ADAAA
8641,zapewniający,1,BDA
8642,komfort,1,ACAAAAA
8643,przypięty,1,BAFCB
8644,buda,1,ADAAA
8645,okienko,1,AEAAAA
8646,piwniczny,1,CAB
8647,dokarmianie,1,AEBAA
8648,alarmować,1,BAAA
8649,czyjś,1,EAD
8650,ktoz,1,-
8651,rybny,1,CAB
8652,odzew,1,ACAAAAA
8653,przygarnąć,1,BAEAA
8654,mombaja,1,-
8655,vogt,1,-
8656,pexels,1,-
8657,rzezawa,1,-
8658,powiat,1,ACAAAAA
8659,bocheński,1,-
8660,waszą,1,-
8661,załoga,1,ADAB
8662,komfortowo,1,FC
8663,zmarzły,1,CAB
8664,ren,1,ABABAAA
8665,zakazywać,1,BAAB
8666,prysznic,1,ACACBC
8667,trzypokojowy,1,CAB
8668,stomatologiczny,1,CAB
8669,blogerzy,1,-
8670,stronnicowym,1,-
8671,pamela,1,-
8672,poddana,1,ADACCBA
8673,ostracyzm,1,ACAAAAA
8674,bestseller,1,ACAABAA
8675,zamieścić,1,BBCA
8676,podobizna,1,ADAAA
8677,świński,1,CBA
8678,ryć,1,AEBAA
8679,serbów,1,-
8680,bośni,1,-
8681,obama,1,-
8682,sfałszować,1,BAAA
8683,urodzenie,1,AEBAA
8684,amerykaninem,1,-
8685,Arab,1,AAAAAA
8686,gaz,1,ACAAAAA
8687,solidnie,1,FB
8688,bombardować,1,BAAA
8689,spencerem,1,-
8690,ameryk,1,ACABA
8691,pomyślenie,1,AEBAA
8692,wzmianka,1,ADAB
8693,islamsko,1,-
8694,machina,1,ADAAA
8695,wytrwale,1,FB
8696,edukować,1,BAAA
8697,cytat,1,ACAAAAA
8698,obamie,1,-
8699,podżegać,1,BDA
8700,rasista,1,AABDAA
8701,spencera,1,-
8702,odezwać się,1,-
8703,beatles,1,AAADAA
8704,seryjny,1,CAB
8705,charles,1,-
8706,manson,1,-
8707,zdyskredytować,1,BAAA
8708,dżihadowi,1,-
8709,supremacja,1,ADACBAA
8710,antymuzułmańskich,1,-
8711,york,1,-
8712,times,1,-
8713,marc,1,-
8714,sageman,1,-
8715,cia,1,-
8716,konsultant,1,AAADAA
8717,myśliciel,1,AAABCA
8718,kaidę,1,-
8719,pisarstwo,1,AEAAAB
8720,blog,1,-
8721,little,1,-
8722,green,1,-
8723,footballs,1,-
8724,antyislamskie,1,-
8725,sentyment,1,ACAAAAA
8726,dżazira,1,-
8727,przepisany,1,BAAFA
8728,amerykanina,1,-
8729,kaczynskiego,1,-
8730,bloger,1,-
8731,gates,1,-
8732,vienna,1,-
8733,antymuzułmańskie,1,-
8734,tyrada,1,ADAAA
8735,wpadka,1,ADAB
8736,michelle,1,-
8737,komentatorka,1,ADAB
8738,fox,1,-
8739,rozpisywać,1,BAAB
8740,złowrogi,1,CBA
8741,krekarze,1,-
8742,wygrażać,1,BDA
8743,ojczyzna,1,ADAAA
8744,profesor,1,AAAAAA
8745,nitze,1,-
8746,hopkinsa,1,-
8747,konkluzja,1,ADACBAA
8748,odpisać,1,BAAFA
8749,oświecić,1,BBCA
8750,groźba,1,ADAAA
8751,krekar,1,-
8752,terroryzować,1,BAAA
8753,czujnie,1,FB
8754,una,1,-
8755,cabeza,1,-
8756,skomponować,1,BAAA
8757,carlosa,1,-
8758,gardela,1,-
8759,tańczyć,1,BCCA
8760,pacino,1,-
8761,slade,1,-
8762,gabrielle,1,-
8763,anwar,1,-
8764,donna,1,ADAAA
8765,zacny,1,CAB
8766,kaszuby,1,-
8767,administracyjny,1,CAB
8768,okolicznościowy,1,CAB
8769,gratulacyjny,1,CAB
8770,wiązanka,1,ADAB
8771,kaszubie,1,-
8772,maestro,1,AACABAB
8773,naczelny,1,AAEC
8774,dziekan,1,AAADAA
8775,dyrygentura,1,ADAAA
8776,symfoniczno,1,-
8777,operowy,1,CAB
8778,fryderyka,1,-
8779,chopina,1,-
8780,kaszubę,1,-
8781,meloman,1,AAADAA
8782,sympatyczny,1,CAB
8783,kudyba,1,-
8784,witać,1,BDA
8785,obdarzać,1,BDA
8786,wprawiać,1,BDA
8787,nastroić,1,BBCA
8788,szacowny,1,CAB
8789,łomżynianki,1,-
8790,malinowska,1,-
8791,absolwentka,1,ADAB
8792,adama,1,-
8793,mickiewicza,1,-
8794,tadeusza,1,-
8795,kościuszki,1,-
8796,lo,1,-
8797,danuta,1,-
8798,gosk,1,-
8799,kadrowa,1,ADACCAA
8800,łok,1,-
8801,fkwl,1,-
8802,namówić,1,BBCA
8803,łomżyńskiej,1,-
8804,zastępstwo,1,AEAAAB
8805,urlop,1,ACAAAAA
8806,macierzyński,1,CBA
8807,nieodżałowany,1,CAB
8808,szwedo,1,-
8809,chachaj,1,-
8810,profesjonalizm,1,ACAAAAA
8811,pracowitość,1,ADCCA
8812,miano,1,AEAAAB
8813,czterdziestoletni,1,CBB
8814,mila,1,ADACBABA
8815,solistka,1,ADAB
8816,solista,1,AABDAA
8817,dyrygent,1,AAADAA
8818,wiesław,1,-
8819,ochman,1,-
8820,paleczny,1,-
8821,konstanta,1,ADAAA
8822,kulka,1,ADAB
8823,jakowicz,1,-
8824,łomżyńską,1,-
8825,przechowywać,1,BAAB
8826,podziękowanie,1,AEBAA
8827,logistyczny,1,CAB
8828,wozić,1,BBCA
8829,systematyczny,1,CAB
8830,wczesno,1,-
8831,przedszkolny,1,CAB
8832,półgodzinny,1,CAB
8833,uwrażliwianie,1,AEBAA
8834,wprowadzanie,1,AEBAA
8835,coroczny,1,CAB
8836,musica,1,-
8837,proboszcz,1,AAAAB
8838,odmiana,1,ADAAA
8839,surfing,1,ACABA
8840,żagiel,1,ACACBAA
8841,latawiec,1,AAACBA
8842,paralotnia,1,-
8843,kite,1,-
8844,dyscyplina,1,ADAAA
8845,akwen,1,ACAAAAA
8846,wskakiwać,1,BAAC
8847,alp,1,-
8848,tyrolu,1,-
8849,bałtykiem,1,-
8850,motorówka,1,ADAB
8851,skonstruowany,1,BAAA
8852,przystosowany,1,BAAA
8853,wakeparkach,1,-
8854,znajdujący,1,BAAA
8855,wyciąg,1,ACABA
8856,uprawianie,1,AEBAA
8857,wakeboardingu,1,-
8858,koordynacja,1,ADACBAA
8859,ruchowy,1,CAB
8860,akrobacja,1,ADACBAA
8861,wyskok,1,ACABA
8862,okrąg,1,ACABA
8863,telemark,1,-
8864,empatii,1,-
8865,uosobienie,1,AEBAA
8866,porzucenie,1,AEBAA
8867,korporacyjny,1,CAB
8868,szczur,1,ABABAAA
8869,zatłoczony,1,CAB
8870,bezosobowy,1,CAB
8871,biurowiec,1,ACACBC
8872,sytuowany,1,BAAA
8873,brytyjskiej,1,-
8874,eton,1,-
8875,college,1,-
8876,brighton,1,-
8877,zatrudnić,1,BBCB
8878,zapleczu,1,-
8879,awansować,1,BAAA
8880,kucharz,1,AAABD
8881,nobel,1,ACACBAA
8882,rota,1,ADAAA
8883,wyczerpujący,1,CAA
8884,napój,1,BBCA
8885,energetyczny,1,CAB
8886,adrenalina,1,ADAAA
8887,skraj,1,ACACACB
8888,jasny,1,CAB
8889,dostawca,1,AABCBB
8890,hodowany,1,BAAA
8891,oddalać,1,BDA
8892,zrozumieć,1,BDBA
8893,londyn,1,-
8894,zamieszkać,1,BDA
8895,suffolk,1,-
8896,zmuszać,1,BDA
8897,wątróbka,1,ADAB
8898,ozór,1,ACAABAA
8899,dorset,1,-
8900,mroźny,1,CAB
8901,ogrzewać,1,BDA
8902,narodzony,1,BBCA
8903,jagnić się,1,-
8904,ogródek,1,ACABBA
8905,doglądać,1,BDA
8906,odżywiać,1,BDA
8907,filozofia,1,ADACBAA
8908,zabiegany,1,BDA
8909,kucharski,1,CBA
8910,table,1,-
8911,niedostępny,1,CAB
8912,zmarnować,1,BAAA
8913,dynia,1,ADACBABA
8914,szałwia,1,ADACBAA
8915,orzech,1,ABABAAB
8916,laskowy,1,CAB
8917,serwować,1,BAAA
8918,malowniczy,1,CAA
8919,sophie,1,-
8920,dahl,1,-
8921,etycznie,1,FB
8922,wegetarianin,1,AAABAA
8923,weganinem,1,-
8924,orędownik,1,AAACBA
8925,etyczny,1,CAB
8926,spożycie,1,AEBAA
8927,produkowany,1,BAAA
8928,dobrostanu,1,-
8929,owczy,1,CAA
8930,importować,1,BAAA
8931,irracjonalny,1,CAB
8932,sensowny,1,CAB
8933,biznesowo,1,-
8934,świnia,1,ADACBABA
8935,british,1,-
8936,primitive,1,-
8937,hebridean,1,-
8938,pszczoła,1,ADAAA
8939,hodować,1,BAAA
8940,swobodny,1,CAB
8941,instynkt,1,ACAAAAA
8942,obrazować,1,BAAA
8943,złożoność,1,ADCCA
8944,supermarkecie,1,-
8945,anonimowość,1,ADCCA
8946,fenomen,1,AAACAAAB
8947,arcydzieło,1,AEAAAB
8948,rustykalny,1,CAB
8949,truskawka,1,ADAB
8950,cyfrową,1,-
8951,fast,1,-
8952,foodu,1,-
8953,wynos,1,-
8954,wiejski,1,CBA
8955,buchmann,1,-
8956,puttanesca,1,-
8957,filecików,1,-
8958,kalamata,1,-
8959,wlać,1,BAFBD
8960,rozgniatać,1,BDA
8961,fileciki,1,-
8962,opłukać,1,BAAFA
8963,kran,1,ACAAAAA
8964,otrząsnąć,1,BAEAA
8965,starannie,1,FB
8966,ostrożeń,1,ACACBAA
8967,dosalać,1,BDA
8968,słony,1,CAB
8969,zrównoważyć,1,BCCA
8970,kwasowość,1,ADCCA
8971,rozdrobnić,1,BBCB
8972,palnik,1,ACABBA
8973,zagotować,1,BAAA
8974,osolony,1,BBCA
8975,wrzątek,1,ACABA
8976,ugotować,1,BAAA
8977,kubek,1,ACABBA
8978,posypać,1,BAAFA
8979,buraczany,1,CAB
8980,jabłkowy,1,CAB
8981,śmietana,1,ADAAA
8982,kremówka,1,ADAB
8983,węgorz,1,ABAAC
8984,chrzan,1,ACAAAAA
8985,kozi,1,CBB
8986,ser,1,ACAABAA
8987,jogurt,1,ACAAAAA
8988,prażony,1,CAB
8989,wyszorować,1,BAAA
8990,zlew,1,ACAAAAA
8991,piasek,1,ACABA
8992,obierać,1,BDA
8993,przycinać,1,BDA
8994,wrzenie,1,AEBAA
8995,ostrze,1,AEBAB
8996,ostygły,1,CAB
8997,zejście,1,AEBAA
8998,naciśnięcie,1,AEBAA
8999,satysfakcjonujący,1,BAAA
9000,rękawica,1,ADACABB
9001,różowy,1,CAB
9002,wysokoobrotowy,1,CAB
9003,blendera,1,-
9004,gęsty,1,CAB
9005,lać,1,BAFBD
9006,octowy,1,CAB
9007,przełamywać,1,BAAB
9008,nadmierny,1,CAB
9009,ziemistość,1,-
9010,rozjaśniać,1,BDA
9011,napowietrzać,1,BDA
9012,cudownie,1,FB
9013,aksamitny,1,CAB
9014,konsystencja,1,ADACBAA
9015,doprawiać,1,BDA
9016,przybrać,1,BAAFA
9017,przechować,1,BDA
9018,lodówka,1,ADAB
9019,zamrozić,1,BBCA
9020,deszczowy,1,CAB
9021,pikantny,1,CAB
9022,papryka,1,ADAB
9023,uprażyć,1,BCCA
9024,rozetrzeć,1,BABA
9025,moździerz,1,ACACBBA
9026,suszony,1,CAB
9027,filet,1,ACAABAA
9028,dzwonek,1,ACABBA
9029,morszczuk,1,ABAC
9030,rdzawiec,1,-
9031,halibut,1,ABABAAA
9032,okoń,1,ABAABA
9033,itp,1,-
9034,patelnia,1,ADACBAA
9035,rozgrzać,1,BAFBD
9036,zmiękły,1,CAB
9037,pachnieć,1,BACC
9038,przywrzeć,1,BABA
9039,rozgnieść,1,BAFCAA
9040,dodanie,1,AEBAA
9041,zetrzeć,1,BABA
9042,wycisnąć,1,BAEAA
9043,odstawa,1,ADAAA
9044,cytryna,1,ADAAA
9045,gęstnieć,1,BAD
9046,trzepaczka,1,ADAB
9047,rzadki,1,CBA
9048,posmakować,1,BAAA
9049,ewentualnie,1,FB
9050,sola,1,ABAABA
9051,posolić,1,BBCA
9052,zanurzyć,1,BCCA
9053,grubość,1,ADCCA
9054,rozpadać się,1,-
9055,pity,1,BAFB
9056,kuskusem,1,-
9057,okrasz,1,-
9058,tarty,1,CAB
9059,żółtko,1,AEAAAA
9060,estragon,1,ACAAAAA
9061,otarty,1,CAB
9062,niewoskowanej,1,-
9063,pieprz,1,ABAAC
9064,smażenie,1,AEBAA
9065,łodyga,1,ADAB
9066,naciowy,1,CAB
9067,cienko,1,FA
9068,przekrojony,1,BBCA
9069,wzdłuż,1,FC
9070,śmietanka,1,ADAB
9071,malaksera,1,-
9072,pasta,1,ADAAA
9073,olej,1,BAFBD
9074,kotlecik,1,ABAC
9075,żeliwny,1,CAB
9076,zrumienić,1,BBCA
9077,zaczekać,1,BDA
9078,przestygnąć,1,BAEB
9079,skosztować,1,BAAA
9080,utoczyć,1,BCCA
9081,rumiano,1,FC
9082,przepełniać,1,BDA
9083,odłożyć,1,BCCA
9084,wytopiony,1,BBCA
9085,tłuszcz,1,ACACACB
9086,niezrumieniona,1,-
9087,niedaleki,1,CBA
9088,odetchnąć,1,BAEAA
9089,ulga,1,ADAB
9090,strzelba,1,ADAAA
9091,ap,1,-
9092,wskoczyć,1,BCCA
9093,tvn,1,-
9094,jerzy,1,-
9095,dziewulski,1,-
9096,antyterrorysta,1,-
9097,antyterrorystycznymi,1,-
9098,przebiec,1,BAFAAB
9099,najtrudniejszy,1,CAB
9100,evy,1,-
9101,magdalena,1,-
9102,dokumentujący,1,BAAA
9103,wypełniony,1,BBCA
9104,jonasa,1,-
9105,gahra,1,-
9106,store,1,-
9107,paradoks,1,ACAAAAA
9108,doświadczać,1,BDA
9109,najmocniej,1,FC
9110,powiadomić,1,BBCA
9111,upływający,1,BDA
9112,prezentowany,1,BAAA
9113,przeciwstawiać,1,BDA
9114,spiskowy,1,CAB
9115,oznajmić,1,BBCB
9116,tegoroczny,1,CAB
9117,ariany,1,-
9118,grande,1,-
9119,manchesterze,1,-
9120,paryża,1,-
9121,madrytu,1,-
9122,najpilniej,1,FC
9123,monaster,1,ACAAAAA
9124,pustelnia,1,ADACBAA
9125,gołosiejewska,1,-
9126,moskiewskiego,1,-
9127,regularny,1,CAB
9128,slidstvo,1,-
9129,przykrywka,1,ADAB
9130,zapisanie,1,AEBAA
9131,szkółka,1,ADAB
9132,popołudniowy,1,CAB
9133,zatrudniony,1,BBCB
9134,rytm,1,ACAAAAA
9135,harmonogram,1,ACAAAAA
9136,tygodniowy,1,CAB
9137,typowy,1,CAB
9138,określany,1,BDA
9139,słowiański,1,CBA
9140,ukraińsku,1,-
9141,rosyjsku,1,-
9142,organizowany,1,BAAA
9143,pieśń,1,ADCCA
9144,dokumentacja,1,ADACBAA
9145,licencjonowany,1,BAAA
9146,przyklasztorny,1,CAB
9147,trwający,1,BDA
9148,zgodność,1,ADCCA
9149,przejaw,1,ACAAAAA
9150,równolegle,1,FB
9151,klasztor,1,ACAAAAA
9152,okoliczność,1,ADCCA
9153,powstanie,1,BAFABD
9154,zarejestrowan,1,-
9155,gąsiorowski,1,-
9156,ucieleśnienie,1,AEBAA
9157,lone,1,-
9158,wolf,1,-
9159,protoplasta,1,AABDAA
9160,nowożytny,1,CAB
9161,wskazówka,1,ADAB
9162,drogowskaz,1,ACAAAAA
9163,lewicowo,1,-
9164,zamiłowanie,1,AEBAA
9165,doktryna,1,ADAAA
9166,monarchia,1,ADACBAA
9167,feminizm,1,ACAAAAA
9168,frankfurckiej,1,-
9169,poddawany,1,BAAE
9170,ksenofobiczna,1,-
9171,rasistowski,1,CBA
9172,innowierca,1,AABCBB
9173,problematyka,1,ADAB
9174,dysfunkcyjności,1,-
9175,european,1,-
9176,declaration,1,-
9177,independence,1,-
9178,bierność,1,ADCCA
9179,migracja,1,ADACBAA
9180,pomijać,1,BDA
9181,poniższy,1,CAB
9182,odegrać,1,BDA
9183,autorytarnej,1,-
9184,niewątpliwie,1,FB
9185,olą,1,-
9186,mikołajem,1,-
9187,borysem,1,-
9188,brzozowskim,1,-
9189,interpretacja,1,ADACBAA
9190,dostrzec,1,BAFCAB
9191,wstęp,1,ACAAAAA
9192,zaczynający,1,BDA
9193,litera,1,ADAAA
9194,drogi,1,ADAB
9195,fikuśny,1,CAB
9196,okładka,1,ADAB
9197,format,1,ACAAAAA
9198,kafelek,1,ACABBA
9199,skrin,1,-
9200,tekstowy,1,CAB
9201,niezrozumiały,1,CAB
9202,recytacja,1,ADACBAA
9203,wczucie się,1,-
9204,czytany,1,BDA
9205,fraza,1,ADAAA
9206,natłok,1,ACABA
9207,skleić,1,BBCA
9208,mijany,1,BDA
9209,billboardzie,1,-
9210,zowąd,1,-
9211,intrygujący,1,BAAA
9212,pomyślany,1,CAB
9213,przełożenie,1,AEBAA
9214,alternatywny,1,CAB
9215,zapraszany,1,BDA
9216,dzielenie,1,AEBAA
9217,przykładowy,1,CAB
9218,grupowy,1,CAB
9219,metoda,1,ADAAA
9220,blackout,1,-
9221,poetry,1,-
9222,zakreślany,1,BDA
9223,wykorzystany,1,BDA
9224,przyniesiony,1,CAB
9225,mikołaj,1,-
9226,borys,1,-
9227,brzozowski,1,-
9228,kuratorsko,1,-
9229,styk,1,ACABA
9230,performansu,1,-
9231,wspólnotowy,1,-
9232,postartystycznych,1,-
9233,różnorodny,1,CAB
9234,sąsiedzki,1,CBA
9235,dotychczas,1,FC
9236,azyl,1,ACACAA
9237,pawilon,1,ACAAAAA
9238,staromiejski,1,CBA
9239,spotykany,1,BDA
9240,okaz,1,ACAAAAA
9241,oszlifowanie,1,AEBAA
9242,obserwowanie,1,AEBAA
9243,docenianie,1,AEBAA
9244,czerwienić,1,BBCA
9245,zielenić się,1,-
9246,żółcić,1,BBCA
9247,symbolika,1,ADAB
9248,przezroczysty,1,CAB
9249,oszlifowany,1,BAAA
9250,przypisywać,1,BAAB
9251,niewinność,1,ADCCA
9252,wierność,1,ADCCA
9253,harmonia,1,ADACBAA
9254,szmaragd,1,ACAAAAA
9255,płodność,1,ADCCA
9256,witalny,1,CAB
9257,rubin,1,ACAAAAA
9258,turmalin,1,ACAAAAA
9259,odwaga,1,ADAB
9260,szafir,1,ACAAAAA
9261,turkus,1,ACAAAAA
9262,akwamaryn,1,ACAAAAA
9263,rzadszy,1,CAB
9264,żółty,1,CAB
9265,nazywany,1,BDA
9266,ciekawostka,1,ADAB
9267,charakterystyka,1,ADAB
9268,najtwardszy,1,CAB
9269,jubilerstwo,1,AEAAAB
9270,przyozdabianie,1,AEBAA
9271,pierścionek,1,ACABBA
9272,zaręczynowy,1,CAB
9273,wyrób,1,BBCA
9274,prezent,1,ACAAAAA
9275,ślub,1,ACAAAAA
9276,wkruk,1,-
