lp,słowo,liczba,etykieta
1,w,1247,GBBAA
2,i,783,GBBAB
3,z,672,GBBAA
4,się,671,EJB
5,na,665,GBBAA
6,być,562,AEBAA
7,nie,488,GBBBA
8,do,401,G
9,że,359,GBBBBAB
10,on,352,EAAA
11,to,327,EEAAA
12,który,263,EAB
13,o,220,GBBAA
14,a,214,GBBAB
15,ta,184,EDAAA
16,po,157,GBBAA
17,co,151,EGB
18,jak,146,ABAC
19,ale,126,GBBBBAB
20,ten,125,EAABA
21,od,122,GBBAA
22,czy,120,EK
23,dla,115,GBBAA
24,przez,109,GBBAA
25,za,108,GBBAA
26,rok,104,ACEA
27,dziecko,90,AEADB
28,mówić,83,BBCA
29,jeden,80,CCBA
30,ma,79,EDAAB
31,lata,75,AGDAA
32,ja,75,AEE
33,osoba,74,ADAAA
34,chcieć,70,BACA
35,bo,70,G
36,mieć,68,BDC
37,zostać,67,BAFABD
38,tylko,67,GBBBA
39,już,65,GBBBA
40,my,65,EIA
41,tak,64,EK
42,przed,64,GBBAA
43,móc,64,BAFCABD
44,ona,63,EDAB
45,człowiek,61,AAHA
46,oraz,60,GBBAB
47,czas,60,ACAAAAA
48,inny,59,CAB
49,jednak,58,GBBBA
50,swoja,58,EDAB
51,miasto,58,AEAAAB
52,bycie,57,AEBAA
53,ocena,57,ADAAA
54,może,57,GBBBA
55,nowy,56,CAB
56,r,56,-
57,ze,56,GBBBBBA
58,taki,55,EAC
59,wiele,55,DEBA
60,film,53,ACAAAAA
61,taż,53,EDCA
62,jej,51,GAB
63,by,50,GBBAB
64,pod,49,GBBAA
65,kilka,49,ADAB
66,prezydent,49,AAADAA
67,pierwsza,48,ADACCBA
68,gdy,47,GBBAB
69,polski,46,ACD
70,raz,45,ACAAAAA
71,dwa,45,DABB
72,również,43,GBBBA
73,krakowie,43,-
74,maić,42,BBCA
75,także,41,GBBBA
76,wszystek,41,CCA
77,jako,41,GBBAB
78,praca,41,ADACABB
79,mężczyzna,40,AABDAB
80,kobieta,40,ADAAA
81,bardzo,40,FA
82,coś,39,EGC
83,dom,39,ACAAAB
84,lub,38,GBBAB
85,życie,38,AEBAA
86,cały,38,CAB
87,świat,38,ACAABAB
88,jeszcze,37,GBABB
89,powiedzieć,36,BDC
90,szkoła,36,ADAAA
91,podczas,36,GBBAA
92,drugi,35,CBA
93,sam,35,ACAAAAA
94,dzień,35,ACABBB
95,niebo,35,AEAAAB
96,ostatni,34,CBB
97,jeśli,34,GBBAB
98,nawet,34,GBBBA
99,bez,34,ACAAAAA
100,rola,33,ADACBABA
101,każdy,33,AAEC
102,więc,33,GBBAB
103,wszyscy,33,AFEC
104,mieszkaniec,33,AAACBA
105,ponad,33,GBBAA
106,agent,33,AAADAA
107,strona,32,ADAAA
108,przy,32,GBBAA
109,musieć,32,BBBA
110,żeby,32,GBBBBAA
111,nizać,32,BAAFA
112,sprawa,32,ADAAA
113,1,32,-
114,teatr,32,ACAAAAA
115,zespół,31,ACAAAAA
116,historia,31,ADACBAA
117,uczeń,31,AEBAA
118,krakowa,31,-
119,koniec,30,ACACBC
120,chodzić,30,BBCA
121,m,30,-
122,minuta,29,ADAAA
123,często,29,FA
124,trzy,29,DBAA
125,trzeba,29,BFBA
126,duży,29,CAB
127,która,29,-
128,2026,29,-
129,strefa,29,ADAAA
130,można,28,BFBA
131,problem,28,ACAAAAA
132,ważny,28,CAB
133,miejsce,28,AEBAA
134,rodzic,28,AAABAB
135,2025,27,-
136,styczeń,27,ACACBAA
137,jeść,27,BDD
138,mama,27,ADAAA
139,ksiądz,27,AAAEB
140,później,26,FC
141,wielki,26,CBA
142,wiedzieć,26,BDC
143,wtedy,26,GBABB
144,in,26,-
145,powinien,26,BFCA
146,edukacja,26,ADACBAA
147,kolejny,25,CAB
148,rozmowa,25,ADAAA
149,nad,25,GBBAA
150,alba,25,ADAAA
151,początek,25,ACABA
152,zrobić,25,BBCA
153,choć,25,GBBBA
154,miał,25,ACAAAAA
155,tysiąc,25,ABAAC
156,krakowski,25,CBA
157,kiedy,24,GBABB
158,sekta,24,ADAAA
159,nic,23,EGA
160,zacząć,23,BAFCB
161,bardziej,23,FC
162,aż,23,GBBBA
163,dodać,23,BDC
164,scena,23,ADAAA
165,stać się,22,-
166,znaleźć,22,BAFCAA
167,własny,22,CAB
168,uważać,22,BDA
169,wcześniej,22,FC
170,u,22,GBBAA
171,dać,22,BDC
172,ice,22,-
173,prawo,22,AEAAAB
174,grupa,22,ADAAA
175,zwierzę,22,AECA
176,próba,21,ADAAA
177,żaden,21,CCBBA
178,pieniądz,21,ACACBBB
179,20,21,-
180,ani,21,GBBBA
181,rodzina,21,ADAAA
182,teraz,20,FC
183,kraj,20,ACACACB
184,aby,20,GBBBBAB
185,seks,20,ACAAAAA
186,droga,20,ADAB
187,pot,20,ACAAAAA
188,samochód,20,ACAAAAA
189,znać,20,BDA
190,10,20,-
191,przedmiot,20,ACAAAAA
192,dziać,19,BAFBD
193,uwaga,19,ADAB
194,próbować,19,BAAA
195,aktor,19,AAACAAAB
196,koncert,19,ACAAAAA
197,2,19,-
198,5,18,-
199,seksualny,18,CAB
200,pan,18,AAAAAB
201,zdanie,18,AEBAA
202,sposobić,18,BBCA
203,30,18,-
204,minneapolis,18,-
205,pies,18,ABABAB
206,godzina,18,ADAAA
207,gdzie,18,GBABB
208,więcej,18,FC
209,najbardziej,18,FC
210,skrzat,18,AAACAAAB
211,nauczyciel,18,AAABCA
212,spotkanie,18,AEBAA
213,referendum,18,AED
214,spektakl,18,ACACAA
215,powell,18,-
216,schronisko,18,AEAAAA
217,zawsze,17,GBABB
218,ciało,17,AEAAAB
219,różny,17,CAB
220,stan,17,ACAAAAA
221,temat,17,ACAAAAA
222,między,17,GBBAA
223,widzieć,17,BBBA
224,nasz,17,EAABA
225,dzięki,17,AGBB
226,ile,17,EHBA
227,good,17,-
228,pracować,17,BAAA
229,postać,17,ADCAAA
230,polsce,17,-
231,moment,17,ACAAAAA
232,kino,17,AEAAAB
233,robić,17,BBCA
234,główny,17,CAB
235,transport,17,ACAAAAA
236,kuweta,17,ADAAA
237,wydawać,16,BAAE
238,właśnie,16,GBBBA
239,bezpieczeństwo,16,AEAAAB
240,ty,16,EIA
241,usa,16,-
242,udział,16,ACAAAAA
243,przepis,16,ACAAAAA
244,jaki,16,ABAC
245,warszawa,16,ADAAA
246,6,16,-
247,klasa,16,ADAAA
248,serial,16,ACACAA
249,konkurs,16,ACAAAAA
250,płyta,16,ADAAA
251,kanał,16,ACAAAAA
252,zegarek,16,ACABBA
253,kolor,16,ACAAAAA
254,kamień,16,ACACBAA
255,andrzej,16,-
256,ewa,16,-
257,kacmajor,16,-
258,przypadek,15,ACABA
259,sytuacja,15,ADACBAA
260,prowadzić,15,BBCA
261,pokazywać,15,BAAB
262,słowo,15,AEAAAB
263,widać,15,BFB
264,plan,15,ACAAAAA
265,napisać,15,BAAFA
266,tam,15,GBABB
267,opowiadać,15,BDA
268,dobro,15,AEAAAA
269,reżyser,15,AAACAAAB
270,młoda,15,ADACCBA
271,widz,15,AAAAB
272,forma,15,ADAAA
273,mała,15,ADACCBA
274,miesiąc,15,ACACBBA
275,mąż,15,AAAAB
276,majdan,15,ACAAAAA
277,ilska,15,-
278,trafić,14,BBCA
279,dlatego,14,G
280,czyli,14,GBBAB
281,ktoś,14,EFC
282,oko,14,AEAAAA
283,ręka,14,ADACBABB
284,szukać,14,BDA
285,zdjęcie,14,AEBAA
286,stracić,14,BBCA
287,odpowiedni,14,CBB
288,powód,14,AAAAAA
289,przecież,14,GBBBA
290,nigdy,14,GBABB
291,powstać,14,BAFABD
292,nagroda,14,ADAAA
293,tu,14,GBABB
294,tydzień,14,ACACBAA
295,80,14,-
296,utwór,14,ACAAAAA
297,złoty,14,ABC
298,projekt,14,ACAAAAA
299,moja,14,EDAB
300,artysta,14,AABDAA
301,styl,14,ACACACB
302,koperta,14,ADAAA
303,g,14,-
304,sos,14,ACAAAAA
305,głowa,13,ADAAA
306,tworzyć,13,BCCA
307,rzecz,13,ADCB
308,proca,13,ADACABB
309,element,13,ACAAAAA
310,wartość,13,ADCCA
311,relacja,13,ADACBAA
312,okazać,13,BAAFA
313,jakiś,13,EAF
314,dlaczego,13,G
315,naprawdę,13,GBBBA
316,przykład,13,ACAAAAA
317,grać,13,BDA
318,trumpa,13,-
319,7,13,-
320,nagranie,13,AEBAA
321,policja,13,ADACBAA
322,czarny,13,CAB
323,której,13,-
324,którą,13,-
325,żona,13,ADAAA
326,wiedza,13,ADACABB
327,wrócić,13,BBCA
328,narodowy,13,CAB
329,sztuka,13,ADAB
330,liczba,13,ADAAA
331,filmowy,13,CAB
332,kolej,13,ADCAAA
333,we,13,GBBAA
334,następnie,13,FC
335,szansa,13,ADACABA
336,miszalskiego,13,-
337,procent,13,ACAAAAA
338,kraków,13,-
339,21,13,-
340,czysty,13,CAB
341,głównie,13,FC
342,miejski,13,CBA
343,2016,13,-
344,kolęda,13,ADAAA
345,konto,13,AEAAAB
346,kot,13,ABABAB
347,matka,13,ADAB
348,łyżka,13,ADAB
349,szlachetny,13,CAB
350,oczywiście,12,GBBBA
351,siła,12,ADAAA
352,prawdziwy,12,CAB
353,książka,12,ADAB
354,potrafić,12,BBCA
355,czuć,12,AEBAA
356,najważniejszy,12,CAB
357,pytanie,12,AEBAA
358,wyjść,12,AEBAA
359,dużo,12,DF
360,kto,12,EFB
361,cel,12,ACACACB
362,prostu,12,-
363,list,12,ACAAAAA
364,śmierć,12,ADCCA
365,telefon,12,ACAAAAA
366,otwarty,12,CAB
367,drzwi,12,AGBC
368,kierowca,12,AABCBB
369,według,12,GBBAA
370,tragedia,12,ADACBAA
371,chwila,12,ADACBABA
372,obywatelski,12,CBA
373,sieć,12,ADCCA
374,nikt,12,EFA
375,dodawać,12,BAAE
376,punkt,12,ACAAAAA
377,pisać,12,BAAFA
378,syn,12,AAAAB
379,temperatura,12,ADAAA
380,dodatek,12,ACABA
381,pierwszy,12,CAB
382,pamiętać,12,BDA
383,muzyczny,12,CAB
384,średni,12,CBB
385,opowieść,12,ADCCA
386,wyborczy,12,CAA
387,podpis,12,ACAAAAA
388,chór,12,ACAAAAA
389,zdrowy,12,AAEC
390,mln,12,-
391,podsiąść,12,BAFCAA
392,wyświetlenie,12,AEBAA
393,ekspert,12,AAADAA
394,woda,12,ADAAA
395,felicja,12,-
396,wynik,11,ACABA
397,3,11,-
398,zmiana,11,ADAAA
399,pięcie się,11,-
400,poznać,11,BDA
401,dodatkowy,11,CAB
402,potrzeba,11,ADAAA
403,choroba,11,ADAAA
404,zdrowie,11,AEBAC
405,przede,11,-
406,należeć,11,BCBA
407,warta,11,CCBBA
408,natomiast,11,GBBAB
409,pomysł,11,ACAAAAA
410,zobaczyć,11,BCCA
411,większy,11,CAB
412,tyle,11,EHBA
413,imię,11,AECB
414,amerykański,11,CBA
415,rząd,11,ACAAAAA
416,służba,11,ADAAA
417,Internet,11,ACAAAAA
418,brać,11,ADCAAA
419,akcja,11,ADACBAA
420,wydarzenie,11,AEBAA
421,sama,11,EDAAB
422,głos,11,ACAAAAA
423,przekonywać,11,BAAB
424,podkreślać,11,BDA
425,podstawa,11,ADAAA
426,sukienka,11,ADAB
427,mróz,11,ACAAAAA
428,nim,11,GBBAB
429,dorosły,11,AAEC
430,wybrać,11,BAAFA
431,dawać,11,BAAE
432,zajęcie,11,AEBAA
433,poła,11,ADAAA
434,granica,11,ADACABB
435,zapraszać,11,BDA
436,przypominać,11,BDA
437,dwie,11,DABCA
438,muzyk,11,AAACBA
439,album,11,ACAAAAA
440,przebywać,11,BDA
441,jake,11,-
442,miszalski,11,-
443,wprowadzenie,11,AEBAA
444,sct,11,-
445,tys,11,-
446,polityczny,11,CAB
447,np,11,-
448,sprawdzić,11,BBCA
449,kultura,11,ADAAA
450,pani,11,ADBAA
451,ewy,11,-
452,prosta,11,ADACCBA
453,muzeum,11,AED
454,zdrowotny,11,CAB
455,babcia,11,ADACBBB
456,4,10,-
457,drużyna,10,ADAAA
458,szybka,10,ADAB
459,strzał,10,ACAAAAA
460,wychodzić,10,BBCA
461,ogromny,10,CAB
462,wraz,10,FC
463,emocja,10,ADACBAA
464,stać,10,BAFABD
465,kwestia,10,ADACBAA
466,system,10,ACAAAAA
467,znaczenie,10,AEBAA
468,rozmawiać,10,BDA
469,część,10,ADCCA
470,połowa,10,ADAAA
471,lepiej,10,FC
472,wybór,10,ACAAAAA
473,fakt,10,ACAAAAA
474,doświadczenie,10,AEBAA
475,jednocześnie,10,FB
476,język,10,ACABBA
477,wyspa,10,ADAAA
478,trwać,10,BDA
479,sąd,10,ACAAAAA
480,ubiegły,10,BAFAAB
481,d,10,-
482,ofiara,10,ADAAA
483,8,10,-
484,fot,10,ACAABAA
485,tutaj,10,GBABB
486,obecnie,10,GBABB
487,trend,10,ACAAAAA
488,wzgląd,10,ACAAAAAB
489,radny,10,AAEC
490,ruch,10,ACAAAB
491,niektóry,10,AAEB
492,festiwal,10,ACACAA
493,chłopiec,10,AAACAB
494,por,10,ABABAAA
495,największy,10,CAB
496,sztuczny,10,CAB
497,przemoc,10,ADCAB
498,warsztat,10,ACAAAAA
499,wśród,10,GBBAA
500,młody,10,AAEC
501,odbyć,10,AEBAA
502,tekst,10,ACAAAAA
503,grudzień,10,ACACBAA
504,odpowiedź,10,ADCCA
505,przygotować,10,BAAA
506,sukces,10,ACAAAAA
507,pis,10,-
508,60,10,-
509,2024,10,-
510,skończyć,10,BCCA
511,energia,10,ADACBAA
512,zwrócić,10,BBCA
513,tiktoku,10,-
514,świąteczny,10,CAB
515,polka,10,ADAB
516,sklep,10,ACAAAAA
517,15,10,-
518,henryk,10,-
519,jakubowskich,10,-
520,gra,9,ADAAA
521,starać się,9,-
522,wówczas,9,FC
523,dość,9,GBABB
524,zatrzymać,9,BDA
525,potrzebować,9,BAAA
526,dobry,9,CAA
527,lęk,9,ACABA
528,badanie,9,AEBAA
529,funkcjonowanie,9,AEBAA
530,zaczynać,9,BDA
531,wspólny,9,CAB
532,częsty,9,CAB
533,partner,9,AAACAAAB
534,poziom,9,ACAAAAA
535,bliskość,9,ADCCA
536,typ,9,AAACAAAB
537,zmieniać,9,BDA
538,iść,9,BAFCAA
539,tłumaczyć,9,BCCA
540,wracać,9,BDA
541,wymagać,9,BDA
542,oglądać,9,BDA
543,rozwiązanie,9,AEBAA
544,zamiast,9,GBBAA
545,wynikać,9,BDA
546,prosić,9,BBCA
547,biały,9,CAB
548,trzymać,9,BDA
549,wspomnienie,9,AEBAA
550,krajowy,9,CAB
551,przyjść,9,AEBAA
552,funkcjonariusz,9,AAABD
553,dostępny,9,CAB
554,protest,9,ACAAAAA
555,publiczny,9,CAB
556,rodzaj,9,ACACACB
557,związek,9,ACABA
558,zabrać,9,BAAFA
559,podstawowy,9,CAB
560,ojciec,9,AAAAAB
561,występować,9,BAAA
562,wysoki,9,CBA
563,trasa,9,ADAAA
564,dobre,9,AEBBB
565,zapytać,9,BDA
566,podobny,9,CAB
567,pojechać,9,BAAFA
568,etap,9,ACAAAAA
569,12,9,-
570,krzysztof,9,-
571,mimo,9,GBBAA
572,premiera,9,AAACAAAB
573,publiczność,9,ADCCA
574,dostać,9,BAFABD
575,powrót,9,ACAAAAA
576,święta,9,ADACCBA
577,przewidywany,9,BAAB
578,domowy,9,CAB
579,warunek,9,ACABA
580,zasada,9,ADAAA
581,umiejętność,9,ADCCA
582,decyzja,9,ADACBAA
583,brat,9,AAAEA
584,hollywood,9,-
585,odwołanie,9,AEBAA
586,ciąg,9,ACABA
587,zł,9,-
588,ukraiński,9,CBA
589,ogół,9,ACAAAAA
590,około,9,GBBBBBB
591,udać,9,BDC
592,łukasz,9,-
593,przygotowanie,9,AEBAA
594,proces,9,ACAAAAA
595,musical,9,ACACAA
596,muzyka,9,AAACBA
597,wojna,9,ADAAA
598,unia,9,ADACBAA
599,ue,9,-
600,czekać,9,BDA
601,gwiazda,9,ADAAA
602,wersja,9,ADACBAA
603,osobisty,9,CAB
604,wystawa,9,ADAAA
605,model,9,AAABCA
606,moda,9,ADAAA
607,cebula,9,ADACBABA
608,oliwa,9,ADAAA
609,cytryn,9,ACAAAAA
610,mistrz,8,AAAAB
611,król,8,AAAAB
612,zagrać,8,BBCA
613,pojawić się,8,-
614,pole,8,AEBAA
615,uderzyć,8,BCCA
616,przerwa,8,ADAAA
617,stajać,8,BAAFC
618,męskość,8,ADCCA
619,źródło,8,AEAAAB
620,obawa,8,ADAAA
621,brak,8,ACABA
622,partnerka,8,ADAB
623,zdarzać,8,BDA
624,raczej,8,GBBBA
625,wsparcie,8,AEBAA
626,trudny,8,CAB
627,praktyczny,8,CAB
628,pojawiać się,8,-
629,tuż,8,GBBBBBB
630,coraz,8,GBABB
631,istnieć,8,BAD
632,wierzyć,8,BCCA
633,znacznie,8,FB
634,pytać,8,BDA
635,działania,8,AGDAA
636,premier,8,AAACAAAB
637,zjednoczony,8,CAB
638,propozycja,8,ADACBAA
639,dziś,8,ACF
640,kamera,8,ADAAA
641,wyglądać,8,BDA
642,bronić,8,BBCA
643,patrzyć,8,BCCA
644,bać się,8,-
645,protestować,8,BAAA
646,prawda,8,ADAAA
647,zmienić,8,BBCA
648,zgodnie,8,FB
649,serce,8,AEBAA
650,strach,8,ABABAAB
651,klasyczny,8,CAB
652,pewien,8,CCBBA
653,wprowadzić,8,BBCA
654,jeżeli,8,GBBAB
655,znak,8,ACABA
656,rad,8,ACAAAAA
657,środek,8,ACABBA
658,czerwony,8,CAB
659,medium,8,AED
660,myśleć,8,BBBA
661,najlepszy,8,CAB
662,mój,8,EAABA
663,samo,8,EEAAA
664,edukacyjny,8,CAB
665,materiał,8,ACAAAAA
666,władza,8,ADACABB
667,aktorka,8,ADAB
668,zapisać,8,BAAFA
669,trzeci,8,CBB
670,zarówno,8,FC
671,informacja,8,ADACBAA
672,pozostały,8,BAFABD
673,szkolny,8,CAB
674,statut,8,ACAAAAA
675,wskazywać,8,BAAB
676,luty,8,ACAAAAA
677,odwołać,8,BDA
678,liceum,8,AED
679,większość,8,ADCCA
680,mieszkanie,8,AEBAA
681,hit,8,-
682,gościć,8,BBCA
683,polityk,8,AAACBA
684,konfederacja,8,ADACBAA
685,inicjatywa,8,ADAAA
686,piotr,8,-
687,działacz,8,AAABD
688,michał,8,-
689,wjazd,8,ACAAAAA
690,marzec,8,ACACBC
691,urząd,8,ACAAAAAB
692,numer,8,ACAAAAA
693,środowisko,8,AEAAAA
694,2021,8,-
695,wymiar,8,ACAAAAA
696,słowackiego,8,-
697,stara,8,ADACCBA
698,2004,8,-
699,produkt,8,ACAAAAA
700,senior,8,AAACAAAB
701,top,8,ACAAAAA
702,pozwolić,8,BBCA
703,pomoc,8,ADCAB
704,chlebda,8,-
705,kościół,8,ACAABAA
706,parafia,8,ADACBAA
707,zero,8,AEAAAB
708,jedzenie,8,AEBAA
709,chleb,8,ACAABAA
710,downa,8,-
711,teatralny,8,CAB
712,letni,8,CBB
713,zakup,8,ACAAAAA
714,świeży,8,CAA
715,razer,8,-
716,smak,8,ACABA
717,więzienie,8,AEBAA
718,placówka,8,ADAB
719,nysa,8,ADAAA
720,garnek,8,ACABBA
721,julius,8,-
722,roberts,8,-
723,składnik,8,ACABBA
724,czosnek,8,ACABA
725,smażyć,8,BCCA
726,poezja,8,ADACBAA
727,sezon,7,ACAAAAA
728,otworzyć,7,BCCA
729,rozpocząć,7,BAFCB
730,cztery,7,DBAA
731,obrona,7,ADAAA
732,okolica,7,ADACABB
733,uratować,7,BAAA
734,ostatecznie,7,FC
735,presja,7,ADACBAA
736,prof,7,-
737,długo,7,FA
738,skoro,7,GBBAB
739,scenariusz,7,ACACBBA
740,przyczyna,7,ADAAA
741,skutek,7,ACABA
742,obowiązek,7,ACABA
743,zwłaszcza,7,GBBBA
744,zaproponować,7,BAAA
745,wyzwanie,7,AEBAA
746,rozumieć,7,BDBA
747,rodzinny,7,CAB
748,niezwykle,7,FB
749,przekonanie,7,AEBAA
750,możliwości,7,AGBC
751,zastrzelić,7,BBCA
752,renee,7,-
753,zginąć,7,BAEAB
754,kolega,7,AABCA
755,poza,7,ADAAA
756,słychać,7,BFB
757,chłopak,7,AAACBA
758,zanim,7,GBBAB
759,wewnętrzny,7,CAB
760,przyjąć,7,BAFCB
761,ulica,7,ADACABB
762,rama,7,ADAAA
763,noc,7,ADCAB
764,hotel,7,ACACAA
765,odmówić,7,BBCA
766,czytać,7,BDA
767,zapewniać,7,BDA
768,zaledwie,7,GBBBA
769,nasi,7,AFFB
770,layering,7,-
771,dziwny,7,CAB
772,zima,7,ADAAA
773,zależeć,7,BCBA
774,marta,7,-
775,zatrzymanie,7,AEBAA
776,taka,7,-
777,gmin,7,ACAAAAA
778,zachowanie,7,AEBAA
779,tworzenie,7,AEBAA
780,obecny,7,AAEC
781,moi,7,AFFC
782,nieco,7,FC
783,tytuł,7,ACAAAAA
784,jedynie,7,GBBBA
785,lubić,7,BBCA
786,złe,7,AEBBB
787,bliski,7,CBA
788,możliwość,7,ADCCA
789,wrażenie,7,AEBAA
790,lublinie,7,-
791,działalność,7,ADCCA
792,lato,7,AEAAAB
793,wyjątkowy,7,CAB
794,półrocze,7,AEBAB
795,sprawdzian,7,ACAAAAA
796,frekwencja,7,ADACBAA
797,vince,7,-
798,obraz,7,ACAAAAA
799,dopiero,7,GBBBA
800,bartosz,7,-
801,prawica,7,ADACABB
802,dyrektor,7,AAACAAAB
803,wydać,7,BDC
804,wziąć,7,BAFCAC
805,drewnicki,7,-
806,społeczny,7,CAB
807,gibała,7,-
808,jasne,7,FC
809,ii,7,-
810,stopień,7,AEBAA
811,państwo,7,AEAAAB
812,dana,7,ADACCBA
813,pasować,7,BAAA
814,śmiać się,7,-
815,90,7,-
816,łatwo,7,FA
817,teren,7,ACAAAAA
818,instytut,7,ACAAAAA
819,inteligencja,7,ADACBAA
820,filmik,7,ACABA
821,treść,7,ADCCA
822,boży,7,CAA
823,sport,7,ACAAAAA
824,rosyjski,7,ACD
825,billie,7,-
826,biżuteria,7,ADACBAA
827,tarcza,7,ADACABB
828,odrobina,7,ADAAA
829,płatek,7,ACABBA
830,lekcja,7,ADACBAA
831,produkcja,7,ADACBAA
832,areszt,7,ACAAAAA
833,luiza,7,-
834,ewę,7,-
835,kuchnia,7,ADACBAA
836,dolać,7,BAFBD
837,oze,7,-
838,bezdomny,7,AAEC
839,pomidor,7,ABABAAA
840,puszek,7,ACABA
841,makaron,7,ACAAAAA
842,drobno,7,FA
843,burak,7,ABAC
844,klopsik,7,ACABBA
845,poprzedni,6,CBB
846,uderzać,6,BDA
847,karny,6,ABC
848,okazja,6,ADACBAA
849,porażka,6,ADAB
850,reklama,6,ADAAA
851,poczucie,6,AEBAA
852,ochrona,6,ADAAA
853,tymczasem,6,GBABB
854,kategoria,6,ADACBAA
855,lecz,6,GBBAB
856,najczęściej,6,FC
857,jakość,6,ADCCA
858,kręcić,6,BBCA
859,zły,6,ABC
860,częściej,6,FC
861,zapewne,6,GBBBA
862,pokazać,6,BAAFA
863,lekarz,6,AAABD
864,błąd,6,ACAAAAAB
865,wystarczyć,6,BCCA
866,znów,6,GBBBA
867,zadanie,6,AEBAA
868,zyskać,6,BDA
869,dyskusja,6,ADACBAA
870,komunikacja,6,ADACBAA
871,zbyt,6,ACAAAAA
872,związany,6,BAAFA
873,maj,6,BBCA
874,suv,6,-
875,administracja,6,ADACBAA
876,działać,6,BDA
877,zupełnie,6,FB
878,serwis,6,ACAAAAA
879,37,6,-
880,dziesięć,6,DBBA
881,j,6,-
882,kupić,6,BBCA
883,prasowy,6,CAB
884,posiadać,6,BDA
885,komentować,6,BAAA
886,znany,6,BDA
887,uznać,6,BDA
888,wzrost,6,ACAAAAA
889,2023,6,-
890,wybierać,6,BDA
891,warstwa,6,ADAAA
892,kompozycja,6,ADACBAA
893,ciekawy,6,CAB
894,obserwować,6,BAAA
895,szpital,6,ACACBAA
896,starszy,6,CAB
897,postanowić,6,BBCA
898,zwykły,6,CAB
899,the,6,-
900,twórca,6,AABCBB
901,opinia,6,ADACBAA
902,producent,6,AAADAA
903,interesować,6,BAAA
904,specjalny,6,CAB
905,gdyby,6,GBBAB
906,tata,6,AABABA
907,opowiedzieć,6,BDC
908,dwudziesta,6,ADACCBA
909,najpierw,6,FC
910,wejście,6,AEBAA
911,amelka,6,-
912,zauważyć,6,BCCA
913,kontakt,6,ACAAAAA
914,światło,6,AEAAAB
915,tłumacz,6,AAABD
916,no,6,GBBBBAB
917,pójść,6,BAFCAA
918,otrzymać,6,BDA
919,krzysztofa,6,-
920,zakończyć,6,BCCA
921,jesień,6,ADCAAA
922,nazwa,6,ADAAA
923,student,6,AAADAA
924,aleksander,6,-
925,nr,6,-
926,termin,6,ACAAAAA
927,nauka,6,ADAB
928,data,6,ADAAA
929,ciągnąć,6,BAEAA
930,trochę,6,DF
931,podejście,6,AEBAA
932,wyłącznie,6,GBBBA
933,lawa,6,ADAAA
934,twarz,6,ADCAB
935,pozwalać,6,BDA
936,finansowy,6,CAB
937,sprzedaż,6,ADCAB
938,cena,6,ADAAA
939,wokół,6,GBBAA
940,prawie,6,GBBBA
941,partia,6,ADACBAA
942,najbliższy,6,CAB
943,informować,6,BAAA
944,sobota,6,ADAAA
945,dalej,6,FC
946,kandydat,6,AAADAA
947,zdobyć,6,AEBAA
948,włos,6,ACAABAA
949,październik,6,ACABBA
950,2022,6,-
951,juliusza,6,-
952,sofoklesa,6,-
953,andrzeja,6,-
954,królewski,6,CBA
955,zastanawiać,6,BDA
956,program,6,ACAAAAA
957,40,6,-
958,26,6,-
959,glen,6,-
960,dziennikarz,6,AAABD
961,idealnie,6,FB
962,wspominać,6,BDA
963,wreszcie,6,GBBBA
964,zostawić,6,BBCA
965,drewniany,6,CAB
966,spotkać,6,BDA
967,dawida,6,-
968,śnieg,6,ACABA
969,telewizja,6,ADACBAA
970,pokolenie,6,AEBAA
971,użycie,6,AEBAA
972,narodzenie,6,AEBAA
973,miłość,6,ADCCA
974,spędzić,6,BBCA
975,atak,6,ACABA
976,ukrainy,6,-
977,wy,6,EIA
978,boski,6,CBA
979,podkreślić,6,BBCA
980,damski,6,CBA
981,dawid,6,-
982,klimat,6,ACAAAAA
983,rejestr,6,ACAAAAA
984,ziemia,6,ADACBABA
985,14,6,-
986,obowiązkowy,6,CAB
987,apelować,6,BAAA
988,poinformować,6,BAAA
989,abw,6,-
990,podać,6,BDC
991,kulinarny,6,CAB
992,juliusa,6,-
993,mięso,6,AEAAAB
994,kurczak,6,ABAC
995,pomidorowy,6,CAB
996,szczypta,6,ADAAA
997,sol,6,ABAABA
998,tahini,6,-
999,barcelona,5,-
1000,athletic,5,-
1001,podobnie,5,FB
1002,puchar,5,ACAAAAA
1003,uczestnik,5,AAACBA
1004,zaskakiwać,5,BAAC
1005,skład,5,ACAAAAA
1006,zatrzymywać,5,BAAB
1007,kilkadziesiąt,5,DBFA
1008,uderzenie,5,AEBAA
1009,mocny,5,CAB
1010,seria,5,ADACBAA
1011,oba,5,DABB
1012,tempo,5,AEAAAB
1013,wykorzystać,5,BDA
1014,napięcie,5,AEBAA
1015,hasło,5,AEAAAB
1016,test,5,ACAAAAA
1017,facet,5,AAADAA
1018,sprawność,5,ADCCA
1019,kluczowy,5,CAB
1020,gabinet,5,ACAAAAA
1021,unikać,5,BDA
1022,pewnie,5,FB
1023,kochać,5,BDA
1024,efekt,5,ACAAAAA
1025,diagnoza,5,ADAAA
1026,słyszeć,5,BCBA
1027,zagrożenie,5,AEBAA
1028,sfera,5,ADAAA
1029,emocjonalny,5,CAB
1030,ciepło,5,AEAAAB
1031,komunikat,5,ACAAAAA
1032,par,5,AAAAAA
1033,zapach,5,ACAAAB
1034,pewność,5,ADCCA
1035,budować,5,BAAA
1036,moc,5,ADCAB
1037,wizyta,5,ADAAA
1038,możliwe,5,GBABA
1039,ryzyko,5,AEAAAA
1040,zawał,5,ACAAAAA
1041,ostatnio,5,FC
1042,bóg,5,AAAAAB
1043,para,5,AAAAAA
1044,praktyka,5,AAACBA
1045,sens,5,ACAAAAA
1046,przekazanie,5,AEBAA
1047,archipelag,5,ACABA
1048,planowany,5,BAAA
1049,portal,5,ACACAA
1050,przekazać,5,BAAFA
1051,operacja,5,ADACBAA
1052,brytanii,5,-
1053,wniosek,5,ACABA
1054,pochodzić,5,BBCA
1055,nicole,5,-
1056,trump,5,-
1057,alpha,5,-
1058,siedzieć,5,BBBA
1059,piątek,5,ACABA
1060,9,5,-
1061,podchodzić,5,BBCA
1062,ds,5,-
1063,konferencja,5,ADACBAA
1064,przejechać,5,BAAFA
1065,jorku,5,-
1066,hilton,5,-
1067,departament,5,ACAAAAA
1068,kampania,5,ADACBAA
1069,post,5,ACAAAAA
1070,właściciel,5,AAABCA
1071,przeprowadzić,5,BBCA
1072,żyć,5,AEBAA
1073,znajdować,5,BAAA
1074,zbudować,5,BAAA
1075,pamięć,5,ADCCA
1076,strój,5,BBCA
1077,szczególnie,5,FB
1078,zimowy,5,CAB
1079,niski,5,CBA
1080,kształt,5,ACAAAAA
1081,zabawa,5,ADAAA
1082,wyobraźnia,5,ADACBAA
1083,kardiologiczny,5,CAB
1084,dr,5,-
1085,doprowadzić,5,BBCA
1086,dojść,5,AEBAA
1087,zwracać,5,BDA
1088,zaangażowanie,5,AEBAA
1089,klatka,5,ADAB
1090,uniwersytet,5,ACAAAAA
1091,kosztować,5,BAAA
1092,wpływać,5,BDA
1093,familijny,5,CAB
1094,dziewczynka,5,ADAB
1095,zaprezentować,5,BAAA
1096,uśmiechać się,5,-
1097,dowiedzieć się,5,-
1098,swój,5,EAABA
1099,bohaterka,5,ADAB
1100,koszt,5,ACAAAAA
1101,reż,5,-
1102,różnić,5,BBCB
1103,narzędzie,5,AEBAC
1104,inaczej,5,FC
1105,masowy,5,CAB
1106,usłyszeć,5,BCBA
1107,odbywać,5,BDA
1108,nasza,5,-
1109,jedyne,5,AEBBB
1110,członek,5,AAAAB
1111,koncertowy,5,CAB
1112,klub,5,ACAAAAA
1113,zająć,5,BAFCB
1114,kameralny,5,CAB
1115,piosenka,5,ADAB
1116,zebranie,5,AEBAA
1117,czwórka,5,ADAB
1118,uczenie,5,AEBAA
1119,ostateczny,5,CAB
1120,straż,5,ADCAB
1121,listopad,5,ACAABAA
1122,klasyfikacja,5,ADACBAA
1123,określony,5,BBCA
1124,bowiem,5,GBBAB
1125,wyższy,5,CAB
1126,indywidualny,5,CAB
1127,wyliczać,5,BDA
1128,waga,5,ADAB
1129,najlepiej,5,FC
1130,marzenie,5,AEBAA
1131,skala,5,ADACBABA
1132,grunt,5,ACAAAAA
1133,wspólnie,5,FC
1134,restauracja,5,ADACBAA
1135,idealny,5,CAB
1136,uśmiech,5,ACAAAB
1137,ściana,5,ADAAA
1138,doskonały,5,CAB
1139,zostawiać,5,BDA
1140,świadek,5,AAAAB
1141,wchodzić,5,BBCA
1142,głośny,5,CAB
1143,odpowiedzialny,5,CAB
1144,kardynał,5,AAAAAA
1145,ryś,5,ABAABA
1146,prawicowy,5,CAB
1147,wobec,5,G
1148,twierdzić,5,BBCA
1149,przeciwko,5,GBBAA
1150,zapłacić,5,BBCA
1151,podwyżka,5,ADAB
1152,wzrosły,5,CAB
1153,liczyć,5,BCCA
1154,państwowy,5,CAB
1155,zastępca,5,AABCBB
1156,barwa,5,ADAAA
1157,nazwisko,5,AEAAAA
1158,zebrać,5,BAAFA
1159,zauważać,5,BDA
1160,rzeplińska,5,-
1161,pl,5,-
1162,zaznaczać,5,BDA
1163,zachować,5,BDA
1164,jarosław,5,-
1165,mało,5,DF
1166,mniejszy,5,CAB
1167,poseł,5,AAAAAA
1168,wejść,5,AEBAA
1169,ku,5,GBBAA
1170,zapowiadać,5,BDA
1171,prokuratura,5,ADAAA
1172,zarzut,5,ACAAAAA
1173,ponownie,5,FB
1174,rekord,5,ACAAAAA
1175,odwiedzić,5,BBCA
1176,rynek,5,ACABA
1177,iii,5,-
1178,reżyseria,5,ADACBAA
1179,jakuba,5,-
1180,roszkowskiego,5,-
1181,16,5,-
1182,mieszać,5,BDA
1183,odnotować,5,BAAA
1184,powella,5,-
1185,kariera,5,ADAAA
1186,swoje,5,EDAB
1187,limato,5,-
1188,szef,5,AAAAAA
1189,gun,5,-
1190,dolar,5,ABABAAA
1191,inspirować,5,BAAA
1192,myśl,5,ADCCA
1193,dzisiaj,5,ACF
1194,dekada,5,ADAAA
1195,zresztą,5,GBBBA
1196,gdzieś,5,GBABB
1197,dorobek,5,ACABA
1198,spora,5,ADAAA
1199,filharmonia,5,ADACBAA
1200,wykonanie,5,AEBAA
1201,pełny,5,CAB
1202,youtube,5,-
1203,prawilne,5,-
1204,europejski,5,CBA
1205,platforma,5,ADAAA
1206,mazurek,5,ABAC
1207,symbol,5,ACACAA
1208,popularność,5,ADCCA
1209,kawałek,5,ACABBA
1210,ronaldo,5,-
1211,planować,5,BAAA
1212,wyjątkowość,5,ADCCA
1213,stąd,5,GBABB
1214,wspólnota,5,ADAAA
1215,kanapka,5,ADAB
1216,kazać,5,BAAFA
1217,eilish,5,-
1218,chopinowski,5,CBA
1219,wielkość,5,ADCCA
1220,złoto,5,AEAAAB
1221,stylizacja,5,ADACBAA
1222,1993,5,-
1223,odcień,5,ACACBAA
1224,duch,5,ABABAAB
1225,skibidi,5,-
1226,skazać,5,BAAFA
1227,tennessee,5,-
1228,olszowska,5,-
1229,porcja,5,ADACBAA
1230,rejonowy,5,CAB
1231,małopolsce,5,-
1232,ideologia,5,ADACBAA
1233,nadal,5,FC
1234,oddać,5,BDC
1235,mdc,5,-
1236,wolność,5,ADCCA
1237,organizacja,5,ADACBAA
1238,tymczasowy,5,CAB
1239,pojazd,5,ACAAAAA
1240,medal,5,ACACAA
1241,wyrzucić,5,BBCA
1242,bogdan,5,-
1243,przyjeżdżać,5,BDA
1244,luizy,5,-
1245,piekło,5,BAFCAB
1246,słońce,5,AEBAA
1247,zięć,5,AAAAB
1248,kacmajora,5,-
1249,wskazać,5,BAAFA
1250,100,5,-
1251,dołożyć,5,BCCA
1252,farma,5,ADAAA
1253,gotowanie,5,AEBAA
1254,koza,5,ADAAA
1255,rondel,5,ACACBAA
1256,doprawić,5,BBCA
1257,posiekany,5,BDA
1258,półfinał,4,ACAAAAA
1259,bilbao,4,-
1260,czwartek,4,ACABA
1261,niedziela,4,ADACBABA
1262,walczyć,4,BCCA
1263,postawić,4,BBCA
1264,polaków,4,-
1265,nadziać,4,BAFBD
1266,22,4,-
1267,piłka,4,ADAB
1268,noga,4,ADAB
1269,minąć,4,BAEAB
1270,niewiele,4,DEBA
1271,obok,4,GBABB
1272,potknięcie,4,AEBAA
1273,preparat,4,ACAAAAA
1274,odmawiać,4,BDA
1275,erekcja,4,ADACBAA
1276,znaczyć,4,BCCA
1277,dawidem,4,-
1278,realizacja,4,ADACBAA
1279,spotykać,4,BDA
1280,spadek,4,ACABA
1281,libido,4,AEE
1282,wstyd,4,ACAAAAA
1283,zawód,4,ACAAAAA
1284,objaw,4,ACAAAAA
1285,góra,4,ADAAA
1286,stres,4,ACAAAAA
1287,lek,4,ACABAB
1288,trudność,4,ADCCA
1289,wpływ,4,ACAAAAA
1290,nastrój,4,BBCA
1291,organizm,4,ACAAAAA
1292,zagubiony,4,BBCA
1293,specjalista,4,AABDAA
1294,dziwić się,4,-
1295,rzeczywiście,4,FC
1296,ujęcie,4,AEBAA
1297,bywać,4,BDA
1298,przyjemność,4,ADCCA
1299,pomóc,4,BAFCAB
1300,przestać,4,BAFABD
1301,pacjent,4,AAADAA
1302,delikatnie,4,FB
1303,zdecydowanie,4,AEBAA
1304,kierować,4,BAAA
1305,funkcja,4,ADACBAA
1306,nawiązywać,4,BAAB
1307,działanie,4,AEBAA
1308,spektakularny,4,CAB
1309,używać,4,BDA
1310,mniej,4,FC
1311,wiek,4,ACABA
1312,wcale,4,GBBBA
1313,obawiać się,4,-
1314,naturalny,4,CAB
1315,poprosić,4,BBCA
1316,mauritiusowi,4,-
1317,baza,4,ADAAA
1318,region,4,ACAAAAA
1319,wyjątek,4,ACABA
1320,następny,4,CAB
1321,dziennik,4,ACABBA
1322,znaczący,4,CAA
1323,rossa,4,-
1324,imigracyjny,4,CAB
1325,wcześniejszy,4,CAB
1326,bordowy,4,CAB
1327,dotrzeć,4,BABA
1328,zło,4,AEAAAA
1329,wiceprezydent,4,AAADAA
1330,zastrzelenie,4,AEBAA
1331,wieczorem,4,FC
1332,twoja,4,EDAB
1333,śledztwo,4,AEAAAB
1334,uciekać,4,BDA
1335,narracja,4,ADACBAA
1336,ostrzegać,4,BDA
1337,obiecać,4,BDA
1338,pokój,4,ACACAA
1339,korzystać,4,BDA
1340,e,4,-
1341,utrudniać,4,BDA
1342,odpowiedzieć,4,BDC
1343,instagramie,4,-
1344,oświadczenie,4,AEBAA
1345,wątpliwość,4,ADCCA
1346,federalny,4,CAB
1347,kłamać,4,BAAFA
1348,wyrażać,4,BDA
1349,zdać,4,BDC
1350,wystarczająco,4,FC
1351,becca,4,-
1352,dokąd,4,GBAA
1353,szczęście,4,AEBAA
1354,wesprzeć,4,BABA
1355,sąsiad,4,AAADAA
1356,sześcioletni,4,CBB
1357,okazywać,4,BAAB
1358,odpuścić,4,BBCA
1359,zakładać,4,BDA
1360,ciepły,4,CAB
1361,połączenie,4,AEBAA
1362,koszula,4,ADACBABA
1363,wierny,4,AAEC
1364,szacować,4,BAAA
1365,fizyczny,4,AAEC
1366,nagły,4,CAB
1367,intensywny,4,CAB
1368,papieros,4,ABABAAA
1369,przyznać,4,BDA
1370,wywołać,4,BDA
1371,wyjaśniać,4,BDA
1372,marcin,4,-
1373,potrzebny,4,CAB
1374,oznakowanie,4,AEBAA
1375,zaskoczyć,4,BCCA
1376,bok,4,ACABA
1377,prowadzony,4,BBCA
1378,wiadomo,4,BFBA
1379,lokalny,4,CAB
1380,gazeta,4,ADAAA
1381,dzieciństwo,4,AEAAAB
1382,dotąd,4,GBABB
1383,krytyka,4,AAACBA
1384,odejść,4,AEBAA
1385,poradzić,4,BBCA
1386,zorientować,4,BAAA
1387,konsultacja,4,ADACBAA
1388,komander,4,-
1389,reszta,4,ADAAA
1390,dzielić,4,BBCA
1391,zaznaczyć,4,BCCA
1392,dziecięcy,4,CAA
1393,bić,4,AEBAA
1394,granie,4,AEBAA
1395,wojciech,4,-
1396,trudno,4,FA
1397,wiara,4,ADAAA
1398,zaprosić,4,BBCA
1399,pokaz,4,ACAAAAA
1400,niestety,4,GBBBA
1401,zaś,4,GBBAB
1402,traktować,4,BAAA
1403,złapać,4,BAAFA
1404,wydarzyć się,4,-
1405,niby,4,GBBBA
1406,zgoda,4,ADAAA
1407,radzić,4,BBCA
1408,budka,4,ADAB
1409,sufler,4,AAACAAAB
1410,lider,4,AAACAAAB
1411,2019,4,-
1412,s,4,-
1413,współpraca,4,ADACABB
1414,podjąć,4,BAFCB
1415,śródrocznych,4,-
1416,budzić,4,BBCA
1417,śródroczne,4,-
1418,klasyfikacyjny,4,CAB
1419,określać,4,BDA
1420,śródrocznej,4,-
1421,konkretny,4,CAB
1422,oświata,4,ADAAA
1423,rozwiązać,4,BAAFA
1424,podstawówka,4,ADAB
1425,osiągnięcie,4,AEBAA
1426,stwierdzić,4,BBCA
1427,prawić,4,BBCA
1428,nauczanie,4,AEBAA
1429,ważony,4,CAB
1430,ola,4,-
1431,wymagania,4,AGDAA
1432,obcy,4,AAEB
1433,prowadzący,4,AAEB
1434,spełniać,4,BDA
1435,konsekwencja,4,ADACBAA
1436,rozpaść się,4,-
1437,kiedyś,4,GBABB
1438,narkotyk,4,ACABA
1439,trup,4,AAACAAAB
1440,wszelki,4,CBA
1441,milion,4,ACAABAA
1442,rozwijać,4,BDA
1443,wolno,4,BFBA
1444,były,4,BEA
1445,odpowiadać,4,BDA
1446,przeszkadzać,4,BDA
1447,zostawać,4,BAAE
1448,złościć,4,BBCA
1449,uciec,4,BAFAAB
1450,spółka,4,ADAB
1451,orszak,4,ACABA
1452,bocheńczak,4,-
1453,niemal,4,FC
1454,związać,4,BAAFA
1455,zasięg,4,ACABA
1456,kadencja,4,ADACBAA
1457,uchwała,4,ADAAA
1458,centrum,4,AED
1459,partyjny,4,AAEC
1460,usunięcie,4,AEBAA
1461,stanowisko,4,AEAAAA
1462,doskonale,4,FB
1463,realny,4,CAB
1464,dokładnie,4,FB
1465,zakopany,4,BAAFA
1466,róża,4,ADACABB
1467,silny,4,CAB
1468,ówczesny,4,CAB
1469,spróbować,4,BAAA
1470,naukowiec,4,AAACBA
1471,2018,4,-
1472,angażować,4,BAAA
1473,spokojny,4,CAB
1474,walka,4,ADABA
1475,wyjście,4,AEBAA
1476,jednostka,4,ADAB
1477,funkcjonować,4,BAAA
1478,styles,4,-
1479,wydanie,4,AEBAA
1480,live,4,-
1481,towarzyszyć,4,BCCA
1482,nominacja,4,ADACBAA
1483,magazyn,4,ACAAAAA
1484,wrzesień,4,ACACBAA
1485,teraźniejszość,4,ADCCA
1486,społeczeństwo,4,AEAAAB
1487,poprzez,4,GBBAA
1488,nacisk,4,ACABA
1489,pogląd,4,ACAAAAA
1490,branżowy,4,CAB
1491,tygodniowo,4,FC
1492,rozumienie,4,AEBAA
1493,nazwać,4,BAAFB
1494,stała,4,BAFABD
1495,jakub,4,-
1496,zamek,4,ACABA
1497,wawelu,4,-
1498,artystyczny,4,CAB
1499,współczesny,4,AAEC
1500,agnieszka,4,-
1501,karol,4,-
1502,godz,4,-
1503,zakres,4,ACAAAAA
1504,gospodarka,4,ADAB
1505,dynamiczny,4,CAB
1506,austin,4,-
1507,dłoń,4,ADCAAB
1508,talent,4,ACAAAAA
1509,dywan,4,ACAAAAA
1510,elegancki,4,CBA
1511,oceniać,4,BDA
1512,sprzedać,4,BDC
1513,umieć,4,BDBA
1514,wkrótce,4,GBABB
1515,wystąpić,4,BBCA
1516,komedia,4,ADACBAA
1517,cruise,4,-
1518,maverick,4,-
1519,przyszłość,4,ADCCA
1520,połączyć,4,BCCA
1521,mnóstwo,4,AEAAAB
1522,południe,4,AEBAC
1523,śniadanie,4,AEBAA
1524,kawa,4,ADAAA
1525,ks,4,-
1526,piękny,4,CAB
1527,przychodzić,4,BBCA
1528,podlaskiego,4,-
1529,przyjechać,4,BAAFA
1530,gotowy,4,CAB
1531,cieszyć,4,BCCA
1532,republika,4,ADAB
1533,raport,4,ACAAAAA
1534,rymanowski,4,-
1535,stanowski,4,-
1536,ai,4,-
1537,okres,4,ACAAAAA
1538,prawilnych,4,-
1539,dziewczyna,4,ADAAA
1540,polexit,4,-
1541,ministerstwo,4,AEAAAB
1542,rozwiązywać,4,BAAB
1543,użytkownik,4,AAACBA
1544,minister,4,AAAAAA
1545,pełen,4,CCBBA
1546,blisko,4,FA
1547,kupować,4,BAAA
1548,tr,4,-
1549,radość,4,ADCCA
1550,oznaczać,4,BDA
1551,figura,4,ADAAA
1552,stół,4,ACAAAAA
1553,stworzyć,4,BCCA
1554,moskwa,4,-
1555,pocisk,4,ACABA
1556,elektryczny,4,CAB
1557,zdarzenie,4,AEBAA
1558,aresztować,4,BAAA
1559,pianista,4,AABDAA
1560,yehuda,4,-
1561,prokopowicz,4,-
1562,wieś,4,ADCAAA
1563,zbiory,4,AGAB
1564,rzeźba,4,ADAAA
1565,kreacja,4,ADACBAA
1566,piec,4,ACACBC
1567,wrocławiu,4,-
1568,tumblr,4,-
1569,przetłumaczyć,4,BCCA
1570,slang,4,ACABA
1571,dotyczący,4,CAA
1572,krem,4,ACAAAAA
1573,pieczywo,4,AEAAAB
1574,słodki,4,CBA
1575,ząb,4,ACAABAA
1576,men,4,-
1577,laureat,4,AAADAA
1578,avatar,4,-
1579,nowo,4,FC
1580,koci,4,CBB
1581,żwirek,4,ACABA
1582,baron,4,AAAAAA
1583,oto,4,GBBBA
1584,zamach,4,ACAAAB
1585,jarmark,4,ACABA
1586,narciarski,4,CBA
1587,urodzić,4,BBCA
1588,but,4,ACAABAA
1589,hbo,4,-
1590,felicji,4,-
1591,owca,4,ADACABB
1592,kradzież,4,ADCAB
1593,małgosia,4,-
1594,rolnictwo,4,AEAAAB
1595,zbigniew,4,-
1596,mieszkać,4,BDA
1597,1996,4,-
1598,marian,4,-
1599,kowalski,4,CBA
1600,eugenii,4,-
1601,rak,4,ABAC
1602,kryptowalut,4,-
1603,leczyć,4,BCCA
1604,las,4,ACAAAAA
1605,1992,4,-
1606,luizę,4,-
1607,doktor,4,AAACAAAB
1608,rzecki,4,-
1609,ustawa,4,ADAAA
1610,deska,4,ADAB
1611,kryptowaluty,4,-
1612,waluta,4,ADAAA
1613,wiatr,4,ACAAAAA
1614,spaść,4,BAFAAAB
1615,łomży,4,-
1616,orkiestra,4,ADAAA
1617,gotować,4,BAAA
1618,chili,4,-
1619,koncentrat,4,ACAAAAA
1620,natka,4,ADAB
1621,pietruszka,4,ADAB
1622,pokroić,4,BBCA
1623,wymieszać,4,BDA
1624,creme,4,-
1625,fraiche,4,-
1626,kmin,4,ACAAAAA
1627,zmiksować,4,BAAA
1628,pokrojony,4,BBCA
1629,wiersz,4,ACACBBA
1630,minerał,4,ACAAAAA
1631,diament,4,ACAAAAA
1632,zbierać,3,BDA
1633,hiszpanii,3,-
1634,fc,3,-
1635,0,3,-
1636,reprezentacja,3,ADACBAA
1637,siatka,3,ADAB
1638,raphinha,3,-
1639,prosty,3,CAB
1640,czwarty,3,CAB
1641,lewy,3,ABABAAA
1642,honor,3,ACAAAAA
1643,lewandowski,3,-
1644,obie,3,DABCA
1645,72,3,-
1646,seksuolog,3,AAACBA
1647,męski,3,CBA
1648,sugerować,3,BAAA
1649,zgłaszać,3,BDA
1650,utrata,3,ADAAA
1651,kontrola,3,ADACBAA
1652,uczucie,3,AEBAA
1653,oczekiwania,3,AGDAA
1654,cukrzyca,3,ADACABB
1655,psychiczny,3,CAB
1656,pożądanie,3,AEBAA
1657,rodzicielski,3,CBA
1658,rzadko,3,FA
1659,zwykle,3,FB
1660,sum,3,ABABAAA
1661,miara,3,ADAAA
1662,ogólny,3,CAB
1663,wspomnieć,3,BBBB
1664,motywować,3,BAAA
1665,potencjał,3,ACAAAAA
1666,przestawać,3,BAAE
1667,bądź,3,GBBAB
1668,zaufanie,3,AEBAA
1669,porównanie,3,AEBAA
1670,pomagać,3,BDA
1671,zainteresowanie,3,AEBAA
1672,porozmawiać,3,BDA
1673,ćwiczenia,3,AGDAA
1674,skupić,3,BBCA
1675,świadomy,3,CAB
1676,reakcja,3,ADACBAA
1677,znowu,3,GBBBA
1678,otwarcie,3,AEBAA
1679,przyjmować,3,BAAA
1680,pójście,3,-
1681,zachęcać,3,BDA
1682,choćby,3,GBBBA
1683,nieść,3,BAFCAA
1684,wysokość,3,ADCCA
1685,sięgać,3,BDA
1686,takiej,3,-
1687,nauczyć,3,BCCA
1688,wyobrażenie,3,AEBAA
1689,karmić,3,BBCA
1690,ocenianie,3,AEBAA
1691,odejście,3,AEBAA
1692,młodość,3,ADCCA
1693,ponieważ,3,GBBAB
1694,świadomość,3,ADCCA
1695,życiowy,3,CAB
1696,absolutny,3,CAB
1697,klucz,3,ACACBBA
1698,różnica,3,ADACABB
1699,szczery,3,CAA
1700,absolutnie,3,FB
1701,otwartość,3,ADCCA
1702,opierać,3,BDA
1703,założenie,3,AEBAA
1704,cud,3,ACAAAAA
1705,donalda,3,-
1706,prośba,3,ADAAA
1707,czagos,3,-
1708,ocean,3,ACAAAAA
1709,indyjski,3,CBA
1710,brytanię,3,-
1711,zamiana,3,ADAAA
1712,przywódca,3,AABCBB
1713,nietypowy,3,CAB
1714,oficjalnie,3,FB
1715,x,3,-
1716,diego,3,-
1717,garcia,3,-
1718,traktat,3,ACAAAAA
1719,ujawnić,3,BBCB
1720,l,3,-
1721,mld,3,-
1722,formalnie,3,FB
1723,odbycie,3,AEBAA
1724,inwestycja,3,ADACBAA
1725,and,3,-
1726,jakby,3,GBABB
1727,filmować,3,BAAA
1728,okno,3,AEAAAB
1729,donald,3,-
1730,powoływać,3,BAAB
1731,utrzymywać,3,BAAB
1732,minnesoty,3,-
1733,porządek,3,ACABA
1734,kierownica,3,ADACABB
1735,ilustracyjny,3,CAB
1736,ross,3,-
1737,vance,3,-
1738,tamta,3,EDAAB
1739,tablica,3,ADACABB
1740,zabić,3,AEBAA
1741,przejąć,3,BAFCB
1742,skręcać,3,BDA
1743,koło,3,AEAAAB
1744,krzyczeć,3,BCBA
1745,taką,3,-
1746,postrzelić,3,BBCA
1747,kierunek,3,ACABA
1748,kłamstwo,3,AEAAAB
1749,burmistrz,3,AAAAB
1750,dopuścić,3,BBCA
1751,środa,3,ADAAA
1752,należący,3,CAA
1753,dhs,3,-
1754,misja,3,ADACBAA
1755,niezależny,3,CAB
1756,snyder,3,-
1757,morderstwo,3,AEAAAB
1758,ulec,3,BAFAAB
1759,poprawa,3,ADAAA
1760,dobroć,3,ADCAAA
1761,naszej,3,-
1762,przyjaciel,3,AAABBB
1763,lepszy,3,CAB
1764,odrzucać,3,BDA
1765,ubranie,3,AEBAA
1766,interesujący,3,BAAA
1767,pas,3,ACAAAAA
1768,pasek,3,ACABBA
1769,długi,3,ACABA
1770,odsłonie,3,-
1771,pozostać,3,BAFABD
1772,trafiać,3,BDA
1773,pogoda,3,ADAAA
1774,potwierdzać,3,BDA
1775,odśnieżanie,3,AEBAA
1776,krążenie,3,AEBAA
1777,boleć,3,BAD
1778,malowanie,3,AEBAA
1779,prędkość,3,ADCCA
1780,spodziewać się,3,-
1781,wykonać,3,BDA
1782,centralny,3,CAB
1783,linia,3,ADACBAA
1784,skłaniać,3,BDA
1785,zmniejszenie,3,AEBAA
1786,wypaść,3,BAFAAAB
1787,nabrać,3,BAAFA
1788,prosto,3,FA
1789,gibson,3,-
1790,najwyższy,3,CAB
1791,zabierać,3,BDA
1792,pułapka,3,ADAB
1793,gatunek,3,ACABA
1794,ono,3,EEAAB
1795,wbrew,3,GBBAA
1796,debiut,3,ACAAAAA
1797,zachowywać,3,BAAB
1798,znajomy,3,AAEC
1799,przekonać,3,BDA
1800,słuchać,3,BDA
1801,odbiorca,3,AABCBB
1802,pewny,3,CAB
1803,strata,3,ADAAA
1804,zdziwić,3,BBCA
1805,pisanie,3,AEBAA
1806,wcielać,3,BDA
1807,córka,3,ADAB
1808,chociaż,3,GBBBA
1809,casting,3,-
1810,roczny,3,CAB
1811,odpowiedzialność,3,ADCCA
1812,wymarzony,3,CAB
1813,stosunek,3,ACABA
1814,kojarzyć,3,BCCA
1815,mocno,3,FA
1816,docenić,3,BBCA
1817,ocenić,3,BBCA
1818,niech,3,GBBBBAA
1819,koleżanka,3,ADAB
1820,rzeczywistość,3,ADCCA
1821,zmierzyć,3,BCCA
1822,zarazem,3,FC
1823,sprawca,3,AABCBB
1824,równia,3,ADACBAA
1825,zniszczyć,3,BCCA
1826,spojrzeć,3,BCBA
1827,sala,3,ADACBABA
1828,wada,3,ADAAA
1829,zapomnieć,3,BBBB
1830,11,3,-
1831,niemczech,3,-
1832,rozważać,3,BDA
1833,grono,3,AEAAAB
1834,niemiec,3,-
1835,zaplanowany,3,BAAA
1836,angielski,3,ACD
1837,zadzwonić,3,BBCA
1838,odebrać,3,BAAFA
1839,rower,3,ACAAAAA
1840,sto,3,DBGA
1841,cugowskiego,3,-
1842,przebój,3,ACACACB
1843,sen,3,ACAAAAA
1844,wielokrotnie,3,FC
1845,przewinąć,3,BAEAB
1846,25,3,-
1847,tomasz,3,-
1848,2020,3,-
1849,70,3,-
1850,współpracować,3,BAAA
1851,off,3,-
1852,2014,3,-
1853,1969,3,-
1854,wokalista,3,AABDAA
1855,basista,3,AABDAA
1856,jacka,3,-
1857,studencki,3,CBA
1858,dotychczasowy,3,CAB
1859,przygotowywanie,3,AEBAA
1860,radio,3,AEAABA
1861,wystawianie,3,AEBAA
1862,rodzić,3,BBCA
1863,będzinie,3,-
1864,przedstawiony,3,BBCA
1865,piątka,3,ADAB
1866,27,3,-
1867,sp,3,-
1868,wykazać,3,BAAFA
1869,zapis,3,ACAAAAA
1870,niedostateczny,3,CAB
1871,aleksandra,3,-
1872,stowarzyszenie,3,AEBAA
1873,kryzys,3,ACAAAAA
1874,zwany,3,BAAFB
1875,pedagogiczny,3,CAB
1876,dyrektorka,3,ADAB
1877,wydział,3,ACAAAAA
1878,kształcenie,3,AEBAA
1879,ustalenie,3,AEBAA
1880,ustalać,3,BDA
1881,ustalanie,3,AEBAA
1882,nagle,3,FC
1883,nieobowiązkowy,3,CAB
1884,różnie,3,FB
1885,wprost,3,GBABB
1886,śródroczna,3,-
1887,postęp,3,ACAAAAA
1888,prawny,3,CAB
1889,promocja,3,ADACBAA
1890,negatywny,3,CAB
1891,monika,3,-
1892,horna,3,-
1893,cieślak,3,-
1894,formalny,3,CAB
1895,bieżący,3,CAA
1896,ustny,3,CAB
1897,podjęcie,3,AEBAA
1898,reagować,3,BAAA
1899,ustalić,3,BBCA
1900,układać,3,BDA
1901,matura,3,ADAAA
1902,black,3,-
1903,rabbit,3,-
1904,jude,3,-
1905,wiecznie,3,FB
1906,knajpa,3,ADAAA
1907,przegrać,3,BDA
1908,jawić się,3,-
1909,modny,3,CAB
1910,najpiękniejszy,3,CAB
1911,recenzja,3,ADACBAA
1912,szczać,3,BCA
1913,powoli,3,FC
1914,błędny,3,CAB
1915,otwierać,3,BDA
1916,wina,3,ADAAA
1917,melancholijny,3,CAB
1918,wisieć,3,BBBA
1919,pasja,3,ADACBAA
1920,krok,3,ACABA
1921,grzegorzem,3,-
1922,twierdza,3,ADACABB
1923,urna,3,ADAAA
1924,oddział,3,ACAAAAA
1925,nadzieja,3,ADACBAA
1926,sławomira,3,-
1927,mentzena,3,-
1928,przeprowadzenie,3,AEBAA
1929,obywatel,3,AAABCA
1930,zdradzać,3,BDA
1931,szczegół,3,ACAAAAA
1932,powietrze,3,AEBAB
1933,fala,3,ADACBABA
1934,grzech,3,ACAAAB
1935,rosnący,3,CAA
1936,wynieść,3,BAFCAA
1937,jacek,3,-
1938,majchrowskiego,3,-
1939,opłata,3,ADAAA
1940,niewielki,3,CBA
1941,przyjęcie,3,AEBAA
1942,kpo,3,-
1943,zarząd,3,ACAAAAA
1944,podatek,3,ACABA
1945,parkowanie,3,AEBAA
1946,nowelizacja,3,ADACBAA
1947,handlowy,3,CAB
1948,13,3,-
1949,dziennie,3,FB
1950,instytucja,3,ADACBAA
1951,38,3,-
1952,argument,3,ACAAAAA
1953,podobać się,3,-
1954,uczestniczyć,3,BCCA
1955,rocznica,3,ADACABB
1956,obrzydliwy,3,CAB
1957,metropolita,3,AABDAA
1958,prezydencki,3,CBA
1959,udawać,3,BAAE
1960,tęczowy,3,CAB
1961,wyborca,3,AABCBB
1962,polacy,3,-
1963,kuria,3,ADACBAA
1964,katolicki,3,CBA
1965,ogłosić,3,BBCA
1966,podpisać,3,BAAFA
1967,sięgnąć,3,BAEAA
1968,znikomy,3,CAB
1969,2027,3,-
1970,flis,3,-
1971,rządzący,3,AAEB
1972,świetnie,3,FB
1973,zdawać,3,BAAE
1974,przyznawać,3,BAAE
1975,wynosić,3,BBCA
1976,organizować,3,BAAA
1977,39,3,-
1978,postępowanie,3,AEBAA
1979,dotyczyć,3,BCCA
1980,szeroki,3,CBA
1981,budżet,3,ACAAAAA
1982,ciężki,3,CBA
1983,przynieść,3,BAFCAA
1984,zawierać,3,BDA
1985,wydawnictwo,3,AEAAAB
1986,osiągnąć,3,BAEAA
1987,pozycja,3,ADACBAA
1988,500,3,-
1989,wirus,3,ABABAAA
1990,przenieść,3,BAFCAA
1991,arena,3,ADAAA
1992,stadion,3,ACAAAAA
1993,neutralny,3,CAB
1994,ponadpodstawowy,3,CAB
1995,świadom,3,CCBBA
1996,kształtowanie,3,AEBAA
1997,odróżnienie,3,AEBAA
1998,programowy,3,CAB
1999,szczegółowy,3,CAB
2000,technikum,3,AED
2001,poszanowanie,3,AEBAA
2002,wykorzystanie,3,AEBAA
2003,antygonę,3,-
2004,mos,3,-
2005,worek,3,ACABBA
2006,grecki,3,CBA
2007,antygony,3,-
2008,wystawiany,3,BDA
2009,znakomity,3,CAB
2010,przypomnieć,3,BBBB
2011,stary,3,CAA
2012,zewnętrzny,3,CAB
2013,normalnie,3,FB
2014,grzegorz,3,-
2015,daniel,3,ABAABA
2016,wideo,3,-
2017,autor,3,AAACAAAB
2018,19,3,-
2019,17,3,-
2020,18,3,-
2021,studiować,3,BAAA
2022,600,3,-
2023,przystąpić,3,BBCA
2024,norma,3,ADAAA
2025,wzrosnąć,3,BAEB
2026,gospodarczy,3,CAA
2027,superbohaterów,3,-
2028,man,3,-
2029,karton,3,ACAAAAA
2030,karier,3,ACAAAAA
2031,siostra,3,ADAAA
2032,kuzyn,3,AAADAA
2033,uczyć,3,BCCA
2034,koń,3,AAABCA
2035,zawieźć,3,BAFCAA
2036,przedstawić,3,BBCA
2037,rozwinąć,3,BAEAB
2038,powellowi,3,-
2039,jedyny,3,CAB
2040,stallone,3,-
2041,kontynuacja,3,ADACBAA
2042,odrzucić,3,BBCA
2043,zamknąć,3,BAEAA
2044,zarobić,3,BBCA
2045,weekend,3,ACAAAAA
2046,200,3,-
2047,ekran,3,ACAAAAA
2048,akcent,3,ACAAAAA
2049,wystrzelić,3,BBCA
2050,pozostawać,3,BAAE
2051,towarzysz,3,AAABD
2052,deklarować,3,BAAA
2053,autentyczny,3,CAB
2054,zagranie,3,AEBAA
2055,sprawiać,3,BDA
2056,charakter,3,ACAAAAA
2057,przyjście,3,AEBAA
2058,polityka,3,AAACBA
2059,kamienica,3,ADACABB
2060,wyprowadzić,3,BBCA
2061,zajmować,3,BAAA
2062,wiadomość,3,ADCCA
2063,koga,3,ADAB
2064,kolacja,3,ADACBAA
2065,posiłek,3,ACABA
2066,przygotowywać,3,BAAB
2067,opór,3,ACAAAAA
2068,swa,3,EDAAB
2069,skomentować,3,BAAA
2070,małżeństwo,3,AEAAAB
2071,lokator,3,AAACAAAB
2072,kryć,3,AEBAA
2073,mroczny,3,CAB
2074,łaska,3,ADABA
2075,nieprzyjemny,3,CAB
2076,zdecydować,3,BAAA
2077,profil,3,ACACAA
2078,moniuszki,3,-
2079,śpiewać,3,BDA
2080,pik,3,ABAC
2081,zapowiedzieć,3,BDC
2082,nagrodzić,3,BBCA
2083,obejrzeć,3,BCBB
2084,brauna,3,-
2085,królować,3,BAAA
2086,wygenerowane,3,-
2087,fedorowicz,3,-
2088,res,3,-
2089,futura,3,ADAAA
2090,kolektyw,3,ACAAAAA
2091,tiktok,3,-
2092,jasno,3,FA
2093,zamknięty,3,BAEAA
2094,rosji,3,-
2095,opis,3,ACAAAAA
2096,setka,3,ADAB
2097,czynienie,3,AEBAA
2098,taca,3,ADACABB
2099,prawdopodobnie,3,FB
2100,usunąć,3,BAEAB
2101,wyrok,3,ACABA
2102,wciąż,3,FC
2103,bawić,3,BBCA
2104,wośp,3,-
2105,najpopularniejszy,3,CAB
2106,willa,3,ADACBAA
2107,sportowy,3,CAB
2108,donosić,3,BBCA
2109,ślubna,3,ADACCBA
2110,posesja,3,ADACBAA
2111,euro,3,-
2112,ogród,3,ACAAAAA
2113,niepełnosprawnością,3,-
2114,podsiadlik,3,-
2115,filokteja,3,-
2116,justyna,3,-
2117,sobczyk,3,-
2118,twórczość,3,ADCCA
2119,ścieżka,3,ADAB
2120,mierzyć,3,BCCA
2121,łącze,3,AEBAB
2122,odkryć,3,AEBAA
2123,wpłynąć,3,BAEAB
2124,lotnictwo,3,AEAAAB
2125,romanenko,3,-
2126,rosjanie,3,-
2127,rakieta,3,ADAAA
2128,potwierdzić,3,BBCA
2129,oresznika,3,-
2130,potężny,3,CAB
2131,najmniej,3,FC
2132,przebierać,3,BDA
2133,niepokojący,3,BBCA
2134,nielegalny,3,CAB
2135,deportować,3,BAAA
2136,wyjechać,3,BAAFA
2137,boznańskiej,3,-
2138,festival,3,-
2139,utalentowany,3,CAB
2140,agencja,3,ADACBAA
2141,zakwalifikować,3,BAAA
2142,przejść,3,AEBAA
2143,amerykanka,3,ADAB
2144,dzieło,3,AEAAAB
2145,ptak,3,ABAC
2146,zamykać,3,BDA
2147,poznanie,3,AEBAA
2148,sierpień,3,ACACBAA
2149,400,3,-
2150,marek,3,ACABBA
2151,zazwyczaj,3,FC
2152,biuro,3,AEAAAB
2153,trud,3,ACAAAAA
2154,dopasować,3,BAAA
2155,szary,3,CAA
2156,taneczny,3,CAB
2157,opisywać,3,BAAB
2158,samotność,3,ADCCA
2159,talerz,3,ACACBBA
2160,minimalizm,3,ACAAAAA
2161,sprzed,3,GBBAA
2162,estetyk,3,AAACBA
2163,glamour,3,-
2164,nostalgiczny,3,CAB
2165,gładki,3,CBA
2166,pinterest,3,-
2167,luksus,3,ACAAAAA
2168,nowoczesny,3,CAB
2169,sprawić,3,BBCA
2170,brainrot,3,-
2171,zaawansowany,3,CAB
2172,otrzymywać,3,BAAB
2173,przestępstwo,3,AEAAAB
2174,agresor,3,AAACAAAB
2175,conn,3,-
2176,podwórko,3,AEAAAA
2177,niemniej,3,FC
2178,b,3,-
2179,nakładać,3,BDA
2180,czekoladowy,3,CAB
2181,kuratorka,3,ADAB
2182,przynajmniej,3,FC
2183,czystość,3,ADCCA
2184,odżywianie,3,AEBAA
2185,minimum,3,AED
2186,kurator,3,AAACAAAB
2187,łatwy,3,CAB
2188,wasi,3,AFFB
2189,tzw,3,-
2190,wypisać,3,BAAFA
2191,przeciwnik,3,AAACBA
2192,frankenstein,3,-
2193,frankensteina,3,-
2194,kamil,3,-
2195,wyraz,3,ACAAAAA
2196,węglowy,3,CAB
2197,maxi,3,-
2198,zoo,3,AEE
2199,payback,3,-
2200,dno,3,ADAAA
2201,rasa,3,ADAAA
2202,wykonany,3,BDA
2203,brooklynie,3,-
2204,kara,3,ADAAA
2205,guzman,3,-
2206,betonowy,3,CAB
2207,krokiew,3,ADCAAA
2208,skocznia,3,ADACBAA
2209,stocha,3,-
2210,zawodnik,3,AAACBA
2211,skoczek,3,AAAAB
2212,2017,3,-
2213,kozak,3,AAACBA
2214,1997,3,-
2215,ilskiej,3,-
2216,kozłowieckim,3,-
2217,zatrzymana,3,ADACCBA
2218,rachela,3,-
2219,lubartowie,3,-
2220,radek,3,-
2221,kępa,3,ADAAA
2222,sosna,3,ADAAA
2223,chałupa,3,ADAAA
2224,troje,3,DDA
2225,bociek,3,ABAC
2226,zdjąć,3,BAFCB
2227,sztacheta,3,ADAAA
2228,kołdra,3,ADAAA
2229,malować,3,BAAA
2230,max,3,-
2231,podłoga,3,ADAB
2232,andrzejem,3,-
2233,uprawiać,3,BDA
2234,kostka,3,ADAB
2235,resztka,3,ADAB
2236,spadać,3,BDA
2237,leżeć,3,BCBA
2238,jechać,3,BAAFA
2239,chrystus,3,-
2240,km,3,-
2241,drzewo,3,AEAAAB
2242,policjant,3,AAADAA
2243,oliwka,3,ADAB
2244,charakteryzować,3,BAAA
2245,kierownictwo,3,AEAAAB
2246,prokurator,3,AAACAAAB
2247,przebywający,3,BDA
2248,raić,3,BBCA
2249,kracik,3,-
2250,zdmk,3,-
2251,szczecina,3,ADAAA
2252,elegancja,3,ADACBAA
2253,flauta,3,ADAAA
2254,pie,3,-
2255,elektrownia,3,ADACBAA
2256,śnieżny,3,CAB
2257,minus,3,ACAAAAA
2258,celsjusza,3,-
2259,schronienie,3,AEBAA
2260,opiekun,3,AAAAAA
2261,łańcuch,3,ACAABB
2262,borek,3,ACABA
2263,smarować,3,BAAA
2264,łapa,3,ADAAA
2265,al,3,-
2266,kitesurfing,3,-
2267,zaliczać,3,BDA
2268,wakeboarding,3,-
2269,łódź,3,ADCAAA
2270,natura,3,ADAAA
2271,robertsa,3,-
2272,dorodny,3,CAB
2273,sardynka,3,ADAB
2274,ząbek,3,ACABBA
2275,posiekać,3,BDA
2276,dusić,3,BBCA
2277,odcedzić,3,BBCA
2278,miska,3,ADAB
2279,ocet,3,ACAAAAA
2280,plasterek,3,ACABBA
2281,koperek,3,ACABA
2282,ogień,3,ACACBAA
2283,zupa,3,ADAAA
2284,ryba,3,ADAAA
2285,cienki,3,CBA
2286,mielony,3,CAB
2287,kiszony,3,BBCA
2288,bulion,3,ACAAAAA
2289,orzo,3,-
2290,radziecki,3,CBA
2291,wczuwanie się,3,-
2292,poetycki,3,CBA
2293,jeddah,2,-
2294,finał,2,ACAAAAA
2295,liga,2,ADAB
2296,wyjściowy,2,CAB
2297,rezerwowy,2,CAB
2298,wojciecha,2,-
2299,kapitan,2,AAAAAA
2300,metr,2,AAAAAA
2301,źle,2,FB
2302,lewa,2,ABABAAA
2303,poprzeczka,2,ADAB
2304,unai,2,-
2305,simon,2,-
2306,rywal,2,AAABCA
2307,zdziałać,2,BDA
2308,bramkarz,2,AAABD
2309,42,2,-
2310,słupek,2,ACABBA
2311,piąty,2,CAB
2312,gracz,2,AAABD
2313,57,2,-
2314,świetny,2,CAB
2315,oszczędzać,2,BDA
2316,niedzielny,2,CAB
2317,robert,2,-
2318,61,2,-
2319,korzystniejszy,2,CAB
2320,starcie,2,AEBAA
2321,madryt,2,-
2322,seksualność,2,-
2323,certyfikat,2,ACAAAAA
2324,pornograficzny,2,CAB
2325,małgorzata,2,-
2326,wywoływać,2,BAAB
2327,niewidzialny,2,CAB
2328,wystarczający,2,BDA
2329,p,2,-
2330,konar,2,ACAABAA
2331,zaburzenia,2,AGDAA
2332,zaburzony,2,CAB
2333,złożony,2,CAB
2334,wahanie,2,AEBAA
2335,relacyjny,2,CAB
2336,przeciążenie,2,AEBAA
2337,składać,2,BDA
2338,somatyczny,2,CAB
2339,sercowo,2,-
2340,przewlekły,2,CAB
2341,testosteron,2,ACAAAAA
2342,wypalenie,2,AEBAA
2343,skutecznie,2,FB
2344,dochodzić,2,BBCA
2345,konflikt,2,ACAAAAA
2346,trakt,2,ACAAAAA
2347,filar,2,ACAAAAA
2348,start,2,ACAAAAA
2349,atrakcyjny,2,CAB
2350,skojarzenie,2,AEBAA
2351,budowany,2,BAAA
2352,intymność,2,ADCCA
2353,przyjaźnić się,2,-
2354,doświadczanie,2,AEBAA
2355,egzamin,2,ACAAAAA
2356,wypowiedziany,2,CAB
2357,równowaga,2,ADAB
2358,hamowanie,2,AEBAA
2359,krytyk,2,AAACBA
2360,podbijać,2,BDA
2361,troska,2,ADABA
2362,zrozumienie,2,AEBAA
2363,zalecać,2,BDA
2364,teza,2,ADAAA
2365,przeprosić,2,BBCA
2366,spokojnie,2,FB
2367,strategia,2,ADACBAA
2368,cierpienie,2,AEBAA
2369,faktycznie,2,FB
2370,naprawa,2,ADAAA
2371,zadziałać,2,BDA
2372,poszukać,2,BDA
2373,samodzielny,2,CAB
2374,poprawić,2,BBCA
2375,obietnica,2,ADACABB
2376,natychmiastowy,2,CAB
2377,tabletka,2,ADAB
2378,stanąć,2,BAEAB
2379,zadać,2,BDC
2380,nieszczęśliwy,2,CAB
2381,czynnik,2,ACABBA
2382,myślenie,2,AEBAA
2383,terapia,2,ADACBAA
2384,nabierać,2,BDA
2385,dłużej,2,FC
2386,przyglądać się,2,-
2387,radzenie,2,AEBAA
2388,poznawać,2,BAAE
2389,fantazja,2,ADACBAA
2390,nawzajem,2,FC
2391,wystosować,2,BAAA
2392,poniedziałek,2,ACABA
2393,nazwany,2,BAAFB
2394,interwencja,2,ADACBAA
2395,opublikowany,2,BAAA
2396,wyrazić,2,BBCA
2397,stanowić,2,BBCA
2398,interes,2,ACAAAAA
2399,wojskowy,2,AAEC
2400,argumentować,2,BAAA
2401,przewidywać,2,BAAB
2402,głosowanie,2,AEBAA
2403,terytorium,2,AED
2404,kontrowersja,2,ADACBAA
2405,wbicie,2,AEBAA
2406,najpewniej,2,FC
2407,migracyjny,2,CAB
2408,immigration,2,-
2409,customs,2,-
2410,enforcement,2,-
2411,strzelać,2,BDA
2412,przedni,2,CBB
2413,czele,2,-
2414,strzelający,2,BDA
2415,traumatyczny,2,CAB
2416,news,2,-
2417,informacyjny,2,CAB
2418,opublikować,2,BAAA
2419,dziewiąty,2,CAB
2420,tylny,2,CAB
2421,minnesocie,2,-
2422,latkę,2,-
2423,terroryzm,2,ACAAAAA
2424,udostępniony,2,BBCB
2425,rana,2,ADAAA
2426,rejestracyjny,2,CAB
2427,klamka,2,ADAB
2428,fbi,2,-
2429,ruszać,2,BDA
2430,potrącenie,2,AEBAA
2431,przechodzić,2,BBCA
2432,noem,2,-
2433,em,2,-
2434,zaatakować,2,BAAA
2435,przeżyć,2,AEBAA
2436,mieszkanka,2,ADAB
2437,śmiertelnie,2,FB
2438,jacob,2,-
2439,frey,2,-
2440,badać,2,BDA
2441,stanowy,2,CAB
2442,amerykan,2,ABABAAA
2443,kwiat,2,ACAAAAA
2444,latki,2,-
2445,usługa,2,ADAB
2446,organ,2,ACAAAAA
2447,ściganie,2,AEBAA
2448,oficjalny,2,CAB
2449,adres,2,ACAAAAA
2450,hotels,2,-
2451,rezerwacja,2,ADACBAA
2452,celowo,2,FC
2453,zatytułowany,2,BAAA
2454,dochodzenie,2,AEBAA
2455,oby,2,GBBBBAA
2456,zwrotny,2,CAB
2457,popierać,2,BDA
2458,zajść,2,AEBAA
2459,nadejść,2,AEBAA
2460,znaczny,2,CAB
2461,nadrzędny,2,CAB
2462,religia,2,ADACBAA
2463,usuwać,2,BDA
2464,bezpieczny,2,CAB
2465,wychować,2,BDA
2466,gniew,2,ACAAAAA
2467,noszenie,2,AEBAA
2468,cebulka,2,ADAB
2469,polegać,2,BDA
2470,przeciwieństwo,2,AEAAAB
2471,podkoszulek,2,ACABBA
2472,kamizelka,2,ADAB
2473,puchowy,2,CAB
2474,kurtka,2,ADAB
2475,skupiać,2,BDA
2476,aspekt,2,ACAAAAA
2477,kolorystycznie,2,FB
2478,sylwetka,2,ADAB
2479,rozmaity,2,CAB
2480,tkanina,2,ADAAA
2481,spódnica,2,ADACABB
2482,mankiet,2,ACAAAAA
2483,zarzucić,2,BBCA
2484,płaszcz,2,ACACBBA
2485,sweter,2,ACAABAA
2486,spodni,2,CBB
2487,solidny,2,CAB
2488,garderoba,2,ADAAA
2489,krótki,2,CBA
2490,przykryć,2,AEBAA
2491,długość,2,ADCCA
2492,paleta,2,ADAAA
2493,faktura,2,ADAAA
2494,całość,2,ADCCA
2495,groźny,2,CAB
2496,mięsień,2,ACACBAA
2497,wieńcowy,2,CAB
2498,wp,2,-
2499,hab,2,-
2500,kałużna,2,-
2501,oleksy,2,-
2502,gwałtowny,2,CAB
2503,wysiłek,2,ACABA
2504,statystyka,2,AAACBA
2505,towarzystwo,2,AEAAAB
2506,pozornie,2,FB
2507,niegroźny,2,CAB
2508,podwyższony,2,CAB
2509,tryb,2,ACAAAAA
2510,otyłość,2,ADCCA
2511,czynność,2,ADCCA
2512,przeważnie,2,FB
2513,piersiowy,2,CAB
2514,najgorsze,2,AEBAB
2515,ekstremalny,2,CAB
2516,ekspozycja,2,ADACBAA
2517,konieczność,2,ADCCA
2518,arnprior,2,-
2519,łamać,2,BAAFA
2520,ograniczenie,2,AEBAA
2521,szkockiej,2,-
2522,poziomy,2,ACAAAAA
2523,kręty,2,ACAAAAA
2524,zamienić,2,BBCA
2525,szosa,2,ADAAA
2526,jezdnia,2,ADACBAA
2527,radna,2,ADACCBA
2528,narzekać,2,BDA
2529,dziura,2,ADAAA
2530,lot,2,ACAAAAA
2531,ryzykować,2,BAAA
2532,wpaść,2,BAFAAAB
2533,montażysta,2,AABDAA
2534,smarzowskiego,2,-
2535,sześć,2,DBBA
2536,ekipa,2,ADAAA
2537,operator,2,AAACAAAB
2538,zajmujący,2,BAAA
2539,brzmieć,2,BBBB
2540,samobójczy,2,CAA
2541,widownia,2,ADACBAA
2542,papier,2,ACAAAAA
2543,skorzystać,2,BDA
2544,rysa,2,ADAAA
2545,koszmar,2,ACAAAAA
2546,wyobrazić,2,BBCA
2547,dwoje,2,DDA
2548,umarły,2,AAEC
2549,żałoba,2,ADAAA
2550,zemrzeć,2,BABA
2551,dziadek,2,AAAAB
2552,zgodzić,2,BBCA
2553,żal,2,ACACACB
2554,uwierzyć,2,BCCA
2555,pakować,2,BAAA
2556,mina,2,ADAAA
2557,trauma,2,ADAAA
2558,fascynacja,2,ADACBAA
2559,zepchnąć,2,BAEAA
2560,dojazd,2,ACAAAAA
2561,finansowanie,2,AEBAA
2562,poprowadzić,2,BBCA
2563,aktorski,2,CBA
2564,zbliżyć,2,BCCA
2565,przełożyć,2,BCCA
2566,późniejszy,2,CAB
2567,alkohol,2,ACACAA
2568,czucie,2,AEBAA
2569,podzielić,2,BBCA
2570,światopoglądowy,2,CAB
2571,przejście,2,AEBAA
2572,zgadzać się,2,-
2573,posłuchać,2,BDA
2574,wcielić,2,BBCA
2575,wczuć się,2,-
2576,wytłumaczyć,2,BCCA
2577,smarzowski,2,-
2578,łopatka,2,ADAB
2579,dyskutować,2,BAAA
2580,agresywny,2,CAB
2581,niewłaściwy,2,CAB
2582,mały,2,CAB
2583,jakiejkolwiek,2,-
2584,szerszy,2,CAB
2585,kinowy,2,CAB
2586,komplement,2,ACAAAAA
2587,pozbawić,2,BBCA
2588,logiczny,2,CAB
2589,psychologiczny,2,CAB
2590,młodszy,2,CAB
2591,chyba,2,GBBBA
2592,wdzięczny,2,CAB
2593,łza,2,ADAAA
2594,wyznanie,2,AEBAA
2595,premierowy,2,CAB
2596,horyzont,2,ACAAAAA
2597,producentką,2,-
2598,opłacać,2,BDA
2599,amelką,2,-
2600,zdążyć,2,BCCA
2601,powtarzać,2,BDA
2602,zabraknąć,2,BGE
2603,producentki,2,-
2604,marzyć,2,BCCA
2605,rozbić,2,AEBAA
2606,bank,2,ACABA
2607,wręczyć,2,BCCA
2608,widok,2,ACABA
2609,ważniejszy,2,CAB
2610,cokolwiek,2,EGE
2611,1974,2,-
2612,romualda,2,-
2613,lipka,2,ADAB
2614,dolina,2,ADAAA
2615,jolka,2,ADAB
2616,tango,2,AEAAAA
2617,perkusista,2,AABDAA
2618,nagrać,2,BDA
2619,ponadto,2,GBBBA
2620,wykorzystywany,2,BAAB
2621,pożegnalny,2,CAB
2622,1970,2,-
2623,kłopot,2,ACAAAAA
2624,znalezienie,2,AEBAA
2625,matematyka,2,AAACBA
2626,studio,2,AEAABA
2627,pomiędzy,2,GBBAA
2628,ustalony,2,BBCA
2629,przeciwnie,2,FB
2630,obniżony,2,CAB
2631,przykładowo,2,FC
2632,praktyk,2,AAACBA
2633,prezeska,2,ADAB
2634,winczewska,2,-
2635,wychowanie,2,AEBAA
2636,oświatowy,2,CAB
2637,pielgrzymka,2,ADAB
2638,rozpoczęcie,2,AEBAA
2639,ferie,2,AGCC
2640,województwo,2,AEAAAB
2641,zapisywać,2,BAAB
2642,przedstawienie,2,AEBAA
2643,pozytywny,2,CAB
2644,reguła,2,ADAAA
2645,wystąpienie,2,AEBAA
2646,uwzględniać,2,BDA
2647,zależność,2,ADCCA
2648,posiadanie,2,AEBAA
2649,istotny,2,CAB
2650,arytmetyczny,2,CAB
2651,poszczególny,2,CAB
2652,przypisywany,2,BAAB
2653,ważyć,2,BCCA
2654,kartkówek,2,-
2655,identyczny,2,CAB
2656,skomplikowany,2,BAAA
2657,wiadomości,2,AGBC
2658,żylińska,2,-
2659,fundacja,2,ADACBAA
2660,fetysz,2,ACACBBA
2661,założyć,2,BCCA
2662,luk,2,ACABA
2663,osobowy,2,ACC
2664,domagać się,2,-
2665,ustalany,2,BDA
2666,przekonany,2,BDA
2667,wystawić,2,BBCA
2668,przepustka,2,ADAB
2669,surowy,2,CAB
2670,uniwersalny,2,CAB
2671,jakiej,2,-
2672,uwolnić,2,BBCB
2673,właściwie,2,FB
2674,jason,2,-
2675,bateman,2,-
2676,utrzymanie,2,AEBAA
2677,sposób,2,BBCA
2678,słabość,2,ADCCA
2679,wygrać,2,BDA
2680,nazywać,2,BDA
2681,wynajmowany,2,BAAA
2682,kolejka,2,ADAB
2683,netflixa,2,-
2684,dojrzewanie,2,AEBAA
2685,nieudany,2,CAB
2686,zmarły,2,BABA
2687,dzwonić,2,BBCA
2688,kur,2,ABABAAA
2689,gangsterski,2,CBA
2690,thriller,2,-
2691,lokal,2,ACACAA
2692,braterski,2,CBA
2693,przynosić,2,BBCA
2694,świecić,2,BBCA
2695,oddawać,2,BAAE
2696,pęknięcie,2,AEBAA
2697,irytacja,2,ADACBAA
2698,klątwa,2,ADAAA
2699,idealizować,2,BAAA
2700,prowadzenie,2,AEBAA
2701,przeszłość,2,ADCCA
2702,bolesny,2,CAB
2703,wytykać,2,BDA
2704,miszalskiemu,2,-
2705,prezes,2,AAADAA
2706,konkretnie,2,FB
2707,zdradzić,2,BBCA
2708,niezadowolenie,2,AEBAA
2709,referendalną,2,-
2710,zbiórka,2,ADAB
2711,wymieniać,2,BDA
2712,tragiczny,2,CAB
2713,dług,2,ACABA
2714,krakowian,2,ACAABAA
2715,zlecenie,2,AEBAA
2716,ościenny,2,CAB
2717,staranie,2,AEBAA
2718,łukasza,2,-
2719,frank,2,ABAC
2720,szereg,2,ACABA
2721,dotkliwy,2,CAB
2722,nieruchomość,2,ADCCA
2723,bilet,2,ACAAAAA
2724,płatny,2,CAB
2725,ścisły,2,CAB
2726,zatrudnianie,2,AEBAA
2727,kwalifikacja,2,ADACBAA
2728,stołek,2,ACABBA
2729,miszalskim,2,-
2730,158,2,-
2731,łączny,2,CAB
2732,najwięcej,2,FC
2733,ko,2,-
2734,komunalny,2,CAB
2735,budynek,2,ACABA
2736,urzędowy,2,CAB
2737,marsz,2,ABAAAB
2738,równość,2,ADCCA
2739,maszerować,2,BAAA
2740,spodobać się,2,-
2741,rafał,2,-
2742,konserwatywny,2,CAB
2743,pal,2,ACACBAA
2744,ostro,2,FA
2745,słaby,2,CAB
2746,możliwy,2,CAB
2747,sprawiedliwość,2,ADCCA
2748,rewolucyjny,2,CAB
2749,jarosława,2,-
2750,procedura,2,ADAAA
2751,58,2,-
2752,wymagany,2,BDA
2753,tur,2,ABABAAA
2754,wzmocnić,2,BBCB
2755,struktura,2,ADAAA
2756,najprawdopodobniej,2,FC
2757,gospodarz,2,AAABD
2758,wykorzystywać,2,BAAB
2759,pewno,2,GBBBA
2760,referendalna,2,-
2761,pouczać,2,BDA
2762,cierpliwość,2,ADCCA
2763,wygranie,2,AEBAA
2764,prawdopodobny,2,CAB
2765,fotel,2,ACACBAA
2766,berkowicz,2,-
2767,samorządowy,2,CAB
2768,spoza,2,GBBAA
2769,układ,2,ACAAAAA
2770,finansowo,2,FC
2771,walc,2,ABAAAB
2772,wspierać,2,BDA
2773,oddolny,2,CAB
2774,rozsądny,2,CAB
2775,alternatywa,2,ADAAA
2776,gibały,2,-
2777,dostarczyć,2,BCCA
2778,nieprawidłowy,2,CAB
2779,czyn,2,ACAAAAA
2780,wprowadzony,2,BBCA
2781,awantura,2,ADAAA
2782,ogólnopolski,2,CBA
2783,ponieść,2,BAFCAA
2784,odbić,2,AEBAA
2785,echo,2,AEAAAA
2786,300,2,-
2787,wybrana,2,ADACCBA
2788,zawodowy,2,CAB
2789,organizator,2,AAACAAAB
2790,harrego,2,-
2791,singiel,2,-
2792,45,2,-
2793,saturday,2,-
2794,night,2,-
2795,late,2,-
2796,show,2,ACF
2797,fine,2,-
2798,line,2,-
2799,wydany,2,BDC
2800,48,2,-
2801,la,2,AEE
2802,50,2,-
2803,53,2,-
2804,umieścić,2,BBCA
2805,singlem,2,-
2806,promujący,2,BAAA
2807,tour,2,-
2808,pandemia,2,ADACBAA
2809,skóra,2,ADAAA
2810,demokratyczny,2,CAB
2811,kłaść,2,BAFCAA
2812,kompetencje,2,AGCC
2813,nauczany,2,BDA
2814,ogólnokształcący,2,CAA
2815,iv,2,-
2816,uczestnictwo,2,AEAAAB
2817,zawarty,2,CAB
2818,1989,2,-
2819,katarzyny,2,-
2820,koprodukcja,2,ADACBAA
2821,ukazać,2,BAAFA
2822,krążek,2,ACABBA
2823,rapowego,2,-
2824,regina,2,-
2825,zawadzka,2,-
2826,bigaj,2,-
2827,roszkowski,2,-
2828,specjalnie,2,FB
2829,szlempo,2,-
2830,bisz,2,-
2831,antygona,2,-
2832,heros,2,AAADAA
2833,bunt,2,ACAAAAA
2834,mścić,2,BBCB
2835,julia,2,-
2836,tadeusz,2,-
2837,wokalnie,2,FB
2838,autorka,2,ADAB
2839,wokalny,2,CAB
2840,członkowski,2,CBA
2841,spośród,2,GBBAA
2842,pełnia,2,ADACBAA
2843,schengen,2,-
2844,gwarantować,2,BAAA
2845,sprawny,2,CAB
2846,podróż,2,BCCA
2847,dalszy,2,CAB
2848,szczególny,2,CAB
2849,konsument,2,AAADAA
2850,przyroda,2,ADAAA
2851,dwukrotnie,2,FC
2852,powiązanie,2,AEBAA
2853,niecały,2,CAB
2854,towar,2,ACAAAAA
2855,gwiazdor,2,AAACAAAB
2856,skrojony,2,BBCA
2857,oscarowe,2,-
2858,komiksowy,2,CAB
2859,stolica,2,ADACABB
2860,teksas,2,ACAAAAA
2861,wypromować,2,BAAA
2862,przeczytać,2,BDA
2863,ustawić,2,BBCA
2864,społecznościowych,2,-
2865,spełnić,2,BBCA
2866,brakować,2,BAAA
2867,dojrzały,2,CAB
2868,kwadratowy,2,CAB
2869,błysk,2,ACABA
2870,ranczo,2,AEAAAA
2871,bicie,2,AEBAA
2872,zdobywać,2,BDA
2873,dorastać,2,BDA
2874,ubrać,2,BAAFA
2875,mel,2,-
2876,lokum,2,AEE
2877,dzielnica,2,ADACABB
2878,sportowiec,2,AAACBA
2879,epoka,2,ADAB
2880,przegrywać,2,BDA
2881,futbolista,2,AABDAA
2882,kręcony,2,BBCA
2883,dawny,2,CAB
2884,królowa,2,ADACCAA
2885,zaproszenie,2,AEBAA
2886,teller,2,-
2887,oparty,2,CAB
2888,zabójca,2,AABCBB
2889,światowy,2,CAB
2890,koszulka,2,ADAB
2891,wywiad,2,ACAAAAA
2892,sweeney,2,-
2893,znosić,2,BBCA
2894,roznosić,2,BBCA
2895,romans,2,ACAAAAA
2896,ziarno,2,AEAAAB
2897,wykupić,2,BBCA
2898,tornado,2,AEAAAB
2899,lekki,2,CBA
2900,gotów,2,CCBBA
2901,niedaleko,2,FC
2902,kontynent,2,ACAAAAA
2903,150,2,-
2904,glasgow,2,-
2905,poświęcić,2,BBCA
2906,ponosić,2,BBCA
2907,cool,2,-
2908,dbanie,2,AEBAA
2909,lekko,2,FA
2910,prąd,2,ACAAAAA
2911,parafianin,2,AAABBA
2912,spędzać,2,BDA
2913,kolędowy,2,CAB
2914,wysyłać,2,BDA
2915,wieczór,2,ACAAAAA
2916,zwłoka,2,ADAB
2917,jarka,2,ADAB
2918,zjeść,2,BDD
2919,obiad,2,ACAAAAA
2920,23,2,-
2921,niepołomicach,2,-
2922,pobliski,2,CBA
2923,orientować,2,BAAA
2924,kartka,2,ADAB
2925,bezpośrednio,2,FC
2926,schować,2,BDA
2927,przydać,2,BDC
2928,wdzięczność,2,ADCCA
2929,dziękować,2,BAAA
2930,duszpasterski,2,CBA
2931,doświadczyć,2,BCCA
2932,osobiście,2,FC
2933,bieda,2,ADAAA
2934,służyć,2,BCCA
2935,lśnić,2,BBCB
2936,ministrant,2,AAADAA
2937,schody,2,AGAB
2938,relacjonować,2,BAAA
2939,xix,2,-
2940,puszcza,2,ADACABB
2941,skarżyć,2,BCCA
2942,ogrzewanie,2,AEBAA
2943,zadeklarować,2,BAAA
2944,zgłosić,2,BBCA
2945,aktywność,2,ADCCA
2946,facebooku,2,-
2947,stanisława,2,-
2948,zaśpiewać,2,BDA
2949,opera,2,ADAAA
2950,podlaskiej,2,-
2951,znakomicie,2,FB
2952,generalny,2,CAB
2953,dyrygentka,2,ADAB
2954,szarość,2,ADCCA
2955,róż,2,ACACACB
2956,dawidowi,2,-
2957,kilkanaście,2,DBCA
2958,dźwięk,2,ACABA
2959,schodzić,2,BBCA
2960,zdołać,2,BDA
2961,koncertować,2,BAAA
2962,najchętniej,2,FC
2963,nawrocki,2,-
2964,detal,2,ACACAA
2965,pałac,2,ACACACB
2966,bitwa,2,ADAAA
2967,house,2,-
2968,wygrywać,2,BDA
2969,propaganda,2,ADAAA
2970,dominować,2,BAAA
2971,braun,2,-
2972,przekaz,2,ACAAAAA
2973,najnowszym,2,-
2974,24,2,-
2975,ukrainie,2,-
2976,82,2,-
2977,120,2,-
2978,nicolasa,2,-
2979,maduro,2,-
2980,311,2,-
2981,komentarz,2,ACACBBA
2982,algorytm,2,ACAAAAA
2983,migrant,2,AAADAA
2984,wieczna_krucjata,2,-
2985,pozostawiać,2,BDA
2986,suwerenność,2,ADCCA
2987,zachwycać,2,BDA
2988,usunięty,2,BAEAB
2989,dezinformacja,2,ADACBAA
2990,generowany,2,BAAA
2991,cyfryzacji,2,-
2992,wszcząć,2,BAFCBDD
2993,wypowiadać,2,BDA
2994,zerwać,2,BAAFB
2995,istniejący,2,BAD
2996,niewygodny,2,CAB
2997,schemat,2,ACAAAAA
2998,sprzęt,2,ACAAAAA
2999,odliczenie,2,AEBAA
3000,impreza,2,ADAAA
3001,samorząd,2,ACAAAAA
3002,mówiący,2,CAA
3003,śmietnik,2,ACABBA
3004,wolny,2,AAEC
3005,polskę,2,-
3006,budowa,2,ADAAA
3007,cristiano,2,-
3008,cr7,2,-
3009,georgina,2,-
3010,stabilny,2,CAB
3011,oczekiwać,2,BAAC
3012,przeprowadzka,2,ADAB
3013,słynny,2,CAB
3014,budowlany,2,AAEC
3015,wzbudzać,2,BDA
3016,ogrom,2,ACAAAAA
3017,alek,2,-
3018,komunikowanie,2,AEBAA
3019,analizować,2,BAAA
3020,prywatnie,2,FB
3021,niegdyś,2,GBABB
3022,różnorodność,2,ADCCA
3023,filoktei,2,-
3024,miły,2,AAEC
3025,pomyłka,2,ADAB
3026,zdarzyć,2,BCCA
3027,sądzić,2,BBCA
3028,niepełnosprawność,2,-
3029,niepełnosprawności,2,-
3030,podrożyć,2,BCCA
3031,filokteta,2,-
3032,mit,2,ACAAAAA
3033,żmija,2,ADACBABA
3034,porzucić,2,BBCA
3035,przenosić,2,BBCA
3036,jakiejś,2,-
3037,ukąsić,2,BBCA
3038,odgrywać,2,BDA
3039,ciężar,2,ACAAAAA
3040,dookoła,2,GBBAA
3041,natychmiast,2,FC
3042,przestrzeń,2,ADCAAA
3043,jakikolwiek,2,EAL
3044,profesjonalny,2,CAB
3045,bezpośredni,2,CBB
3046,dbać,2,BDA
3047,uważny,2,CAB
3048,powtórzyć,2,BCCA
3049,sprawdzać,2,BDA
3050,jutro,2,AEAAAB
3051,zapominać,2,BDA
3052,oresznikiem,2,-
3053,walerij,2,-
3054,ponowny,2,CAB
3055,zastraszyć,2,BCCA
3056,negocjacje,2,AGCC
3057,zmasować,2,BAAA
3058,hipersoniczny,2,CAB
3059,oresznik,2,-
3060,resort,2,ACAAAAA
3061,jądrowy,2,CAB
3062,arsenał,2,ACAAAAA
3063,zniszczenie,2,AEBAA
3064,infrastruktura,2,ADAAA
3065,sbu,2,-
3066,zbrodnia,2,ADACBAA
3067,dostawa,2,ADAAA
3068,aresztowanie,2,AEBAA
3069,przejazd,2,ACAAAAA
3070,decydować,2,BAAA
3071,gwałtownie,2,FB
3072,uzasadniony,2,BBCB
3073,jednoznacznie,2,FB
3074,kontekst,2,ACAAAAA
3075,status,2,ACAAAAA
3076,legalnie,2,FB
3077,sprzeczny,2,CAB
3078,regularnie,2,FB
3079,jaką,2,-
3080,szefowa,2,ADACCAA
3081,mopsiczka,2,-
3082,gypsia,2,-
3083,gęś,2,ADCCA
3084,pipa,2,-
3085,dżok,2,-
3086,olgi,2,-
3087,kulturalny,2,CAB
3088,autorski,2,CBA
3089,jazz,2,ACAAAAA
3090,sacrum,2,-
3091,tan,2,ACAAAAA
3092,cyfrowej,2,-
3093,tłum,2,ACAAAAA
3094,serdeczny,2,CAB
3095,mateusz,2,-
3096,dubiel,2,-
3097,optymistyczny,2,CAB
3098,akademia,2,ADACBAA
3099,prestiżowy,2,CAB
3100,amkp,2,-
3101,fortepian,2,ACAAAAA
3102,kciuk,2,ACABBA
3103,magiczny,2,CAB
3104,płynnie,2,FB
3105,płakać,2,BAAFA
3106,czerwiec,2,ABAAAB
3107,ból,2,BBB
3108,tramwaj,2,ACACACB
3109,portret,2,ACAAAAA
3110,chętnie,2,FB
3111,zwiedzający,2,BDA
3112,karolczyk,2,-
3113,inw,2,-
3114,mhk,2,-
3115,689,2,-
3116,xif,2,-
3117,podgórze,2,AEBAB
3118,abakanowicz,2,-
3119,dziedziniec,2,ACACBC
3120,kwitnący,2,CAA
3121,magnolia,2,ADACBAA
3122,magdaleny,2,-
3123,galeria,2,ADACBAA
3124,urok,2,ACABA
3125,udostępnić,2,BBCB
3126,delikatny,2,CAB
3127,srebrny,2,CAB
3128,ozdobny,2,CAB
3129,rozmiar,2,ACAAAAA
3130,srebro,2,AEAAAB
3131,tęsknota,2,ADAAA
3132,parkiet,2,ACAAAAA
3133,poniżej,2,FC
3134,gdańsku,2,-
3135,fanów,2,-
3136,statystyk,2,AAACBA
3137,diamentowy,2,CAB
3138,urodziny,2,AGAAA
3139,nagrany,2,BDA
3140,sanah,2,-
3141,vintage,2,-
3142,podejrzany,2,AAEC
3143,hala,2,ADACBABA
3144,pretekst,2,ACAAAAA
3145,spać,2,BBA
3146,rzucić,2,BBCA
3147,powracać,2,BDA
3148,nosić,2,BBCA
3149,chokery,2,-
3150,bomberki,2,-
3151,maksymalizm,2,ACAAAAA
3152,nostalgia,2,ADACBAA
3153,autentyczność,2,ADCCA
3154,predicts,2,-
3155,nadchodzić,2,BBCA
3156,era,2,ADAAA
3157,wyrazisty,2,CAB
3158,estetyka,2,AAACBA
3159,rajstopy,2,AGAAA
3160,pastelowy,2,CAB
3161,technologia,2,ADACBAA
3162,globalny,2,CAB
3163,szybki,2,ADAB
3164,młodzieżowy,2,CAB
3165,urządzenie,2,AEBAA
3166,potoczny,2,CAB
3167,online,2,-
3168,międzypokoleniowy,2,CAB
3169,rzeczywisty,2,CAB
3170,internetowe,2,-
3171,słuchawka,2,ADAB
3172,plama,2,ADAAA
3173,zaradzić,2,BBCA
3174,zabezpieczenie,2,AEBAA
3175,savanna,2,-
3176,puckett,2,-
3177,dożywocie,2,AEBAC
3178,republikanin,2,AAABAA
3179,zgłoszony,2,BBCA
3180,niewinny,2,CAB
3181,oskarżona,2,ADACCBA
3182,pamiętliwy,2,CAB
3183,refren,2,ACAAAAA
3184,mienić się,2,-
3185,kula,2,ADACBABA
3186,przypominający,2,BDA
3187,wyżej,2,FC
3188,pogodny,2,CAB
3189,podobno,2,GBBBA
3190,singla,2,-
3191,codzienność,2,ADCCA
3192,zbliżony,2,CAB
3193,telewizyjny,2,CAB
3194,pozór,2,ACAAAAA
3195,leże,2,AEBAB
3196,doceniać,2,BDA
3197,najpoważniejszy,2,CAB
3198,melodia,2,ADACBAA
3199,kuratoryjny,2,CAB
3200,elementarny,2,CAB
3201,codziennie,2,FC
3202,wcinać,2,BDA
3203,hot,2,-
3204,dog,2,ABAC
3205,małopolska,2,-
3206,gabriela,2,-
3207,bułka,2,ADAB
3208,dieta,2,ADAAA
3209,ograniczyć,2,BCCA
3210,c,2,-
3211,wystartować,2,BAAA
3212,regulamin,2,ACAAAAA
3213,oznaczenie,2,AEBAA
3214,spożywczy,2,CAA
3215,zaplanować,2,BAAA
3216,krew,2,ADCAAA
3217,zainteresowany,2,BAAA
3218,dudek,2,ABAC
3219,różycki,2,-
3220,pyta,2,ADAAA
3221,biologia,2,ADACBAA
3222,biskup,2,AAADAA
3223,zniechęcać,2,BDA
3224,finalista,2,AABDAA
3225,uzyskać,2,BDA
3226,świadectwo,2,AEAAAB
3227,obejmować,2,BAAA
3228,miniony,2,CAB
3229,shelley,2,-
3230,oddanie,2,AEBAA
3231,potwora,2,ADAAA
3232,niezły,2,CAB
3233,piękno,2,AEAAAB
3234,oferta,2,ADAAA
3235,sprzątanie,2,AEBAA
3236,przestrzenny,2,CAB
3237,internetowych,2,-
3238,toaleta,2,ADAAA
3239,plastik,2,ACABA
3240,pomieszczenie,2,AEBAA
3241,zakryty,2,BAFB
3242,wenezueli,2,-
3243,skierować,2,BAAA
3244,metropolitan,2,-
3245,detention,2,-
3246,center,2,AAACAAAB
3247,poważny,2,CAB
3248,śledczy,2,AAEB
3249,skazana,2,ADACCBA
3250,combs,2,-
3251,handel,2,ACACACB
3252,winien,2,BFCA
3253,epsteina,2,-
3254,joaquin,2,-
3255,el,2,-
3256,chapo,2,-
3257,narkotykowy,2,-
3258,kar,2,ACAAAAA
3259,zapora,2,ADAAA
3260,podejrzewany,2,BDA
3261,terrorystyczny,2,CAB
3262,wybuchowy,2,CAB
3263,bariera,2,ADAAA
3264,ograniczać,2,BDA
3265,stosowany,2,BAAA
3266,skok,2,ACABA
3267,kamila,2,-
3268,kibic,2,AAABAB
3269,olimpijski,2,CBA
3270,zwycięstwo,2,AEAAAB
3271,turniej,2,ACACACB
3272,wzorcowy,2,CAB
3273,wzorowy,2,CAB
3274,osobowość,2,ADCCA
3275,reportaż,2,ACACAB
3276,izraela,2,-
3277,lipiec,2,ACACBC
3278,żerdź,2,ADCAAA
3279,córeczka,2,ADAB
3280,śliczny,2,CAB
3281,opuszczony,2,CAB
3282,współżycie,2,AEBAA
3283,grzywna,2,ADAAA
3284,luizą,2,-
3285,iwonką,2,-
3286,iwonka,2,-
3287,owoc,2,ACACACB
3288,martwy,2,AAEC
3289,gospodarstwo,2,AEAAAB
3290,antoniego,2,-
3291,krowa,2,ADAAA
3292,antoni,2,-
3293,słoma,2,ADAAA
3294,zazdrosny,2,CAB
3295,najstarszy,2,CAB
3296,rocznik,2,ACABBA
3297,wrocławia,2,-
3298,felutka,2,-
3299,najmłodszy,2,CAB
3300,drobny,2,CAB
3301,1991,2,-
3302,odwiedzać,2,BDA
3303,makowski,2,-
3304,niechby,2,GBBBBAA
3305,powiesić,2,BBCA
3306,eugenia,2,-
3307,zapukać,2,BDA
3308,bielsku,2,-
3309,podlaskim,2,-
3310,ewą,2,-
3311,henrykiem,2,-
3312,przedpokój,2,ACACAA
3313,ilskich,2,-
3314,źdźbło,2,AEAAAB
3315,kolano,2,AEAAAB
3316,mydło,2,AEAAAB
3317,gałąź,2,ADCAAA
3318,poszwa,2,ADAAA
3319,palić,2,BBCA
3320,widocznie,2,GBBBA
3321,biblia,2,ADACBAA
3322,henrykowi,2,-
3323,milczeć,2,BCBA
3324,apokalipsa,2,ADAAA
3325,dusza,2,ADACABB
3326,plecak,2,ACABBA
3327,jolanta,2,-
3328,paszka,2,ADAB
3329,sprzedawać,2,BAAE
3330,pouczyć,2,BCCA
3331,dokument,2,ACAAAAA
3332,zameldowanie,2,AEBAA
3333,audycja,2,ADACBAA
3334,zniknąć,2,BAEAA
3335,agitować,2,BAAA
3336,czesać,2,BAAFA
3337,środowiskowy,2,CAB
3338,spokój,2,ACACACB
3339,wózek,2,ACABBA
3340,zastrzyk,2,ACABA
3341,prorok,2,AAACBA
3342,kochany,2,BDA
3343,odrastać,2,BDA
3344,potłuczony,2,BAFCAB
3345,olchowy,2,CAB
3346,niebawem,2,FC
3347,lubartowa,2,-
3348,zielone,2,AEBBB
3349,dotknięty,2,BAEAA
3350,ewie,2,-
3351,postanowienie,2,AEBAA
3352,drewno,2,AEAAAB
3353,podawać,2,BAAE
3354,ul,2,ACACBAA
3355,nowaka,2,-
3356,komenda,2,ADAAA
3357,wąski,2,CBA
3358,ograniczony,2,CAB
3359,świdnicy,2,-
3360,technik,2,AAACBA
3361,stanisław,2,-
3362,mieszek,2,ACABBA
3363,adopcja,2,ADACBAA
3364,opiekuńczy,2,CAA
3365,kwiecień,2,ACACBAA
3366,czytanie,2,AEBAA
3367,sprzyjać,2,BDA
3368,nóż,2,ACACBBA
3369,niedawno,2,FC
3370,wykroczenie,2,AEBAA
3371,podlegać,2,BDA
3372,opisany,2,BAAFA
3373,niszczenie,2,AEBAA
3374,stanowczo,2,FC
3375,zorganizować,2,BAAA
3376,informujący,2,BAAA
3377,hejt,2,-
3378,for,2,ACAABAA
3379,wandalizm,2,ACAAAAA
3380,wpłata,2,ADAAA
3381,zbiorowy,2,CAB
3382,sęk,2,ACABBA
3383,mandat,2,ACAAAAA
3384,osiem,2,DBBA
3385,maria,2,-
3386,demonstracja,2,ADACBAA
3387,własność,2,ADCCA
3388,katowice,2,-
3389,pismo,2,AEAAAB
3390,wypłata,2,ADAAA
3391,łączyć,2,BCCA
3392,bomba,2,ADAAA
3393,transferowy,2,CAB
3394,pge,2,-
3395,atakujący,2,BAAA
3396,dwukrotny,2,CAB
3397,transfer,2,ACAAAAA
3398,wątpienie,2,AEBAA
3399,romano,2,-
3400,włoski,2,ACABBA
3401,ukrywać,2,BDA
3402,portfel,2,ACACBAA
3403,zysk,2,ACABA
3404,giełda,2,ADAAA
3405,początkowo,2,FC
3406,000,2,-
3407,usd,2,-
3408,oferować,2,BAAA
3409,ołówkowy,2,CAB
3410,dopasowany,2,BAAA
3411,zabudowany,2,BAAA
3412,kroić,2,BBCA
3413,krój,2,BBCA
3414,biel,2,ADCAAA
3415,ciemny,2,CAB
3416,ekonomiczny,2,CAB
3417,netto,2,CD
3418,elektroenergetyczny,2,CAB
3419,pokrywa,2,ADAAA
3420,energetyka,2,AAACBA
3421,słoneczny,2,CAB
3422,panele,2,-
3423,opad,2,ACAAAAA
3424,dobra,2,AGDAA
3425,wodny,2,CAB
3426,br,2,-
3427,głęboki,2,CBA
3428,gazowy,2,CAB
3429,podopieczna,2,ADACCBA
3430,zgłaszanie,2,AEBAA
3431,przygarnięcie,2,AEBAA
3432,gest,2,ACAAAAA
3433,kocur,2,ABABAAA
3434,pegazus,2,-
3435,kochający,2,BDA
3436,błagać,2,BDA
3437,psiak,2,ABAC
3438,jan,2,-
3439,miłosz,2,-
3440,zarzycki,2,-
3441,kaszuba,2,-
3442,napęd,2,ACAAAAA
3443,morski,2,CBA
3444,powodzenie,2,AEBAA
3445,lina,2,ABABAAA
3446,influencerem,2,-
3447,szukanie,2,AEBAA
3448,wypolerowany,2,BAAA
3449,ubrudzony,2,BBCA
3450,szacunek,2,ACABA
3451,danie,2,AEBAA
3452,hrabstwo,2,AEAAAB
3453,uganiać,2,BDA
3454,uciekający,2,BDA
3455,brudny,2,CAB
3456,posiniaczony,2,CAB
3457,sielanka,2,ADAB
3458,nieustanny,2,CAB
3459,wyhodowanie,2,AEBAA
3460,instagramowym,2,-
3461,łyżeczka,2,ADAB
3462,anchois,2,AEE
3463,kapar,2,ACAABAA
3464,pestka,2,ADAB
3465,masło,2,AEAAAB
3466,cukier,2,ACAAAAA
3467,pęczek,2,ACABBA
3468,gruby,2,CAB
3469,usmażyć,2,BCCA
3470,miękki,2,CBA
3471,przepłukać,2,BAAFA
3472,zgęstnieć,2,BAD
3473,podgrzewać,2,BDA
3474,całkiem,2,FC
3475,porządnie,2,FB
3476,dente,2,-
3477,podgrzać,2,BAFBD
3478,dolewać,2,BDA
3479,ml,2,-
3480,wędzony,2,BBCA
3481,ostry,2,CAA
3482,nasienie,2,AEBAA
3483,pokrywka,2,ADAB
3484,zmięknąć,2,BAEB
3485,wywar,2,ACAAAAA
3486,skórka,2,ADAB
3487,ćwiartka,2,ADAB
3488,włożyć,2,BCCA
3489,przyprawa,2,ADAAA
3490,zrównoważony,2,CAB
3491,podłużny,2,CAB
3492,zależnie,2,FB
3493,kolendra,2,ADAAA
3494,podanie,2,AEBAA
3495,lodowaty,2,CAB
3496,sok,2,ACABA
3497,ilość,2,ADCCA
3498,ricotty,2,-
3499,udko,2,AEAAAA
3500,seler,2,ABABAAA
3501,marchewka,2,ADAB
3502,warzywo,2,AEAAAB
3503,kijowie,2,-
3504,podręcznik,2,ACABBA
3505,prawosławny,2,AAEC
3506,sprawdzenie,2,AEBAA
3507,osesi,2,-
3508,wewior,2,-
3509,słowny,2,CAB
3510,kropka,2,ADAB
3511,przecinek,2,ACABBA
3512,wers,2,ACAAAAA
3513,ni,2,GBBBA
3514,zaproponowanie,2,AEBAA
3515,odbiór,2,ACAAAAA
3516,kładący,2,CAA
3517,afektywny,2,CAB
3518,jubilerski,2,CBA
3519,niebieski,2,CBA
3520,właściwość,2,ADCCA
3521,brylant,2,ACAAAAA
3522,perła,2,ADAAA
3523,uznawać,2,BAAE
3524,topaz,2,ACAAAAA
3525,superpucharu,1,-
3526,rozgromić,1,BBCA
3527,rywalizacja,1,ADACBAA
3528,superpuchar,1,-
3529,toczyć,1,BCCA
3530,arabii,1,-
3531,saudyjskiej,1,-
3532,zdobywca,1,AABCBB
3533,athletikiem,1,-
3534,hansi,1,-
3535,flick,1,-
3536,jedenastka,1,ADAB
3537,szczęsnego,1,-
3538,gol,1,ABAABA
3539,roberta,1,-
3540,lewandowskiego,1,-
3541,ferran,1,-
3542,torres,1,-
3543,wprawdzie,1,GBBBA
3544,ambitnie,1,FB
3545,atakować,1,BAAA
3546,blaugrana,1,-
3547,opanować,1,BAAA
3548,strzelanie,1,AEBAA
3549,fermin,1,-
3550,lopez,1,-
3551,skiksować,1,BAAA
3552,spadły,1,CAB
3553,ferrana,1,-
3554,torresa,1,-
3555,snajper,1,AAACAAAB
3556,barcelony,1,-
3557,kwadrans,1,ACACACAA
3558,flicka,1,-
3559,ruszyć,1,BCCA
3560,nadbiegający,1,BDA
3561,fermina,1,-
3562,lopeza,1,-
3563,huknąć,1,BAEAA
3564,płasko,1,FC
3565,roony,1,-
3566,bardghji,1,-
3567,popisać,1,BAAFA
3568,przepuszczać,1,BDA
3569,zamierzać,1,BDA
3570,bezradny,1,CAB
3571,bramkowy,1,CAB
3572,przepiękny,1,CAB
3573,sekunda,1,ADAAA
3574,wybić,1,AEBAA
3575,rzut,1,ACAAAAA
3576,rożen,1,ACAABAA
3577,obrońca,1,AABCBB
3578,daniego,1,-
3579,viviana,1,-
3580,oihana,1,-
3581,sanceta,1,-
3582,zamieszanie,1,AEBAA
3583,blaugrany,1,-
3584,blokowany,1,BAAA
3585,dopaść,1,BAFAAAB
3586,wpakować,1,BAAA
3587,alejandro,1,-
3588,berenguer,1,-
3589,przestrzelić,1,BBCA
3590,zwolnili,1,-
3591,boisko,1,AEAAAA
3592,komplet,1,ACAAAAA
3593,odpowiednio,1,FA
3594,końcowy,1,CAB
3595,78,1,-
3596,gomez,1,-
3597,joana,1,-
3598,garcii,1,-
3599,basek,1,ACABA
3600,wykreować,1,BAAA
3601,finałowy,1,CAB
3602,atletico,1,-
3603,realem,1,-
3604,robertem,1,-
3605,kowalczykiem,1,-
3606,psychoterapeuta,1,AABDAA
3607,jurek,1,-
3608,stereotyp,1,ACAAAAA
3609,kowalczyk,1,-
3610,ochota,1,ADAAA
3611,przytaczać,1,BDA
3612,aktywnie,1,FB
3613,piotrem,1,-
3614,świniarskim,1,-
3615,krawczykiem,1,-
3616,83,1,-
3617,płonąć,1,BAEAB
3618,unieważniać,1,BDA
3619,wrażliwość,1,ADCCA
3620,narzucać,1,BDA
3621,wzorzec,1,ACACBC
3622,marią,1,-
3623,beisert,1,-
3624,zaspokajać,1,BDA
3625,ejakulacja,1,ADACBAA
3626,mianownik,1,ACABBA
3627,unikanie,1,AEBAA
3628,rozpaczliwy,1,CAB
3629,odbierać,1,BDA
3630,odmowa,1,ADAAA
3631,odrzucenie,1,AEBAA
3632,widoczny,1,CAB
3633,wierzchołek,1,ACABBA
3634,lodowej,1,-
3635,spód,1,ACAAAAA
3636,zmęczenie,1,AEBAA
3637,hormon,1,ACAAAAA
3638,wspominany,1,BDA
3639,niewystarczający,1,CAA
3640,mozaika,1,ADAB
3641,uwarunkowanie,1,AEBAA
3642,kondycja,1,ADACBAA
3643,naczyniowy,1,CAB
3644,schorzenie,1,AEBAA
3645,uboczny,1,CAB
3646,przyjmowany,1,BAAA
3647,niebagatelny,1,CAB
3648,wyhamować,1,BAAA
3649,przemęczenie,1,AEBAA
3650,codzienny,1,CAB
3651,wyczerpanie,1,AEBAA
3652,wypalony,1,BBCA
3653,zawodowo,1,FC
3654,akurat,1,FC
3655,silnie,1,FB
3656,przyjrzenie się,1,-
3657,biseksualny,1,CAB
3658,wiązanie,1,AEBAA
3659,atrakcyjność,1,ADCCA
3660,wygląd,1,ACAAAAA
3661,nasuwać,1,BDA
3662,spontaniczny,1,CAB
3663,responsywne,1,-
3664,połączony,1,CAB
3665,paliwo,1,AEAAAB
3666,urządzać,1,BDA
3667,czułość,1,ADCCA
3668,spieszyć,1,BCCA
3669,spirala,1,ADACBABA
3670,pobudzenie,1,AEBAA
3671,ironia,1,ADACBAA
3672,skuteczność,1,ADCCA
3673,testowanie,1,AEBAA
3674,przenoszenie,1,AEBAA
3675,dotyk,1,ACABA
3676,obecność,1,ADCCA
3677,obniżać,1,BDA
3678,przywracać,1,BDA
3679,oczekiwany,1,BAAC
3680,personalizacji,1,-
3681,gorąco,1,AEAABA
3682,żart,1,ACAAAAA
3683,zadawać,1,BAAE
3684,wymsknąć,1,-
3685,zacytować,1,BAAA
3686,intencja,1,ADACBAA
3687,zapamiętać,1,BDA
3688,zbliżenie,1,AEBAA
3689,dudnić,1,BBCB
3690,zdrada,1,ADAAA
3691,udawanie,1,AEBAA
3692,zrazić,1,BBCA
3693,ignorowanie,1,AEBAA
3694,utrwalać,1,BDA
3695,rozróżnić,1,BBCB
3696,chwilowy,1,CAB
3697,długotrwały,1,CAB
3698,powodujący,1,BAAA
3699,dojmujący,1,BAAA
3700,zasugerować,1,BAAA
3701,męczyć,1,BCCA
3702,martwić,1,BBCA
3703,defekt,1,ACAAAAA
3704,udanie,1,AEBAA
3705,psychologa,1,-
3706,leczenie,1,AEBAA
3707,trafiony,1,BBCA
3708,rozpoznanie,1,AEBAA
3709,zniechęcić,1,BBCA
3710,poszukanie,1,AEBAA
3711,wyprzedzać,1,BDA
3712,mecz,1,ACACACB
3713,sięgnięcie,1,AEBAA
3714,zapłon,1,ACAAAAA
3715,cudowny,1,CAB
3716,suplement,1,ACAAAAA
3717,kuszący,1,BBCA
3718,ambicja,1,ADACBAA
3719,intymny,1,CAB
3720,przeciętnie,1,FB
3721,wykształcony,1,BBCA
3722,substancja,1,ADACBAA
3723,psychoaktywnych,1,-
3724,samotny,1,CAB
3725,stuprocentowy,1,CAB
3726,wyleczyć,1,BCCA
3727,całkowity,1,CAB
3728,uwolnienie,1,AEBAA
3729,krytyczny,1,CAB
3730,adekwatny,1,CAB
3731,wczesny,1,CAB
3732,dojrzałość,1,ADCCA
3733,seksualności,1,-
3734,skłonny,1,CAB
3735,przypuszczać,1,BDA
3736,priorytet,1,ACAAAAA
3737,sprawczość,1,-
3738,miernik,1,ACABBA
3739,rozładowanie,1,AEBAA
3740,zauważony,1,CAB
3741,nieoceniający,1,-
3742,operować,1,BAAA
3743,zaciekawienie,1,AEBAA
3744,bazować,1,BAAA
3745,preferencja,1,ADACBAA
3746,poruszać,1,BDA
3747,słuchanie,1,AEBAA
3748,powstrzymanie,1,AEBAA
3749,zaoferować,1,BAAA
3750,sformułowany,1,BAAA
3751,uchodźstwo,1,AEAAAB
3752,misleya,1,-
3753,mandarina,1,-
3754,przesłać,1,BAAFA
3755,conservativepost,1,-
3756,mandarin,1,-
3757,ostrzec,1,BAFCAB
3758,strategicznie,1,FB
3759,mauritius,1,-
3760,zależny,1,CAB
3761,chin,1,-
3762,potencjalny,1,CAB
3763,namawiać,1,BDA
3764,zablokowanie,1,AEBAA
3765,zapobiec,1,BAFAAB
3766,chiński,1,CBA
3767,ingerencja,1,ADACBAA
3768,nieodzowny,1,CAB
3769,pozostawienie,1,AEBAA
3770,brytyjsko,1,-
3771,poddać,1,BDC
3772,brytyjskim,1,-
3773,parlament,1,ACAAAAA
3774,dzierżawiony,1,BBCA
3775,99,1,-
3776,maurytyjskim,1,-
3777,express,1,-
3778,wypłacony,1,BBCA
3779,funt,1,ABABAAA
3780,brytyjskiego,1,-
3781,1965,1,-
3782,londyński,1,-
3783,jonathana,1,-
3784,obchodzić,1,BBCA
3785,wyminąć,1,BAEAB
3786,szyba,1,ADAAA
3787,imigrant,1,AAADAA
3788,krążący,1,CAA
3789,staranować,1,BAAA
3790,najnowsze,1,-
3791,uśmiechający się,1,-
3792,kanapa,1,ADAAA
3793,zidentyfikować,1,BAAA
3794,jonathan,1,-
3795,potrącić,1,BBCA
3796,oskarżać,1,BDA
3797,01,1,-
3798,beccę,1,-
3799,wysiąść,1,BAFCAA
3800,obchodzący,1,CAA
3801,zaczepiać,1,BDA
3802,proponować,1,BAAA
3803,byś,1,-
3804,lunch,1,-
3805,chwytać,1,BDA
3806,pasażer,1,AAAAAA
3807,podniesiony,1,CAB
3808,szarpać,1,BAAFA
3809,tył,1,BAFB
3810,przód,1,ACAAAAA
3811,uniknąć,1,BAEAA
3812,kochanie,1,AEBAA
3813,lusterko,1,AEAAAA
3814,odjeżdżający,1,BDA
3815,jęknięcie,1,AEBAA
3816,wystrzał,1,ACAAAAA
3817,zaparkowany,1,BAAA
3818,auto,1,AEAAAB
3819,pier,1,-
3820,suka,1,ADAB
3821,kirsti,1,-
3822,sekretarz,1,AAABD
3823,kierujący,1,BAAA
3824,immunitet,1,ACAAAAA
3825,hospitalizować,1,BAAA
3826,rozbity,1,BAFB
3827,tłumaczenie,1,AEBAA
3828,tim,1,-
3829,walz,1,-
3830,gubernator,1,AAACAAAB
3831,użyć,1,AEBAA
3832,gwardia,1,ADACBAA
3833,krótko,1,FA
3834,wyłączność,1,ADCCA
3835,przeciw,1,GBBAA
3836,sprzeciw,1,ACAAAAA
3837,chicago,1,-
3838,protestujący,1,BAAA
3839,ułożyć,1,BCCA
3840,znicz,1,ACACBBA
3841,trąbić,1,BBCA
3842,klakson,1,ACAAAAA
3843,nocować,1,BAAA
3844,hampton,1,-
3845,hill,1,-
3846,zakwaterowanie,1,AEBAA
3847,złośliwość,1,ADCCA
3848,pożalić się,1,-
3849,reuters,1,-
3850,angelina,1,-
3851,katsanis,1,-
3852,skoordynowany,1,BAAA
3853,świadczenia,1,AGDAA
3854,zarezerwować,1,BAAA
3855,rządowy,1,CAB
3856,mail,1,-
3857,stawek,1,ACABA
3858,złośliwie,1,FB
3859,anulować,1,BAAA
3860,niedopuszczalny,1,CAB
3861,morderca,1,AABCBB
3862,gwałciciel,1,AAABCA
3863,podważać,1,BDA
3864,egzekwowanie,1,AEBAA
3865,historyk,1,AAACBA
3866,timothy,1,-
3867,umieszczony,1,CAB
3868,potępiać,1,BDA
3869,eskalacja,1,ADACBAA
3870,wycofać,1,BDA
3871,zamordować,1,BAAA
3872,swe,1,EDAAB
3873,wspólnik,1,AAACBA
3874,zabójstwo,1,AEAAAB
3875,usprawiedliwienie,1,AEBAA
3876,daleko,1,FA
3877,promieniować,1,BAAA
3878,odnaleźć,1,BAFCAA
3879,pielęgnować,1,BAAA
3880,chrześcijanka,1,ADAB
3881,nauczać,1,BDA
3882,troszczyć się,1,-
3883,integralność,1,ADCCA
3884,appla,1,-
3885,aplikacja,1,ADACBAA
3886,ostrzegający,1,BDA
3887,migration,1,-
3888,przystać,1,BAFABD
3889,zabrany,1,BAAFA
3890,gwizdek,1,ACABBA
3891,uczcić,1,BBCB
3892,nienawiść,1,ADCCA
3893,współczucie,1,AEBAA
3894,odwracać,1,BDA
3895,dążyć,1,BCCA
3896,spopularyzować,1,BAAA
3897,skandynawki,1,-
3898,odzieżowy,1,CAB
3899,modowym,1,-
3900,twist,1,ABABAAA
3901,wielowarstwowy,1,CAB
3902,minusowy,1,CAB
3903,silniejszy,1,CAB
3904,ubieranie,1,AEBAA
3905,ubiór,1,ACAAAAA
3906,wizualny,1,CAB
3907,modowej,1,-
3908,fakturowo,1,-
3909,przykuwać,1,BDA
3910,nieoczywistymi,1,-
3911,łączenie,1,AEBAA
3912,jeansów,1,-
3913,midi,1,AEE
3914,wystający,1,CAA
3915,nonszalancko,1,FC
3916,tyć,1,AEBAA
3917,chusta,1,ADAAA
3918,przewiązany,1,BAAFA
3919,layeringu,1,-
3920,ocieplajace,1,-
3921,fantazyjny,1,CAB
3922,dozwolony,1,BBCA
3923,szafa,1,ADAAA
3924,bawełniany,1,CAB
3925,obcisły,1,CAB
3926,rękaw,1,ACAABAA
3927,golf,1,ABABAAA
3928,leginsy,1,-
3929,wełna,1,ADAAA
3930,merino,1,-
3931,najmodniejszy,1,CAB
3932,tunika,1,ADAB
3933,spodnie,1,CBB
3934,okrycie,1,AEBAA
3935,fason,1,ACAAAAA
3936,komponować,1,BAAA
3937,stroić,1,BBCA
3938,kolorystyczny,1,CAB
3939,spójny,1,CAB
3940,acz,1,-
3941,przesada,1,ADAAA
3942,ujemny,1,CAB
3943,wiązać,1,BAAFA
3944,niebezpieczny,1,CAB
3945,sercowy,1,CAB
3946,zaostrzenie,1,AEBAA
3947,abc,1,-
3948,kardiolog,1,AAACBA
3949,n,1,-
3950,med,1,-
3951,american,1,-
3952,heart,1,-
3953,association,1,-
3954,zabójczy,1,CAA
3955,umierać,1,BDA
3956,kilkaset,1,DBJ
3957,siedzący,1,CAA
3958,palenie,1,AEBAA
3959,nadciśnienie,1,AEBAA
3960,dojście,1,AEBAA
3961,nasilenie,1,AEBAA
3962,lekarka,1,ADAB
3963,najszybciej,1,FC
3964,górny,1,CAB
3965,poważniejszy,1,CAB
3966,najkrótszy,1,CAB
3967,abczdrowie,1,-
3968,grabowski,1,-
3969,warszawskiego,1,-
3970,medyczny,1,CAB
3971,pijana,1,ADACCBA
3972,szkockich,1,-
3973,drogowiec,1,AAACBA
3974,mph,1,-
3975,zastosować,1,BAAA
3976,uspokajanie,1,AEBAA
3977,a811,1,-
3978,ostrzegawczy,1,CAA
3979,wiodący,1,BAFCAA
3980,miejscowość,1,ADCCA
3981,dróżka,1,ADAB
3982,rozdzielający,1,BDA
3983,zygzak,1,ACABBA
3984,uzupełniać,1,BDA
3985,leeds,1,-
3986,university,1,-
3987,dowodzić,1,BBCA
3988,pionowy,1,CAB
3989,przesunięcie,1,AEBAA
3990,zwężenie,1,AEBAA
3991,iluzoryczny,1,CAB
3992,podzielony,1,BBCA
3993,przeznaczyć,1,BCCA
3994,załatanie,1,AEBAA
3995,kombinacja,1,ADACBAA
3996,daily,1,-
3997,record,1,-
3998,danny,1,-
3999,krzysztofem,1,-
4000,komanderem,1,-
4001,kicz,1,ACACACB
4002,opowiadający,1,BDA
4003,przystawać,1,BAAE
4004,obiegowy,1,CAB
4005,szok,1,ACABA
4006,zrobienie,1,AEBAA
4007,wesele,1,AEBAA
4008,wojtka,1,-
4009,scenarzysta,1,AABDAA
4010,debiutować,1,BAAA
4011,producentka,1,-
4012,oświetlenie,1,AEBAA
4013,scenografka,1,-
4014,zgraja,1,ADACBABA
4015,dzieciak,1,AAADBB
4016,określić,1,BBCA
4017,filmowiec,1,AAACBA
4018,brutalny,1,CAB
4019,cinekid,1,-
4020,amsterdamie,1,-
4021,sekcja,1,ADACBAA
4022,wstać,1,BAFABD
4023,wypalić,1,BBCA
4024,nuda,1,ADAAA
4025,owijać,1,BDA
4026,kurtuazyjny,1,CAB
4027,popracować,1,BAAA
4028,przyzwyczaić,1,BBCA
4029,rozsypać,1,BAAFA
4030,prezentacja,1,ADACBAA
4031,załatwić,1,BBCA
4032,przygodowy,1,CAB
4033,wymienić,1,BBCA
4034,indianę,1,-
4035,jonesa,1,-
4036,stereotypowo,1,-
4037,napakowany,1,BAAA
4038,bodziec,1,ACACBC
4039,siedem,1,DBBA
4040,dopytać,1,BDA
4041,ogarniać,1,BDA
4042,siedmiolatek,1,AAADBA
4043,jedenastoletni,1,CBB
4044,spytać,1,BDA
4045,przestraszyć,1,BCCA
4046,zanudzić,1,BBCA
4047,pogrzeb,1,ACAAAAA
4048,dopełnić,1,BBCB
4049,tracić,1,BBCA
4050,kalkulacja,1,ADACBAA
4051,obliczony,1,CAB
4052,san,1,-
4053,sebastian,1,-
4054,sundance,1,-
4055,kurczę,1,AECA
4056,opowiadanie,1,AEBAA
4057,walor,1,ACAAAAA
4058,przeżycie,1,AEBAA
4059,cynicznie,1,FB
4060,psychologów,1,-
4061,arkiem,1,-
4062,jakubikiem,1,-
4063,pogadać,1,BDA
4064,nieudolnie,1,FB
4065,emocjonalnie,1,FB
4066,dziesięcioletni,1,CBB
4067,obciążać,1,BDA
4068,nocleg,1,ACABA
4069,darmo,1,FC
4070,uprawniać,1,BDA
4071,traktowanie,1,AEBAA
4072,bydło,1,AEAAAB
4073,branża,1,ADACABB
4074,przesiąknięty,1,BAEAA
4075,pić,1,AEBAA
4076,obrażać,1,BDA
4077,wyzyskiwać,1,BAAC
4078,uformowanie,1,AEBAA
4079,kółeczko,1,AEAAAA
4080,bezpieczniej,1,FC
4081,ciasteczko,1,AEAAAA
4082,przepadać,1,BDA
4083,pająk,1,ABAC
4084,forum,1,AEE
4085,zapewnić,1,BBCB
4086,struna,1,ADAAA
4087,obojętnie,1,FB
4088,tłuc,1,BAFCAB
4089,patyk,1,ACABBA
4090,kałuża,1,ADACABB
4091,naród,1,ACAAAAA
4092,wybrnąć,1,BAEAA
4093,urazić,1,BBCA
4094,wypowiedzieć,1,BDC
4095,rączka,1,ADAB
4096,stawać,1,BAAE
4097,mądrzejszy,1,CAB
4098,przekroczenie,1,AEBAA
4099,genialny,1,CAB
4100,groźnie,1,FB
4101,krzywdzić,1,BBCA
4102,gang,1,ACABA
4103,znęcać,1,BDA
4104,bydgoszczy,1,-
4105,lucky,1,-
4106,bob,1,-
4107,janusz,1,-
4108,hetman,1,AAADAA
4109,gostomczyk,1,-
4110,zamurować,1,BAAA
4111,rozłożyć,1,BCCA
4112,wyjaśnić,1,BBCB
4113,intuicyjny,1,CAB
4114,wypadek,1,ACABA
4115,zaprzeczyć,1,BCCA
4116,rozum,1,ACAAAAA
4117,łatwiej,1,FC
4118,trudniej,1,FC
4119,amelią,1,-
4120,goldą,1,-
4121,odeprzeć,1,BABA
4122,cringe,1,-
4123,kompletnie,1,FB
4124,passé,1,-
4125,wstydzić się,1,-
4126,przewaga,1,ADAB
4127,peszyć,1,BCCA
4128,przyzwyczajony,1,BBCA
4129,nagrywanie,1,AEBAA
4130,ustawienie,1,AEBAA
4131,odgrywanie,1,AEBAA
4132,scenka,1,ADAB
4133,obiektyw,1,ACAAAAA
4134,testowy,1,CAB
4135,research,1,-
4136,wojtek,1,-
4137,poświęcać,1,BDA
4138,zgłębianie,1,AEBAA
4139,rzadkość,1,ADCCA
4140,opowiedzenie,1,AEBAA
4141,konsultować,1,BAAA
4142,młodzież,1,ADCAB
4143,zmontowanie,1,AEBAA
4144,nieznajoma,1,ADACCBA
4145,wspaniały,1,CAB
4146,balans,1,ACACACA
4147,fabuła,1,ADAAA
4148,realizm,1,ACAAAAA
4149,przygoda,1,ADAAA
4150,upatrywać,1,BAAB
4151,troszkę,1,DF
4152,podrosnąć,1,BAEB
4153,obejrzenie,1,AEBAA
4154,płytka,1,ADAB
4155,szturchać,1,BDA
4156,wygadywać,1,BAAB
4157,nabity,1,BAFB
4158,spóźnić się,1,-
4159,najfajniejszy,1,CAB
4160,podskoczyć,1,BCCA
4161,pobeczeć,1,BCBA
4162,wartościowy,1,CAB
4163,usta,1,AGDAA
4164,spowodować,1,BAAA
4165,schlingel,1,-
4166,widzenie,1,AEBAA
4167,gala,1,ACACBAA
4168,niemiecki,1,ACD
4169,moderator,1,ACAABAA
4170,amelce,1,-
4171,łańcuszek,1,ACABBA
4172,uzmysłowić,1,BBCA
4173,gal,1,ACACAA
4174,sms,1,-
4175,krzychu,1,-
4176,zakłuć,1,AEBAA
4177,wyczytać,1,BDA
4178,amelkę,1,-
4179,wypchnąć,1,BAEAA
4180,odwrócić,1,BBCA
4181,rockowy,1,CAB
4182,założony,1,CAB
4183,grosz,1,ACACBBA
4184,bal,1,ACACACB
4185,łączący,1,CAA
4186,1975,1,-
4187,zeliszewski,1,-
4188,pełniący,1,CAA
4189,menedżera,1,-
4190,zm,1,-
4191,przełom,1,ACAAAAA
4192,xx,1,-
4193,anną,1,-
4194,jantar,1,ACAAAAA
4195,izabelą,1,-
4196,trojanowską,1,-
4197,urszulą,1,-
4198,przepraszać,1,BDA
4199,1976,1,-
4200,alabama,1,-
4201,1984,1,-
4202,pay,1,-
4203,1987,1,-
4204,reaktywować,1,BAAA
4205,licealista,1,AABDAA
4206,gitarzysta,1,AABDAA
4207,brozi,1,-
4208,janusza,1,-
4209,pędzisza,1,-
4210,grüna,1,-
4211,prompter,1,-
4212,box,1,-
4213,zaczerpnąć,1,BAEAA
4214,słownik,1,ACABBA
4215,angielsko,1,-
4216,spolszczenie,1,AEBAA
4217,lubelskim,1,-
4218,arcus,1,-
4219,położyć,1,BCCA
4220,kres,1,ACAAAAA
4221,stały,1,BAFABD
4222,umcs,1,-
4223,klawiszowiec,1,-
4224,witold,1,-
4225,odorowicz,1,-
4226,obóz,1,ACAAAAA
4227,giżycku,1,-
4228,coverów,1,-
4229,zagraniczny,1,CAB
4230,wiosna,1,ADAAA
4231,sesja,1,ADACBAA
4232,nagraniowej,1,-
4233,lublin,1,-
4234,instrumentalny,1,CAB
4235,kazimierz,1,-
4236,łojan,1,-
4237,początkujący,1,AAEB
4238,poeta,1,AABDAA
4239,migo,1,-
4240,gorączka,1,ADAB
4241,wahać,1,BDA
4242,trójka,1,ADAB
4243,pilność,1,ADCCA
4244,przykładać,1,BDA
4245,regulować,1,BAAA
4246,niższy,1,CAB
4247,podwyższyć,1,BCCB
4248,obniżyć,1,BCCA
4249,dopuszczalny,1,CAB
4250,zastanowić,1,BBCA
4251,demotywuje,1,-
4252,stresować,1,BAAA
4253,kuśmierz,1,-
4254,praworządność,1,ADCCA
4255,popularnie,1,FB
4256,zatwierdzić,1,BBCA
4257,przeprowadzanie,1,AEBAA
4258,ustalenia,1,AGDAA
4259,bożena,1,-
4260,kuratorium,1,AED
4261,ekspertka,1,-
4262,zbieg,1,AAAAB
4263,rozpoczynać,1,BDA
4264,określenie,1,AEBAA
4265,pytający,1,BDA
4266,chętny,1,CAB
4267,upłynąć,1,BAEAB
4268,polonistka,1,ADAB
4269,katowickich,1,-
4270,uczniowski,1,CBA
4271,wzmożony,1,CAB
4272,motywacja,1,ADACBAA
4273,odprawiać,1,BDA
4274,kwitek,1,ACABBA
4275,systematycznie,1,FB
4276,wywierać,1,BDA
4277,zasypywać,1,BAAB
4278,julka,1,-
4279,kuba,1,-
4280,podsumowanie,1,AEBAA
4281,dramat,1,ACAAAAA
4282,przyłożyć,1,BCCA
4283,uniemożliwiać,1,BDA
4284,kontynuowanie,1,AEBAA
4285,programowo,1,FC
4286,umożliwić,1,BBCA
4287,uzupełnienie,1,AEBAA
4288,rzeczniczka,1,ADAB
4289,pełnoletni,1,CBB
4290,uzyskanie,1,AEBAA
4291,zaliczenie,1,AEBAA
4292,rosnąć,1,BAEB
4293,korzystający,1,BDA
4294,gorący,1,CAA
4295,elektroniczny,1,CAB
4296,kalkulator,1,AAACAAAB
4297,uzyskany,1,BDA
4298,automatycznie,1,FB
4299,ania,1,-
4300,pomimo,1,GBBAA
4301,uczennica,1,ADACABB
4302,rachunek,1,ACABA
4303,śródroczną,1,-
4304,opanowanie,1,AEBAA
4305,pomagający,1,BDA
4306,marzena,1,-
4307,metodyczka,1,ADAB
4308,budzący,1,CAA
4309,niezgodny,1,CAB
4310,absurdalny,1,CAB
4311,wpisać,1,BAAFA
4312,czasownik,1,ACABBA
4313,odmienić,1,BBCA
4314,zaimek,1,ACABBA
4315,palec,1,ACACBC
4316,gramatyka,1,AAACBA
4317,leksyka,1,ADAB
4318,wymowa,1,ADAAA
4319,intonacja,1,ADACBAA
4320,rozmówca,1,AABCBB
4321,adekwatnie,1,FB
4322,wyuczenie,1,AEBAA
4323,faktyczny,1,CAB
4324,komunikacyjny,1,CAB
4325,demotywująco,1,-
4326,obiektywniej,1,-
4327,stronniczość,1,ADCCA
4328,zżymać się,1,-
4329,autonomia,1,ADACBAA
4330,hopla,1,GAB
4331,cisnąć,1,BAEAA
4332,rankingi,1,-
4333,janina,1,-
4334,sabat,1,ACAAAAA
4335,nauczycielka,1,ADAB
4336,chorzowa,1,-
4337,opisowy,1,CAB
4338,łatwizna,1,ADAAA
4339,toksyczny,1,CAB
4340,krążyć,1,BCCA
4341,maraton,1,ACAAAAA
4342,dwaj,1,DABAA
4343,pogubiony,1,BBCA
4344,niezdolny,1,CAB
4345,dryfujący,1,BAAA
4346,autodestrukcją,1,-
4347,odkupienie,1,AEBAA
4348,uczynić,1,BBCA
4349,perfekcjonizm,1,ACAAAAA
4350,ciągły,1,CAB
4351,rozejść się,1,-
4352,bystrzejszy,1,CAB
4353,hazard,1,ACAAAAA
4354,charyzmatyczny,1,CAB
4355,pięknie,1,FB
4356,opakowany,1,BAAA
4357,fikcja,1,ADACBAA
4358,wypożyczony,1,CAB
4359,stolik,1,ACABBA
4360,przykrywać,1,BDA
4361,kredyt,1,ACAAAAA
4362,splatać,1,BDA
4363,klaseru,1,-
4364,parking,1,ACABA
4365,oznajmiać,1,BDA
4366,znoszący,1,BBCA
4367,jajka,1,AGDAA
4368,słać,1,BAAFA
4369,gęsto,1,FA
4370,kiepski,1,CBA
4371,przemilczany,1,BDA
4372,pragnienie,1,AEBAA
4373,misternie,1,FB
4374,kruszyć,1,BCCA
4375,krasomówczy,1,CAA
4376,popis,1,ACAAAAA
4377,przemowa,1,ADAAA
4378,blichtr,1,ACAAAAA
4379,zawalić,1,BBCA
4380,napadać,1,BDA
4381,gangster,1,AAACAAAB
4382,panika,1,ADAB
4383,vincem,1,-
4384,cofać,1,BDA
4385,napad,1,ACAAAAA
4386,wierzyciel,1,AAABCA
4387,zainwestować,1,BAAA
4388,głębiej,1,FC
4389,nowojorski,1,-
4390,półświatek,1,ACABBA
4391,pociągać,1,BDA
4392,oczyszczenie,1,AEBAA
4393,wręcz,1,GBBBA
4394,szczelina,1,ADAAA
4395,wypływać,1,BDA
4396,tłumiony,1,BBCA
4397,jork,1,-
4398,blask,1,ACABA
4399,neon,1,ACAAAAA
4400,wilgotny,1,CAB
4401,zakurzony,1,CAB
4402,trafnie,1,FB
4403,ton,1,ACAAAAA
4404,sensacja,1,ADACBAA
4405,bum,1,ACAAAAA
4406,subtelny,1,CAB
4407,meandrować,1,BAAA
4408,zmierzać,1,BDA
4409,spłycony,1,BBCA
4410,epizod,1,ACAAAAA
4411,odsłonić,1,BBCA
4412,intryga,1,ADAB
4413,uroda,1,ADAAA
4414,papież,1,AAABD
4415,dumbledore,1,-
4416,drażnić,1,BBCB
4417,dłużny,1,CAB
4418,współwinny,1,AAEC
4419,pętla,1,ADACBAA
4420,lojalność,1,ADCCA
4421,krzywda,1,ADAAA
4422,popękany,1,BDA
4423,domyślać,1,BDA
4424,alkoholik,1,AAACBA
4425,odciskać,1,BDA
4426,ślad,1,ACAAAAA
4427,aleksandrowi,1,-
4428,plebiscyt,1,ACAAAAA
4429,bombardowany,1,BAAA
4430,skrzyknąć,1,BAEAA
4431,poważnie,1,FB
4432,włączyć,1,BCCA
4433,zapaść,1,ADCCA
4434,nieoficjalnie,1,FB
4435,dowiadywać się,1,-
4436,zagłosować,1,-
4437,badany,1,BDA
4438,zagadkowo,1,FC
4439,odnoga,1,ADAB
4440,zadłużenie,1,AEBAA
4441,skumulować,1,BAAA
4442,miliard,1,ACAABAA
4443,przeliczenie,1,AEBAA
4444,najgorszy,1,AEBAB
4445,niespełna,1,GBBBBBA
4446,odziedziczony,1,CAB
4447,poprzednik,1,AAACBA
4448,majchrowski,1,-
4449,zadłużyć,1,BCCA
4450,przebić,1,AEBAA
4451,starobrat,1,-
4452,zadowolenie,1,AEBAA
4453,przeprowadzony,1,BBCA
4454,alarm,1,ACAAAAA
4455,smogowego,1,-
4456,ankietowany,1,BAAA
4457,poprzeć,1,BABA
4458,nieprzepisowy,1,CAB
4459,aut,1,ACAAAAA
4460,zwolniony,1,BBCB
4461,restrykcyjny,1,CAB
4462,uchwalony,1,BBCA
4463,zobowiązany,1,BAAFA
4464,sejmik,1,ACABA
4465,małopolskiego,1,-
4466,dymisja,1,ADACBAA
4467,wieloletni,1,CBB
4468,wywóz,1,ACAAAAA
4469,śmiecić,1,BBCA
4470,płacić,1,BBCA
4471,odpłatny,1,CAB
4472,niedawny,1,CAB
4473,odpłatność,1,ADCCA
4474,podstrefie,1,-
4475,wydłużyć,1,BCCA
4476,obowiązywanie,1,AEBAA
4477,przeciętna,1,ADACCBA
4478,rocznie,1,FC
4479,dzielony,1,BBCA
4480,intratny,1,CAB
4481,posada,1,ADAAA
4482,przyznany,1,BDA
4483,brutto,1,CD
4484,wypłacany,1,BDA
4485,odchodne,1,-
4486,239,1,-
4487,73,1,-
4488,zgarnąć,1,BAEAA
4489,bogusław,1,-
4490,kośmider,1,-
4491,holding,1,ACABA
4492,dorzucać,1,BDA
4493,mianowicie,1,GBBAB
4494,wywieszanie,1,AEBAA
4495,flaga,1,ADAB
4496,eksponowanie,1,AEBAA
4497,patronat,1,ACAAAAA
4498,niepodległość,1,ADCCA
4499,rzeź,1,ADCAAA
4500,wołyńskiej,1,-
4501,obchody,1,AGAB
4502,pochód,1,ACAAAAA
4503,hipokryzja,1,ADACBAA
4504,wyprawiać,1,BDA
4505,trzaskowski,1,-
4506,przypodobać się,1,-
4507,propagować,1,BAAA
4508,święcie,1,FC
4509,skrytykować,1,BAAA
4510,tfu,1,GAB
4511,moralnie,1,FB
4512,społecznościowym,1,-
4513,antykościelnych,1,-
4514,lansować,1,BAAA
4515,odwoławczy,1,CAA
4516,zaglądać,1,BDA
4517,konkludować,1,BAAA
4518,słabszy,1,CAB
4519,kaczyńskiego,1,-
4520,pesel,1,-
4521,średnio,1,FC
4522,odrzucony,1,BBCA
4523,głosować,1,BAAA
4524,264,1,-
4525,257,1,-
4526,mądrze,1,FB
4527,hurra,1,GAB
4528,zirytowany,1,BAAA
4529,zdeterminowany,1,BAAA
4530,filipowicza,1,-
4531,częstochowie,1,-
4532,mamprawowiedzieć,1,-
4533,doprowadzenie,1,AEBAA
4534,zbieranie,1,AEBAA
4535,2006,1,-
4536,łączeń,1,AEBAA
4537,284,1,-
4538,2479,1,-
4539,41,1,-
4540,samorządowców,1,-
4541,odwołany,1,BDA
4542,obronić,1,BBCA
4543,sopotu,1,-
4544,karnowski,1,-
4545,2009,1,-
4546,wiążący,1,BAAFA
4547,prezydentka,1,-
4548,zabrza,1,-
4549,inicjator,1,AAACAAAB
4550,szum,1,ACAAAAA
4551,zasiać,1,BAFBD
4552,rozpoznawalność,1,-
4553,karta,1,ABABAAA
4554,wizerunkowy,1,-
4555,socjolog,1,AAACBA
4556,jagiellońskiego,1,-
4557,gonić,1,BBCA
4558,króliczek,1,ABAC
4559,obrazowo,1,FC
4560,skromny,1,CAB
4561,zerowy,1,CAB
4562,opozycja,1,ADACBAA
4563,skapitalizować,1,-
4564,wizerunkowym,1,-
4565,uważnie,1,FB
4566,wyciągać,1,BDA
4567,ewentualny,1,CAB
4568,kmita,1,-
4569,zdobycie,1,AEBAA
4570,wassermann,1,-
4571,jackiem,1,-
4572,majchrowskim,1,-
4573,konrad,1,-
4574,wybryk,1,ACABA
4575,ikei,1,-
4576,wygrana,1,ADACCBA
4577,rządzić,1,BBCA
4578,5434,1,-
4579,zaangażować,1,BAAA
4580,prawdziwie,1,FB
4581,limit,1,ACAAAAA
4582,391,1,-
4583,778,1,-
4584,klapa,1,ADAAA
4585,87,1,-
4586,nadużycie,1,AEBAA
4587,sporządzanie,1,AEBAA
4588,umorzony,1,CAB
4589,szkodliwość,1,ADCCA
4590,cięcie,1,AEBAA
4591,rozczarowany,1,BAAA
4592,niezadowolony,1,CAB
4593,najgłośniej,1,FC
4594,referendalnej,1,-
4595,nieprzychylny,1,CAB
4596,kolejność,1,ADCCA
4597,wywołanie,1,AEBAA
4598,utrudnienie,1,AEBAA
4599,rozwiązywanie,1,AEBAA
4600,dostawać,1,BAAE
4601,populistyczne,1,-
4602,podnoszony,1,BBCA
4603,oponent,1,AAADAA
4604,niespójny,1,CAB
4605,krytykować,1,BAAA
4606,zastać,1,BAFABD
4607,wprowadzany,1,BDA
4608,ratować,1,BAAA
4609,uzdrawiać,1,BDA
4610,finanse,1,AGCB
4611,skonstruować,1,BAAA
4612,zarządzać,1,BDA
4613,odpierać,1,BDA
4614,kolesiostwo,1,-
4615,kolesi,1,-
4616,populistyczny,1,-
4617,zatrudniać,1,BDA
4618,przejrzysty,1,CAB
4619,nabór,1,ACAAAAA
4620,przyjęty,1,BAFCB
4621,złożenie,1,AEBAA
4622,zawiadomienie,1,AEBAA
4623,komisarz,1,AAABD
4624,zamiar,1,ACAAAAA
4625,lights,1,-
4626,up,1,-
4627,44,1,-
4628,zadebiutować,1,BAAA
4629,jamesa,1,-
4630,corden,1,-
4631,kendal,1,-
4632,jenner,1,-
4633,46,1,-
4634,jamesem,1,-
4635,cordenem,1,-
4636,47,1,-
4637,shangri,1,-
4638,malibu,1,-
4639,kalifornii,1,-
4640,produkcyjny,1,CAB
4641,grammy,1,-
4642,49,1,-
4643,brzmienie,1,AEBAA
4644,funku,1,-
4645,soulu,1,-
4646,51,1,-
4647,52,1,-
4648,rolling,1,-
4649,stone,1,-
4650,491,1,-
4651,wszech,1,-
4652,54,1,-
4653,watermelon,1,-
4654,sugar,1,-
4655,dziesiątka,1,ACABBA
4656,osiągać,1,BDA
4657,55,1,-
4658,56,1,-
4659,love,1,-
4660,wybuch,1,ACAAAB
4661,sars,1,-
4662,cov,1,-
4663,europę,1,-
4664,59,1,-
4665,występ,1,ACAAAAA
4666,płeć,1,ADCAAA
4667,marka,1,ACABBA
4668,pielęgnacja,1,ADACBAA
4669,paznokieć,1,ACACBAA
4670,pleasing,1,-
4671,wkraczać,1,BDA
4672,zastąpić,1,BBCA
4673,neutralność,1,ADCCA
4674,fakultatywny,1,CAB
4675,począć,1,BAFCB
4676,uzasadnienie,1,AEBAA
4677,rozporządzenie,1,AEBAA
4678,realizować,1,BAAA
4679,teoretyczny,1,CAB
4680,wskazany,1,BAAFA
4681,zjawisko,1,AEAAAA
4682,demokracja,1,ADACBAA
4683,wpływanie,1,AEBAA
4684,interakcja,1,ADACBAA
4685,załatwianie,1,AEBAA
4686,mechanizm,1,ACAAAAA
4687,równoważny,1,CAB
4688,szykować,1,BAAA
4689,musicalowy,1,CAB
4690,rapować,1,-
4691,widzki,1,-
4692,rap,1,ABABAAA
4693,upadek,1,ACABA
4694,komunizm,1,ACAAAAA
4695,szyngiery,1,-
4696,webbera,1,-
4697,mikosza,1,-
4698,gdański,1,CBA
4699,szekspirowskim,1,-
4700,wyprzedać,1,BDC
4701,afisz,1,ACACBC
4702,zagościć,1,BBCA
4703,repertuar,1,ACAAAAA
4704,fryderyk,1,-
4705,nakład,1,ACAAAAA
4706,universal,1,-
4707,music,1,-
4708,bisza,1,-
4709,zatem,1,GBBAB
4710,atmosfera,1,ADAAA
4711,podkręcać,1,BDA
4712,zimowlę,1,-
4713,dominiki,1,-
4714,słowik,1,ABAC
4715,smok,1,ABAC
4716,adaptacja,1,ADACBAA
4717,gatsby,1,-
4718,ego,1,-
4719,francisa,1,-
4720,scotta,1,-
4721,fitzgeralda,1,-
4722,michała,1,-
4723,najciekawszy,1,CAB
4724,raperów,1,-
4725,tekściarzy,1,-
4726,antygonie,1,-
4727,duet,1,ACAAAAA
4728,rapowanym,1,-
4729,pomost,1,ACAAAAA
4730,antyczny,1,CAB
4731,żyjący,1,BAFB
4732,bohaterstwo,1,AEAAAB
4733,zagubienie,1,AEBAA
4734,niepewność,1,ADCCA
4735,bratobójczy,1,CAA
4736,niesprawny,1,CAB
4737,odbudować,1,BAAA
4738,wojować,1,BAAA
4739,kreować,1,BAAA
4740,wrogi,1,CBA
4741,miecz,1,ACACBBA
4742,pojednanie,1,AEBAA
4743,nastąpić,1,BBCA
4744,rozliczać,1,BDA
4745,kazana,1,-
4746,ast,1,-
4747,kościelniak,1,-
4748,dominika,1,-
4749,kozłowska,1,-
4750,anna,1,-
4751,tomaszewska,1,-
4752,dolatowski,1,-
4753,maciej,1,-
4754,jackowski,1,-
4755,łukawski,1,-
4756,malchar,1,-
4757,sławomir,1,-
4758,rokita,1,ADAAA
4759,dominik,1,-
4760,stroka,1,-
4761,zięba,1,ADAAA
4762,wanda,1,-
4763,skorny,1,-
4764,kubasiewicz,1,-
4765,michałem,1,-
4766,scenografia,1,ADACBAA
4767,kostium,1,ACAAAAA
4768,opracować,1,BAAA
4769,mirek,1,-
4770,kaczmarek,1,-
4771,choreografia,1,ADACBAA
4772,maćko,1,-
4773,Prusak,1,AAACBA
4774,natan,1,-
4775,zuzanna,1,-
4776,skolias,1,-
4777,pakuła,1,-
4778,szkic,1,ACACACB
4779,oliwia,1,-
4780,kuc,1,ABAAAB
4781,inspicjent,1,AAADAA
4782,bartłomiej,1,-
4783,oskarbski,1,-
4784,rajski,1,CBA
4785,teatrwkrakowie,1,-
4786,powiększenie,1,AEBAA
4787,erasmus,1,-
4788,dziewięć,1,DBBA
4789,obszar,1,ACAAAAA
4790,integracja,1,ADACBAA
4791,cypru,1,-
4792,uwzględnienie,1,AEBAA
4793,socjalny,1,CAB
4794,odpady,1,AGAB
4795,surowszy,1,CAB
4796,dziedzina,1,ADAAA
4797,czystszy,1,CAB
4798,objęty,1,BAFCB
4799,malty,1,-
4800,słowacka,1,-
4801,rozszerzenie,1,AEBAA
4802,hiszpański,1,ACD
4803,eksport,1,ACAAAAA
4804,włosek,1,ACABBA
4805,wymiana,1,ADAAA
4806,zwiększyć,1,BCCA
4807,77,1,-
4808,zacieśnić,1,BBCB
4809,litwą,1,-
4810,szwecją,1,-
4811,dwudziestolecie,1,AEBAC
4812,przepływ,1,ACAAAAA
4813,hollywoodzki,1,-
4814,richarda,1,-
4815,linklatera,1,-
4816,transparent,1,ACAAAAA
4817,glena,1,-
4818,tytułowy,1,CAB
4819,współautor,1,AAACAAAB
4820,szelmowsko,1,FC
4821,ściskać,1,BDA
4822,pozować,1,BAAA
4823,fotka,1,ADAB
4824,rozpromienić,1,BBCA
4825,zasilić,1,BBCA
4826,chutsky,1,-
4827,potomek,1,AAAAB
4828,Tatar,1,AAACAAAB
4829,cyndy,1,-
4830,powellowie,1,-
4831,zadrwili,1,-
4832,przełomowy,1,CAB
4833,podbić,1,AEBAA
4834,przystojny,1,CAB
4835,postawny,1,CAB
4836,szczęka,1,ADAB
4837,timotheé,1,-
4838,chalameta,1,-
4839,antagonista,1,AABDAA
4840,udowodnić,1,BBCB
4841,futbolowy,1,CAB
4842,siódemka,1,ADAB
4843,ryzykowny,1,CAB
4844,wujek,1,AAAAB
4845,nastoletni,1,CBB
4846,opona,1,ADAAA
4847,jeździć,1,BBCA
4848,traktor,1,ACAABAA
4849,ujarzmiać,1,BDA
4850,gq,1,-
4851,strzelnica,1,ADACABB
4852,wystawiać,1,BDA
4853,rozstawać się,1,-
4854,denzela,1,-
4855,washingtona,1,-
4856,dyskusyjny,1,CAB
4857,perfekcyjnie,1,-
4858,elegancko,1,FA
4859,harvardu,1,-
4860,washington,1,-
4861,edowi,1,-
4862,richard,1,-
4863,gere,1,-
4864,powellem,1,-
4865,mylny,1,CAB
4866,młodzieniec,1,AAACAAAA
4867,los,1,ACAAAAA
4868,angeles,1,-
4869,znajoma,1,ADACCBA
4870,castingi,1,-
4871,zmierzch,1,ACAAAB
4872,wiotki,1,CBA
4873,blady,1,CAB
4874,wielkooki,1,CBA
4875,zbudowany,1,BAAA
4876,opalony,1,BBCA
4877,wyświetlać,1,BDA
4878,iron,1,ACAAAAA
4879,mana,1,-
4880,wygodny,1,CAB
4881,wylądować,1,BAAA
4882,garaż,1,ACACAB
4883,zaprzyjaźniony,1,BBCA
4884,nadsyłany,1,BDA
4885,umrzeć,1,BABA
4886,desperacja,1,ADACBAA
4887,sylvestra,1,-
4888,kompletować,1,BAAA
4889,obsada,1,ADAAA
4890,niezniszczalny,1,CAB
4891,głupi,1,CBB
4892,krwawy,1,CAB
4893,najemnik,1,AAACBA
4894,składający,1,BDA
4895,arnold,1,-
4896,schwarzenegger,1,-
4897,harrison,1,-
4898,ford,1,ABABAAA
4899,dolph,1,-
4900,lundgren,1,-
4901,jet,1,-
4902,li,1,-
4903,statham,1,-
4904,teksańczykiem,1,-
4905,ryan,1,-
4906,murphy,1,-
4907,obsadzać,1,BDA
4908,krzyk,1,ACABA
4909,jama,1,ADAAA
4910,lee,1,-
4911,curtis,1,-
4912,drgnąć,1,BAEAA
4913,astronauta,1,AABDAA
4914,johna,1,-
4915,glenna,1,-
4916,nominowanym,1,-
4917,oscara,1,-
4918,ukryty,1,BAFB
4919,swatać,1,BDA
4920,próbny,1,CAB
4921,startować,1,BAAA
4922,roostera,1,-
4923,goose,1,-
4924,mavericka,1,-
4925,pragnąć,1,BAEAAD
4926,ameryce,1,-
4927,butler,1,-
4928,miles,1,-
4929,nicholas,1,-
4930,hoult,1,-
4931,załamać,1,BAAFA
4932,joseph,1,-
4933,kosinski,1,-
4934,postprodukcji,1,-
4935,godzić,1,BBCA
4936,streamingowych,1,-
4937,richardem,1,-
4938,linklaterem,1,-
4939,artykuł,1,ACAAAAA
4940,wykładowca,1,AABCBB
4941,łapać,1,BAAFA
4942,prześmiewcze,1,-
4943,topnieć,1,BAD
4944,oszczędności,1,AGBC
4945,przebojem,1,FC
4946,logo,1,-
4947,jon,1,ACAAAAA
4948,hamm,1,-
4949,dowódca,1,AABCBB
4950,definicja,1,ADACBAA
4951,opalenizna,1,ADAAA
4952,muskulatura,1,ADAAA
4953,sława,1,ADAAA
4954,romantyczny,1,CAB
4955,niegrzeczny,1,CAB
4956,sydney,1,-
4957,niespodzianka,1,ADAB
4958,zakochiwać się,1,-
4959,marnie,1,FB
4960,poczta,1,ADAAA
4961,pantoflowy,1,CAB
4962,plotkować,1,BAAA
4963,monolog,1,ACABA
4964,zasiany,1,BAFBD
4965,entuzjastyczny,1,CAB
4966,wenecji,1,-
4967,wyświetlanie,1,AEBAA
4968,netflix,1,-
4969,ugruntować,1,BAAA
4970,przebranie,1,AEBAA
4971,śmieszny,1,CAB
4972,żałosny,1,CAB
4973,twisters,1,-
4974,zrobiony,1,BBCA
4975,rozmach,1,ACAAAB
4976,katastroficzny,1,CAB
4977,łowca,1,AABCBB
4978,południowiec,1,AAACBA
4979,kowbojski,1,CBA
4980,kapelusz,1,ACACBBA
4981,poklask,1,ACABA
4982,wjechać,1,BAAFA
4983,fajerwerk,1,ACABA
4984,bohater,1,AAAAAA
4985,karykatura,1,ADAAA
4986,wyważyć,1,BCCA
4987,zainspirować,1,BAAA
4988,teksańczyk,1,-
4989,matthew,1,-
4990,mcconaughey,1,-
4991,matrix,1,-
4992,podłączać,1,BDA
4993,cytować,1,BAAA
4994,porównywać,1,BAAB
4995,akwarium,1,AED
4996,rybka,1,ADAB
4997,pływać,1,BDA
4998,kółko,1,AEAAAA
4999,wystawiony,1,BBCA
5000,konkurować,1,BAAA
5001,brisket,1,-
5002,obserwator,1,AAACAAAB
5003,weterynarz,1,AAABD
5004,uciekinier,1,AAACAAAB
5005,powieść,1,ADCCA
5006,stephena,1,-
5007,kinga,1,-
5008,schwarzeneggerem,1,-
5009,edgara,1,-
5010,wrighta,1,-
5011,komediowy,1,CAB
5012,chad,1,-
5013,powers,1,-
5014,zdyskredytowany,1,BAAA
5015,huntington,1,-
5016,fantasy,1,-
5017,ghostwriter,1,-
5018,abrams,1,-
5019,idol,1,AAABCA
5020,tom,1,ACAAAAA
5021,magia,1,ADACBAA
5022,przyciągnąć,1,BAEAA
5023,dopasowywanie,1,AEBAA
5024,nieautentyczny,1,CAB
5025,reporter,1,AAACAAAB
5026,rozdawać,1,BAAE
5027,ciężko,1,FA
5028,mr,1,-
5029,niemęski,1,CBA
5030,kumpel,1,AAABCA
5031,piwo,1,AEAAAB
5032,sauna,1,ADAAA
5033,istotnie,1,FB
5034,jasona,1,-
5035,bourne,1,-
5036,park,1,ACABA
5037,jurajski,1,CBA
5038,kowboj,1,AAABAB
5039,obiekt,1,ACAAAAA
5040,westchnienie,1,AEBAA
5041,twoje,1,EDAB
5042,miasteczko,1,AEAAAA
5043,piesek,1,ABAC
5044,pacha,1,ADAAA
5045,determinacja,1,ADACBAA
5046,podziw,1,ACAAAAA
5047,niechęć,1,ADCCA
5048,oldskulowym,1,-
5049,rozbłysnąć,1,BAEAA
5050,mocniej,1,FC
5051,świeca,1,ADACABB
5052,odciąć,1,BAFCB
5053,przygotowany,1,BAAA
5054,jarosławem,1,-
5055,chlebdą,1,-
5056,skontaktować,1,BAAA
5057,dna,1,ADAAA
5058,szlak,1,ACABA
5059,dwanaście,1,DBCA
5060,czternaście,1,DBCA
5061,wszędzie,1,GBABB
5062,podpisywać,1,BAAB
5063,niepołomic,1,-
5064,przejmować,1,BAAA
5065,skrupulatnie,1,FB
5066,wypijać,1,BDA
5067,głupio,1,FA
5068,espresso,1,-
5069,gdybym,1,-
5070,wypić,1,AEBAA
5071,niebezpiecznie,1,FB
5072,męczennik,1,AAACBA
5073,posprowadzali,1,-
5074,tutejszy,1,AAEC
5075,szeregowiec,1,AAACBA
5076,tańszy,1,CAB
5077,posługiwać,1,BAAC
5078,nastawienie,1,AEBAA
5079,tradycyjnie,1,FB
5080,wręczany,1,BDA
5081,pojęcie,1,AEBAA
5082,umowny,1,CAB
5083,wkładać,1,BDA
5084,gotówka,1,ADAB
5085,upierać się,1,-
5086,negocjować,1,BAAA
5087,całoroczny,1,CAB
5088,posługę,1,-
5089,składany,1,BDA
5090,libiąża,1,-
5091,maleńka,1,ADACCBB
5092,synek,1,AAAAB
5093,gnębiony,1,BBCA
5094,naoglądał,1,-
5095,bogaty,1,AAEC
5096,liczny,1,CAB
5097,odnowiony,1,BBCA
5098,schodowy,1,CAB
5099,marmur,1,ACAAAAA
5100,mijać,1,BDA
5101,apartament,1,ACAAAAA
5102,turysta,1,AABDAA
5103,skromniejszy,1,CAB
5104,błoto,1,AEAAAB
5105,oficyna,1,ADAAA
5106,zniszczony,1,CAB
5107,xxi,1,-
5108,wieczny,1,CAB
5109,urządzić,1,BBCA
5110,hostel,1,-
5111,wyjmować,1,BAAA
5112,bezradność,1,ADCCA
5113,kolędowanie,1,AEBAA
5114,przysiółek,1,ACABBA
5115,dosłownie,1,FB
5116,niepołomickiej,1,-
5117,rozplanować,1,BAAA
5118,zaskoczony,1,CAB
5119,popełnić,1,BBCA
5120,wychowywać,1,BAAB
5121,religijnie,1,FB
5122,praktykować,1,BAAA
5123,podpowiadać,1,BDA
5124,msza,1,ADACAA
5125,modlić się,1,-
5126,wizytówka,1,ADAB
5127,agresja,1,ADACBAA
5128,chęć,1,ADCCA
5129,chlebdzie,1,-
5130,podstolic,1,-
5131,święcenia,1,AGDAA
5132,kapłański,1,CBA
5133,franciszka,1,-
5134,macharskiego,1,-
5135,katedra,1,ADAAA
5136,wawelskiej,1,-
5137,oficer,1,AAAAAA
5138,wojsko,1,AEAAAA
5139,st,1,-
5140,sopran,1,ACAAAAA
5141,alt,1,ACAAAAA
5142,tenor,1,AAACAAAB
5143,bas,1,AAACAAAB
5144,menadżera,1,-
5145,amatorski,1,CBA
5146,beata,1,-
5147,koordynatorka,1,-
5148,dziewiętnastoosobowy,1,-
5149,zabrzmieć,1,BBBB
5150,niesamowity,1,CAB
5151,skupienie,1,AEBAA
5152,wpatrywać się,1,-
5153,stojący,1,BBD
5154,niżej,1,FC
5155,ćwiczyć,1,BCCA
5156,nieznajomy,1,AAEC
5157,dołączyć,1,BCCA
5158,zabrzmiały,1,CAB
5159,brawo,1,AEAAAB
5160,wyczuwać,1,BDA
5161,konsternacja,1,ADACBAA
5162,niedowierzanie,1,AEBAA
5163,wybrzmiał,1,-
5164,śpiewany,1,BDA
5165,poderwać,1,BAAFB
5166,owacja,1,ADACBAA
5167,stojąco,1,FC
5168,szczęśliwy,1,CAB
5169,doceniony,1,BBCA
5170,kurzyna,1,-
5171,zarzecka,1,-
5172,białymstoku,1,-
5173,opuścić,1,BBCA
5174,wspaniale,1,FB
5175,szałkiewicz,1,-
5176,rewelacyjny,1,CAB
5177,dumny,1,CAB
5178,gratulować,1,BAAA
5179,chwalić,1,BBCA
5180,ścinać,1,BDA
5181,choinka,1,ADAB
5182,dojrzeć,1,BAD
5183,ustawiany,1,BDA
5184,nieustawiane,1,-
5185,ściąć,1,BAFCB
5186,wnieść,1,BAFCAA
5187,przesłanie,1,AEBAA
5188,grzegorza,1,-
5189,podium,1,AED
5190,życzenie,1,AEBAA
5191,zajączkowskiej,1,-
5192,hernik,1,-
5193,bogdana,1,-
5194,rymanowskiego,1,-
5195,zachęcający,1,BDA
5196,polexitu,1,-
5197,społecznościowe,1,-
5198,analizujący,1,BAAA
5199,skrajny,1,CAB
5200,ubiec,1,BAFAAB
5201,reprezentant,1,AAADAA
5202,prawy,1,CAB
5203,analityk,1,AAACBA
5204,mentzen,1,-
5205,indywidualnie,1,FB
5206,bezkonkurencyjnie,1,FB
5207,lewica,1,ADACABB
5208,korona,1,ADAAA
5209,zdominowania,1,-
5210,tiktoka,1,-
5211,pula,1,ADACBABA
5212,ekosystem,1,ACAAAAA
5213,ranking,1,-
5214,oglądany,1,BDA
5215,zbadać,1,BDA
5216,246,1,-
5217,231,1,-
5218,jaszczur,1,ABABAAA
5219,ludwiczek,1,-
5220,izraelu,1,-
5221,lgbt,1,-
5222,159,1,-
5223,597,1,-
5224,81,1,-
5225,621,1,-
5226,736,1,-
5227,kontra,1,ADAAA
5228,bartosiak,1,-
5229,bosak,1,ACABBA
5230,433,1,-
5231,897,1,-
5232,sylwester,1,ABABAAA
5233,356,1,-
5234,466,1,-
5235,zemsta,1,ADAAA
5236,bąkiewicz,1,-
5237,karać,1,BAAFA
5238,353,1,-
5239,386,1,-
5240,344,1,-
5241,wenezuelę,1,-
5242,wywieźć,1,BAFCAA
5243,377,1,-
5244,podsumowywać,1,BAAB
5245,337,1,-
5246,olszański,1,-
5247,jaruzelska,1,-
5248,329,1,-
5249,636,1,-
5250,przekąsem,1,-
5251,stanowskiego,1,-
5252,przybywać,1,BDA
5253,wiec,1,ACACACB
5254,afera,1,ADAAA
5255,głośno,1,FA
5256,obiec,1,BAFAAB
5257,ubrany,1,BAAFA
5258,przedstawiać,1,BDA
5259,udostępniany,1,BDA
5260,patriotyzm,1,ACAAAAA
5261,normalność,1,ADCCA
5262,eurokołchozu,1,-
5263,bruksela,1,-
5264,płacz,1,ACACACB
5265,rozlany,1,BAFBD
5266,mleko,1,AEAAAA
5267,zezwalać,1,BDA
5268,rozpowszechnianie,1,AEBAA
5269,wyrządzać,1,BDA
5270,szkoda,1,ADAAA
5271,społeczność,1,ADCCA
5272,wprowadzający,1,BDA
5273,komisja,1,ADACBAA
5274,skopiowany,1,BAAA
5275,smycz,1,ADCAB
5276,cenzura,1,ADAAA
5277,gęba,1,ADAAA
5278,białoruś,1,-
5279,prawilnymi,1,-
5280,analiza,1,ADAAA
5281,kontakt24,1,-
5282,akcjaz,1,-
5283,precyzyjnie,1,FB
5284,anglojęzycznego,1,-
5285,patriotyczny,1,CAB
5286,przejęcie,1,AEBAA
5287,obserwujący,1,BAAA
5288,ominięcie,1,AEBAA
5289,blokada,1,ADAAA
5290,propagandowy,1,CAB
5291,rozkręcony,1,BBCA
5292,kontrowersyjny,1,CAB
5293,zdwojony,1,BBCA
5294,wygenerować,1,-
5295,wypełniać,1,BDA
5296,dotarcie,1,AEBAA
5297,gawkowski,1,-
5298,skrajnie,1,FB
5299,wpisanie,1,AEBAA
5300,eurokołchoz,1,-
5301,wygenerowało,1,-
5302,polubienie,1,AEBAA
5303,prowokacyjny,1,CAB
5304,owsiak,1,-
5305,pośrednictwo,1,AEAAAB
5306,owsiaka,1,-
5307,półtora,1,DF
5308,orzec,1,BAFAABA
5309,lęborku,1,-
5310,kant,1,ACAAAAA
5311,bankructwo,1,AEAAAB
5312,wywłaszczenie,1,AEBAA
5313,polexitem,1,-
5314,roić,1,BBCA
5315,wygenerowanych,1,-
5316,realnie,1,FB
5317,komentujący,1,BAAA
5318,podłapać,1,BAAFA
5319,parioduje,1,-
5320,tiktokowy,1,-
5321,hej,1,GAB
5322,zwolennik,1,AAACBA
5323,dobrobyt,1,ACAAAAA
5324,znajda,1,AABCBAA
5325,kiełbasa,1,ADAAA
5326,niemców,1,-
5327,wygenerowany,1,-
5328,polak,1,-
5329,czoło,1,AEAAAB
5330,portugalii,1,-
5331,piłkarz,1,AAABD
5332,osiedlić,1,BBCA
5333,emerytura,1,ADAAA
5334,portugalskiej,1,-
5335,zrezygnować,1,BAAA
5336,zamieszkanie,1,AEBAA
5337,posiadłości,1,AGBC
5338,rodríguez,1,-
5339,najgorętszy,1,CAB
5340,biznes,1,ACAAAAA
5341,butików,1,-
5342,modowych,1,-
5343,madrycie,1,-
5344,oświadczyny,1,AGAAA
5345,zakochany,1,BDA
5346,kobierzec,1,ACACBC
5347,uroczystość,1,ADCCA
5348,quinta,1,-
5349,marinha,1,-
5350,kilometr,1,ACAABAA
5351,lizbony,1,-
5352,rezydencja,1,ADACBAA
5353,spekulować,1,BAAA
5354,posiadłość,1,ADCCA
5355,zakończenie,1,AEBAA
5356,piłkarski,1,CBA
5357,doczekać,1,BDA
5358,portugalski,1,-
5359,v,1,-
5360,fama,1,ADAAA
5361,luksusowy,1,CAB
5362,rezygnacja,1,ADACBAA
5363,prywatności,1,-
5364,sąsiedni,1,CBB
5365,działka,1,ADAB
5366,oitavos,1,-
5367,chronić,1,BBCA
5368,transakcja,1,ADACBAA
5369,napotykać,1,BDA
5370,zaprojektować,1,BAAA
5371,architekt,1,AAADAA
5372,vitora,1,-
5373,vitorino,1,-
5374,kurz,1,ACACACB
5375,faraon,1,AAAAAA
5376,piramida,1,ADAAA
5377,portugalskim,1,-
5378,agnieszką,1,-
5379,pilip,1,-
5380,intuicja,1,ADACBAA
5381,inkluzywność,1,-
5382,żebyśmy,1,-
5383,twórczy,1,CAA
5384,pchać,1,BDA
5385,przemek,1,-
5386,kossakowski,1,-
5387,zagadać,1,BDA
5388,odwrotnie,1,FC
5389,ekscytacja,1,ADACBAA
5390,idiots,1,-
5391,zaskoczenie,1,AEBAA
5392,uśmiechnąć się,1,-
5393,bezwzględny,1,CAB
5394,zastanawianie się,1,-
5395,zwodniczy,1,CAA
5396,dyspozycja,1,ADACBAA
5397,istnienie,1,AEBAA
5398,nieznany,1,CAB
5399,wnosić,1,BBCA
5400,łucznik,1,AAACBA
5401,ukąszenie,1,AEBAA
5402,kompan,1,AAADAA
5403,konstytuować,1,BAAA
5404,współczesność,1,ADCCA
5405,powodować,1,BAAA
5406,czynić,1,BBCA
5407,inspirowany,1,BAAA
5408,przetrwanie,1,AEBAA
5409,powierzchnia,1,ADACBAA
5410,przetrwać,1,BDA
5411,nieunikniony,1,CAB
5412,wypowiedź,1,ADCCA
5413,niedosłownym,1,-
5414,budowanie,1,AEBAA
5415,przymierzać,1,BDA
5416,przytulać,1,BDA
5417,parafrazować,1,BAAA
5418,filoktetem,1,-
5419,traf,1,ACAAAAA
5420,mieścić,1,BBCA
5421,filoktecie,1,-
5422,fetyszyzować,1,BAAA
5423,fajnie,1,FB
5424,cierpieć,1,BBBA
5425,demonizować,1,BAAA
5426,ciekawić,1,BBCA
5427,kąsać,1,BDA
5428,wyjątkowo,1,FC
5429,boleśnie,1,FB
5430,założycielka,1,ADAB
5431,zarazić,1,BBCA
5432,trzydziestka,1,ADAB
5433,zaobserwować,1,BAAA
5434,uwidaczniać,1,BDA
5435,humor,1,ACAAAAA
5436,warsztatowy,1,CAB
5437,przytulić,1,BBCA
5438,powitanie,1,AEBAA
5439,uściskać,1,BDA
5440,runda,1,ADAAA
5441,wznieść,1,BAFCAA
5442,toast,1,ACAAAAA
5443,herbata,1,ADAAA
5444,poczuć,1,AEBAA
5445,porozumieć się,1,-
5446,koleżeński,1,CBA
5447,bezpośredniość,1,ADCCA
5448,onieśmielać,1,BDA
5449,międzynarodowy,1,CAB
5450,definiować,1,BAAA
5451,wyzwalający,1,BDA
5452,treściwy,1,CAB
5453,czerpać,1,BAAFA
5454,komunikatywny,1,CAB
5455,przejrzenie,1,AEBAA
5456,taryfa,1,ADAAA
5457,ulgowy,1,CAB
5458,podpowiedzieć,1,BDC
5459,reżyserka,1,ADAB
5460,wielgus,1,-
5461,empatyczni,1,-
5462,ktokolwiek,1,EFE
5463,wyczuć,1,AEBAA
5464,dziwnie,1,FB
5465,kontaktować,1,BAAA
5466,pobłażliwość,1,ADCCA
5467,improwizować,1,BAAA
5468,improwizacja,1,ADACBAA
5469,niepoprawnie,1,FB
5470,gotowość,1,ADCCA
5471,nieprzewidywalne,1,-
5472,zmęczony,1,CAB
5473,siadać,1,BDA
5474,nieznane,1,AEBBB
5475,niepostrzeżenie,1,FC
5476,rozwój,1,ACACACB
5477,filokteją,1,-
5478,serialowa,1,-
5479,rozmaitość,1,ADCCA
5480,ukrainę,1,-
5481,nieuzbrojona,1,-
5482,antena,1,ADAAA
5483,new,1,-
5484,voice,1,-
5485,nv,1,-
5486,kreml,1,ACACBAA
5487,twierdzenie,1,AEBAA
5488,kyryły,1,-
5489,budanowa,1,-
5490,wystrzelony,1,BBCA
5491,powstrzymywać,1,BAAB
5492,rosję,1,-
5493,uzbroić,1,BBCA
5494,głowica,1,ADACABB
5495,anatolij,1,-
5496,chrapczyński,1,-
5497,kyiv24,1,-
5498,okupant,1,AAADAA
5499,niszczycielski,1,CBA
5500,wyrządzić,1,BBCA
5501,federacja,1,ADACBAA
5502,niedługo,1,FC
5503,przestrzegać,1,BDA
5504,wołodymyr,1,-
5505,zełenski,1,-
5506,eksplozja,1,ADACBAA
5507,słyszalny,1,CAB
5508,kijowa,1,-
5509,lwowa,1,-
5510,dronów,1,-
5511,ranna,1,ADACCBA
5512,załączyć,1,BCCA
5513,szczątki,1,AGBB
5514,obwód,1,ACAAAAA
5515,lwowski,1,-
5516,położony,1,CAB
5517,kwalifikować,1,BAAA
5518,reda,1,ADAAA
5519,cywilny,1,CAB
5520,wojenny,1,CAB
5521,zmasowany,1,BAAA
5522,moskwy,1,-
5523,panować,1,BAAA
5524,nieuzbrojoną,1,-
5525,stwarzać,1,BDA
5526,celno,1,-
5527,zastrzelony,1,BBCA
5528,wpoprzek,1,-
5529,blokować,1,BAAA
5530,odjechać,1,BAAFA
5531,maska,1,ADAB
5532,funcjonariusz,1,-
5533,ruszenie,1,AEBAA
5534,parkować,1,BAAA
5535,axios,1,-
5536,donaldem,1,-
5537,trumpem,1,-
5538,samoobrona,1,ADAAA
5539,nieporządnie,1,FB
5540,stawiać,1,BDA
5541,brutalnie,1,FB
5542,społecznościowej,1,-
5543,truth,1,-
5544,social,1,-
5545,bzdura,1,ADAAA
5546,wypierdalać,1,-
5547,odwrotny,1,CAB
5548,biran,1,-
5549,hara,1,-
5550,nieuzbrojonej,1,-
5551,imigracja,1,ADACBAA
5552,masowo,1,FC
5553,niejednoznaczny,1,CAB
5554,nalot,1,ACAAAAA
5555,aktywista,1,AABDAA
5556,propalestyńskie,1,-
5557,dobrowolnie,1,FB
5558,represje,1,AGCC
5559,przekraczać,1,BDA
5560,deportowany,1,BAAA
5561,bezprawnie,1,FB
5562,teoretycznie,1,FB
5563,przyzwolenie,1,AEBAA
5564,kristi,1,-
5565,wczorajszy,1,CAB
5566,józefa,1,-
5567,chełmońskiego,1,-
5568,kalendarz,1,ACACBBA
5569,pękać,1,BDA
5570,szew,1,ACAAAAA
5571,summer,1,-
5572,unsound,1,-
5573,misteria,1,AGDB
5574,paschalia,1,-
5575,profanum,1,-
5576,juniors,1,-
5577,mastercard,1,-
5578,camera,1,-
5579,kinobranie,1,-
5580,literacki,1,CBA
5581,miłosza,1,-
5582,conrada,1,-
5583,patchlab,1,-
5584,robbie,1,-
5585,williamsa,1,-
5586,bryana,1,-
5587,adamsa,1,-
5588,roda,1,-
5589,stewarta,1,-
5590,marcusa,1,-
5591,millera,1,-
5592,wzruszać,1,BDA
5593,zobrazować,1,BAAA
5594,prestiż,1,ACACACB
5595,mapa,1,ADAAA
5596,włodek,1,-
5597,pendereckiego,1,-
5598,duma,1,ADAAA
5599,kształcić,1,BBCA
5600,mirosława,1,-
5601,herbowskiego,1,-
5602,mileny,1,-
5603,kędry,1,-
5604,edycja,1,ADACBAA
5605,śledzić,1,BBCA
5606,wieścić,1,BBCA
5607,tauron,1,-
5608,kompletny,1,CAB
5609,cisza,1,ADACABB
5610,ballada,1,ADAAA
5611,przylecieć,1,BBBA
5612,hard,1,-
5613,soft,1,-
5614,fanami,1,-
5615,puszczany,1,BDA
5616,serdecznie,1,FB
5617,oczarować,1,BAAA
5618,szczerość,1,ADCCA
5619,dystans,1,ACACACA
5620,józefie,1,-
5621,chełmońskim,1,-
5622,oldze,1,-
5623,portretujący,1,BAAA
5624,majestatyczny,1,CAB
5625,przedstawiający,1,BDA
5626,bocian,1,ABABAAA
5627,chełmoński,1,-
5628,kilkuletni,1,CBB
5629,badawczo,1,FC
5630,ekspozycyjny,1,CAB
5631,125,1,-
5632,zwiedzać,1,BDA
5633,pamiątka,1,ADAB
5634,artystka,1,ADAB
5635,boznańska,1,-
5636,kameralnie,1,FB
5637,skan,1,-
5638,gulis,1,-
5639,potraktować,1,BAAA
5640,stworzenie,1,AEBAA
5641,pełnoprawny,1,CAB
5642,zwierzkańców,1,-
5643,mamut,1,ABABAAA
5644,dzik,1,AAADBA
5645,gołąb,1,ABAABA
5646,aligatorzycą,1,-
5647,wzruszający,1,BDA
5648,powstały,1,BAFABD
5649,bednarski,1,CBA
5650,spacerować,1,BAAA
5651,most,1,ACAAAAA
5652,110,1,-
5653,podmokły,1,CAB
5654,multimedialną,1,-
5655,międzymurze,1,-
5656,zbrojownia,1,ADACBAA
5657,bunkier,1,ACAABAA
5658,świętować,1,BAAA
5659,grafiozbiór,1,-
5660,migotliwy,1,CAB
5661,konfiguracja,1,ADACBAA
5662,zapachowy,1,CAB
5663,mocak,1,-
5664,janickiego,1,-
5665,dzienny,1,CAB
5666,nocny,1,CAB
5667,kolekcja,1,ADACBAA
5668,radosława,1,-
5669,kotarskiego,1,-
5670,youtubera,1,-
5671,podcastera,1,-
5672,obiecywać,1,BAAB
5673,szczegółowo,1,FA
5674,raportować,1,BAAA
5675,użyteczny,1,CAB
5676,ozdoba,1,ADAAA
5677,pozłacany,1,BDA
5678,bransoleta,1,ADAAA
5679,cyrkoniami,1,-
5680,traktowany,1,BAAA
5681,współgrający,1,BDA
5682,garsonka,1,ADAB
5683,garnitur,1,ACAAAAA
5684,rzucający,1,BDA
5685,dobrać,1,BAAFA
5686,proporcjonalnie,1,FB
5687,chować,1,BDA
5688,żakiet,1,ACAAAAA
5689,okrągły,1,CAB
5690,owalny,1,CAB
5691,ośmiokątny,1,CAB
5692,stonowany,1,BAAA
5693,ecru,1,-
5694,srebrno,1,FA
5695,używany,1,BDA
5696,granatowy,1,CAB
5697,grafitowy,1,CAB
5698,minimalistyczny,1,CAB
5699,blanty,1,-
5700,diabeł,1,AAADAB
5701,żegnać,1,BDA
5702,concept,1,-
5703,dekoracja,1,ADACBAA
5704,zgromadzić,1,BBCA
5705,pobić,1,AEBAA
5706,chorzowie,1,-
5707,małomiasteczkowy,1,CAB
5708,podwójnie,1,FC
5709,przekroczyć,1,BCCA
5710,ekwiwalent,1,ACAAAAA
5711,streamingu,1,-
5712,nagrodzony,1,BBCA
5713,egzemplarz,1,ACACBBA
5714,urodzony,1,BBCA
5715,trzydziesty,1,CAB
5716,gitarowy,1,CAB
5717,curly,1,-
5718,heads,1,-
5719,bartosza,1,-
5720,dziedzic,1,AAABAB
5721,jakubem,1,-
5722,galińskim,1,-
5723,współpracujący,1,BAAA
5724,odliczać,1,BDA
5725,czterdziesty,1,CAB
5726,odmłodzić,1,BBCA
5727,wyszaleć się,1,-
5728,nawiązujący,1,CAA
5729,electropopu,1,-
5730,papa,1,AABABA
5731,dance,1,-
5732,opatrywać,1,BAAB
5733,autøyaronicznymi,1,-
5734,dzisiejszy,1,CAB
5735,posmak,1,ACABA
5736,początkowy,1,CAB
5737,zachęta,1,ADAAA
5738,świrować,1,BAAA
5739,wirować,1,BAAA
5740,skandowany,1,BAAA
5741,modnie,1,FB
5742,wrs,1,-
5743,falsetowy,1,CAB
5744,everybody,1,-
5745,backstreet,1,-
5746,boys,1,-
5747,wywijać,1,BDA
5748,syntezatorowymi,1,-
5749,akord,1,ACAAAAA
5750,klawiszowy,1,CAB
5751,zagrywka,1,ADAB
5752,przywoływać,1,BAAB
5753,tazosach,1,-
5754,gadżety,1,-
5755,wzdychać,1,BDA
5756,prościej,1,FC
5757,ukochana,1,ADACCBA
5758,internetowym,1,-
5759,trop,1,ACAAAAA
5760,śmiech,1,ACAAAB
5761,rwać,1,BAAFB
5762,ratunek,1,ACABA
5763,smsowej,1,-
5764,zaczepka,1,ADAB
5765,portretować,1,BAAA
5766,narastający,1,BDA
5767,radykalizm,1,ACAAAAA
5768,kadr,1,ACAAAAA
5769,hipokryta,1,AABDAA
5770,pottery,1,-
5771,pluć,1,AEBAA
5772,rzekomo,1,FC
5773,pościć,1,BBCA
5774,piątkowy,1,CAB
5775,pstrąg,1,ABAC
5776,barabara,1,-
5777,wskrzeszać,1,BDA
5778,nowocześniejszy,1,CAB
5779,wyraźny,1,CAB
5780,zwrot,1,ACAAAAA
5781,jednogłośnie,1,FB
5782,przeżywać,1,BDA
5783,inspiracja,1,ADACBAA
5784,oś,1,ADCAAA
5785,reddit,1,-
5786,wyróżnienie,1,AEBAA
5787,zerwanie,1,AEBAA
5788,wszechobecnym,1,-
5789,nastrojowy,1,CAB
5790,ikona,1,ADAAA
5791,tasiemka,1,ADAB
5792,bogato,1,FA
5793,zdobiony,1,BBCA
5794,satynowy,1,CAB
5795,halkowe,1,-
5796,slip,1,-
5797,dress,1,-
5798,crop,1,-
5799,wyraźnie,1,FB
5800,brokat,1,ACAAAAA
5801,glam,1,-
5802,wypierać,1,BDA
5803,kojarzony,1,CAB
5804,quiet,1,-
5805,luxury,1,-
5806,subtelność,1,ADCCA
5807,wyrazistość,1,ADCCA
5808,dominujący,1,BAAA
5809,chłodny,1,CAB
5810,błękit,1,ACAAAAA
5811,blue,1,-
5812,makijaż,1,ACACAB
5813,wnętrze,1,AEBAA
5814,wpisywać,1,BAAB
5815,vibe,1,-
5816,młodzieńczy,1,CAA
5817,marzycielski,1,CBA
5818,glamoratti,1,-
5819,koronka,1,ADAB
5820,reinterpretacją,1,-
5821,bogatszy,1,CAB
5822,akcesorium,1,AED
5823,broszka,1,ADAB
5824,zoomersi,1,-
5825,zachwycić,1,BBCA
5826,aesthetic,1,-
5827,dyktować,1,BAAA
5828,odświeżony,1,CAB
5829,podarty,1,CAB
5830,kabaretki,1,-
5831,krata,1,ADAAA
5832,łączony,1,CAB
5833,designerskimi,1,-
5834,unisex,1,-
5835,tożsamość,1,ADCCA
5836,autowyrazu,1,-
5837,wzmocniony,1,BBCB
5838,niepokoić,1,BBCA
5839,ukojenie,1,AEBAA
5840,eskapizm,1,ACAAAAA
5841,prostszy,1,CAB
5842,buntować,1,BAAA
5843,sterylny,1,CAB
5844,wyciszony,1,CAB
5845,pozbawiony,1,BBCA
5846,kolorowy,1,CAB
5847,portfolio,1,-
5848,elektronika,1,AAACBA
5849,wyróżniać,1,BDA
5850,tło,1,AEAAAB
5851,konkurencja,1,ADACBAA
5852,mowa,1,ADAAA
5853,gen,1,ACAAAAA
5854,skrywać,1,BDA
5855,tajemnica,1,ADACABB
5856,naprzeciw,1,GBBAA
5857,frustrować,1,BAAA
5858,rozgrywka,1,ADAB
5859,ogarnąć,1,BAEAA
5860,internetowy,1,-
5861,przetworzyć,1,BCCA
5862,nudny,1,CAB
5863,słownictwo,1,AEAAAB
5864,żargon,1,ACAAAAA
5865,niespotykanym,1,-
5866,asystent,1,AAADAA
5867,głosowy,1,CAB
5868,kraken,1,-
5869,v4,1,-
5870,pro,1,-
5871,rozwikłać,1,BDA
5872,żartobliwy,1,CAB
5873,obrażający,1,BDA
5874,wyrażenie,1,AEBAA
5875,zasilać,1,BDA
5876,gamer,1,-
5877,copilot,1,-
5878,1337,1,-
5879,unikalny,1,CAB
5880,przetwarzanie,1,AEBAA
5881,nlp,1,-
5882,ułatwić,1,BBCA
5883,przycisnąć,1,BAEAA
5884,przycisk,1,ACABA
5885,niesamowicie,1,FC
5886,wyszukiwanie,1,AEBAA
5887,google,1,-
5888,zwiastun,1,AAADAA
5889,wgląd,1,ACAAAAA
5890,niecodzienny,1,CAB
5891,bełkot,1,ACAAAAA
5892,multiplayer,1,-
5893,twoi,1,AFFC
5894,wiekowy,1,CAB
5895,diablo,1,FC
5896,pc,1,-
5897,innowacja,1,ADACBAA
5898,ce,1,-
5899,savanny,1,-
5900,zamordowana,1,ADACCBA
5901,zastępczyni,1,ADBB
5902,szeryf,1,AAAAAA
5903,telefonować,1,BAAA
5904,alarmowy,1,CAB
5905,james,1,-
5906,jackson,1,-
5907,podpalić,1,BBCA
5908,dopuszczanie,1,AEBAA
5909,stalkingu,1,-
5910,przewrócić,1,BBCA
5911,prześladować,1,BAAA
5912,zakaz,1,ACAAAAA
5913,kontaktowanie,1,AEBAA
5914,savannę,1,-
5915,udusić,1,BBCA
5916,dokonany,1,BDA
5917,recydywista,1,AABDAA
5918,poparcie,1,AEBAA
5919,demokrata,1,AABDAA
5920,rządzony,1,BBCA
5921,uchwalić,1,BBCA
5922,przemocowców,1,-
5923,tama,1,ADAAA
5924,feminotece,1,-
5925,feminoteki,1,-
5926,novum,1,AEE
5927,gwałt,1,ACAAAAA
5928,molestowanie,1,AEBAA
5929,recydywa,1,ADAAA
5930,rozpatrywany,1,BAAB
5931,opisujący,1,CAA
5932,guardian,1,-
5933,napaść,1,ADCCA
5934,wynikający,1,BDA
5935,najnowszej,1,-
5936,śmielej,1,FC
5937,popową,1,-
5938,pojawiający się,1,-
5939,29,1,-
5940,powstawać,1,BAAE
5941,kuby,1,-
5942,galińskiego,1,-
5943,rozwaga,1,ADAB
5944,stylistyczny,1,CAB
5945,niemalże,1,GBBBA
5946,otwierający,1,BDA
5947,pierwotnie,1,FC
5948,chwytliwy,1,CAB
5949,powtarzany,1,BDA
5950,kilkukrotnie,1,-
5951,syntezatory,1,-
5952,pobrzmiewający,1,BDA
5953,parę,1,ADAAA
5954,dyskotekowa,1,-
5955,wątpić,1,BBCA
5956,nośnie,1,-
5957,tazosy,1,-
5958,nawiązanie,1,AEBAA
5959,kolekcjonowany,1,BAAA
5960,dodawany,1,BAAE
5961,chipsów,1,-
5962,maniera,1,ADAAA
5963,zwrotka,1,ADAB
5964,fisza,1,-
5965,zaśpiewany,1,BDA
5966,falset,1,ACAAAAA
5967,wypadać,1,BDA
5968,traktujący,1,BAAA
5969,wyczekiwanie,1,AEBAA
5970,pewniak,1,AAADBA
5971,remiksu,1,-
5972,spory,1,ADAAA
5973,zadatek,1,ACABA
5974,zanurzony,1,CAB
5975,zgrabnie,1,FB
5976,śnić,1,BBCB
5977,gościnnie,1,FB
5978,shows,1,-
5979,syntezatorowy,1,-
5980,blant,1,-
5981,podmiot,1,ACAAAAA
5982,liryczny,1,CAB
5983,używka,1,ADAB
5984,biegun,1,ACAABAA
5985,daftpunkowy,1,-
5986,wydźwięk,1,ACABA
5987,stylistycznie,1,FB
5988,rytmika,1,ADAB
5989,udany,1,BDC
5990,mori,1,-
5991,ponury,1,CAA
5992,przejmujący,1,BAAA
5993,wsłuchać się,1,-
5994,millenium,1,-
5995,zasadzać,1,BDA
5996,podnieść,1,BAFCAA
5997,coldplayowa,1,-
5998,miłosna,1,ADACCBA
5999,najsilniejszy,1,CAB
6000,ajewniaku,1,-
6001,nosowska,1,-
6002,względnie,1,GBABB
6003,okołogitarowa,1,-
6004,łagodny,1,CAB
6005,płynący,1,CAA
6006,naznaczony,1,CAB
6007,oboje,1,DDA
6008,tematyka,1,ADAB
6009,ulotny,1,CAB
6010,niepewien,1,CCBBA
6011,beatlesowska,1,-
6012,końcówka,1,ADAB
6013,wariacki,1,CBA
6014,przaśny,1,CAB
6015,trąba,1,ADAAA
6016,smyk,1,AAADBA
6017,obstawiać,1,BDA
6018,pewnik,1,ACABBA
6019,bis,1,ACAAAAA
6020,pop,1,AAADAA
6021,syntezatorowa,1,-
6022,podany,1,BDC
6023,ładnie,1,FB
6024,domówkach,1,-
6025,stadionowych,1,-
6026,startujący,1,BAAA
6027,załamany,1,BAAFA
6028,zjadać,1,BDA
6029,kajzerka,1,ADAB
6030,prawidłowy,1,CAB
6031,właściwy,1,CAB
6032,przekąska,1,ADAB
6033,spożywanie,1,AEBAA
6034,pełnoziarnistych,1,-
6035,błonnik,1,ACABBA
6036,razowy,1,CAB
6037,przemiał,1,ACAAAAA
6038,dostarczać,1,BDA
6039,witamina,1,ADAAA
6040,grypa,1,ADAAA
6041,cynk,1,ACABA
6042,magnez,1,ACAAAAA
6043,owsiany,1,CAB
6044,górski,1,CBA
6045,f,1,-
6046,pełnoziarniste,1,-
6047,wspomagać,1,BDA
6048,perystaltyka,1,ADAB
6049,jelito,1,AEAAAB
6050,niewiedza,1,ADACABB
6051,1323,1,-
6052,małopolskich,1,-
6053,pozytywnie,1,FB
6054,negatywnie,1,FB
6055,wpływający,1,BDA
6056,samopoczucie,1,AEBAA
6057,higieniczny,1,CAB
6058,mycie,1,AEBAA
6059,odzież,1,ADCAB
6060,bielizna,1,ADAAA
6061,żywienie,1,AEBAA
6062,etykieta,1,ADAAA
6063,odżywczy,1,CAA
6064,alergen,1,ACAAAAA
6065,zbilansować,1,BAAA
6066,nadwaga,1,ADAB
6067,insulinooporność,1,-
6068,stosowanie,1,AEBAA
6069,uzależnienie,1,AEBAA
6070,rozpoznawać,1,BAAE
6071,chorobowe,1,AEBBB
6072,skórny,1,CAB
6073,brzuch,1,ACAABB
6074,wymioty,1,AGAB
6075,stolec,1,ACACBC
6076,cywilizacyjny,1,CAB
6077,zakaźny,1,CAB
6078,szczepienie,1,AEBAA
6079,zinterpretować,1,BAAA
6080,parametr,1,ACAAAAA
6081,bmi,1,-
6082,ciśnienie,1,AEBAA
6083,tętno,1,AEAAAB
6084,glukoza,1,ADAAA
6085,75,1,-
6086,piszący,1,BAAFA
6087,jakoby,1,GBBBA
6088,przewodniczący,1,AAEB
6089,przyrodniczy,1,CAA
6090,konkursowy,1,CAB
6091,wielokrotny,1,CAB
6092,zaznaczanie,1,AEBAA
6093,poprawny,1,CAB
6094,wyręczać,1,BDA
6095,przekazywanie,1,AEBAA
6096,rozsypany,1,BAAFA
6097,najwyraźniej,1,FC
6098,wystarczać,1,BDA
6099,fiasko,1,AEAAAA
6100,ustąpić,1,BBCA
6101,antyrodzinną,1,-
6102,permisywną,1,-
6103,systemowy,1,CAB
6104,deprawacja,1,ADACBAA
6105,abyście,1,-
6106,demoralizujący,1,BAAA
6107,wyznaczanie,1,AEBAA
6108,władysław,1,-
6109,kosiniak,1,-
6110,kamysz,1,-
6111,wykształcenie,1,AEBAA
6112,barbara,1,-
6113,nowacka,1,-
6114,pomylić,1,BBCA
6115,mon,1,-
6116,wiceministry,1,-
6117,lubnauer,1,-
6118,31,1,-
6119,karola,1,-
6120,nawrockiego,1,-
6121,publicznie,1,FB
6122,przemycać,1,BDA
6123,przeciwny,1,CAB
6124,rozwiewać,1,BDA
6125,narosłe,1,-
6126,archiwalny,1,CAB
6127,kazanie,1,AEBAA
6128,arcybiskup,1,AAADAA
6129,jędraszewskiego,1,-
6130,dialog,1,ACABA
6131,przyszły,1,BAFCAA
6132,zadecydować,1,BAAA
6133,promować,1,BAAA
6134,wojewódzki,1,CBA
6135,85,1,-
6136,wyczekiwać,1,BAAC
6137,niezwykły,1,CAB
6138,odkrycie,1,AEBAA
6139,potworny,1,CAB
6140,wiktora,1,-
6141,sceniczny,1,CAB
6142,290,1,-
6143,rozdział,1,ACAAAAA
6144,wyruszać,1,BDA
6145,konfrontować,1,BAAA
6146,gotycki,1,CBA
6147,człowieczeństwo,1,AEAAAB
6148,pierwotny,1,CAB
6149,mara,1,ADAAA
6150,wollstonecraft,1,-
6151,przybliżenie,1,AEBAA
6152,oryginalny,1,CAB
6153,wątek,1,ACABA
6154,groza,1,ADAAA
6155,widowisko,1,AEAAAA
6156,oczywisty,1,CAB
6157,przyboś,1,-
6158,wiktorze,1,-
6159,mętlik,1,ACABA
6160,popkulturowe,1,-
6161,ludzki,1,CBA
6162,mrok,1,ACABA
6163,przeplatać,1,BDA
6164,tematycznie,1,FB
6165,charakterystyczny,1,CAB
6166,taniec,1,ACACBC
6167,akrobatyka,1,ADAB
6168,przesłaniać,1,BDA
6169,bogactwo,1,AEAAAB
6170,nadawać,1,BAAE
6171,głębia,1,ADACBAA
6172,rozbudowany,1,BAAA
6173,choreograficznie,1,FB
6174,przerzucać,1,BDA
6175,ciężkość,1,ADCCA
6176,burleskowy,1,CAB
6177,groteskowy,1,CAB
6178,dramatyczny,1,CAB
6179,plastikowy,1,CAB
6180,samoczyszczące,1,-
6181,posiadający,1,BDA
6182,filtr,1,ACAAAAA
6183,neutralizować,1,BAAA
6184,przykry,1,CAA
6185,zaleta,1,ADAAA
6186,pojawienie się,1,-
6187,zatroszczyć się,1,-
6188,wyprawka,1,ADAB
6189,niezbędny,1,CAB
6190,podwójny,1,CAB
6191,ułatwiać,1,BDA
6192,pupil,1,AAABAB
6193,dostosować,1,BAAA
6194,narożny,1,CAB
6195,najtańszy,1,CAB
6196,zwierzęcy,1,CAA
6197,zoologiczny,1,CAB
6198,rozprzestrzeniać,1,BDA
6199,wysypywać,1,BAAB
6200,zalegać,1,BDA
6201,mat,1,AAADAA
6202,praktycznie,1,FB
6203,ścianka,1,ADAB
6204,boczny,1,CAB
6205,zadaszenie,1,-
6206,prostokąt,1,ACAABAA
6207,drzwiczki,1,AGBA
6208,odgradzać,1,BDA
6209,zawartość,1,ADCCA
6210,zamykający,1,BDA
6211,mur,1,ACAAAAA
6212,dołączać,1,BDA
6213,pojmanie,1,-
6214,niespodziewanie,1,AEBAA
6215,caracas,1,-
6216,dyktator,1,AAACAAAB
6217,ekspresowy,1,CAB
6218,przetransportować,1,BAAA
6219,nowojorskim,1,-
6220,trzask,1,ACABA
6221,zamykany,1,BDA
6222,cela,1,ADACBABA
6223,oczekujący,1,BAAC
6224,przeniesienie,1,AEBAA
6225,pobyt,1,ACAAAAA
6226,dłuższy,1,CAB
6227,krótszy,1,CAB
6228,sean,1,-
6229,diddy,1,-
6230,pozbawienie,1,AEBAA
6231,raper,1,-
6232,uniewinnić,1,BBCB
6233,przemyt,1,ACAAAAA
6234,prostytutka,1,ADAB
6235,spędzony,1,BBCA
6236,zakład,1,ACAAAAA
6237,symboliczny,1,CAB
6238,złożyć,1,BCCA
6239,apelacja,1,ADACBAA
6240,brytyjka,1,-
6241,ghislaine,1,-
6242,maxwell,1,-
6243,otoczenie,1,AEBAA
6244,przestępca,1,AABCBB
6245,jeffreya,1,-
6246,wykorzystywanie,1,AEBAA
6247,przeniesiony,1,CAB
6248,meksykański,1,-
6249,przetrzymywać,1,BAAB
6250,kartel,1,ACACAA
6251,sinaloa,1,-
6252,plus,1,ACAAAAA
6253,najsurowszy,1,CAB
6254,narkotykowego,1,-
6255,rzecznik,1,AAACBA
6256,koordynator,1,AAACAAAB
6257,dobrzyński,1,-
6258,lubelskiego,1,-
6259,mateusza,1,-
6260,akt,1,ACAAAAA
6261,przekazany,1,BAAFA
6262,pozyskiwać,1,BAAC
6263,konstruowanie,1,AEBAA
6264,zastraszenie,1,AEBAA
6265,wstąpienie,1,AEBAA
6266,islamski,1,CBA
6267,przeszukanie,1,AEBAA
6268,zabezpieczyć,1,BCCA
6269,nośnik,1,ACABBA
6270,islam,1,ACAAAAA
6271,tymczasowo,1,FC
6272,rejon,1,ACAAAAA
6273,małe,1,ADACCBA
6274,ustawiony,1,BBCA
6275,zabezpieczać,1,BDA
6276,przedsiębiorca,1,AABCBB
6277,dorożka,1,ADAB
6278,urzędnik,1,AAACBA
6279,plenerowy,1,CAB
6280,kończyć,1,BCCA
6281,zębu,1,-
6282,stoch,1,-
6283,najwybitniejszy,1,CAB
6284,chluba,1,ADAAA
6285,legendarny,1,CAB
6286,giewontem,1,-
6287,soczi,1,-
6288,pjongczang,1,-
6289,mistrzostwa,1,AGDAA
6290,2013,1,-
6291,drużynowa,1,ADACCBA
6292,kryształowy,1,CAB
6293,251,1,-
6294,planica,1,-
6295,profesjonalista,1,AABDAA
6296,fach,1,ACAAAB
6297,życzliwy,1,CAB
6298,zawdzięczać,1,BDA
6299,stochu,1,-
6300,tatrami,1,-
6301,tatrzańskiego,1,-
6302,narodziny,1,AGAAA
6303,generacja,1,ADACBAA
6304,trener,1,AAACAAAB
6305,fenomenalny,1,CAB
6306,narciarstwo,1,AEAAAB
6307,sprowadzać,1,BDA
6308,szanować,1,BAAA
6309,całokształt,1,ACAAAAA
6310,skromność,1,ADCCA
6311,cecha,1,ADAAA
6312,uratowany,1,BAAA
6313,rozgrywać,1,BDA
6314,grochowskiej,1,-
6315,papierowy,1,CAB
6316,łapanie,1,AEBAA
6317,kozioł,1,ABABAAA
6318,zapłakać,1,BAAFA
6319,czysto,1,FA
6320,pisany,1,BAAFA
6321,głosić,1,BBCA
6322,policyjny,1,CAB
6323,jakubowskie,1,-
6324,białostocczyźnie,1,-
6325,niezapłacenie,1,-
6326,świerzb,1,ACAAAAA
6327,kraść,1,BAFAAAA
6328,guru,1,AAI
6329,dwuletni,1,CBB
6330,radkiem,1,-
6331,błogosławić,1,BBCA
6332,kapliczka,1,ADAB
6333,inkrustowany,1,BAAA
6334,szkiełko,1,AEAAAA
6335,właścicielka,1,ADAB
6336,wieść,1,BBCA
6337,firanka,1,ADAB
6338,obora,1,ADAAA
6339,nakarmić,1,BBCA
6340,inwentarz,1,ACACBBA
6341,studnia,1,ADACBAA
6342,mętny,1,CAB
6343,naczynia,1,AGDAA
6344,napomknąć,1,BAEAA
6345,siennik,1,ACABBA
6346,rozchylić,1,BBCA
6347,zanieść,1,BAFCAA
6348,płot,1,ACAAAAA
6349,uprzejmie,1,FB
6350,podziękować,1,BAAA
6351,uszyć,1,AEBAA
6352,przeciętny,1,CAB
6353,dzielnicowy,1,AAEC
6354,1962,1,-
6355,zdolny,1,CAB
6356,jasełka,1,AGDAA
6357,kosmos,1,ACAAAAA
6358,ogólniak,1,ACABBA
6359,małgosię,1,-
6360,cera,1,ADAAA
6361,lalka,1,ADAB
6362,studia,1,AGDB
6363,wpadać,1,BDA
6364,okręcać,1,BDA
6365,pulchny,1,CAB
6366,przyrządzać,1,BDA
6367,pizzę,1,-
6368,kochana,1,ADACCBA
6369,żartować,1,BAAA
6370,dyplom,1,ACAAAAA
6371,niepotrzebny,1,CAB
6372,magisterium,1,AED
6373,1985,1,-
6374,marynarka,1,ADAB
6375,kobiecy,1,CAA
6376,lok,1,ACABBA
6377,przerzucony,1,BBCA
6378,ramia,1,ADACBAA
6379,druhna,1,ADAAA
6380,zawodówka,1,ADAB
6381,porcelana,1,ADAAA
6382,henryka,1,-
6383,dyskoteka,1,ADAB
6384,pobrać,1,BAAFA
6385,obrazek,1,ACABBA
6386,pracownik,1,AAACBA
6387,płażyńskiego,1,-
6388,gdańsk,1,-
6389,katastrofa,1,ADAAA
6390,intelektualny,1,CAB
6391,sajnóg,1,-
6392,kacprem,1,-
6393,płażyńskim,1,-
6394,spojrzenie,1,AEBAA
6395,altana,1,ADAAA
6396,mechanik,1,AAACBA
6397,poród,1,ACAAAAA
6398,wygrzewać,1,BDA
6399,bandyta,1,AABDAA
6400,rumuni,1,-
6401,armeńcy,1,-
6402,dworzec,1,ACACBC
6403,podejść,1,AEBAA
6404,mącić,1,BBCA
6405,wyganiać,1,BDA
6406,umówić,1,BBCA
6407,komorne,1,AEBBB
6408,miesięcznie,1,FB
6409,babcin,1,CCBBA
6410,obejście,1,AEBAA
6411,uporządkować,1,BAAA
6412,ubikacja,1,ADACBAA
6413,obudować,1,BAAA
6414,wysypisko,1,AEAAAA
6415,wykopać,1,BAAFA
6416,dołek,1,ACABBA
6417,obierki,1,AGBA
6418,fajerka,1,ADAB
6419,naliczyć,1,BCCA
6420,dziewięcioro,1,DDB
6421,pomyśleć,1,BBBA
6422,woreczek,1,ACABBA
6423,aura,1,ADAAA
6424,racja,1,ADACBAA
6425,małgosią,1,-
6426,żałować,1,BAAA
6427,uzdrowiciela,1,-
6428,prać,1,BAAFA
6429,mózg,1,ACABA
6430,lubartowem,1,-
6431,synowa,1,ADACCAA
6432,paść,1,BAFAAAB
6433,obracać,1,BDA
6434,pierzchający,1,BDA
6435,sionka,1,ADAB
6436,szorty,1,AGAB
6437,gumowiec,1,ACACBC
6438,błyskać,1,BDA
6439,goły,1,CAB
6440,zdziwiony,1,BBCA
6441,fachowy,1,CAB
6442,sekretarka,1,ADAB
6443,warga,1,ADAB
6444,blond,1,CD
6445,chudy,1,CAB
6446,pędzelek,1,ACABBA
6447,mianować,1,BAAA
6448,wyprany,1,BAAFA
6449,kobiecość,1,ADCCA
6450,wolniutko,1,FC
6451,sień,1,ADCAAA
6452,opał,1,ACAAAAA
6453,izba,1,ADAAA
6454,chłopski,1,CBA
6455,ława,1,ADAAA
6456,wiklinowy,1,CAB
6457,koszyk,1,ACABBA
6458,kredka,1,ADAB
6459,klocek,1,ACABBA
6460,róg,1,ACABA
6461,posłanie,1,AEBAA
6462,foliowy,1,CAB
6463,wypchać,1,BDA
6464,siano,1,BAFBD
6465,śpiwór,1,ACAABAA
6466,koc,1,ACACBC
6467,gdzieniegdzie,1,GBABB
6468,posłać,1,BAAFA
6469,zwinięty,1,BAEAB
6470,tapeta,1,ADAAA
6471,wieszak,1,ACABBA
6472,korzenić się,1,-
6473,szmatka,1,ADAB
6474,tenisówka,1,ADAB
6475,przymocowany,1,BAAA
6476,gumka,1,ADAB
6477,skórzany,1,CAB
6478,wzywać,1,BDA
6479,rodzący,1,CAA
6480,otoczyć,1,BCCA
6481,krąg,1,ACABA
6482,jadać,1,BDA
6483,zachód,1,ACAAAAA
6484,popijać,1,BDA
6485,wino,1,ADAAA
6486,apostolski,1,CBA
6487,spuchnąć,1,BAEB
6488,kredens,1,ACAAAAA
6489,masować,1,BAAA
6490,olejek,1,ACABA
6491,przesłuchać,1,BDA
6492,ws,1,-
6493,założyciel,1,AAABCA
6494,dawniej,1,FC
6495,kacmajorem,1,-
6496,pościągać,1,BDA
6497,bohomaz,1,ACAAAAA
6498,półsłówko,1,AEAAAA
6499,krzyżówka,1,ADAB
6500,wyłączać,1,BDA
6501,telewizor,1,ACAABAA
6502,zdenerwować,1,BAAA
6503,dezodorant,1,ACAAAAA
6504,basen,1,ACAAAAA
6505,wycieczka,1,ADAB
6506,czech,1,-
6507,luizie,1,-
6508,zabawka,1,ADAB
6509,śmierdzieć,1,BBBA
6510,wersalka,1,ADAB
6511,opłatek,1,ACABBA
6512,wyjeżdżać,1,BDA
6513,ciąża,1,ADACABB
6514,wyrodny,1,CAB
6515,wyplucie,1,AEBAA
6516,bałagan,1,ACAAAAA
6517,święty,1,AAEC
6518,nawiedzić,1,BBCA
6519,niepozorny,1,CAB
6520,otwarło,1,-
6521,samochodowy,1,CAB
6522,tynkować,1,BAAA
6523,sklepowa,1,ADACCBA
6524,marchew,1,ADCAAA
6525,proszek,1,ACABA
6526,urzędniczka,1,ADAB
6527,wylegitymować,1,BAAA
6528,świeżutki,1,CBA
6529,dowód,1,ACAAAAA
6530,komendant,1,AAADAA
6531,wołkowycki,1,-
6532,wójt,1,AAAAAA
6533,juliana,1,-
6534,baran,1,ABABAAA
6535,lut,1,ACAAAAA
6536,pogodzić,1,BBCA
6537,werbunek,1,ACABA
6538,przynęta,1,ADAAA
6539,lazurowy,1,CAB
6540,najdroższa,1,ADACCBA
6541,wyjazd,1,ACAAAAA
6542,krzyknąć,1,BAEAA
6543,listonosz,1,AAABD
6544,wschód,1,ACAAAAA
6545,odwrót,1,ACAAAAA
6546,żebyś,1,-
6547,pognać,1,BDA
6548,maluch,1,AAACBB
6549,wstawać,1,BAAE
6550,ciuch,1,ACAABB
6551,grozić,1,BBCA
6552,terlikowskiemu,1,-
6553,kościelny,1,AAEC
6554,terlikowski,1,-
6555,osiłek,1,AAADBA
6556,pomieścić,1,BBCA
6557,polonez,1,ABABAAA
6558,butelka,1,ADAB
6559,wódka,1,ADAB
6560,zbroić,1,BBCA
6561,drzazga,1,ADAB
6562,ukryć,1,AEBAA
6563,strych,1,ACAAAB
6564,osłona,1,ADAAA
6565,wrzucić,1,BBCA
6566,pielęgniarka,1,ADAB
6567,jadwiga,1,-
6568,jabłuszewska,1,-
6569,teść,1,AAAAB
6570,roztrzaskać,1,BDA
6571,usiąść,1,BAFCAA
6572,kolonia,1,ADACBAA
6573,wymordować,1,BAAA
6574,odtąd,1,GBABB
6575,zawisły,1,CAB
6576,93,1,-
6577,heniek,1,-
6578,przywieźć,1,BAFCAA
6579,bosy,1,CAB
6580,ode,1,-
6581,balkon,1,ACAAAAA
6582,skoczyć,1,BCCA
6583,heńka,1,-
6584,pierś,1,ADCCA
6585,1994,1,-
6586,targ,1,ACABA
6587,uspokajać,1,BDA
6588,odstępować,1,BAAA
6589,kawiarnia,1,ADACBAA
6590,normalna,1,ADACCBA
6591,mamusia,1,ADACBBB
6592,uśpić,1,BBCB
6593,czujność,1,ADCCA
6594,chrystusa,1,-
6595,prześwietlanie,1,AEBAA
6596,połykać,1,BDA
6597,ohydny,1,CAB
6598,nałożyć,1,BCCA
6599,smutek,1,ACABA
6600,koniak,1,ACABA
6601,wasz,1,EAABA
6602,paweł,1,-
6603,kostkowski,1,-
6604,goświnowic,1,-
6605,sprowadzić,1,BBCA
6606,pochłonąć,1,BAEAB
6607,zaraz,1,FC
6608,zmartwychwstać,1,BAFABD
6609,bezpłodny,1,CAB
6610,oliwny,1,CAB
6611,żerdka,1,ADAB
6612,prywatny,1,CAB
6613,obserwacja,1,ADACBAA
6614,psychiatryczny,1,CAB
6615,kolejno,1,FC
6616,wybujać,1,BDA
6617,żądza,1,ADACABB
6618,manipulator,1,AAACAAAB
6619,zbór,1,ACAAAAA
6620,personel,1,ACACAA
6621,chory,1,AAEB
6622,psychicznie,1,FB
6623,wyprzeć,1,BABA
6624,posyłać,1,BDA
6625,jezus,1,-
6626,najinteligentniejszy,1,CAB
6627,plasować,1,BAAA
6628,hermetyczny,1,CAB
6629,wierzący,1,AAEB
6630,głoszony,1,BBCA
6631,apostoł,1,AAAAAA
6632,podnóżek,1,ACABBA
6633,psalm,1,ACAAAAA
6634,dawidowych,1,-
6635,księga,1,ADAB
6636,izajasza,1,-
6637,testament,1,ACAAAAA
6638,ateista,1,AABDAA
6639,lublina,1,-
6640,puławy,1,-
6641,kielce,1,-
6642,526,1,-
6643,pekaes,1,ACAAAAA
6644,taksówka,1,ADAB
6645,pieszo,1,FC
6646,wygnać,1,BDA
6647,baba,1,ADAAA
6648,wrzeszczeć,1,BCBA
6649,przepędzać,1,BDA
6650,rynsztok,1,ACABBA
6651,chustka,1,ADAB
6652,kij,1,ACACBC
6653,okrążać,1,BDA
6654,wykręcić,1,BBCA
6655,ogrodzenie,1,AEBAA
6656,notes,1,ACAAAAA
6657,wstąpić,1,BBCA
6658,zrzeszający,1,BDA
6659,poszkodowana,1,ADACCBA
6660,wnuczka,1,AAAAB
6661,1995,1,-
6662,nakazać,1,BAAFA
6663,komornik,1,AAACBA
6664,wyegzekwować,1,BAAA
6665,pluton,1,ACAAAAA
6666,operacyjny,1,CAB
6667,hełm,1,ACAAAAA
6668,pałka,1,ADAB
6669,szpaler,1,ACAAAAA
6670,religijny,1,CAB
6671,agalliasis,1,-
6672,podporządkować,1,BAAA
6673,bajan,1,ACAABAA
6674,senator,1,AAACAAAB
6675,marii,1,-
6676,łopatkowy,1,CAB
6677,ryszarda,1,-
6678,interpelacja,1,ADACBAA
6679,egzekucja,1,ADACBAA
6680,niepowodzenie,1,AEBAA
6681,podinspektor,1,-
6682,czerwiński,1,-
6683,wyznawca,1,AABCBB
6684,współżyć,1,AEBAA
6685,seksualnie,1,FB
6686,marianowi,1,-
6687,szósty,1,CAB
6688,stryj,1,AAAAB
6689,radka,1,-
6690,krępować,1,BAAA
6691,ożenek,1,ACABA
6692,doniesienie,1,AEBAA
6693,załatwiać,1,BDA
6694,adopcyjny,1,CAB
6695,opętana,1,ADACCBA
6696,uwięziony,1,CAB
6697,psychika,1,ADAB
6698,opieszałość,1,ADCCA
6699,zbrodniczy,1,CAA
6700,leszek,1,-
6701,miller,1,-
6702,urm,1,-
6703,małoletni,1,CBB
6704,czasowo,1,FC
6705,przetrzymywany,1,BAAB
6706,ośrodek,1,ACABBA
6707,obowiązany,1,CAB
6708,przeszkoda,1,ADAAA
6709,natrafiać,1,BDA
6710,sprawowanie,1,AEBAA
6711,dostrzegać,1,BDA
6712,eliminacja,1,ADACBAA
6713,niedostatek,1,ACABA
6714,gwarancja,1,ADACBAA
6715,sumienie,1,AEBAA
6716,tworzony,1,CAB
6717,wyznaniowy,1,CAB
6718,poselski,1,CBA
6719,ryszard,1,-
6720,nowak,1,-
6721,utracić,1,BBCA
6722,odcedzać,1,BDA
6723,pierog,1,ABAC
6724,przesłuchanie,1,AEBAA
6725,sędzia,1,AABAA
6726,rozwód,1,ACAAAAA
6727,ubiegać,1,BDA
6728,tajemniczy,1,CAA
6729,nelson,1,ABABAAA
6730,martę,1,-
6731,opiec,1,BAFCAB
6732,zastępczy,1,CAA
6733,bochenek,1,ACABBA
6734,kąpiel,1,ADCAAA
6735,kąpać,1,BAAFA
6736,zimny,1,CAB
6737,zasiadły,1,CAB
6738,cegła,1,ADAAA
6739,sprawnie,1,FB
6740,obrać,1,BAAFA
6741,kiwi,1,ACF
6742,skrobać,1,BAAFA
6743,ziemniak,1,ABAC
6744,pochwalić,1,BBCA
6745,osobny,1,CAB
6746,pokora,1,ADAAA
6747,przetrzymywanie,1,AEBAA
6748,tok,1,ACABA
6749,hajnówce,1,-
6750,łosoś,1,ABAABA
6751,sprzedawczyni,1,ADBB
6752,zaległy,1,BAFAAB
6753,odsiedzieć,1,BBBA
6754,kolegium,1,AED
6755,rozprawa,1,ADAAA
6756,zaniedbanie,1,AEBAA
6757,niebianin,1,AAABBA
6758,meldunkowy,1,CAB
6759,wrocławskiej,1,-
6760,oblatów,1,-
6761,umiłować,1,BAAA
6762,umiłowany,1,BAAA
6763,małgorzaty,1,-
6764,zerówki,1,-
6765,czynsz,1,ACACACB
6766,ps,1,-
6767,wynająć,1,BAFCB
6768,zmieniony,1,BBCA
6769,sebastiana,1,-
6770,kellera,1,-
6771,odcinek,1,ACABBA
6772,wymysł,1,ACAAAAA
6773,zachcianka,1,ADAB
6774,zapowiedź,1,ADCCA
6775,sobotni,1,CBB
6776,policzyć,1,BCCA
6777,podsumowujący,1,CAA
6778,wyłączenie,1,AEBAA
6779,huta,1,ADAAA
6780,swoszowic,1,-
6781,wjeżdżać,1,BDA
6782,spełniający,1,BDA
6783,kryterium,1,AED
6784,zanieczyszczenie,1,AEBAA
6785,emitować,1,BAAA
6786,cennik,1,ACABBA
6787,sprzeciwiać się,1,-
6788,usuwanie,1,AEBAA
6789,czysta,1,ADACCBA
6790,stc,1,-
6791,tlenek,1,ACABA
6792,azot,1,ACAAAAA
6793,stężenie,1,AEBAA
6794,ciągle,1,FC
6795,przekraczany,1,BDA
6796,zechcieć,1,BACA
6797,abonament,1,ACAAAAA
6798,zabarwiony,1,BBCA
6799,niszczący,1,CAA
6800,uświadomić,1,BBCA
6801,zakopianka,1,-
6802,ściśle,1,FB
6803,art,1,-
6804,elektromobilności,1,-
6805,przeznaczony,1,CAB
6806,autobus,1,ACAAAAA
6807,zeroemisyjnych,1,-
6808,złotówka,1,ADAB
6809,łata,1,ADAAA
6810,zaprzeczać,1,BDA
6811,zameldowany,1,BAAA
6812,płacący,1,CAA
6813,wyłączony,1,CAB
6814,płacenie,1,AEBAA
6815,krakowem,1,-
6816,rozliczenie,1,AEBAA
6817,podatkowy,1,CAB
6818,obaj,1,DABAA
6819,zadowolony,1,BBCA
6820,zezwolenie,1,AEBAA
6821,zdementować,1,BAAA
6822,fake,1,-
6823,strażnik,1,AAACBA
6824,skontrolować,1,BAAA
6825,824,1,-
6826,116,1,-
6827,113,1,-
6828,ukarać,1,BAAFA
6829,strażnica,1,ADACABB
6830,notoryczny,1,CAB
6831,łamanie,1,AEBAA
6832,ukarany,1,BAAFA
6833,wojtacha,1,-
6834,podsumować,1,BAAA
6835,techniczny,1,CAB
6836,aktualnie,1,FB
6837,135,1,-
6838,kontrolujący,1,BAAA
6839,35,1,-
6840,zamontowany,1,BAAA
6841,docelowo,1,FC
6842,oznakować,1,BAAA
6843,strefomatów,1,-
6844,skraść,1,BAFAAAA
6845,lokalizacja,1,ADACBAA
6846,rów,1,ACAAAAA
6847,pomalowany,1,BAAA
6848,sprayem,1,-
6849,skradziony,1,CAB
6850,zakupowej,1,-
6851,pyclik,1,-
6852,monitoringu,1,-
6853,niszczony,1,CAB
6854,zamalować,1,BAAA
6855,poprawiać,1,BDA
6856,trzepak,1,ACABBA
6857,niepochlebny,1,CAB
6858,siedziba,1,ADAAA
6859,ekologia,1,ADACBAA
6860,naszą,1,-
6861,najsłabszy,1,CAB
6862,zamożny,1,CAB
6863,małopolski,1,-
6864,stop,1,ACAAAAA
6865,korek,1,ACABBA
6866,zmotoryzowany,1,BAAA
6867,obowiązywać,1,BAAB
6868,miast,1,FC
6869,katowicach,1,-
6870,katowic,1,-
6871,zobowiązywać,1,BAAB
6872,śląska,1,-
6873,przekraczanie,1,AEBAA
6874,milowy,1,CAB
6875,odbudowa,1,ADAAA
6876,unijnych,1,-
6877,niedotrzymanie,1,-
6878,zobowiązanie,1,AEBAA
6879,wdrożyć,1,BCCA
6880,opracowywanie,1,AEBAA
6881,pluslidze,1,-
6882,balcerzak,1,-
6883,pozyskanie,1,AEBAA
6884,hitów,1,-
6885,fakiele,1,-
6886,urengoj,1,-
6887,uchodzić,1,BBCA
6888,czołówka,1,ADAB
6889,klubowy,1,CAB
6890,włoch,1,-
6891,gas,1,-
6892,sales,1,-
6893,bluenergy,1,-
6894,piacenza,1,-
6895,odnosić,1,BBCA
6896,europ,1,ACAAAAA
6897,mundialu,1,-
6898,przekazywany,1,BAAB
6899,balcerzaka,1,-
6900,gazzetta,1,-
6901,dello,1,-
6902,warszawski,1,-
6903,28,1,-
6904,siatkarz,1,AAABD
6905,ambitny,1,CAB
6906,włochami,1,-
6907,aktualny,1,CAB
6908,wicelider,1,-
6909,plusligi,1,-
6910,intensywnie,1,FB
6911,wzmocnienie,1,AEBAA
6912,sfinalizować,1,BAAA
6913,plusliga,1,-
6914,historyczny,1,CAB
6915,aktywa,1,AGDB
6916,kryptografia,1,ADACBAA
6917,specyficzny,1,CAB
6918,wirtualnymi,1,-
6919,cyfrowymi,1,-
6920,sprzedawca,1,AABCBB
6921,akceptować,1,BAAA
6922,płatność,1,ADCCA
6923,kryptowalucie,1,-
6924,fiducjarną,1,-
6925,fiat,1,ABABAAA
6926,pominięcie,1,AEBAA
6927,pośrednik,1,AAACBA
6928,przelać,1,BAFBD
6929,dowolny,1,CAB
6930,rozliczyć,1,BCCA
6931,wydatek,1,ACABA
6932,płatniczy,1,CAA
6933,słusznie,1,FB
6934,instrument,1,ACAAAAA
6935,wycena,1,ADAAA
6936,inwestycyjny,1,CAB
6937,wypracowanie,1,AEBAA
6938,dokonywać,1,BAAB
6939,tradycyjny,1,CAB
6940,obligacja,1,ADACBAA
6941,surowiec,1,ACACBC
6942,bitcoin,1,-
6943,raptem,1,FC
6944,cent,1,ABABAAA
6945,kurs,1,ACAAAAA
6946,dobić,1,AEBAA
6947,65,1,-
6948,szczyt,1,ACAAAAA
6949,międzyczas,1,ACAAAAA
6950,notować,1,BAAA
6951,kryptowalutę,1,-
6952,krach,1,ADAAA
6953,postawa,1,ADAAA
6954,ponadczasowy,1,CAB
6955,klasyka,1,AAACBA
6956,cenić,1,BBCA
6957,biznesowych,1,-
6958,orsay,1,-
6959,zasługiwać,1,BAAC
6960,rozcięcie,1,AEBAA
6961,dekolt,1,ACAAAAA
6962,prezentować,1,BAAA
6963,klepsydra,1,ADAAA
6964,talia,1,ADACBAA
6965,wyglądający,1,BDA
6966,zestawienie,1,AEBAA
6967,czernić,1,BBCA
6968,dodatkowo,1,FC
6969,woleć,1,BBBA
6970,delikatniejszy,1,CAB
6971,karczek,1,ACABBA
6972,rozkloszowany,1,BAAA
6973,dół,1,ACAAAAA
6974,rozkloszować,1,BAAA
6975,zamaskować,1,BAAA
6976,masywny,1,CAB
6977,biodro,1,AEAAAB
6978,któraś,1,-
6979,dokonanie,1,AEBAA
6980,kupon,1,ACAAAAA
6981,wiać,1,BAFBD
6982,zbliżać,1,BDA
6983,odnawialnych,1,-
6984,ciemno,1,AEAAAB
6985,wietrzność,1,-
6986,elektrociepłownia,1,ADACBAA
6987,zapotrzebowanie,1,AEBAA
6988,turbina,1,ADAAA
6989,instalowany,1,BAAA
6990,wyposażony,1,CAB
6991,powstrzymujący,1,CAA
6992,osadzanie,1,AEBAA
6993,lód,1,ABABAAA
6994,umożliwiający,1,BDA
6995,rozmrażanie,1,AEBAA
6996,wytrzymać,1,BDA
6997,sięgający,1,BDA
6998,montowany,1,BAAA
6999,kąt,1,ACAABAA
7000,topnienie,1,AEBAA
7001,gw,1,-
7002,opracowanie,1,AEBAA
7003,nordycki,1,CBA
7004,alpejski,1,CBA
7005,cenny,1,CAB
7006,rezerwuar,1,ACAAAAA
7007,kontynentalny,1,CAB
7008,wiosenno,1,-
7009,oblicze,1,AEBAB
7010,zamieć,1,ADCAAA
7011,dystrybucja,1,ADACBAA
7012,warmii,1,-
7013,Mazur,1,AAACAAAB
7014,awaria,1,ADACBAA
7015,wichura,1,ADAAA
7016,zagrażać,1,BDA
7017,dystrybucyjny,1,CAB
7018,przewracać,1,BDA
7019,zaśnieżony,1,CAB
7020,trudniejszy,1,CAB
7021,spadający,1,BDA
7022,osłabienie,1,AEBAA
7023,współczynnik,1,ACABBA
7024,procentowy,1,CAB
7025,stulecie,1,AEBAC
7026,emisyjny,1,CAB
7027,zaopatrzenie,1,AEBAA
7028,elektryfikacja,1,ADACBAA
7029,pompa,1,ADAAA
7030,efektywny,1,CAB
7031,ekologiczny,1,CAB
7032,rozpowszechnienie,1,AEBAA
7033,szczytowy,1,CAB
7034,zabezpieczony,1,CAB
7035,zmniejszać,1,BDA
7036,izolacja,1,ADACBAA
7037,termiczny,1,CAB
7038,pv,1,-
7039,bateryjny,1,CAB
7040,funkcjonalność,1,ADCCA
7041,grid,1,-
7042,odosobniony,1,BBCB
7043,kominek,1,ACABBA
7044,agregat,1,ACAAAAA
7045,prądotwórczy,1,CAA
7046,zwierzak,1,ABAC
7047,prognoza,1,ADAAA
7048,zapewniający,1,BDA
7049,komfort,1,ACAAAAA
7050,mieszkający,1,BDA
7051,opieka,1,ADAB
7052,czujny,1,CAB
7053,zabijać,1,BDA
7054,przypięty,1,BAFCB
7055,buda,1,ADAAA
7056,okienko,1,AEAAAA
7057,piwniczny,1,CAB
7058,dokarmianie,1,AEBAA
7059,alarmować,1,BAAA
7060,czyjś,1,EAD
7061,ktoz,1,-
7062,zareagować,1,BAAA
7063,rybny,1,CAB
7064,429,1,-
7065,74,1,-
7066,odzew,1,ACAAAAA
7067,apel,1,ACACAA
7068,przygarnąć,1,BAEAA
7069,mombaja,1,-
7070,kristin,1,-
7071,vogt,1,-
7072,pexels,1,-
7073,350,1,-
7074,rzezawa,1,-
7075,powiat,1,ACAAAAA
7076,bocheński,1,-
7077,zawieść,1,BAFCAA
7078,waszą,1,-
7079,załoga,1,ADAB
7080,komfortowo,1,FC
7081,zmarzły,1,CAB
7082,574,1,-
7083,335,1,-
7084,112,1,-
7085,una,1,-
7086,cabeza,1,-
7087,skomponować,1,BAAA
7088,carlosa,1,-
7089,gardela,1,-
7090,1890,1,-
7091,1935,1,-
7092,tańczyć,1,BCCA
7093,otoczony,1,CAB
7094,gość,1,BBCA
7095,pacino,1,-
7096,slade,1,-
7097,gabrielle,1,-
7098,anwar,1,-
7099,donna,1,ADAAA
7100,zacny,1,CAB
7101,kaszuby,1,-
7102,administracyjny,1,CAB
7103,okolicznościowy,1,CAB
7104,gratulacyjny,1,CAB
7105,wiązanka,1,ADAB
7106,kaszubie,1,-
7107,maestro,1,AACABAB
7108,naczelny,1,AAEC
7109,dziekan,1,AAADAA
7110,dyrygentura,1,ADAAA
7111,symfoniczno,1,-
7112,operowy,1,CAB
7113,fryderyka,1,-
7114,chopina,1,-
7115,kaszubę,1,-
7116,meloman,1,AAADAA
7117,sympatyczny,1,CAB
7118,kudyba,1,-
7119,witać,1,BDA
7120,obdarzać,1,BDA
7121,wprawiać,1,BDA
7122,nastroić,1,BBCA
7123,szacowny,1,CAB
7124,łomżynianki,1,-
7125,malinowska,1,-
7126,absolwentka,1,ADAB
7127,adama,1,-
7128,mickiewicza,1,-
7129,1983,1,-
7130,tadeusza,1,-
7131,kościuszki,1,-
7132,lo,1,-
7133,danuta,1,-
7134,gosk,1,-
7135,kadrowa,1,ADACCAA
7136,łok,1,-
7137,fkwl,1,-
7138,namówić,1,BBCA
7139,łomżyńskiej,1,-
7140,zastępstwo,1,AEAAAB
7141,urlop,1,ACAAAAA
7142,macierzyński,1,CBA
7143,nieodżałowany,1,CAB
7144,szwedo,1,-
7145,1931,1,-
7146,2011,1,-
7147,chachaj,1,-
7148,1929,1,-
7149,profesjonalizm,1,ACAAAAA
7150,pracowitość,1,ADCCA
7151,2008,1,-
7152,miano,1,AEAAAB
7153,aktywny,1,CAB
7154,czterdziestoletni,1,CBB
7155,mila,1,ADACBABA
7156,solistka,1,ADAB
7157,solista,1,AABDAA
7158,dyrygent,1,AAADAA
7159,wiesław,1,-
7160,ochman,1,-
7161,paleczny,1,-
7162,konstanta,1,ADAAA
7163,kulka,1,ADAB
7164,jakowicz,1,-
7165,łomżyńską,1,-
7166,przechowywać,1,BAAB
7167,podziękowanie,1,AEBAA
7168,logistyczny,1,CAB
7169,wozić,1,BBCA
7170,systematyczny,1,CAB
7171,wczesno,1,-
7172,przedszkolny,1,CAB
7173,półgodzinny,1,CAB
7174,uwrażliwianie,1,AEBAA
7175,wprowadzanie,1,AEBAA
7176,coroczny,1,CAB
7177,et,1,GAB
7178,musica,1,-
7179,proboszcz,1,AAAAB
7180,umowa,1,ADAAA
7181,odmiana,1,ADAAA
7182,surfing,1,ACABA
7183,żagiel,1,ACACBAA
7184,latawiec,1,AAACBA
7185,paralotnia,1,-
7186,kite,1,-
7187,dyscyplina,1,ADAAA
7188,akwen,1,ACAAAAA
7189,wskakiwać,1,BAAC
7190,jezioro,1,AEAAAB
7191,popularny,1,CAB
7192,alp,1,-
7193,tyrolu,1,-
7194,bałtykiem,1,-
7195,amator,1,AAACAAAB
7196,motorówka,1,ADAB
7197,skonstruowany,1,BAAA
7198,przystosowany,1,BAAA
7199,wakeparkach,1,-
7200,znajdujący,1,BAAA
7201,wyciąg,1,ACABA
7202,uprawianie,1,AEBAA
7203,wakeboardingu,1,-
7204,koordynacja,1,ADACBAA
7205,ruchowy,1,CAB
7206,akrobacja,1,ADACBAA
7207,wyskok,1,ACABA
7208,uosobienie,1,AEBAA
7209,porzucenie,1,AEBAA
7210,korporacyjny,1,CAB
7211,wyścig,1,ACABA
7212,szczur,1,ABABAAA
7213,zatłoczony,1,CAB
7214,bezosobowy,1,CAB
7215,biurowiec,1,ACACBC
7216,beztroski,1,ADABA
7217,londynie,1,-
7218,sytuowany,1,BAAA
7219,brytyjskiej,1,-
7220,eton,1,-
7221,college,1,-
7222,brighton,1,-
7223,zatrudnić,1,BBCB
7224,zapleczu,1,-
7225,awansować,1,BAAA
7226,kucharz,1,AAABD
7227,nobel,1,ACACBAA
7228,rota,1,ADAAA
7229,rygor,1,ACAAAAA
7230,fizycznie,1,FB
7231,wyczerpujący,1,CAA
7232,napój,1,BBCA
7233,energetyczny,1,CAB
7234,adrenalina,1,ADAAA
7235,skraj,1,ACACACB
7236,jasny,1,CAB
7237,dostawca,1,AABCBB
7238,hodowany,1,BAAA
7239,oddalać,1,BDA
7240,zrozumieć,1,BDBA
7241,londyn,1,-
7242,zamieszkać,1,BDA
7243,suffolk,1,-
7244,zmuszać,1,BDA
7245,wątróbka,1,ADAB
7246,ozór,1,ACAABAA
7247,podroby,1,AGAB
7248,dorset,1,-
7249,mroźny,1,CAB
7250,ogrzewać,1,BDA
7251,narodzony,1,BBCA
7252,jagnić się,1,-
7253,ogródek,1,ACABBA
7254,doglądać,1,BDA
7255,odżywiać,1,BDA
7256,filozofia,1,ADACBAA
7257,zabiegany,1,BDA
7258,kucharski,1,CBA
7259,table,1,-
7260,niedostępny,1,CAB
7261,zmarnować,1,BAAA
7262,dynia,1,ADACBABA
7263,szałwia,1,ADACBAA
7264,orzech,1,ABABAAB
7265,laskowy,1,CAB
7266,serwować,1,BAAA
7267,malowniczy,1,CAA
7268,sophie,1,-
7269,dahl,1,-
7270,etycznie,1,FB
7271,wegetarianin,1,AAABAA
7272,weganinem,1,-
7273,orędownik,1,AAACBA
7274,etyczny,1,CAB
7275,spożycie,1,AEBAA
7276,produkowany,1,BAAA
7277,dobrostanu,1,-
7278,przemysłowy,1,CAB
7279,produkować,1,BAAA
7280,owczy,1,CAA
7281,konieczny,1,CAB
7282,importować,1,BAAA
7283,irracjonalny,1,CAB
7284,sensowny,1,CAB
7285,biznesowo,1,-
7286,świnia,1,ADACBABA
7287,british,1,-
7288,primitive,1,-
7289,hebridean,1,-
7290,stado,1,AEAAAB
7291,180,1,-
7292,pszczoła,1,ADAAA
7293,hodować,1,BAAA
7294,swobodny,1,CAB
7295,instynkt,1,ACAAAAA
7296,obrazować,1,BAAA
7297,złożoność,1,ADCCA
7298,pochodzenie,1,AEBAA
7299,supermarkecie,1,-
7300,anonimowy,1,CAB
7301,anonimowość,1,ADCCA
7302,rolnik,1,AAACBA
7303,fenomen,1,AAACAAAB
7304,arcydzieło,1,AEAAAB
7305,rustykalny,1,CAB
7306,truskawka,1,ADAB
7307,cyfrową,1,-
7308,ucieczka,1,ADAB
7309,fast,1,-
7310,foodu,1,-
7311,wynos,1,-
7312,wiejski,1,CBA
7313,buchmann,1,-
7314,puttanesca,1,-
7315,filecików,1,-
7316,140,1,-
7317,kalamata,1,-
7318,wlać,1,BAFBD
7319,rozgniatać,1,BDA
7320,fileciki,1,-
7321,opłukać,1,BAAFA
7322,kran,1,ACAAAAA
7323,otrząsnąć,1,BAEAA
7324,starannie,1,FB
7325,ostrożeń,1,ACACBAA
7326,dosalać,1,BDA
7327,słony,1,CAB
7328,zrównoważyć,1,BCCA
7329,kwasowość,1,ADCCA
7330,rozdrobnić,1,BBCB
7331,wyłączyć,1,BCCA
7332,palnik,1,ACABBA
7333,zagotować,1,BAAA
7334,osolony,1,BBCA
7335,wrzątek,1,ACABA
7336,ugotować,1,BAAA
7337,kubek,1,ACABBA
7338,stopniowo,1,FC
7339,posypać,1,BAAFA
7340,buraczany,1,CAB
7341,kg,1,-
7342,jabłkowy,1,CAB
7343,śmietana,1,ADAAA
7344,kremówka,1,ADAB
7345,węgorz,1,ABAAC
7346,chrzan,1,ACAAAAA
7347,kozi,1,CBB
7348,ser,1,ACAABAA
7349,jogurt,1,ACAAAAA
7350,prażony,1,CAB
7351,wyszorować,1,BAAA
7352,zlew,1,ACAAAAA
7353,piasek,1,ACABA
7354,obierać,1,BDA
7355,przycinać,1,BDA
7356,żywy,1,AAEC
7357,zalać,1,BAFBD
7358,garść,1,ADCAAA
7359,wrzenie,1,AEBAA
7360,ostrze,1,AEBAB
7361,ostygły,1,CAB
7362,zejście,1,AEBAA
7363,naciśnięcie,1,AEBAA
7364,satysfakcjonujący,1,BAAA
7365,rękawica,1,ADACABB
7366,różowy,1,CAB
7367,wysokoobrotowy,1,CAB
7368,blendera,1,-
7369,gęsty,1,CAB
7370,lać,1,BAFBD
7371,octowy,1,CAB
7372,przełamywać,1,BAAB
7373,nadmierny,1,CAB
7374,ziemistość,1,-
7375,rozjaśniać,1,BDA
7376,napowietrzać,1,BDA
7377,cudownie,1,FB
7378,aksamitny,1,CAB
7379,konsystencja,1,ADACBAA
7380,doprawiać,1,BDA
7381,przybrać,1,BAAFA
7382,przechować,1,BDA
7383,lodówka,1,ADAB
7384,zamrozić,1,BBCA
7385,deszczowy,1,CAB
7386,pikantny,1,CAB
7387,papryka,1,ADAB
7388,uprażyć,1,BCCA
7389,rozetrzeć,1,BABA
7390,moździerz,1,ACACBBA
7391,suszony,1,CAB
7392,filet,1,ACAABAA
7393,dzwonek,1,ACABBA
7394,morszczuk,1,ABAC
7395,rdzawiec,1,-
7396,halibut,1,ABABAAA
7397,okoń,1,ABAABA
7398,itp,1,-
7399,patelnia,1,ADACBAA
7400,rozgrzać,1,BAFBD
7401,zmiękły,1,CAB
7402,pachnieć,1,BACC
7403,przywrzeć,1,BABA
7404,rozgnieść,1,BAFCAA
7405,dodanie,1,AEBAA
7406,zetrzeć,1,BABA
7407,wycisnąć,1,BAEAA
7408,odstawa,1,ADAAA
7409,cytryna,1,ADAAA
7410,złagodzić,1,BBCA
7411,masa,1,ADAAA
7412,gęstnieć,1,BAD
7413,trzepaczka,1,ADAB
7414,rzadki,1,CBA
7415,posmakować,1,BAAA
7416,ewentualnie,1,FB
7417,sola,1,ABAABA
7418,posolić,1,BBCA
7419,zanurzyć,1,BCCA
7420,grubość,1,ADCCA
7421,rozpadać się,1,-
7422,pity,1,BAFB
7423,kuskusem,1,-
7424,okrasz,1,-
7425,kości,1,AGBC
7426,tarty,1,CAB
7427,żółtko,1,AEAAAA
7428,estragon,1,ACAAAAA
7429,otarty,1,CAB
7430,niewoskowanej,1,-
7431,pieprz,1,ABAAC
7432,smażenie,1,AEBAA
7433,łodyga,1,ADAB
7434,naciowy,1,CAB
7435,cienko,1,FA
7436,przekrojony,1,BBCA
7437,wzdłuż,1,FC
7438,250,1,-
7439,śmietanka,1,ADAB
7440,malaksera,1,-
7441,pasta,1,ADAAA
7442,oprócz,1,GBBAA
7443,olej,1,BAFBD
7444,kotlecik,1,ABAC
7445,żeliwny,1,CAB
7446,zrumienić,1,BBCA
7447,wyjąć,1,BAFCB
7448,zaczekać,1,BDA
7449,przestygnąć,1,BAEB
7450,skosztować,1,BAAA
7451,utoczyć,1,BCCA
7452,rumiano,1,FC
7453,przepełniać,1,BDA
7454,odłożyć,1,BCCA
7455,wytopiony,1,BBCA
7456,tłuszcz,1,ACACACB
7457,niezrumieniona,1,-
7458,monaster,1,ACAAAAA
7459,pustelnia,1,ADACBAA
7460,gołosiejewska,1,-
7461,patriarchat,1,ACAAAAA
7462,moskiewskiego,1,-
7463,regularny,1,CAB
7464,dziennikarski,1,CBA
7465,slidstvo,1,-
7466,info,1,-
7467,przykrywka,1,ADAB
7468,zapisanie,1,AEBAA
7469,działający,1,BDA
7470,szkółka,1,ADAB
7471,poranny,1,CAB
7472,popołudniowy,1,CAB
7473,zatrudniony,1,BBCB
7474,iż,1,GBBAB
7475,rytm,1,ACAAAAA
7476,harmonogram,1,ACAAAAA
7477,zgodny,1,CAB
7478,tygodniowy,1,CAB
7479,typowy,1,CAB
7480,używanie,1,AEBAA
7481,1966,1,-
7482,określany,1,BDA
7483,słowiański,1,CBA
7484,ukraińsku,1,-
7485,rosyjsku,1,-
7486,organizowany,1,BAAA
7487,pieśń,1,ADCCA
7488,dokumentacja,1,ADACBAA
7489,licencjonowany,1,BAAA
7490,przyjmowanie,1,AEBAA
7491,przyklasztorny,1,CAB
7492,publikacja,1,ADACBAA
7493,trwający,1,BDA
7494,zgodność,1,ADCCA
7495,zapobieganie,1,AEBAA
7496,przejaw,1,ACAAAAA
7497,równolegle,1,FB
7498,klasztor,1,ACAAAAA
7499,okoliczność,1,ADCCA
7500,powstanie,1,BAFABD
7501,uczęszczać,1,BDA
7502,zarejestrowan,1,-
7503,olą,1,-
7504,mikołajem,1,-
7505,borysem,1,-
7506,brzozowskim,1,-
7507,zaprowadzić,1,BBCA
7508,interpretacja,1,ADACBAA
7509,dostrzec,1,BAFCAB
7510,wstęp,1,ACAAAAA
7511,zaczynający,1,BDA
7512,litera,1,ADAAA
7513,drogi,1,ADAB
7514,fikuśny,1,CAB
7515,okładka,1,ADAB
7516,format,1,ACAAAAA
7517,a4,1,-
7518,a5,1,-
7519,kafelek,1,ACABBA
7520,skrin,1,-
7521,tekstowy,1,CAB
7522,niezrozumiały,1,CAB
7523,recytacja,1,ADACBAA
7524,wczucie się,1,-
7525,czytany,1,BDA
7526,fraza,1,ADAAA
7527,natłok,1,ACABA
7528,notatka,1,ADAB
7529,skleić,1,BBCA
7530,zapisek,1,ACABA
7531,mijany,1,BDA
7532,billboardzie,1,-
7533,zowąd,1,-
7534,intrygujący,1,BAAA
7535,nieokreślony,1,CAB
7536,zbiór,1,ACAAAAA
7537,pomyślany,1,CAB
7538,przełożenie,1,AEBAA
7539,idea,1,ADACBAA
7540,alternatywny,1,CAB
7541,zapraszany,1,BDA
7542,dzielenie,1,AEBAA
7543,przykładowy,1,CAB
7544,grupowy,1,CAB
7545,fragment,1,ACAAAAA
7546,metoda,1,ADAAA
7547,blackout,1,-
7548,poetry,1,-
7549,zakreślany,1,BDA
7550,wykorzystany,1,BDA
7551,przyniesiony,1,CAB
7552,mikołaj,1,-
7553,borys,1,-
7554,brzozowski,1,-
7555,kuratorsko,1,-
7556,styk,1,ACABA
7557,literatura,1,ADAAA
7558,performansu,1,-
7559,wspólnotowy,1,-
7560,postartystycznych,1,-
7561,różnorodny,1,CAB
7562,sąsiedzki,1,CBA
7563,spacer,1,ACAAAAA
7564,dotychczas,1,FC
7565,biblioteka,1,ADAB
7566,azyl,1,ACACAA
7567,pawilon,1,ACAAAAA
7568,staromiejski,1,CBA
7569,spotykany,1,BDA
7570,okaz,1,ACAAAAA
7571,oszlifowanie,1,AEBAA
7572,obserwowanie,1,AEBAA
7573,docenianie,1,AEBAA
7574,czerwienić,1,BBCA
7575,zielenić się,1,-
7576,żółcić,1,BBCA
7577,symbolika,1,ADAB
7578,przezroczysty,1,CAB
7579,oszlifowany,1,BAAA
7580,przypisywać,1,BAAB
7581,niewinność,1,ADCCA
7582,wierność,1,ADCCA
7583,harmonia,1,ADACBAA
7584,szmaragd,1,ACAAAAA
7585,płodność,1,ADCCA
7586,witalny,1,CAB
7587,rubin,1,ACAAAAA
7588,turmalin,1,ACAAAAA
7589,granat,1,ACAAAAA
7590,odwaga,1,ADAB
7591,szafir,1,ACAAAAA
7592,turkus,1,ACAAAAA
7593,akwamaryn,1,ACAAAAA
7594,rzadszy,1,CAB
7595,żółty,1,CAB
7596,nazywany,1,BDA
7597,czeski,1,CBA
7598,ciekawostka,1,ADAB
7599,charakterystyka,1,ADAB
7600,najtwardszy,1,CAB
7601,jubilerstwo,1,AEAAAB
7602,przyozdabianie,1,AEBAA
7603,pierścionek,1,ACABBA
7604,zaręczynowy,1,CAB
7605,wyrób,1,BBCA
7606,upewnić,1,BBCB
7607,prezent,1,ACAAAAA
7608,ślub,1,ACAAAAA
7609,internetowej,1,-
7610,wkruk,1,-
