lp,slowo,liczba,label
1,się,671,EJB
2,być,562,AEBAA
3,nie,488,GBBBA
4,do,401,G
5,że,359,GBBBBAB
6,on,351,EAAA
7,to,327,EEAAA
8,który,263,EAB
9,o,217,GBBAA
10,a,197,GBBAB
11,ta,184,EDAAA
12,po,158,GBBAA
13,co,151,EGB
14,jak,145,ABAC
15,ale,126,GBBBBAB
16,ten,125,EAABA
17,od,122,GBBAA
18,czy,120,EK
19,dla,115,GBBAA
20,przez,109,GBBAA
21,za,108,GBBAA
22,rok,104,ACEA
23,dziecko,90,AEADB
24,mówić,83,BBCA
25,jeden,80,CCBA
26,ma,79,EDAAB
27,lata,75,AGDAA
28,ja,75,AEE
29,osoba,74,ADAAA
30,chcieć,70,BACA
31,bo,70,G
32,mieć,68,BDC
33,zostać,67,BAFABD
34,tylko,67,GBBBA
35,już,65,GBBBA
36,my,65,EIA
37,tak,64,EK
38,móc,64,BAFCABD
39,przed,64,GBBAA
40,ona,63,EDAB
41,człowiek,61,AAHA
42,oraz,60,GBBAB
43,czas,60,ACAAAAA
44,inny,59,CAB
45,swoja,58,EDAB
46,miasto,58,AEAAAB
47,jednak,58,GBBBA
48,bycie,57,AEBAA
49,może,57,GBBBA
50,ocena,57,ADAAA
51,nowy,56,CAB
52,r,56,-
53,ze,56,GBBBBBA
54,wiele,55,DEBA
55,taki,55,EAC
56,taż,53,EDCA
57,film,53,ACAAAAA
58,jej,51,GAB
59,by,50,GBBAB
60,kilka,49,ADAB
61,pod,49,GBBAA
62,prezydent,49,AAADAA
63,pierwsza,48,ADACCBA
64,gdy,47,GBBAB
65,polski,45,ACD
66,raz,44,ACAAAAA
67,krakowie,43,-
68,również,43,GBBBA
69,dwa,43,DABB
70,maić,42,BBCA
71,także,41,GBBBA
72,praca,41,ADACABB
73,wszystek,41,CCA
74,jako,41,GBBAB
75,mężczyzna,40,AABDAB
76,bardzo,40,FA
77,kobieta,40,ADAAA
78,dom,39,ACAAAB
79,coś,39,EGC
80,świat,38,ACAABAB
81,cały,38,CAB
82,życie,38,AEBAA
83,lub,37,GBBAB
84,jeszcze,37,GBABB
85,podczas,36,GBBAA
86,szkoła,36,ADAAA
87,powiedzieć,36,BDC
88,dzień,35,ACABBB
89,sam,35,ACAAAAA
90,drugi,35,CBA
91,niebo,35,AEAAAB
92,nawet,34,GBBBA
93,jeśli,34,GBBAB
94,bez,34,ACAAAAA
95,ostatni,34,CBB
96,rola,33,ADACBABA
97,mieszkaniec,33,AAACBA
98,ponad,33,GBBAA
99,agent,33,AAADAA
100,każdy,33,AAEC
101,więc,33,GBBAB
102,wszyscy,33,AFEC
103,musieć,32,BBBA
104,strona,32,ADAAA
105,sprawa,32,ADAAA
106,przy,32,GBBAA
107,nizać,32,BAAFA
108,żeby,32,GBBBBAA
109,teatr,32,ACAAAAA
110,krakowa,31,-
111,zespół,31,ACAAAAA
112,historia,31,ADACBAA
113,uczeń,31,AEBAA
114,koniec,30,ACACBC
115,chodzić,30,BBCA
116,duży,29,CAB
117,minuta,29,ADAAA
118,trzeba,29,BFBA
119,która,29,-
120,często,29,FA
121,strefa,29,ADAAA
122,trzy,28,DBAA
123,problem,28,ACAAAAA
124,miejsce,28,AEBAA
125,można,28,BFBA
126,ważny,28,CAB
127,rodzic,28,AAABAB
128,mina,27,ADAAA
129,styczeń,27,ACACBAA
130,jeść,27,BDD
131,mama,27,ADAAA
132,ksiądz,27,AAAEB
133,później,26,FC
134,wtedy,26,GBABB
135,wielki,26,CBA
136,powinien,26,BFCA
137,edukacja,26,ADACBAA
138,miał,25,ACAAAAA
139,choć,25,GBBBA
140,nad,25,GBBAA
141,kolejny,25,CAB
142,tysiąc,25,ABAAC
143,początek,25,ACABA
144,alba,25,ADAAA
145,rozmowa,25,ADAAA
146,wiedzieć,25,BDC
147,zrobić,25,BBCA
148,krakowski,25,CBA
149,kiedy,24,GBABB
150,sekta,24,ADAAA
151,dodać,23,BDC
152,zacząć,23,BAFCB
153,bardziej,23,FC
154,aż,23,GBBBA
155,scena,23,ADAAA
156,stać się,22,-
157,wcześniej,22,FC
158,własny,22,CAB
159,prawo,22,AEAAAB
160,nic,22,EGA
161,znaleźć,22,BAFCAA
162,grupa,22,ADAAA
163,dać,22,BDC
164,uważać,22,BDA
165,zwierzę,22,AECA
166,ice,21,-
167,żaden,21,CCBBA
168,ani,21,GBBBA
169,rodzina,21,ADAAA
170,u,21,GBBAA
171,pieniądz,21,ACACBBB
172,próba,21,ADAAA
173,aby,20,GBBBBAB
174,przedmiot,20,ACAAAAA
175,kraj,20,ACACACB
176,teraz,20,FC
177,znać,20,BDA
178,samochód,20,ACAAAAA
179,droga,20,ADAB
180,pot,20,ACAAAAA
181,seks,20,ACAAAAA
182,uwaga,19,ADAB
183,próbować,19,BAAA
184,dziać,19,BAFBD
185,koncert,19,ACAAAAA
186,aktor,19,AAACAAAB
187,zdanie,18,AEBAA
188,najbardziej,18,FC
189,gdzie,18,GBABB
190,seksualny,18,CAB
191,minneapolis,18,-
192,sposobić,18,BBCA
193,więcej,18,FC
194,spotkanie,18,AEBAA
195,spektakl,18,ACACAA
196,nauczyciel,18,AAABCA
197,godzina,18,ADAAA
198,pies,18,ABABAB
199,schronisko,18,AEAAAA
200,pan,18,AAAAAB
201,referendum,18,AED
202,skrzat,18,AAACAAAB
203,powell,18,-
204,temat,17,ACAAAAA
205,główny,17,CAB
206,polsce,17,-
207,stan,17,ACAAAAA
208,dzięki,17,AGBB
209,transport,17,ACAAAAA
210,pracować,17,BAAA
211,postać,17,ADCAAA
212,różny,17,CAB
213,robić,17,BBCA
214,good,17,-
215,nasz,17,EAABA
216,ciało,17,AEAAAB
217,moment,17,ACAAAAA
218,między,17,GBBAA
219,zawsze,17,GBABB
220,ile,17,EHBA
221,widzieć,17,BBBA
222,kino,17,AEAAAB
223,kuweta,17,ADAAA
224,bezpieczeństwo,16,AEAAAB
225,udział,16,ACAAAAA
226,warszawa,16,ADAAA
227,kanał,16,ACAAAAA
228,wydawać,16,BAAE
229,kolor,16,ACAAAAA
230,właśnie,16,GBBBA
231,andrzej,16,-
232,klasa,16,ADAAA
233,jaki,16,ABAC
234,ewa,16,-
235,płyta,16,ADAAA
236,ty,16,EIA
237,przepis,16,ACAAAAA
238,kamień,16,ACACBAA
239,konkurs,16,ACAAAAA
240,serial,16,ACACAA
241,kacmajor,16,-
242,zegarek,16,ACABBA
243,plan,15,ACAAAAA
244,miesiąc,15,ACACBBA
245,pokazywać,15,BAAB
246,usa,15,-
247,przypadek,15,ACABA
248,tam,15,GBABB
249,widać,15,BFB
250,napisać,15,BAAFA
251,słowo,15,AEAAAB
252,prowadzić,15,BBCA
253,mąż,15,AAAAB
254,sytuacja,15,ADACBAA
255,młoda,15,ADACCBA
256,forma,15,ADAAA
257,dobro,15,AEAAAA
258,mała,15,ADACCBA
259,widz,15,AAAAB
260,opowiadać,15,BDA
261,reżyser,15,AAACAAAB
262,majdan,15,ACAAAAA
263,ilska,15,-
264,czyli,14,GBBAB
265,odpowiedni,14,CBB
266,trafić,14,BBCA
267,projekt,14,ACAAAAA
268,szukać,14,BDA
269,tu,14,GBABB
270,stracić,14,BBCA
271,zdjęcie,14,AEBAA
272,styl,14,ACACACB
273,powód,14,AAAAAA
274,złoty,14,ABC
275,nigdy,14,GBABB
276,powstać,14,BAFABD
277,moja,14,EDAB
278,artysta,14,AABDAA
279,tydzień,14,ACACBAA
280,oko,14,AEAAAA
281,utwór,14,ACAAAAA
282,dlatego,14,G
283,ręka,14,ADACBABB
284,ktoś,14,EFC
285,koperta,14,ADAAA
286,nagroda,14,ADAAA
287,przecież,14,GBBBA
288,g,14,-
289,sos,14,ACAAAAA
290,wiedza,13,ADACABB
291,liczba,13,ADAAA
292,we,13,GBBAA
293,proca,13,ADACABB
294,głównie,13,FC
295,narodowy,13,CAB
296,nagranie,13,AEBAA
297,następnie,13,FC
298,tworzyć,13,BCCA
299,policja,13,ADACBAA
300,której,13,-
301,trumpa,13,-
302,jakiś,13,EAF
303,głowa,13,ADAAA
304,naprawdę,13,GBBBA
305,element,13,ACAAAAA
306,czarny,13,CAB
307,rzecz,13,ADCB
308,miejski,13,CBA
309,konto,13,AEAAAB
310,okazać,13,BAAFA
311,którą,13,-
312,wartość,13,ADCCA
313,filmowy,13,CAB
314,grać,13,BDA
315,przykład,13,ACAAAAA
316,sztuka,13,ADAB
317,kolej,13,ADCAAA
318,dlaczego,13,G
319,żona,13,ADAAA
320,wrócić,13,BBCA
321,kolęda,13,ADAAA
322,czysty,13,CAB
323,kraków,13,-
324,kot,13,ABABAB
325,relacja,13,ADACBAA
326,szansa,13,ADACABA
327,miszalskiego,13,-
328,procent,13,ACAAAAA
329,matka,13,ADAB
330,łyżka,13,ADAB
331,szlachetny,13,CAB
332,według,12,GBBAA
333,cel,12,ACACACB
334,prawdziwy,12,CAB
335,ekspert,12,AAADAA
336,woda,12,ADAAA
337,sieć,12,ADCCA
338,temperatura,12,ADAAA
339,siła,12,ADAAA
340,punkt,12,ACAAAAA
341,kto,12,EFB
342,otwarty,12,CAB
343,list,12,ACAAAAA
344,drzwi,12,AGBC
345,mln,12,-
346,śmierć,12,ADCCA
347,syn,12,AAAAB
348,oczywiście,12,GBBBA
349,dodatek,12,ACABA
350,pisać,12,BAAFA
351,książka,12,ADAB
352,dużo,12,DF
353,telefon,12,ACAAAAA
354,opowieść,12,ADCCA
355,pamiętać,12,BDA
356,nikt,12,EFA
357,obywatelski,12,CBA
358,najważniejszy,12,CAB
359,prostu,12,-
360,muzyczny,12,CAB
361,kierowca,12,AABCBB
362,wyświetlenie,12,AEBAA
363,dodawać,12,BAAE
364,pytanie,12,AEBAA
365,tragedia,12,ADACBAA
366,chwila,12,ADACBABA
367,wyjść,12,AEBAA
368,potrafić,12,BBCA
369,czuć,12,AEBAA
370,chór,12,ACAAAAA
371,zdrowy,12,AAEC
372,pierwszy,12,CAB
373,podpis,12,ACAAAAA
374,felicja,12,-
375,średni,12,CBB
376,podsiąść,12,BAFCAA
377,służba,11,ADAAA
378,dodatkowy,11,CAB
379,podkreślać,11,BDA
380,wydarzenie,11,AEBAA
381,mróz,11,ACAAAAA
382,brać,11,ADCAAA
383,większy,11,CAB
384,sprawdzić,11,BBCA
385,wybrać,11,BAAFA
386,przebywać,11,BDA
387,granica,11,ADACABB
388,akcja,11,ADACBAA
389,zobaczyć,11,BCCA
390,np,11,-
391,tys,11,-
392,polityczny,11,CAB
393,wynik,11,ACABA
394,poła,11,ADAAA
395,dwie,11,DABCA
396,pięcie się,11,-
397,zmiana,11,ADAAA
398,poznać,11,BDA
399,Internet,11,ACAAAAA
400,głos,11,ACAAAAA
401,potrzeba,11,ADAAA
402,prosta,11,ADACCBA
403,sukienka,11,ADAB
404,zapraszać,11,BDA
405,kultura,11,ADAAA
406,przede,11,-
407,podstawa,11,ADAAA
408,wprowadzenie,11,AEBAA
409,zajęcie,11,AEBAA
410,dawać,11,BAAE
411,należeć,11,BCBA
412,zdrowie,11,AEBAC
413,choroba,11,ADAAA
414,warta,11,CCBBA
415,ewy,11,-
416,pani,11,ADBAA
417,imię,11,AECB
418,pomysł,11,ACAAAAA
419,tyle,11,EHBA
420,przekonywać,11,BAAB
421,rząd,11,ACAAAAA
422,sama,11,EDAAB
423,natomiast,11,GBBAB
424,album,11,ACAAAAA
425,sct,11,-
426,muzeum,11,AED
427,przypominać,11,BDA
428,nim,11,GBBAB
429,miszalski,11,-
430,zdrowotny,11,CAB
431,dorosły,11,AAEC
432,babcia,11,ADACBBB
433,świąteczny,10,CAB
434,sąd,10,ACAAAAA
435,jednocześnie,10,FB
436,energia,10,ADACBAA
437,system,10,ACAAAAA
438,znaczenie,10,AEBAA
439,wraz,10,FC
440,największy,10,CAB
441,obecnie,10,GBABB
442,sukces,10,ACAAAAA
443,niektóry,10,AAEB
444,część,10,ADCCA
445,stać,10,BAFABD
446,strzał,10,ACAAAAA
447,amerykański,10,CBA
448,zwrócić,10,BBCA
449,tutaj,10,GBABB
450,wyborczy,10,CAA
451,ofiara,10,ADAAA
452,grudzień,10,ACACBAA
453,drużyna,10,ADAAA
454,szybka,10,ADAB
455,wychodzić,10,BBCA
456,trend,10,ACAAAAA
457,tiktoku,10,-
458,wśród,10,GBBAA
459,emocja,10,ADACBAA
460,warsztat,10,ACAAAAA
461,tekst,10,ACAAAAA
462,ubiegły,10,BAFAAB
463,trwać,10,BDA
464,ogromny,10,CAB
465,lepiej,10,FC
466,por,10,ABABAAA
467,ruch,10,ACAAAB
468,muzyk,10,AAACBA
469,język,10,ACABBA
470,kwestia,10,ADACBAA
471,młody,10,AAEC
472,wzgląd,10,ACAAAAAB
473,połowa,10,ADAAA
474,henryk,10,-
475,festiwal,10,ACACAA
476,radny,10,AAEC
477,wyspa,10,ADAAA
478,polka,10,ADAB
479,sztuczny,10,CAB
480,wybór,10,ACAAAAA
481,odpowiedź,10,ADCCA
482,przygotować,10,BAAA
483,pis,10,-
484,fot,10,ACAABAA
485,rozmawiać,10,BDA
486,doświadczenie,10,AEBAA
487,skończyć,10,BCCA
488,odbyć,10,AEBAA
489,fakt,10,ACAAAAA
490,sklep,10,ACAAAAA
491,chłopiec,10,AAACAB
492,przemoc,10,ADCAB
493,jakubowskich,10,-
494,zatrzymać,9,BDA
495,funkcjonariusz,9,AAABD
496,wynikać,9,BDA
497,związek,9,ACABA
498,decyzja,9,ADACBAA
499,podobny,9,CAB
500,rozwiązanie,9,AEBAA
501,warunek,9,ACABA
502,wysoki,9,CBA
503,domowy,9,CAB
504,wymagać,9,BDA
505,przygotowanie,9,AEBAA
506,występować,9,BAAA
507,gra,9,ADAAA
508,gwiazda,9,ADAAA
509,muzyka,9,AAACBA
510,publiczny,9,CAB
511,proces,9,ACAAAAA
512,około,9,GBBBBBB
513,mimo,9,GBBAA
514,dostępny,9,CAB
515,wówczas,9,FC
516,krajowy,9,CAB
517,wspólny,9,CAB
518,czekać,9,BDA
519,ukraiński,9,CBA
520,badanie,9,AEBAA
521,wojna,9,ADAAA
522,starać się,9,-
523,dość,9,GBABB
524,potrzebować,9,BAAA
525,dobry,9,CAA
526,moda,9,ADAAA
527,wracać,9,BDA
528,powrót,9,ACAAAAA
529,osobisty,9,CAB
530,wersja,9,ADACBAA
531,typ,9,AAACAAAB
532,wspomnienie,9,AEBAA
533,przyjść,9,AEBAA
534,premiera,9,AAACAAAB
535,publiczność,9,ADCCA
536,trasa,9,ADAAA
537,udać,9,BDC
538,zasada,9,ADAAA
539,umiejętność,9,ADCCA
540,oglądać,9,BDA
541,funkcjonowanie,9,AEBAA
542,poziom,9,ACAAAAA
543,ue,9,-
544,ciąg,9,ACABA
545,rodzaj,9,ACACACB
546,zamiast,9,GBBAA
547,podstawowy,9,CAB
548,krzysztof,9,-
549,prosić,9,BBCA
550,biały,9,CAB
551,święta,9,ADACCBA
552,tłumaczyć,9,BCCA
553,trzymać,9,BDA
554,zmieniać,9,BDA
555,iść,9,BAFCAA
556,protest,9,ACAAAAA
557,zabrać,9,BAAFA
558,ojciec,9,AAAAAB
559,dostać,9,BAFABD
560,częsty,9,CAB
561,musical,9,ACACAA
562,łukasz,9,-
563,zł,9,-
564,przewidywany,9,BAAB
565,wystawa,9,ADAAA
566,ogół,9,ACAAAAA
567,odwołanie,9,AEBAA
568,etap,9,ACAAAAA
569,dobre,9,AEBBB
570,zapytać,9,BDA
571,pojechać,9,BAAFA
572,bliskość,9,ADCCA
573,partner,9,AAACAAAB
574,brat,9,AAAEA
575,cebula,9,ADACBABA
576,lęk,9,ACABA
577,zaczynać,9,BDA
578,oliwa,9,ADAAA
579,cytryn,9,ACAAAAA
580,hollywood,9,-
581,model,9,AAABCA
582,materiał,8,ACAAAAA
583,informacja,8,ADACBAA
584,wsparcie,8,AEBAA
585,działania,8,AGDAA
586,środek,8,ACABBA
587,wjazd,8,ACAAAAA
588,przerwa,8,ADAAA
589,źródło,8,AEAAAB
590,brak,8,ACABA
591,najlepszy,8,CAB
592,mistrz,8,AAAAB
593,zarówno,8,FC
594,więzienie,8,AEBAA
595,zjednoczony,8,CAB
596,placówka,8,ADAB
597,wskazywać,8,BAAB
598,urząd,8,ACAAAAAB
599,obawa,8,ADAAA
600,większość,8,ADCCA
601,dziś,8,ACF
602,stara,8,ADACCBA
603,bronić,8,BBCA
604,uderzyć,8,BCCA
605,król,8,AAAAB
606,zagrać,8,BBCA
607,pojawić się,8,-
608,pole,8,AEBAA
609,medium,8,AED
610,stajać,8,BAAFC
611,coraz,8,GBABB
612,pojawiać się,8,-
613,świeży,8,CAA
614,teatralny,8,CAB
615,wprowadzić,8,BBCA
616,pomoc,8,ADCAB
617,klasyczny,8,CAB
618,poezja,8,ADACBAA
619,szkolny,8,CAB
620,edukacyjny,8,CAB
621,wymiar,8,ACAAAAA
622,środowisko,8,AEAAAA
623,myśleć,8,BBBA
624,trudny,8,CAB
625,wyglądać,8,BDA
626,mój,8,EAABA
627,praktyczny,8,CAB
628,hit,8,-
629,istnieć,8,BAD
630,liceum,8,AED
631,władza,8,ADACABB
632,kościół,8,ACAABAA
633,luty,8,ACAAAAA
634,razer,8,-
635,produkt,8,ACAAAAA
636,unia,8,ADACBAA
637,znacznie,8,FB
638,serce,8,AEBAA
639,zdarzać,8,BDA
640,jeżeli,8,GBBAB
641,pewien,8,CCBBA
642,gościć,8,BBCA
643,numer,8,ACAAAAA
644,inicjatywa,8,ADAAA
645,piotr,8,-
646,parafia,8,ADACBAA
647,znak,8,ACABA
648,rad,8,ACAAAAA
649,zmienić,8,BBCA
650,czerwony,8,CAB
651,bać się,8,-
652,premier,8,AAACAAAB
653,propozycja,8,ADACBAA
654,samo,8,EEAAA
655,zero,8,AEAAAB
656,michał,8,-
657,konfederacja,8,ADACBAA
658,strach,8,ABABAAB
659,marzec,8,ACACBC
660,pozwolić,8,BBCA
661,polityk,8,AAACBA
662,jedzenie,8,AEBAA
663,chleb,8,ACAABAA
664,kamera,8,ADAAA
665,patrzyć,8,BCCA
666,tuż,8,GBBBBBB
667,protestować,8,BAAA
668,prawda,8,ADAAA
669,zgodnie,8,FB
670,mieszkanie,8,AEBAA
671,chlebda,8,-
672,pozostały,8,BAFABD
673,pytać,8,BDA
674,słowackiego,8,-
675,zakup,8,ACAAAAA
676,senior,8,AAACAAAB
677,zapisać,8,BAAFA
678,odwołać,8,BDA
679,działacz,8,AAABD
680,raczej,8,GBBBA
681,wierzyć,8,BCCA
682,d,8,-
683,aktorka,8,ADAB
684,trzeci,8,CBB
685,partnerka,8,ADAB
686,nysa,8,ADAAA
687,garnek,8,ACABBA
688,downa,8,-
689,męskość,8,ADCCA
690,statut,8,ACAAAAA
691,julius,8,-
692,roberts,8,-
693,składnik,8,ACABBA
694,smak,8,ACABA
695,czosnek,8,ACABA
696,smażyć,8,BCCA
697,wewnętrzny,7,CAB
698,zatrzymanie,7,AEBAA
699,państwo,7,AEAAAB
700,dana,7,ADACCBA
701,możliwość,7,ADCCA
702,teren,7,ACAAAAA
703,zima,7,ADAAA
704,oze,7,-
705,instytut,7,ACAAAAA
706,produkcja,7,ADACBAA
707,wyzwanie,7,AEBAA
708,stopień,7,AEBAA
709,obecny,7,AAEC
710,skutek,7,ACABA
711,sezon,7,ACAAAAA
712,rosyjski,7,ACD
713,sport,7,ACAAAAA
714,letni,7,CBB
715,poza,7,ADAAA
716,areszt,7,ACAAAAA
717,cztery,7,DBAA
718,zastrzelić,7,BBCA
719,ulica,7,ADACABB
720,otworzyć,7,BCCA
721,słychać,7,BFB
722,zginąć,7,BAEAB
723,prawica,7,ADACABB
724,obrona,7,ADAAA
725,działalność,7,ADCCA
726,renee,7,-
727,noc,7,ADCAB
728,wydać,7,BDC
729,rozpocząć,7,BAFCB
730,okolica,7,ADACABB
731,uratować,7,BAAA
732,ostatecznie,7,FC
733,zwłaszcza,7,GBBBA
734,top,7,ACAAAAA
735,nieco,7,FC
736,biżuteria,7,ADACBAA
737,społeczny,7,CAB
738,nasi,7,AFFB
739,dziwny,7,CAB
740,tytuł,7,ACAAAAA
741,lekcja,7,ADACBAA
742,wrażenie,7,AEBAA
743,tworzenie,7,AEBAA
744,lublinie,7,-
745,rama,7,ADAAA
746,wyjątkowy,7,CAB
747,niezwykle,7,FB
748,długo,7,FA
749,rodzinny,7,CAB
750,zaledwie,7,GBBBA
751,hotel,7,ACACAA
752,odmówić,7,BBCA
753,zachowanie,7,AEBAA
754,czytać,7,BDA
755,jedynie,7,GBBBA
756,rozumieć,7,BDBA
757,możliwości,7,AGBC
758,przyjąć,7,BAFCB
759,marta,7,-
760,taka,7,-
761,prof,7,-
762,layering,7,-
763,zależeć,7,BCBA
764,dyrektor,7,AAACAAAB
765,ewę,7,-
766,bliski,7,CBA
767,kontakt,7,ACAAAAA
768,moi,7,AFFC
769,gmin,7,ACAAAAA
770,inteligencja,7,ADACBAA
771,filmik,7,ACABA
772,treść,7,ADCCA
773,boży,7,CAA
774,zanim,7,GBBAB
775,chłopak,7,AAACBA
776,kolega,7,AABCA
777,przekonanie,7,AEBAA
778,zapewniać,7,BDA
779,łatwo,7,FA
780,dopiero,7,GBBBA
781,wziąć,7,BAFCAC
782,scenariusz,7,ACACBBA
783,obowiązek,7,ACABA
784,bezdomny,7,AAEC
785,billie,7,-
786,obraz,7,ACAAAAA
787,frekwencja,7,ADACBAA
788,lato,7,AEAAAB
789,bartosz,7,-
790,drewnicki,7,-
791,złe,7,AEBBB
792,gibała,7,-
793,jasne,7,FC
794,płatek,7,ACABBA
795,skoro,7,GBBAB
796,zaproponować,7,BAAA
797,lubić,7,BBCA
798,luiza,7,-
799,kuchnia,7,ADACBAA
800,śmiać się,7,-
801,tarcza,7,ADACABB
802,dolać,7,BAFBD
803,pasować,7,BAAA
804,presja,7,ADACBAA
805,przyczyna,7,ADAAA
806,półrocze,7,AEBAB
807,sprawdzian,7,ACAAAAA
808,pomidor,7,ABABAAA
809,puszek,7,ACABA
810,makaron,7,ACAAAAA
811,drobno,7,FA
812,odrobina,7,ADAAA
813,burak,7,ABAC
814,klopsik,7,ACABBA
815,abw,6,-
816,poinformować,6,BAAA
817,prasowy,6,CAB
818,specjalny,6,CAB
819,student,6,AAADAA
820,użycie,6,AEBAA
821,podać,6,BDC
822,związany,6,BAAFA
823,informować,6,BAAA
824,atak,6,ACABA
825,śnieg,6,ACABA
826,podkreślić,6,BBCA
827,pozwalać,6,BDA
828,zauważyć,6,BCCA
829,zyskać,6,BDA
830,opinia,6,ADACBAA
831,znany,6,BDA
832,sobota,6,ADAAA
833,zwykły,6,CAB
834,spędzić,6,BBCA
835,październik,6,ACABBA
836,uznać,6,BDA
837,karny,6,ABC
838,otrzymać,6,BDA
839,najpierw,6,FC
840,uderzać,6,BDA
841,dalej,6,FC
842,wy,6,EIA
843,zupełnie,6,FB
844,administracja,6,ADACBAA
845,posiadać,6,BDA
846,najbliższy,6,CAB
847,ukrainy,6,-
848,zastanawiać,6,BDA
849,poprzedni,6,CBB
850,okazja,6,ADACBAA
851,obserwować,6,BAAA
852,częściej,6,FC
853,znów,6,GBBBA
854,idealnie,6,FB
855,klimat,6,ACAAAAA
856,pokolenie,6,AEBAA
857,włos,6,ACAABAA
858,podejście,6,AEBAA
859,wokół,6,GBBAA
860,działać,6,BDA
861,interesować,6,BAAA
862,wspominać,6,BDA
863,zdobyć,6,AEBAA
864,wyłącznie,6,GBBBA
865,miłość,6,ADCCA
866,wreszcie,6,GBBBA
867,postanowić,6,BBCA
868,szpital,6,ACACBAA
869,twórca,6,AABCBB
870,światło,6,AEAAAB
871,dziennikarz,6,AAABD
872,nauka,6,ADAB
873,zadanie,6,AEBAA
874,jakość,6,ADCCA
875,ochrona,6,ADAAA
876,producent,6,AAADAA
877,starszy,6,CAB
878,data,6,ADAAA
879,tłumacz,6,AAABD
880,komunikacja,6,ADACBAA
881,wystarczyć,6,BCCA
882,program,6,ACAAAAA
883,wzrost,6,ACAAAAA
884,lekarz,6,AAABD
885,zbyt,6,ACAAAAA
886,warstwa,6,ADAAA
887,kompozycja,6,ADACBAA
888,ciekawy,6,CAB
889,the,6,-
890,maj,6,BBCA
891,telewizja,6,ADACBAA
892,najczęściej,6,FC
893,komentować,6,BAAA
894,błąd,6,ACAAAAAB
895,zapewne,6,GBBBA
896,nazwa,6,ADAAA
897,narodzenie,6,AEBAA
898,kupić,6,BBCA
899,partia,6,ADACBAA
900,no,6,GBBBBAB
901,serwis,6,ACAAAAA
902,kręcić,6,BBCA
903,tymczasem,6,GBABB
904,pokazać,6,BAAFA
905,wybierać,6,BDA
906,zakończyć,6,BCCA
907,zostawić,6,BBCA
908,drewniany,6,CAB
909,spotkać,6,BDA
910,juliusza,6,-
911,sofoklesa,6,-
912,andrzeja,6,-
913,kategoria,6,ADACBAA
914,jesień,6,ADCAAA
915,królewski,6,CBA
916,opowiedzieć,6,BDC
917,dyskusja,6,ADACBAA
918,gdyby,6,GBBAB
919,apelować,6,BAAA
920,prawie,6,GBBBA
921,boski,6,CBA
922,krzysztofa,6,-
923,nr,6,-
924,pójść,6,BAFCAA
925,finansowy,6,CAB
926,aleksander,6,-
927,zły,6,ABC
928,wejście,6,AEBAA
929,kandydat,6,AAADAA
930,obowiązkowy,6,CAB
931,reklama,6,ADAAA
932,tata,6,AABABA
933,dwudziesta,6,ADACCBA
934,amelka,6,-
935,rejestr,6,ACAAAAA
936,lawa,6,ADAAA
937,ciągnąć,6,BAEAA
938,ziemia,6,ADACBABA
939,lecz,6,GBBAB
940,cena,6,ADAAA
941,trochę,6,DF
942,poczucie,6,AEBAA
943,porażka,6,ADAB
944,termin,6,ACAAAAA
945,kulinarny,6,CAB
946,juliusa,6,-
947,mięso,6,AEAAAB
948,kurczak,6,ABAC
949,pomidorowy,6,CAB
950,szczypta,6,ADAAA
951,sol,6,ABAABA
952,tahini,6,-
953,glen,6,-
954,sprzedaż,6,ADCAB
955,jakea,6,-
956,damski,6,CBA
957,dawid,6,-
958,dawida,6,-
959,masowy,5,CAB
960,przekazać,5,BAAFA
961,uniwersytet,5,ACAAAAA
962,planować,5,BAAA
963,komunikat,5,ACAAAAA
964,organizacja,5,ADACBAA
965,ideologia,5,ADACBAA
966,zwracać,5,BDA
967,rynek,5,ACABA
968,tymczasowy,5,CAB
969,pojazd,5,ACAAAAA
970,zagrożenie,5,AEBAA
971,wskazać,5,BAAFA
972,słońce,5,AEBAA
973,zimowy,5,CAB
974,wpływać,5,BDA
975,mniejszy,5,CAB
976,moc,5,ADCAB
977,kluczowy,5,CAB
978,test,5,ACAAAAA
979,ciepło,5,AEAAAB
980,świadek,5,AAAAB
981,dojść,5,AEBAA
982,kariera,5,ADAAA
983,seria,5,ADACBAA
984,puchar,5,ACAAAAA
985,medal,5,ACACAA
986,barwa,5,ADAAA
987,klub,5,ACAAAAA
988,głośny,5,CAB
989,nazwisko,5,AEAAAA
990,tempo,5,AEAAAB
991,zarzut,5,ACAAAAA
992,słyszeć,5,BCBA
993,jorku,5,-
994,mdc,5,-
995,skazać,5,BAAFA
996,wolność,5,ADCCA
997,państwowy,5,CAB
998,swoje,5,EDAB
999,nadal,5,FC
1000,odbywać,5,BDA
1001,szef,5,AAAAAA
1002,operacja,5,ADACBAA
1003,podchodzić,5,BBCA
1004,kawałek,5,ACABBA
1005,zatrzymywać,5,BAAB
1006,twierdzić,5,BBCA
1007,przejechać,5,BAAFA
1008,platforma,5,ADAAA
1009,departament,5,ACAAAAA
1010,kazać,5,BAAFA
1011,kampania,5,ADACBAA
1012,wobec,5,G
1013,nicole,5,-
1014,ds,5,-
1015,uderzenie,5,AEBAA
1016,przeprowadzić,5,BBCA
1017,piątek,5,ACABA
1018,ponownie,5,FB
1019,gabinet,5,ACAAAAA
1020,odnotować,5,BAAA
1021,przeciwko,5,GBBAA
1022,barcelona,5,-
1023,athletic,5,-
1024,podobnie,5,FB
1025,uczestnik,5,AAACBA
1026,zaskakiwać,5,BAAC
1027,skład,5,ACAAAAA
1028,kilkadziesiąt,5,DBFA
1029,mocny,5,CAB
1030,oba,5,DABB
1031,wykorzystać,5,BDA
1032,dekada,5,ADAAA
1033,popularność,5,ADCCA
1034,stylizacja,5,ADACBAA
1035,szczególnie,5,FB
1036,emocjonalny,5,CAB
1037,odcień,5,ACACBAA
1038,inspirować,5,BAAA
1039,duch,5,ABABAAB
1040,symbol,5,ACACAA
1041,idealny,5,CAB
1042,hasło,5,AEAAAB
1043,stąd,5,GBABB
1044,praktyka,5,AAACBA
1045,wykonanie,5,AEBAA
1046,m,5,-
1047,wspólnie,5,FC
1048,złoto,5,AEAAAB
1049,indywidualny,5,CAB
1050,rekord,5,ACAAAAA
1051,wielkość,5,ADCCA
1052,zaznaczać,5,BDA
1053,ronaldo,5,-
1054,marzenie,5,AEBAA
1055,ku,5,GBBAA
1056,par,5,AAAAAA
1057,zbudować,5,BAAA
1058,para,5,AAAAAA
1059,swój,5,EAABA
1060,oddać,5,BDC
1061,mało,5,DF
1062,pełny,5,CAB
1063,odpowiedzialny,5,CAB
1064,zaangażowanie,5,AEBAA
1065,ii,5,-
1066,iii,5,-
1067,sfera,5,ADAAA
1068,portal,5,ACACAA
1069,znajdować,5,BAAA
1070,prokuratura,5,ADAAA
1071,skibidi,5,-
1072,alpha,5,-
1073,pewność,5,ADCCA
1074,bowiem,5,GBBAB
1075,usłyszeć,5,BCBA
1076,facet,5,AAADAA
1077,uczenie,5,AEBAA
1078,wzrosły,5,CAB
1079,członek,5,AAAAB
1080,niski,5,CBA
1081,kardiologiczny,5,CAB
1082,zawał,5,ACAAAAA
1083,dr,5,-
1084,doprowadzić,5,BBCA
1085,ryzyko,5,AEAAAA
1086,klatka,5,ADAB
1087,unikać,5,BDA
1088,strój,5,BBCA
1089,kształt,5,ACAAAAA
1090,zabawa,5,ADAAA
1091,wyobraźnia,5,ADACBAA
1092,zapach,5,ACAAAB
1093,filharmonia,5,ADACBAA
1094,kameralny,5,CAB
1095,uśmiech,5,ACAAAB
1096,koncertowy,5,CAB
1097,jedyne,5,AEBBB
1098,pamięć,5,ADCCA
1099,dorobek,5,ACABA
1100,dzisiaj,5,ACF
1101,doskonały,5,CAB
1102,kosztować,5,BAAA
1103,przekazanie,5,AEBAA
1104,archipelag,5,ACABA
1105,planowany,5,BAAA
1106,brytanii,5,-
1107,wniosek,5,ACABA
1108,post,5,ACAAAAA
1109,youtube,5,-
1110,prawilne,5,-
1111,europejski,5,CBA
1112,skala,5,ADACBABA
1113,zająć,5,BAFCB
1114,dowiedzieć się,5,-
1115,grunt,5,ACAAAAA
1116,prawicowy,5,CAB
1117,koszt,5,ACAAAAA
1118,pochodzić,5,BBCA
1119,suva,5,-
1120,siedzieć,5,BBBA
1121,dziesięć,5,DBBA
1122,konferencja,5,ADACBAA
1123,hilton,5,-
1124,właściciel,5,AAABCA
1125,żyć,5,AEBAA
1126,kochać,5,BDA
1127,zostawiać,5,BDA
1128,jarosław,5,-
1129,liczyć,5,BCCA
1130,zresztą,5,GBBBA
1131,gdzieś,5,GBABB
1132,wizyta,5,ADAAA
1133,wchodzić,5,BBCA
1134,ściana,5,ADAAA
1135,nasza,5,-
1136,zebrać,5,BAAFA
1137,spora,5,ADAAA
1138,ostatnio,5,FC
1139,efekt,5,ACAAAAA
1140,kardynał,5,AAAAAA
1141,inaczej,5,FC
1142,reżyseria,5,ADACBAA
1143,jakuba,5,-
1144,roszkowskiego,5,-
1145,piosenka,5,ADAB
1146,zaprezentować,5,BAAA
1147,mieszać,5,BDA
1148,zapowiadać,5,BDA
1149,reż,5,-
1150,zastępca,5,AABCBB
1151,określony,5,BBCA
1152,małopolsce,5,-
1153,dołożyć,5,BCCA
1154,straż,5,ADCAB
1155,ostateczny,5,CAB
1156,eilish,5,-
1157,chopinowski,5,CBA
1158,najlepiej,5,FC
1159,uśmiechać się,5,-
1160,listopad,5,ACAABAA
1161,odwiedzić,5,BBCA
1162,ryś,5,ABAABA
1163,zapłacić,5,BBCA
1164,podwyżka,5,ADAB
1165,wyliczać,5,BDA
1166,zauważać,5,BDA
1167,rzeplińska,5,-
1168,możliwe,5,GBABA
1169,zachować,5,BDA
1170,poseł,5,AAAAAA
1171,wejść,5,AEBAA
1172,zebranie,5,AEBAA
1173,kanapka,5,ADAB
1174,olszowska,5,-
1175,porcja,5,ADACBAA
1176,twarz,5,ADCAB
1177,rejonowy,5,CAB
1178,waga,5,ADAB
1179,familijny,5,CAB
1180,dziewczynka,5,ADAB
1181,pewnie,5,FB
1182,bohaterka,5,ADAB
1183,różnić,5,BBCB
1184,narzędzie,5,AEBAC
1185,tennessee,5,-
1186,wyrzucić,5,BBCA
1187,bogdan,5,-
1188,przyjeżdżać,5,BDA
1189,bóg,5,AAAAAB
1190,luizy,5,-
1191,piekło,5,BAFCAB
1192,zięć,5,AAAAB
1193,diagnoza,5,ADAAA
1194,kacmajora,5,-
1195,myśl,5,ADCCA
1196,restauracja,5,ADACBAA
1197,wspólnota,5,ADAAA
1198,wyjątkowość,5,ADCCA
1199,klasyfikacja,5,ADACBAA
1200,sens,5,ACAAAAA
1201,sprawność,5,ADCCA
1202,budować,5,BAAA
1203,napięcie,5,AEBAA
1204,czwórka,5,ADAB
1205,wyższy,5,CAB
1206,farma,5,ADAAA
1207,gotowanie,5,AEBAA
1208,koza,5,ADAAA
1209,rondel,5,ACACBAA
1210,doprawić,5,BBCA
1211,posiekany,5,BDA
1212,powella,5,-
1213,limato,5,-
1214,gun,5,-
1215,dolar,5,ABABAAA
1216,vince,5,-
1217,zamach,4,ACAAAB
1218,jarmark,4,ACABA
1219,minister,4,AAAAAA
1220,realizacja,4,ADACBAA
1221,aresztować,4,BAAA
1222,centrum,4,AED
1223,wrocławiu,4,-
1224,oto,4,GBBBA
1225,utrudniać,4,BDA
1226,okres,4,ACAAAAA
1227,elektryczny,4,CAB
1228,wiatr,4,ACAAAAA
1229,niemal,4,FC
1230,oceniać,4,BDA
1231,raport,4,ACAAAAA
1232,znaczący,4,CAA
1233,stwierdzić,4,BBCA
1234,intensywny,4,CAB
1235,lokalny,4,CAB
1236,spaść,4,BAFAAAB
1237,przyznać,4,BDA
1238,gotowy,4,CAB
1239,magazyn,4,ACAAAAA
1240,jakub,4,-
1241,blisko,4,FA
1242,związać,4,BAAFA
1243,lider,4,AAACAAAB
1244,baron,4,AAAAAA
1245,narkotyk,4,ACABA
1246,spektakularny,4,CAB
1247,gazeta,4,ADAAA
1248,federalny,4,CAB
1249,wrzesień,4,ACACBAA
1250,stała,4,BAFABD
1251,zdarzenie,4,AEBAA
1252,wydarzyć się,4,-
1253,dynamiczny,4,CAB
1254,ujęcie,4,AEBAA
1255,podjąć,4,BAFCB
1256,prowadzący,4,AAEB
1257,przeszkadzać,4,BDA
1258,trump,4,-
1259,oświadczenie,4,AEBAA
1260,nazwać,4,BAAFB
1261,obiecać,4,BDA
1262,rozwiązać,4,BAAFA
1263,wyrażać,4,BDA
1264,pogląd,4,ACAAAAA
1265,kadencja,4,ADACBAA
1266,sześcioletni,4,CBB
1267,moskwa,4,-
1268,czwartek,4,ACABA
1269,pocisk,4,ACABA
1270,rzeczywiście,4,FC
1271,region,4,ACAAAAA
1272,półfinał,4,ACAAAAA
1273,bilbao,4,-
1274,niedziela,4,ADACBABA
1275,walczyć,4,BCCA
1276,postawić,4,BBCA
1277,polaków,4,-
1278,nadziać,4,BAFBD
1279,piłka,4,ADAB
1280,noga,4,ADAB
1281,minąć,4,BAEAB
1282,niewiele,4,DEBA
1283,obok,4,GBABB
1284,tumblr,4,-
1285,branżowy,4,CAB
1286,użytkownik,4,AAACBA
1287,konkretny,4,CAB
1288,koszula,4,ADACBABA
1289,wiersz,4,ACACBBA
1290,dokąd,4,GBAA
1291,odpuścić,4,BBCA
1292,organizm,4,ACAAAAA
1293,stworzyć,4,BCCA
1294,nacisk,4,ACABA
1295,działanie,4,AEBAA
1296,ola,4,-
1297,śniadanie,4,AEBAA
1298,współczesny,4,AAEC
1299,zakopany,4,BAAFA
1300,zawód,4,ACAAAAA
1301,oznaczać,4,BDA
1302,narciarski,4,CBA
1303,mnóstwo,4,AEAAAB
1304,radość,4,ADCCA
1305,talent,4,ACAAAAA
1306,przyjechać,4,BAAFA
1307,dotąd,4,GBABB
1308,odmawiać,4,BDA
1309,urodzić,4,BBCA
1310,pełen,4,CCBBA
1311,szacować,4,BAAA
1312,milion,4,ACAABAA
1313,spokojny,4,CAB
1314,przyszłość,4,ADCCA
1315,dziennik,4,ACABBA
1316,sprzedać,4,BDC
1317,kupować,4,BAAA
1318,trudność,4,ADCCA
1319,sąsiad,4,AAADAA
1320,avatar,4,-
1321,nowo,4,FC
1322,naukowiec,4,AAACBA
1323,kierować,4,BAAA
1324,wierny,4,AAEC
1325,połączenie,4,AEBAA
1326,niby,4,GBBBA
1327,teraźniejszość,4,ADCCA
1328,społeczeństwo,4,AEAAAB
1329,poprzez,4,GBBAA
1330,wymagania,4,AGDAA
1331,nauczanie,4,AEBAA
1332,tygodniowo,4,FC
1333,zaznaczyć,4,BCCA
1334,rozumienie,4,AEBAA
1335,funkcjonować,4,BAAA
1336,zgoda,4,ADAAA
1337,śledztwo,4,AEAAAB
1338,zakres,4,ACAAAAA
1339,prowadzony,4,BBCA
1340,wywołać,4,BDA
1341,ministerstwo,4,AEAAAB
1342,oświata,4,ADAAA
1343,prawić,4,BBCA
1344,wszelki,4,CBA
1345,przetłumaczyć,4,BCCA
1346,slang,4,ACABA
1347,funkcja,4,ADACBAA
1348,obcy,4,AAEB
1349,ai,4,-
1350,zorientować,4,BAAA
1351,zdecydowanie,4,AEBAA
1352,gospodarka,4,ADAB
1353,pacjent,4,AAADAA
1354,ostrzegać,4,BDA
1355,fizyczny,4,AAEC
1356,nagły,4,CAB
1357,papieros,4,ABABAAA
1358,objaw,4,ACAAAAA
1359,wyjaśniać,4,BDA
1360,marcin,4,-
1361,okazywać,4,BAAB
1362,zakładać,4,BDA
1363,baza,4,ADAAA
1364,ciepły,4,CAB
1365,towarzyszyć,4,BCCA
1366,specjalista,4,AABDAA
1367,łomży,4,-
1368,zaś,4,GBBAB
1369,zdać,4,BDC
1370,ówczesny,4,CAB
1371,orkiestra,4,ADAAA
1372,korzystać,4,BDA
1373,przyjemność,4,ADCCA
1374,potrzebny,4,CAB
1375,oznakowanie,4,AEBAA
1376,zaskoczyć,4,BCCA
1377,bok,4,ACABA
1378,wiadomo,4,BFBA
1379,poprosić,4,BBCA
1380,mauritiusowi,4,-
1381,wyjątek,4,ACABA
1382,następny,4,CAB
1383,karol,4,-
1384,angażować,4,BAAA
1385,republika,4,ADAB
1386,narracja,4,ADACBAA
1387,partyjny,4,AAEC
1388,rymanowski,4,-
1389,live,4,-
1390,wojciech,4,-
1391,prawilnych,4,-
1392,dziewczyna,4,ADAAA
1393,wątpliwość,4,ADCCA
1394,piękny,4,CAB
1395,polexit,4,-
1396,jednostka,4,ADAB
1397,usunięcie,4,AEBAA
1398,rozwiązywać,4,BAAB
1399,dotrzeć,4,BABA
1400,zasięg,4,ACABA
1401,wystarczająco,4,FC
1402,wyjście,4,AEBAA
1403,rossa,4,-
1404,wcześniejszy,4,CAB
1405,bordowy,4,CAB
1406,zło,4,AEAAAA
1407,wiceprezydent,4,AAADAA
1408,zastrzelenie,4,AEBAA
1409,wieczorem,4,FC
1410,twoja,4,EDAB
1411,uciekać,4,BDA
1412,pokój,4,ACACAA
1413,odpowiedzieć,4,BDC
1414,instagramie,4,-
1415,kłamać,4,BAAFA
1416,becca,4,-
1417,szczęście,4,AEBAA
1418,wesprzeć,4,BABA
1419,południe,4,AEBAC
1420,odpowiadać,4,BDA
1421,kawa,4,ADAAA
1422,ks,4,-
1423,realny,4,CAB
1424,bywać,4,BDA
1425,wiek,4,ACABA
1426,spotykać,4,BDA
1427,wiara,4,ADAAA
1428,odejść,4,AEBAA
1429,przychodzić,4,BBCA
1430,doskonale,4,FB
1431,trudno,4,FA
1432,zamek,4,ACABA
1433,wawelu,4,-
1434,współpraca,4,ADACABB
1435,silny,4,CAB
1436,trup,4,AAACAAAB
1437,agnieszka,4,-
1438,dziwić się,4,-
1439,godz,4,-
1440,określać,4,BDA
1441,wcale,4,GBBBA
1442,złościć,4,BBCA
1443,ustawa,4,ADAAA
1444,dotyczący,4,CAA
1445,obawiać się,4,-
1446,mieszkać,4,BDA
1447,mniej,4,FC
1448,osiągnięcie,4,AEBAA
1449,konsultacja,4,ADACBAA
1450,pianista,4,AABDAA
1451,komedia,4,ADACBAA
1452,rozwijać,4,BDA
1453,yehuda,4,-
1454,prokopowicz,4,-
1455,wieś,4,ADCAAA
1456,zbiory,4,AGAB
1457,rzeźba,4,ADAAA
1458,zaprosić,4,BBCA
1459,spółka,4,ADAB
1460,orszak,4,ACABA
1461,bocheńczak,4,-
1462,krytyka,4,AAACBA
1463,nastrój,4,BBCA
1464,uchwała,4,ADAAA
1465,stanowisko,4,AEAAAA
1466,zostawać,4,BAAE
1467,dokładnie,4,FB
1468,róża,4,ADACABB
1469,złapać,4,BAAFA
1470,spróbować,4,BAAA
1471,spełniać,4,BDA
1472,walka,4,ADABA
1473,krem,4,ACAAAAA
1474,pieczywo,4,AEAAAB
1475,słodki,4,CBA
1476,ząb,4,ACAABAA
1477,konsekwencja,4,ADACBAA
1478,podstawówka,4,ADAB
1479,radzić,4,BBCA
1480,men,4,-
1481,wolno,4,BFBA
1482,laureat,4,AAADAA
1483,dzieciństwo,4,AEAAAB
1484,poradzić,4,BBCA
1485,komander,4,-
1486,reszta,4,ADAAA
1487,dzielić,4,BBCA
1488,góra,4,ADAAA
1489,dziecięcy,4,CAA
1490,bić,4,AEBAA
1491,granie,4,AEBAA
1492,pomóc,4,BAFCAB
1493,pokaz,4,ACAAAAA
1494,niestety,4,GBBBA
1495,traktować,4,BAAA
1496,potknięcie,4,AEBAA
1497,zagubiony,4,BBCA
1498,nawiązywać,4,BAAB
1499,były,4,BEA
1500,but,4,ACAABAA
1501,hbo,4,-
1502,wydanie,4,AEBAA
1503,felicji,4,-
1504,owca,4,ADACABB
1505,kradzież,4,ADCAB
1506,małgosia,4,-
1507,rolnictwo,4,AEAAAB
1508,wkrótce,4,GBABB
1509,zbigniew,4,-
1510,marian,4,-
1511,kowalski,4,CBA
1512,eugenii,4,-
1513,rak,4,ABAC
1514,kryptowalut,4,-
1515,leczyć,4,BCCA
1516,las,4,ACAAAAA
1517,stół,4,ACAAAAA
1518,luizę,4,-
1519,piec,4,ACACBC
1520,uciec,4,BAFAAB
1521,kiedyś,4,GBABB
1522,przestać,4,BAFABD
1523,doktor,4,AAACAAAB
1524,rzecki,4,-
1525,wystąpić,4,BBCA
1526,deska,4,ADAB
1527,rozpaść się,4,-
1528,tr,4,-
1529,cieszyć,4,BCCA
1530,znaczyć,4,BCCA
1531,umieć,4,BDBA
1532,figura,4,ADAAA
1533,libido,4,AEE
1534,naturalny,4,CAB
1535,nominacja,4,ADACBAA
1536,stres,4,ACAAAAA
1537,wpływ,4,ACAAAAA
1538,preparat,4,ACAAAAA
1539,erekcja,4,ADACBAA
1540,dawidem,4,-
1541,spadek,4,ACABA
1542,wstyd,4,ACAAAAA
1543,lek,4,ACABAB
1544,delikatnie,4,FB
1545,używać,4,BDA
1546,śródrocznych,4,-
1547,budzić,4,BBCA
1548,śródroczne,4,-
1549,klasyfikacyjny,4,CAB
1550,śródrocznej,4,-
1551,ważony,4,CAB
1552,dłoń,4,ADCAAB
1553,gotować,4,BAAA
1554,chili,4,-
1555,koncentrat,4,ACAAAAA
1556,natka,4,ADAB
1557,pietruszka,4,ADAB
1558,pokroić,4,BBCA
1559,połączyć,4,BCCA
1560,wymieszać,4,BDA
1561,creme,4,-
1562,fraiche,4,-
1563,kmin,4,ACAAAAA
1564,zmiksować,4,BAAA
1565,pokrojony,4,BBCA
1566,austin,4,-
1567,dywan,4,ACAAAAA
1568,elegancki,4,CBA
1569,cruise,4,-
1570,maverick,4,-
1571,jake,4,-
1572,koci,4,CBB
1573,żwirek,4,ACABA
1574,kreacja,4,ADACBAA
1575,minerał,4,ACAAAAA
1576,diament,4,ACAAAAA
1577,styles,4,-
1578,podlaskiego,4,-
1579,kryptowaluty,4,-
1580,waluta,4,ADAAA
1581,budka,4,ADAB
1582,sufler,4,AAACAAAB
1583,przygotowywać,3,BAAB
1584,betonowy,3,CAB
1585,agencja,3,ADACBAA
1586,przygotowywanie,3,AEBAA
1587,jacek,3,-
1588,katolicki,3,CBA
1589,przeprowadzenie,3,AEBAA
1590,rozważać,3,BDA
1591,odróżnienie,3,AEBAA
1592,tzw,3,-
1593,flauta,3,ADAAA
1594,pie,3,-
1595,zwany,3,BAAFB
1596,osiągnąć,3,BAEAA
1597,mierzyć,3,BCCA
1598,zmniejszenie,3,AEBAA
1599,elektrownia,3,ADACBAA
1600,węglowy,3,CAB
1601,nowoczesny,3,CAB
1602,śnieżny,3,CAB
1603,wynieść,3,BAFCAA
1604,wiadomość,3,ADCCA
1605,przekonać,3,BDA
1606,drzewo,3,AEAAAB
1607,spadać,3,BDA
1608,towarzysz,3,AAABD
1609,szczegół,3,ACAAAAA
1610,absolutny,3,CAB
1611,pozycja,3,ADACBAA
1612,sięgnąć,3,BAEAA
1613,przewinąć,3,BAEAB
1614,przywódca,3,AABCBB
1615,szeroki,3,CBA
1616,brooklynie,3,-
1617,przestępstwo,3,AEAAAB
1618,trafiać,3,BDA
1619,arena,3,ADAAA
1620,bądź,3,GBBAB
1621,wyrok,3,ACABA
1622,ponieważ,3,GBBAB
1623,odbycie,3,AEBAA
1624,kara,3,ADAAA
1625,pozostawać,3,BAAE
1626,centralny,3,CAB
1627,guzman,3,-
1628,imigracyjny,3,CAB
1629,and,3,-
1630,kierownica,3,ADACABB
1631,skręcać,3,BDA
1632,zachowywać,3,BAAB
1633,opór,3,ACAAAAA
1634,postrzelić,3,BBCA
1635,jasno,3,FA
1636,burmistrz,3,AAAAB
1637,przebierać,3,BDA
1638,potwierdzić,3,BBCA
1639,niepokojący,3,BBCA
1640,donald,3,-
1641,nielegalny,3,CAB
1642,deportować,3,BAAA
1643,prawny,3,CAB
1644,setka,3,ADAB
1645,polityka,3,AAACBA
1646,wyjechać,3,BAAFA
1647,prawdopodobnie,3,FB
1648,ocenić,3,BBCA
1649,lotnictwo,3,AEAAAB
1650,romanenko,3,-
1651,rosjanie,3,-
1652,rakieta,3,ADAAA
1653,wystrzelić,3,BBCA
1654,radio,3,AEAABA
1655,zdecydować,3,BAAA
1656,oresznika,3,-
1657,opierać,3,BDA
1658,wykorzystanie,3,AEBAA
1659,rosji,3,-
1660,potężny,3,CAB
1661,najmniej,3,FC
1662,zbierać,3,BDA
1663,hiszpanii,3,-
1664,fc,3,-
1665,reprezentacja,3,ADACBAA
1666,siatka,3,ADAB
1667,raphinha,3,-
1668,prosty,3,CAB
1669,czwarty,3,CAB
1670,lewy,3,ABABAAA
1671,honor,3,ACAAAAA
1672,lewandowski,3,-
1673,obie,3,DABCA
1674,zapomnieć,3,BBBB
1675,minimalizm,3,ACAAAAA
1676,sprzed,3,GBBAA
1677,estetyk,3,AAACBA
1678,glamour,3,-
1679,odsłonie,3,-
1680,rosnący,3,CAA
1681,królować,3,BAAA
1682,młodość,3,ADCCA
1683,nostalgiczny,3,CAB
1684,jawić się,3,-
1685,łaska,3,ADABA
1686,akcent,3,ACAAAAA
1687,gładki,3,CBA
1688,neutralny,3,CAB
1689,pinterest,3,-
1690,ogłosić,3,BBCA
1691,ubranie,3,AEBAA
1692,luksus,3,ACAAAAA
1693,czynienie,3,AEBAA
1694,tamta,3,EDAAB
1695,modny,3,CAB
1696,kryzys,3,ACAAAAA
1697,sprawić,3,BBCA
1698,autentyczny,3,CAB
1699,kolektyw,3,ACAAAAA
1700,przynajmniej,3,FC
1701,interesujący,3,BAAA
1702,bawić,3,BBCA
1703,wczuwanie się,3,-
1704,cienki,3,CBA
1705,uczucie,3,AEBAA
1706,przypomnieć,3,BBBB
1707,układać,3,BDA
1708,ćwiczenia,3,AGDAA
1709,pisanie,3,AEBAA
1710,poetycki,3,CBA
1711,organizować,3,BAAA
1712,współpracować,3,BAAA
1713,oddział,3,ACAAAAA
1714,poznanie,3,AEBAA
1715,krokiew,3,ADCAAA
1716,weekend,3,ACAAAAA
1717,skocznia,3,ADACBAA
1718,stocha,3,-
1719,znakomity,3,CAB
1720,zapowiedzieć,3,BDC
1721,zawodnik,3,AAACBA
1722,kamil,3,-
1723,skoczek,3,AAAAB
1724,ciężki,3,CBA
1725,kozak,3,AAACBA
1726,willa,3,ADACBAA
1727,sportowy,3,CAB
1728,donosić,3,BBCA
1729,ślubna,3,ADACCBA
1730,wymarzony,3,CAB
1731,posesja,3,ADACBAA
1732,euro,3,-
1733,karier,3,ACAAAAA
1734,należący,3,CAA
1735,zamknięty,3,BAEAA
1736,ogród,3,ACAAAAA
1737,frankenstein,3,-
1738,dzieło,3,AEAAAB
1739,frankensteina,3,-
1740,przynieść,3,BAFCAA
1741,obejrzeć,3,BCBB
1742,otwierać,3,BDA
1743,mroczny,3,CAB
1744,odrzucać,3,BDA
1745,samotność,3,ADCCA
1746,odpowiedzialność,3,ADCCA
1747,dotychczasowy,3,CAB
1748,wyraz,3,ACAAAAA
1749,ponadpodstawowy,3,CAB
1750,świadom,3,CCBBA
1751,kształtowanie,3,AEBAA
1752,różnica,3,ADACABB
1753,programowy,3,CAB
1754,szczegółowy,3,CAB
1755,technikum,3,AED
1756,nowelizacja,3,ADACBAA
1757,kształcenie,3,AEBAA
1758,ogólny,3,CAB
1759,rządzący,3,AAEB
1760,poszanowanie,3,AEBAA
1761,zainteresowanie,3,AEBAA
1762,obywatel,3,AAABCA
1763,radziecki,3,CBA
1764,formalnie,3,FB
1765,ujawnić,3,BBCB
1766,niezależny,3,CAB
1767,ustalić,3,BBCA
1768,oficjalnie,3,FB
1769,uczyć,3,BCCA
1770,kierownictwo,3,AEAAAB
1771,rzeczywistość,3,ADCCA
1772,deklarować,3,BAAA
1773,śpiewać,3,BDA
1774,zewnętrzny,3,CAB
1775,dyrektorka,3,ADAB
1776,reakcja,3,ADACBAA
1777,przedstawiony,3,BBCA
1778,podjęcie,3,AEBAA
1779,krok,3,ACABA
1780,porządek,3,ACABA
1781,postępowanie,3,AEBAA
1782,ustalenie,3,AEBAA
1783,brainrot,3,-
1784,wideo,3,-
1785,zaawansowany,3,CAB
1786,odrzucić,3,BBCA
1787,otrzymywać,3,BAAB
1788,studiować,3,BAAA
1789,przystąpić,3,BBCA
1790,postęp,3,ACAAAAA
1791,norma,3,ADAAA
1792,uczestniczyć,3,BCCA
1793,wzrosnąć,3,BAEB
1794,powietrze,3,AEBAB
1795,gospodarczy,3,CAA
1796,handlowy,3,CAB
1797,taką,3,-
1798,pogoda,3,ADAAA
1799,potwierdzać,3,BDA
1800,odśnieżanie,3,AEBAA
1801,krążenie,3,AEBAA
1802,cukrzyca,3,ADACABB
1803,boleć,3,BAD
1804,miara,3,ADAAA
1805,pas,3,ACAAAAA
1806,pasek,3,ACABBA
1807,długi,3,ACABA
1808,pozostać,3,BAFABD
1809,naszej,3,-
1810,ekran,3,ACAAAAA
1811,al,3,-
1812,elegancja,3,ADACBAA
1813,grono,3,AEAAAB
1814,artystyczny,3,CAB
1815,wydział,3,ACAAAAA
1816,matura,3,ADAAA
1817,instytucja,3,ADACBAA
1818,sprawiać,3,BDA
1819,malowanie,3,AEBAA
1820,prędkość,3,ADCCA
1821,spodziewać się,3,-
1822,wykonać,3,BDA
1823,linia,3,ADACBAA
1824,skłaniać,3,BDA
1825,wypaść,3,BAFAAAB
1826,nabrać,3,BAAFA
1827,prosto,3,FA
1828,zachęcać,3,BDA
1829,gibson,3,-
1830,donalda,3,-
1831,prośba,3,ADAAA
1832,czagos,3,-
1833,ocean,3,ACAAAAA
1834,indyjski,3,CBA
1835,brytanię,3,-
1836,zamiana,3,ADAAA
1837,nietypowy,3,CAB
1838,x,3,-
1839,diego,3,-
1840,garcia,3,-
1841,traktat,3,ACAAAAA
1842,kontrola,3,ADACBAA
1843,sum,3,ABABAAA
1844,mld,3,-
1845,inwestycja,3,ADACBAA
1846,polacy,3,-
1847,brauna,3,-
1848,zamknąć,3,BAEAA
1849,wygenerowane,3,-
1850,nauczyć,3,BCCA
1851,fedorowicz,3,-
1852,res,3,-
1853,futura,3,ADAAA
1854,tiktok,3,-
1855,monika,3,-
1856,cud,3,ACAAAAA
1857,sławomira,3,-
1858,mentzena,3,-
1859,opis,3,ACAAAAA
1860,wprost,3,GBABB
1861,równia,3,ADACBAA
1862,charakter,3,ACAAAAA
1863,taca,3,ADACABB
1864,świadomy,3,CAB
1865,wykazać,3,BAAFA
1866,zaplanowany,3,BAAA
1867,profil,3,ACACAA
1868,usunąć,3,BAEAB
1869,misja,3,ADACBAA
1870,odbiorca,3,AABCBB
1871,wciąż,3,FC
1872,wośp,3,-
1873,zwykle,3,FB
1874,grzegorz,3,-
1875,jedyny,3,CAB
1876,utrata,3,ADAAA
1877,najpopularniejszy,3,CAB
1878,dotyczyć,3,BCCA
1879,sugerować,3,BAAA
1880,jakby,3,GBABB
1881,filmować,3,BAAA
1882,okno,3,AEAAAB
1883,powoływać,3,BAAB
1884,utrzymywać,3,BAAB
1885,minnesoty,3,-
1886,ilustracyjny,3,CAB
1887,ross,3,-
1888,vance,3,-
1889,tablica,3,ADACABB
1890,porozmawiać,3,BDA
1891,zabić,3,AEBAA
1892,przejąć,3,BAFCB
1893,koło,3,AEAAAB
1894,krzyczeć,3,BCBA
1895,znowu,3,GBBBA
1896,kierunek,3,ACABA
1897,kłamstwo,3,AEAAAB
1898,dopuścić,3,BBCA
1899,środa,3,ADAAA
1900,dhs,3,-
1901,snyder,3,-
1902,morderstwo,3,AEAAAB
1903,ulec,3,BAFAAB
1904,poprawa,3,ADAAA
1905,dobroć,3,ADCAAA
1906,wspomnieć,3,BBBB
1907,przyjaciel,3,AAABBB
1908,lepszy,3,CAB
1909,przyjmować,3,BAAA
1910,kamienica,3,ADACABB
1911,wyprowadzić,3,BBCA
1912,zajmować,3,BAAA
1913,ustalać,3,BDA
1914,koga,3,ADAB
1915,kolacja,3,ADACBAA
1916,posiłek,3,ACABA
1917,swa,3,EDAAB
1918,zdradzać,3,BDA
1919,skomentować,3,BAAA
1920,małżeństwo,3,AEAAAB
1921,lokator,3,AAACAAAB
1922,kryć,3,AEBAA
1923,udawać,3,BAAE
1924,wina,3,ADAAA
1925,nieprzyjemny,3,CAB
1926,przyjęcie,3,AEBAA
1927,pomagać,3,BDA
1928,antygonę,3,-
1929,mos,3,-
1930,worek,3,ACABBA
1931,grecki,3,CBA
1932,oczekiwania,3,AGDAA
1933,antygony,3,-
1934,przenieść,3,BAFCAA
1935,wystawiany,3,BDA
1936,stary,3,CAA
1937,normalnie,3,FB
1938,daniel,3,ABAABA
1939,autor,3,AAACAAAB
1940,kracik,3,-
1941,niech,3,GBBBBAA
1942,kpo,3,-
1943,przeciwnik,3,AAACBA
1944,opisywać,3,BAAB
1945,rower,3,ACAAAAA
1946,budżet,3,ACAAAAA
1947,podatek,3,ACABA
1948,wypisać,3,BAAFA
1949,zatrzymana,3,ADACCBA
1950,zarząd,3,ACAAAAA
1951,zniszczyć,3,BCCA
1952,zdmk,3,-
1953,strata,3,ADAAA
1954,wysokość,3,ADCCA
1955,zapis,3,ACAAAAA
1956,nadzieja,3,ADACBAA
1957,sprawca,3,AABCBB
1958,twierdza,3,ADACABB
1959,szczecina,3,ADAAA
1960,wpłynąć,3,BAEAB
1961,przedstawić,3,BBCA
1962,minus,3,ACAAAAA
1963,celsjusza,3,-
1964,schronienie,3,AEBAA
1965,przebywający,3,BDA
1966,opiekun,3,AAAAAA
1967,minimum,3,AED
1968,ptak,3,ABAC
1969,gatunek,3,ACABA
1970,łańcuch,3,ACAABB
1971,reagować,3,BAAA
1972,borek,3,ACABA
1973,smarować,3,BAAA
1974,łapa,3,ADAAA
1975,wasi,3,AFFB
1976,boznańskiej,3,-
1977,odebrać,3,BAAFA
1978,festival,3,-
1979,basista,3,AABDAA
1980,utalentowany,3,CAB
1981,nagrodzić,3,BBCA
1982,mazurek,3,ABAC
1983,zakwalifikować,3,BAAA
1984,mocno,3,FA
1985,przestawać,3,BAAE
1986,nieść,3,BAFCAA
1987,przejść,3,AEBAA
1988,najpiękniejszy,3,CAB
1989,amerykanka,3,ADAB
1990,szczery,3,CAA
1991,koń,3,AAABCA
1992,zamykać,3,BDA
1993,twórczość,3,ADCCA
1994,sierpień,3,ACACBAA
1995,sen,3,ACAAAAA
1996,rocznica,3,ADACABB
1997,marek,3,ACABBA
1998,aleksandra,3,-
1999,grzegorzem,3,-
2000,urna,3,ADAAA
2001,wisieć,3,BBBA
2002,fala,3,ADACBABA
2003,grzech,3,ACAAAB
2004,majchrowskiego,3,-
2005,opłata,3,ADAAA
2006,niewielki,3,CBA
2007,parkowanie,3,AEBAA
2008,dziennie,3,FB
2009,klucz,3,ACACBBA
2010,wielokrotnie,3,FC
2011,porównanie,3,AEBAA
2012,jacka,3,-
2013,argument,3,ACAAAAA
2014,podobać się,3,-
2015,obrzydliwy,3,CAB
2016,metropolita,3,AABDAA
2017,prezydencki,3,CBA
2018,tęczowy,3,CAB
2019,wyborca,3,AABCBB
2020,nagle,3,FC
2021,kuria,3,ADACBAA
2022,podpisać,3,BAAFA
2023,formalny,3,CAB
2024,znikomy,3,CAB
2025,stowarzyszenie,3,AEBAA
2026,flis,3,-
2027,słuchać,3,BDA
2028,świetnie,3,FB
2029,zdawać,3,BAAE
2030,przyznawać,3,BAAE
2031,przegrać,3,BDA
2032,wynosić,3,BBCA
2033,ono,3,EEAAB
2034,nakładać,3,BDA
2035,czekoladowy,3,CAB
2036,kuratorka,3,ADAB
2037,b,3,-
2038,e,3,-
2039,zmierzyć,3,BCCA
2040,czystość,3,ADCCA
2041,odżywianie,3,AEBAA
2042,talerz,3,ACACBBA
2043,negatywny,3,CAB
2044,kurator,3,AAACAAAB
2045,łatwy,3,CAB
2046,promocja,3,ADACBAA
2047,nieobowiązkowy,3,CAB
2048,chociaż,3,GBBBA
2049,najwyższy,3,CAB
2050,zabierać,3,BDA
2051,pułapka,3,ADAB
2052,założenie,3,AEBAA
2053,wbrew,3,GBBAA
2054,debiut,3,ACAAAAA
2055,znajomy,3,AAEC
2056,wyobrażenie,3,AEBAA
2057,sięgać,3,BDA
2058,pewny,3,CAB
2059,zdziwić,3,BBCA
2060,absolutnie,3,FB
2061,wcielać,3,BDA
2062,córka,3,ADAB
2063,casting,3,-
2064,roczny,3,CAB
2065,stosunek,3,ACABA
2066,kojarzyć,3,BCCA
2067,docenić,3,BBCA
2068,koleżanka,3,ADAB
2069,zarazem,3,FC
2070,spojrzeć,3,BCBA
2071,sala,3,ADACBABA
2072,wada,3,ADAAA
2073,niemczech,3,-
2074,niemiec,3,-
2075,angielski,3,ACD
2076,zadzwonić,3,BBCA
2077,sto,3,DBGA
2078,agresor,3,AAACAAAB
2079,conn,3,-
2080,podwórko,3,AEAAAA
2081,niemniej,3,FC
2082,ilskiej,3,-
2083,kozłowieckim,3,-
2084,rachela,3,-
2085,siostra,3,ADAAA
2086,lubartowie,3,-
2087,tomasz,3,-
2088,radek,3,-
2089,kępa,3,ADAAA
2090,sosna,3,ADAAA
2091,chałupa,3,ADAAA
2092,troje,3,DDA
2093,bociek,3,ABAC
2094,zdjąć,3,BAFCB
2095,sztacheta,3,ADAAA
2096,kołdra,3,ADAAA
2097,malować,3,BAAA
2098,biuro,3,AEAAAB
2099,max,3,-
2100,podłoga,3,ADAB
2101,andrzejem,3,-
2102,uprawiać,3,BDA
2103,zawieźć,3,BAFCAA
2104,kostka,3,ADAB
2105,resztka,3,ADAB
2106,męski,3,CBA
2107,leżeć,3,BCBA
2108,jechać,3,BAAFA
2109,chrystus,3,-
2110,km,3,-
2111,knajpa,3,ADAAA
2112,policjant,3,AAADAA
2113,karmić,3,BBCA
2114,rodzić,3,BBCA
2115,oliwka,3,ADAB
2116,psychiczny,3,CAB
2117,charakteryzować,3,BAAA
2118,rodzicielski,3,CBA
2119,prokurator,3,AAACAAAB
2120,raić,3,BBCA
2121,niepełnosprawnością,3,-
2122,różnie,3,FB
2123,podsiadlik,3,-
2124,filokteja,3,-
2125,justyna,3,-
2126,sobczyk,3,-
2127,zagranie,3,AEBAA
2128,odejście,3,AEBAA
2129,błędny,3,CAB
2130,ścieżka,3,ADAB
2131,skupić,3,BBCA
2132,przyjście,3,AEBAA
2133,łącze,3,AEBAB
2134,życiowy,3,CAB
2135,choćby,3,GBBBA
2136,świadomość,3,ADCCA
2137,otwartość,3,ADCCA
2138,odkryć,3,AEBAA
2139,seksuolog,3,AAACBA
2140,zgłaszać,3,BDA
2141,pożądanie,3,AEBAA
2142,rzadko,3,FA
2143,motywować,3,BAAA
2144,potencjał,3,ACAAAAA
2145,zaufanie,3,AEBAA
2146,otwarcie,3,AEBAA
2147,pójście,3,-
2148,takiej,3,-
2149,ocenianie,3,AEBAA
2150,wystawianie,3,AEBAA
2151,będzinie,3,-
2152,piątka,3,ADAB
2153,sp,3,-
2154,niedostateczny,3,CAB
2155,pedagogiczny,3,CAB
2156,ustalanie,3,AEBAA
2157,śródroczna,3,-
2158,hornacieślak,3,-
2159,bieżący,3,CAA
2160,ustny,3,CAB
2161,pasja,3,ADACBAA
2162,rozwinąć,3,BAEAB
2163,wiecznie,3,FB
2164,natura,3,ADAAA
2165,robertsa,3,-
2166,trud,3,ACAAAAA
2167,dorodny,3,CAB
2168,rasa,3,ADAAA
2169,wydawnictwo,3,AEAAAB
2170,sardynka,3,ADAB
2171,ząbek,3,ACABBA
2172,dno,3,ADAAA
2173,posiekać,3,BDA
2174,dusić,3,BBCA
2175,odcedzić,3,BBCA
2176,miska,3,ADAB
2177,ocet,3,ACAAAAA
2178,plasterek,3,ACABBA
2179,koperek,3,ACABA
2180,ogień,3,ACACBAA
2181,zupa,3,ADAAA
2182,ryba,3,ADAAA
2183,mielony,3,CAB
2184,kiszony,3,BBCA
2185,dopasować,3,BAAA
2186,powoli,3,FC
2187,bulion,3,ACAAAAA
2188,orzo,3,-
2189,superbohaterów,3,-
2190,man,3,-
2191,karton,3,ACAAAAA
2192,melancholijny,3,CAB
2193,kuzyn,3,AAADAA
2194,powellowi,3,-
2195,stadion,3,ACAAAAA
2196,kontynuacja,3,ADACBAA
2197,zarobić,3,BBCA
2198,recenzja,3,ADACBAA
2199,przebój,3,ACACACB
2200,black,3,-
2201,rabbit,3,-
2202,jude,3,-
2203,szczać,3,BCA
2204,maxi,3,-
2205,zoo,3,AEE
2206,payback,3,-
2207,zazwyczaj,3,FC
2208,wykonany,3,BDA
2209,zaliczać,3,BDA
2210,kitesurfing,3,-
2211,wakeboarding,3,-
2212,łódź,3,ADCAAA
2213,zawierać,3,BDA
2214,wirus,3,ABABAAA
2215,taneczny,3,CAB
2216,wokalista,3,AABDAA
2217,moniuszki,3,-
2218,pik,3,ABAC
2219,cugowskiego,3,-
2220,studencki,3,CBA
2221,ustawić,2,BBCA
2222,zapora,2,ADAAA
2223,podejrzewany,2,BDA
2224,terrorystyczny,2,CAB
2225,wybuchowy,2,CAB
2226,samodzielny,2,CAB
2227,podejrzany,2,AAEC
2228,uzyskać,2,BDA
2229,bariera,2,ADAAA
2230,kontekst,2,ACAAAAA
2231,wprowadzony,2,BBCA
2232,ograniczać,2,BDA
2233,impreza,2,ADAAA
2234,pozostawiać,2,BDA
2235,przejazd,2,ACAAAAA
2236,stosowany,2,BAAA
2237,ciemny,2,CAB
2238,świecić,2,BBCA
2239,ekonomiczny,2,CAB
2240,netto,2,CD
2241,elektroenergetyczny,2,CAB
2242,c,2,-
2243,pokrywa,2,ADAAA
2244,ograniczenie,2,AEBAA
2245,energetyka,2,AAACBA
2246,słoneczny,2,CAB
2247,panele,2,-
2248,szybki,2,ADAB
2249,opad,2,ACAAAAA
2250,dobra,2,AGDAA
2251,wodny,2,CAB
2252,ograniczony,2,CAB
2253,wspierać,2,BDA
2254,prąd,2,ACAAAAA
2255,dotknięty,2,BAEAA
2256,gałąź,2,ADCAAA
2257,br,2,-
2258,głęboki,2,CBA
2259,ciężar,2,ACAAAAA
2260,utrzymanie,2,AEBAA
2261,gazowy,2,CAB
2262,jądrowy,2,CAB
2263,stabilny,2,CAB
2264,gospodarstwo,2,AEAAAB
2265,nabierać,2,BDA
2266,ogrzewanie,2,AEBAA
2267,zależność,2,ADCCA
2268,budynek,2,ACABA
2269,rezerwowy,2,CAB
2270,drewno,2,AEAAAB
2271,bomba,2,ADAAA
2272,transferowy,2,CAB
2273,pge,2,-
2274,atakujący,2,BAAA
2275,dwukrotny,2,CAB
2276,transfer,2,ACAAAAA
2277,wątpienie,2,AEBAA
2278,romano,2,-
2279,włoski,2,ACABBA
2280,liga,2,ADAB
2281,turniej,2,ACACACB
2282,zdołać,2,BDA
2283,przeprowadzka,2,ADAB
2284,ukrywać,2,BDA
2285,niedawno,2,FC
2286,światowy,2,CAB
2287,kibic,2,AAABAB
2288,poprowadzić,2,BBCA
2289,wenezueli,2,-
2290,nicolasa,2,-
2291,maduro,2,-
2292,odbić,2,AEBAA
2293,echo,2,AEAAAA
2294,skierować,2,BAAA
2295,miniony,2,CAB
2296,metropolitan,2,-
2297,detention,2,-
2298,center,2,AAACAAAB
2299,poważny,2,CAB
2300,terroryzm,2,ACAAAAA
2301,regularnie,2,FB
2302,śledczy,2,AAEB
2303,oskarżona,2,ADACCBA
2304,skazana,2,ADACCBA
2305,combs,2,-
2306,najpoważniejszy,2,CAB
2307,handel,2,ACACACB
2308,winien,2,BFCA
2309,odliczenie,2,AEBAA
2310,niegdyś,2,GBABB
2311,zmarły,2,BABA
2312,epsteina,2,-
2313,powiązanie,2,AEBAA
2314,zajmujący,2,BAAA
2315,joaquin,2,-
2316,el,2,-
2317,chapo,2,-
2318,narkotykowy,2,-
2319,dożywocie,2,AEBAC
2320,kar,2,ACAAAAA
2321,immigration,2,-
2322,customs,2,-
2323,enforcement,2,-
2324,aresztowanie,2,AEBAA
2325,migrant,2,AAADAA
2326,decydować,2,BAAA
2327,gwałtownie,2,FB
2328,ruszać,2,BDA
2329,czele,2,-
2330,uzasadniony,2,BBCB
2331,celowo,2,FC
2332,najprawdopodobniej,2,FC
2333,jacob,2,-
2334,frey,2,-
2335,bezpośrednio,2,FC
2336,jednoznacznie,2,FB
2337,oddawać,2,BAAE
2338,status,2,ACAAAAA
2339,legalnie,2,FB
2340,sprzeczny,2,CAB
2341,interes,2,ACAAAAA
2342,agresywny,2,CAB
2343,jaką,2,-
2344,szefowa,2,ADACCAA
2345,noem,2,-
2346,zemrzeć,2,BABA
2347,oresznikiem,2,-
2348,walerij,2,-
2349,ponowny,2,CAB
2350,zastraszyć,2,BCCA
2351,negocjacje,2,AGCC
2352,wojskowy,2,AAEC
2353,oszczędzać,2,BDA
2354,zmasować,2,BAAA
2355,hipersoniczny,2,CAB
2356,oresznik,2,-
2357,resort,2,ACAAAAA
2358,rozpoczęcie,2,AEBAA
2359,jakikolwiek,2,EAL
2360,arsenał,2,ACAAAAA
2361,ukrainie,2,-
2362,zniszczenie,2,AEBAA
2363,terytorium,2,AED
2364,infrastruktura,2,ADAAA
2365,niedaleko,2,FC
2366,sbu,2,-
2367,zbrodnia,2,ADACBAA
2368,dostawa,2,ADAAA
2369,jeddah,2,-
2370,finał,2,ACAAAAA
2371,wyjściowy,2,CAB
2372,wojciecha,2,-
2373,kapitan,2,AAAAAA
2374,metr,2,AAAAAA
2375,źle,2,FB
2376,lewa,2,ABABAAA
2377,poprzeczka,2,ADAB
2378,unai,2,-
2379,simon,2,-
2380,rywal,2,AAABCA
2381,zdziałać,2,BDA
2382,bramkarz,2,AAABD
2383,słupek,2,ACABBA
2384,piąty,2,CAB
2385,gracz,2,AAABD
2386,świetny,2,CAB
2387,niedzielny,2,CAB
2388,robert,2,-
2389,korzystniejszy,2,CAB
2390,starcie,2,AEBAA
2391,madryt,2,-
2392,powracać,2,BDA
2393,nosić,2,BBCA
2394,chokery,2,-
2395,bomberki,2,-
2396,maksymalizm,2,ACAAAAA
2397,podbijać,2,BDA
2398,zdobywać,2,BDA
2399,społecznościowych,2,-
2400,mówiący,2,CAA
2401,nostalgia,2,ADACBAA
2402,garderoba,2,ADAAA
2403,spodni,2,CBB
2404,fascynacja,2,ADACBAA
2405,błysk,2,ACABA
2406,autentyczność,2,ADCCA
2407,predicts,2,-
2408,nadchodzić,2,BBCA
2409,era,2,ADAAA
2410,faktura,2,ADAAA
2411,cool,2,-
2412,wymieniać,2,BDA
2413,detal,2,ACACAA
2414,ozdobny,2,CAB
2415,vintage,2,-
2416,wyrazisty,2,CAB
2417,estetyka,2,AAACBA
2418,rajstopy,2,AGAAA
2419,pastelowy,2,CAB
2420,technologia,2,ADACBAA
2421,różnorodność,2,ADCCA
2422,globalny,2,CAB
2423,przeszłość,2,ADCCA
2424,osesi,2,-
2425,wewior,2,-
2426,wczuć się,2,-
2427,autorka,2,ADAB
2428,słowny,2,CAB
2429,kropka,2,ADAB
2430,przecinek,2,ACABBA
2431,wers,2,ACAAAAA
2432,przestrzeń,2,ADCAAA
2433,kartka,2,ADAB
2434,instagramowym,2,-
2435,dokument,2,ACAAAAA
2436,akademia,2,ADACBAA
2437,zniechęcać,2,BDA
2438,ni,2,GBBBA
2439,zawarty,2,CAB
2440,zaproponowanie,2,AEBAA
2441,odbiór,2,ACAAAAA
2442,kładący,2,CAA
2443,afektywny,2,CAB
2444,opisany,2,BAAFA
2445,oparty,2,CAB
2446,skojarzenie,2,AEBAA
2447,uważny,2,CAB
2448,czytanie,2,AEBAA
2449,przestrzenny,2,CAB
2450,gdańsku,2,-
2451,galeria,2,ADACBAA
2452,epoka,2,ADAB
2453,skok,2,ACABA
2454,kamila,2,-
2455,sportowiec,2,AAACBA
2456,dostarczyć,2,BCCA
2457,olimpijski,2,CBA
2458,kula,2,ADACBABA
2459,zwycięstwo,2,AEAAAB
2460,długość,2,ADCCA
2461,wzorcowy,2,CAB
2462,wzorowy,2,CAB
2463,osobowość,2,ADCCA
2464,powtórzyć,2,BCCA
2465,budowa,2,ADAAA
2466,cristiano,2,-
2467,przejście,2,AEBAA
2468,cr,2,-
2469,spełnić,2,BBCA
2470,georgina,2,-
2471,podróż,2,BCCA
2472,stanąć,2,BAEAB
2473,oczekiwać,2,BAAC
2474,v,2,-
2475,słynny,2,CAB
2476,narzekać,2,BDA
2477,budowlany,2,AAEC
2478,wzbudzać,2,BDA
2479,kontrowersja,2,ADACBAA
2480,ogrom,2,ACAAAAA
2481,skarżyć,2,BCCA
2482,przeżyć,2,AEBAA
2483,wieczór,2,ACAAAAA
2484,premierowy,2,CAB
2485,obejmować,2,BAAA
2486,dalszy,2,CAB
2487,ogólnopolski,2,CBA
2488,shelley,2,-
2489,oddanie,2,AEBAA
2490,surowy,2,CAB
2491,potwora,2,ADAAA
2492,niezły,2,CAB
2493,schemat,2,ACAAAAA
2494,czyn,2,ACAAAAA
2495,piękno,2,AEAAAB
2496,wyrazić,2,BBCA
2497,psychologiczny,2,CAB
2498,demokratyczny,2,CAB
2499,kłaść,2,BAFCAA
2500,kompetencje,2,AGCC
2501,światopoglądowy,2,CAB
2502,składać,2,BDA
2503,nauczany,2,BDA
2504,ogólnokształcący,2,CAA
2505,iiiv,2,-
2506,posiadanie,2,AEBAA
2507,wybrana,2,ADACCBA
2508,urzędowy,2,CAB
2509,uczestnictwo,2,AEAAAB
2510,kijowie,2,-
2511,podręcznik,2,ACABBA
2512,prawosławny,2,AAEC
2513,wymagany,2,BDA
2514,propaganda,2,ADAAA
2515,zainteresowany,2,BAAA
2516,dziewiąty,2,CAB
2517,rzeczywisty,2,CAB
2518,matematyka,2,AAACBA
2519,natychmiastowy,2,CAB
2520,sprawdzenie,2,AEBAA
2521,prowadzenie,2,AEBAA
2522,opublikowany,2,BAAA
2523,wszcząć,2,BAFCBDD
2524,możliwy,2,CAB
2525,dochodzenie,2,AEBAA
2526,faktycznie,2,FB
2527,młodzieżowy,2,CAB
2528,urządzenie,2,AEBAA
2529,potoczny,2,CAB
2530,online,2,-
2531,wypowiadać,2,BDA
2532,międzypokoleniowy,2,CAB
2533,tryb,2,ACAAAAA
2534,internetowe,2,-
2535,algorytm,2,ACAAAAA
2536,słuchawka,2,ADAB
2537,płynnie,2,FB
2538,udostępnić,2,BBCB
2539,przykładowo,2,FC
2540,członkowski,2,CBA
2541,skorzystać,2,BDA
2542,spośród,2,GBBAA
2543,pełnia,2,ADACBAA
2544,schengen,2,-
2545,gwarantować,2,BAAA
2546,sprawny,2,CAB
2547,bezpieczny,2,CAB
2548,szczególny,2,CAB
2549,konsument,2,AAADAA
2550,przyroda,2,ADAAA
2551,osobowy,2,ACC
2552,dwukrotnie,2,FC
2553,niecały,2,CAB
2554,towar,2,ACAAAAA
2555,śmiertelnie,2,FB
2556,groźny,2,CAB
2557,mięsień,2,ACACBAA
2558,wieńcowy,2,CAB
2559,wp,2,-
2560,hab,2,-
2561,kałużnaoleksy,2,-
2562,gwałtowny,2,CAB
2563,wysiłek,2,ACABA
2564,statystyka,2,AAACBA
2565,towarzystwo,2,AEAAAB
2566,pozornie,2,FB
2567,niegroźny,2,CAB
2568,podwyższony,2,CAB
2569,otyłość,2,ADCCA
2570,czynność,2,ADCCA
2571,przeważnie,2,FB
2572,piersiowy,2,CAB
2573,najgorsze,2,AEBAB
2574,ekstremalny,2,CAB
2575,ekspozycja,2,ADACBAA
2576,konieczność,2,ADCCA
2577,noszenie,2,AEBAA
2578,cebulka,2,ADAB
2579,polegać,2,BDA
2580,przeciwieństwo,2,AEAAAB
2581,podkoszulek,2,ACABBA
2582,kamizelka,2,ADAB
2583,puchowy,2,CAB
2584,kurtka,2,ADAB
2585,skupiać,2,BDA
2586,aspekt,2,ACAAAAA
2587,kolorystycznie,2,FB
2588,sylwetka,2,ADAB
2589,rozmaity,2,CAB
2590,tkanina,2,ADAAA
2591,spódnica,2,ADACABB
2592,mankiet,2,ACAAAAA
2593,zarzucić,2,BBCA
2594,płaszcz,2,ACACBBA
2595,sweter,2,ACAABAA
2596,solidny,2,CAB
2597,krótki,2,CBA
2598,przykryć,2,AEBAA
2599,paleta,2,ADAAA
2600,całość,2,ADCCA
2601,tango,2,AEAAAA
2602,frank,2,ABAC
2603,pożegnalny,2,CAB
2604,kwiat,2,ACAAAAA
2605,ewie,2,-
2606,jan,2,-
2607,miłosz,2,-
2608,zarzycki,2,-
2609,wdzięczność,2,ADCCA
2610,miły,2,AAEC
2611,serdeczny,2,CAB
2612,maria,2,-
2613,kaszuba,2,-
2614,tadeusz,2,-
2615,osobiście,2,FC
2616,koncertować,2,BAAA
2617,wdzięczny,2,CAB
2618,audycja,2,ADACBAA
2619,odwiedzać,2,BDA
2620,służyć,2,BCCA
2621,dźwięk,2,ACABA
2622,sacrum,2,-
2623,samorząd,2,ACAAAAA
2624,arnprior,2,-
2625,łamać,2,BAAFA
2626,szkockiej,2,-
2627,poziomy,2,ACAAAAA
2628,kręty,2,ACAAAAA
2629,zamienić,2,BBCA
2630,szosa,2,ADAAA
2631,zadziałać,2,BDA
2632,jezdnia,2,ADACBAA
2633,radna,2,ADACCBA
2634,dziura,2,ADAAA
2635,wystosować,2,BAAA
2636,poniedziałek,2,ACABA
2637,nazwany,2,BAAFB
2638,interwencja,2,ADACBAA
2639,stanowić,2,BBCA
2640,argumentować,2,BAAA
2641,przewidywać,2,BAAB
2642,głosowanie,2,AEBAA
2643,wbicie,2,AEBAA
2644,najchętniej,2,FC
2645,nawrocki,2,-
2646,pewno,2,GBBBA
2647,pałac,2,ACACACB
2648,bitwa,2,ADAAA
2649,house,2,-
2650,wygrywać,2,BDA
2651,dominować,2,BAAA
2652,braun,2,-
2653,przekaz,2,ACAAAAA
2654,zbliżyć,2,BCCA
2655,wygrać,2,BDA
2656,dochodzić,2,BBCA
2657,informacyjny,2,CAB
2658,najnowszym,2,-
2659,aktywność,2,ADCCA
2660,trakt,2,ACAAAAA
2661,mazurekstanowski,2,-
2662,zaatakować,2,BAAA
2663,stanowski,2,-
2664,komentarz,2,ACACBBA
2665,atrakcyjny,2,CAB
2666,koszulka,2,ADAB
2667,identyczny,2,CAB
2668,wiecznakrucjata,2,-
2669,suwerenność,2,ADCCA
2670,zachwycać,2,BDA
2671,usunięty,2,BAEAB
2672,dezinformacja,2,ADACBAA
2673,generowany,2,BAAA
2674,cyfryzacji,2,-
2675,udostępniony,2,BBCB
2676,zerwać,2,BAAFB
2677,oddolny,2,CAB
2678,opublikować,2,BAAA
2679,istniejący,2,BAD
2680,start,2,ACAAAAA
2681,niewygodny,2,CAB
2682,sprzęt,2,ACAAAAA
2683,zbiórka,2,ADAB
2684,ponosić,2,BBCA
2685,teza,2,ADAAA
2686,alternatywa,2,ADAAA
2687,popierać,2,BDA
2688,śmietnik,2,ACABBA
2689,bieda,2,ADAAA
2690,opłacać,2,BDA
2691,wolny,2,AAEC
2692,polskę,2,-
2693,najpewniej,2,FC
2694,migracyjny,2,CAB
2695,strzelać,2,BDA
2696,przedni,2,CBB
2697,strzelający,2,BDA
2698,traumatyczny,2,CAB
2699,tylny,2,CAB
2700,minnesocie,2,-
2701,latkę,2,-
2702,jd,2,-
2703,rana,2,ADAAA
2704,rejestracyjny,2,CAB
2705,klamka,2,ADAB
2706,fbi,2,-
2707,potrącenie,2,AEBAA
2708,przechodzić,2,BBCA
2709,mieszkanka,2,ADAB
2710,badać,2,BDA
2711,stanowy,2,CAB
2712,amerykan,2,ABABAAA
2713,wywoływać,2,BAAB
2714,latki,2,-
2715,usługa,2,ADAB
2716,organ,2,ACAAAAA
2717,ściganie,2,AEBAA
2718,oficjalny,2,CAB
2719,adres,2,ACAAAAA
2720,hotels,2,-
2721,rezerwacja,2,ADACBAA
2722,zatytułowany,2,BAAA
2723,przeprosić,2,BBCA
2724,oby,2,GBBBBAA
2725,zwrotny,2,CAB
2726,zajść,2,AEBAA
2727,nadejść,2,AEBAA
2728,znaczny,2,CAB
2729,nadrzędny,2,CAB
2730,religia,2,ADACBAA
2731,nawzajem,2,FC
2732,usuwać,2,BDA
2733,wychować,2,BDA
2734,gniew,2,ACAAAAA
2735,parafianin,2,AAABBA
2736,spędzać,2,BDA
2737,kolędowy,2,CAB
2738,wysyłać,2,BDA
2739,zwłoka,2,ADAB
2740,jarka,2,ADAB
2741,zjeść,2,BDD
2742,obiad,2,ACAAAAA
2743,niepołomicach,2,-
2744,nieruchomość,2,ADCCA
2745,pobliski,2,CBA
2746,orientować,2,BAAA
2747,papier,2,ACAAAAA
2748,reguła,2,ADAAA
2749,schować,2,BDA
2750,przydać,2,BDC
2751,dziękować,2,BAAA
2752,duszpasterski,2,CBA
2753,doświadczyć,2,BCCA
2754,jarosława,2,-
2755,wynajmowany,2,BAAA
2756,najwięcej,2,FC
2757,lśnić,2,BBCB
2758,ministrant,2,AAADAA
2759,schody,2,AGAB
2760,relacjonować,2,BAAA
2761,puszcza,2,ADACABB
2762,poświęcić,2,BBCA
2763,dojazd,2,ACAAAAA
2764,dzwonić,2,BBCA
2765,zadeklarować,2,BAAA
2766,zgłosić,2,BBCA
2767,facebooku,2,-
2768,przeczytać,2,BDA
2769,katarzyny,2,-
2770,koprodukcja,2,ADACBAA
2771,ukazać,2,BAAFA
2772,krążek,2,ACABBA
2773,rapowego,2,-
2774,regina,2,-
2775,zawadzkabigaj,2,-
2776,konkretnie,2,FB
2777,roszkowski,2,-
2778,specjalnie,2,FB
2779,szlempo,2,-
2780,bisz,2,-
2781,antygona,2,-
2782,heros,2,AAADAA
2783,bunt,2,ACAAAAA
2784,mścić,2,BBCB
2785,julia,2,-
2786,rafał,2,-
2787,berkowicz,2,-
2788,aktorski,2,CBA
2789,wokalnie,2,FB
2790,wokalny,2,CAB
2791,producentką,2,-
2792,bilet,2,ACAAAAA
2793,stanisław,2,-
2794,ostro,2,FA
2795,niszczenie,2,AEBAA
2796,oznaczenie,2,AEBAA
2797,spokojnie,2,FB
2798,stanowczo,2,FC
2799,zorganizować,2,BAAA
2800,informujący,2,BAAA
2801,staranie,2,AEBAA
2802,wykupić,2,BBCA
2803,komplement,2,ACAAAAA
2804,hejt,2,-
2805,for,2,ACAABAA
2806,internetowych,2,-
2807,wandalizm,2,ACAAAAA
2808,naprawa,2,ADAAA
2809,wpłata,2,ADAAA
2810,tramwaj,2,ACACACB
2811,zbiorowy,2,CAB
2812,finansowanie,2,AEBAA
2813,sęk,2,ACABBA
2814,zameldowanie,2,AEBAA
2815,ościenny,2,CAB
2816,przenosić,2,BBCA
2817,mandat,2,ACAAAAA
2818,statystyk,2,AAACBA
2819,osiem,2,DBBA
2820,wykroczenie,2,AEBAA
2821,pouczyć,2,BCCA
2822,pouczać,2,BDA
2823,komunalny,2,CAB
2824,jutro,2,AEAAAB
2825,podobno,2,GBBBA
2826,ponieść,2,BAFCAA
2827,łączny,2,CAB
2828,analizować,2,BAAA
2829,nagrany,2,BDA
2830,zgłoszony,2,BBCA
2831,zaplanować,2,BAAA
2832,demonstracja,2,ADACBAA
2833,ul,2,ACACBAA
2834,własność,2,ADCCA
2835,organizator,2,AAACAAAB
2836,fundacja,2,ADACBAA
2837,katowice,2,-
2838,pismo,2,AEAAAB
2839,stolica,2,ADACABB
2840,środowiskowy,2,CAB
2841,wypłata,2,ADAAA
2842,łączyć,2,BCCA
2843,podopieczna,2,ADACCBA
2844,zgłaszanie,2,AEBAA
2845,przygarnięcie,2,AEBAA
2846,gest,2,ACAAAAA
2847,kocur,2,ABABAAA
2848,pegazus,2,-
2849,kochający,2,BDA
2850,cierpienie,2,AEBAA
2851,poszukać,2,BDA
2852,kolejka,2,ADAB
2853,błagać,2,BDA
2854,kochany,2,BDA
2855,psiak,2,ABAC
2856,mopsiczka,2,-
2857,gypsia,2,-
2858,gęś,2,ADCCA
2859,pipa,2,-
2860,dżok,2,-
2861,olgi,2,-
2862,kulturalny,2,CAB
2863,autorski,2,CBA
2864,jazz,2,ACAAAAA
2865,off,2,-
2866,tan,2,ACAAAAA
2867,cyfrowej,2,-
2868,tłum,2,ACAAAAA
2869,przyjaźnić się,2,-
2870,mateusz,2,-
2871,dubiel,2,-
2872,optymistyczny,2,CAB
2873,wyborczapl,2,-
2874,prestiżowy,2,CAB
2875,amkp,2,-
2876,fortepian,2,ACAAAAA
2877,kciuk,2,ACABBA
2878,magiczny,2,CAB
2879,płakać,2,BAAFA
2880,czerwiec,2,ABAAAB
2881,promujący,2,BAAA
2882,dojrzały,2,CAB
2883,ból,2,BBB
2884,portret,2,ACAAAAA
2885,chętnie,2,FB
2886,zwiedzający,2,BDA
2887,karolczyk,2,-
2888,inw,2,-
2889,mhkxif,2,-
2890,podgórze,2,AEBAB
2891,abakanowicz,2,-
2892,dziedziniec,2,ACACBC
2893,kwitnący,2,CAA
2894,magnolia,2,ADACBAA
2895,magdaleny,2,-
2896,urok,2,ACABA
2897,kilkanaście,2,DBCA
2898,wytykać,2,BDA
2899,miszalskiemu,2,-
2900,prezes,2,AAADAA
2901,zdradzić,2,BBCA
2902,niezadowolenie,2,AEBAA
2903,referendalną,2,-
2904,tragiczny,2,CAB
2905,dług,2,ACABA
2906,krakowian,2,ACAABAA
2907,zlecenie,2,AEBAA
2908,województwo,2,AEAAAB
2909,domagać się,2,-
2910,łukasza,2,-
2911,szereg,2,ACABA
2912,dotkliwy,2,CAB
2913,płatny,2,CAB
2914,ścisły,2,CAB
2915,zatrudnianie,2,AEBAA
2916,kwalifikacja,2,ADACBAA
2917,stołek,2,ACABBA
2918,miszalskim,2,-
2919,wręczyć,2,BCCA
2920,ko,2,-
2921,istotny,2,CAB
2922,marsz,2,ABAAAB
2923,równość,2,ADCCA
2924,maszerować,2,BAAA
2925,spodobać się,2,-
2926,konserwatywny,2,CAB
2927,pal,2,ACACBAA
2928,słaby,2,CAB
2929,sprawiedliwość,2,ADCCA
2930,rewolucyjny,2,CAB
2931,marzyć,2,BCCA
2932,procedura,2,ADAAA
2933,praktyk,2,AAACBA
2934,tur,2,ABABAAA
2935,wystarczający,2,BDA
2936,wzmocnić,2,BBCB
2937,struktura,2,ADAAA
2938,rozbić,2,AEBAA
2939,zabraknąć,2,BGE
2940,skutecznie,2,FB
2941,gospodarz,2,AAABD
2942,wykorzystywać,2,BAAB
2943,słabość,2,ADCCA
2944,referendalna,2,-
2945,cierpliwość,2,ADCCA
2946,wygranie,2,AEBAA
2947,prawdopodobny,2,CAB
2948,fotel,2,ACACBAA
2949,małgorzata,2,-
2950,samorządowy,2,CAB
2951,wystawić,2,BBCA
2952,zgadzać się,2,-
2953,spoza,2,GBBAA
2954,układ,2,ACAAAAA
2955,finansowo,2,FC
2956,walc,2,ABAAAB
2957,rozsądny,2,CAB
2958,logiczny,2,CAB
2959,gibały,2,-
2960,nieprawidłowy,2,CAB
2961,awantura,2,ADAAA
2962,zawodowy,2,CAB
2963,kuratoryjny,2,CAB
2964,brakować,2,BAAA
2965,elementarny,2,CAB
2966,codziennie,2,FC
2967,wcinać,2,BDA
2968,hot,2,-
2969,dog,2,ABAC
2970,małopolska,2,-
2971,gabriela,2,-
2972,bułka,2,ADAB
2973,przekonany,2,BDA
2974,dieta,2,ADAAA
2975,ograniczyć,2,BCCA
2976,zalecać,2,BDA
2977,ziarno,2,AEAAAB
2978,wystartować,2,BAAA
2979,regulamin,2,ACAAAAA
2980,czynnik,2,ACABBA
2981,dbanie,2,AEBAA
2982,spożywczy,2,CAA
2983,niewłaściwy,2,CAB
2984,krew,2,ADCAAA
2985,przewlekły,2,CAB
2986,dudekróżycki,2,-
2987,kłopot,2,ACAAAAA
2988,pyta,2,ADAAA
2989,egzamin,2,ACAAAAA
2990,wiadomości,2,AGBC
2991,biologia,2,ADACBAA
2992,wychowanie,2,AEBAA
2993,pozór,2,ACAAAAA
2994,zgodzić,2,BBCA
2995,pretekst,2,ACAAAAA
2996,biskup,2,AAADAA
2997,dojrzewanie,2,AEBAA
2998,mit,2,ACAAAAA
2999,finalista,2,AABDAA
3000,świadectwo,2,AEAAAB
3001,lot,2,ACAAAAA
3002,myślenie,2,AEBAA
3003,ryzykować,2,BAAA
3004,wpaść,2,BAFAAAB
3005,montażysta,2,AABDAA
3006,smarzowskiego,2,-
3007,sześć,2,DBBA
3008,ekipa,2,ADAAA
3009,operator,2,AAACAAAB
3010,brzmieć,2,BBBB
3011,samobójczy,2,CAA
3012,widownia,2,ADACBAA
3013,rysa,2,ADAAA
3014,koszmar,2,ACAAAAA
3015,wyobrazić,2,BBCA
3016,dwoje,2,DDA
3017,umarły,2,AAEC
3018,żałoba,2,ADAAA
3019,dziadek,2,AAAAB
3020,żal,2,ACACACB
3021,uwierzyć,2,BCCA
3022,pakować,2,BAAA
3023,trauma,2,ADAAA
3024,zepchnąć,2,BAEAA
3025,przełożyć,2,BCCA
3026,późniejszy,2,CAB
3027,alkohol,2,ACACAA
3028,czucie,2,AEBAA
3029,podzielić,2,BBCA
3030,posłuchać,2,BDA
3031,wcielić,2,BBCA
3032,wytłumaczyć,2,BCCA
3033,smarzowski,2,-
3034,zadać,2,BDC
3035,łopatka,2,ADAB
3036,dyskutować,2,BAAA
3037,mały,2,CAB
3038,jakiejkolwiek,2,-
3039,szerszy,2,CAB
3040,kinowy,2,CAB
3041,pozbawić,2,BBCA
3042,młodszy,2,CAB
3043,chyba,2,GBBBA
3044,łza,2,ADAAA
3045,wyznanie,2,AEBAA
3046,horyzont,2,ACAAAAA
3047,amelką,2,-
3048,zdążyć,2,BCCA
3049,powtarzać,2,BDA
3050,producentki,2,-
3051,bank,2,ACABA
3052,widok,2,ACABA
3053,ważniejszy,2,CAB
3054,cokolwiek,2,EGE
3055,plama,2,ADAAA
3056,zaradzić,2,BBCA
3057,zabezpieczenie,2,AEBAA
3058,savannas,2,-
3059,puckett,2,-
3060,zdarzyć,2,BCCA
3061,republikanin,2,AAABAA
3062,pęknięcie,2,AEBAA
3063,niewinny,2,CAB
3064,reportaż,2,ACACAB
3065,izraela,2,-
3066,lipiec,2,ACACBC
3067,żerdź,2,ADCAAA
3068,córeczka,2,ADAB
3069,śliczny,2,CAB
3070,opuszczony,2,CAB
3071,współżycie,2,AEBAA
3072,grzywna,2,ADAAA
3073,luizą,2,-
3074,iwonką,2,-
3075,iwonka,2,-
3076,owoc,2,ACACACB
3077,martwy,2,AAEC
3078,antoniego,2,-
3079,krowa,2,ADAAA
3080,antoni,2,-
3081,słoma,2,ADAAA
3082,najstarszy,2,CAB
3083,rocznik,2,ACABBA
3084,wrocławia,2,-
3085,felutka,2,-
3086,rzucić,2,BBCA
3087,najmłodszy,2,CAB
3088,drobny,2,CAB
3089,znosić,2,BBCA
3090,makowski,2,-
3091,niechby,2,GBBBBAA
3092,powiesić,2,BBCA
3093,eugenia,2,-
3094,zapukać,2,BDA
3095,bielsku,2,-
3096,podlaskim,2,-
3097,irytacja,2,ADACBAA
3098,ewą,2,-
3099,henrykiem,2,-
3100,przedpokój,2,ACACAA
3101,ilskich,2,-
3102,źdźbło,2,AEAAAB
3103,kolano,2,AEAAAB
3104,szary,2,CAA
3105,mydło,2,AEAAAB
3106,poszwa,2,ADAAA
3107,telewizyjny,2,CAB
3108,kręcony,2,BBCA
3109,palić,2,BBCA
3110,widocznie,2,GBBBA
3111,biblia,2,ADACBAA
3112,henrykowi,2,-
3113,milczeć,2,BCBA
3114,apokalipsa,2,ADAAA
3115,dusza,2,ADACABB
3116,plecak,2,ACABBA
3117,leże,2,AEBAB
3118,jolanta,2,-
3119,paszka,2,ADAB
3120,sprzedawać,2,BAAE
3121,zniknąć,2,BAEAA
3122,agitować,2,BAAA
3123,przypominający,2,BDA
3124,czesać,2,BAAFA
3125,klątwa,2,ADAAA
3126,spać,2,BBA
3127,spokój,2,ACACACB
3128,wózek,2,ACABBA
3129,zastrzyk,2,ACABA
3130,prorok,2,AAACBA
3131,tabletka,2,ADAB
3132,odrastać,2,BDA
3133,potłuczony,2,BAFCAB
3134,olchowy,2,CAB
3135,zaburzony,2,CAB
3136,niebawem,2,FC
3137,wyżej,2,FC
3138,lubartowa,2,-
3139,zielone,2,AEBBB
3140,zapisywać,2,BAAB
3141,postanowienie,2,AEBAA
3142,podawać,2,BAAE
3143,generalny,2,CAB
3144,nowaka,2,-
3145,komenda,2,ADAAA
3146,wąski,2,CBA
3147,znalezienie,2,AEBAA
3148,świdnicy,2,-
3149,technik,2,AAACBA
3150,mieszek,2,ACABBA
3151,adopcja,2,ADACBAA
3152,wykorzystywany,2,BAAB
3153,opiekuńczy,2,CAA
3154,luk,2,ACABA
3155,kwiecień,2,ACACBAA
3156,sprzyjać,2,BDA
3157,nazywać,2,BDA
3158,nóż,2,ACACBBA
3159,podlegać,2,BDA
3160,alek,2,-
3161,komunikowanie,2,AEBAA
3162,wystąpienie,2,AEBAA
3163,ważyć,2,BCCA
3164,prywatnie,2,FB
3165,filoktei,2,-
3166,zaproszenie,2,AEBAA
3167,pomyłka,2,ADAB
3168,sądzić,2,BBCA
3169,terapia,2,ADACBAA
3170,niepełnosprawność,2,-
3171,niepełnosprawności,2,-
3172,podrożyć,2,BCCA
3173,filokteta,2,-
3174,żmija,2,ADACBABA
3175,porzucić,2,BBCA
3176,strategia,2,ADACBAA
3177,przyglądać się,2,-
3178,doświadczanie,2,AEBAA
3179,jakiejś,2,-
3180,ukąsić,2,BBCA
3181,sposób,2,BBCA
3182,radzenie,2,AEBAA
3183,odgrywać,2,BDA
3184,uniwersalny,2,CAB
3185,przegrywać,2,BDA
3186,dookoła,2,GBBAA
3187,natychmiast,2,FC
3188,profesjonalny,2,CAB
3189,bezpośredni,2,CBB
3190,dbać,2,BDA
3191,sprawdzać,2,BDA
3192,zapominać,2,BDA
3193,uwolnić,2,BBCB
3194,seksualność,2,-
3195,certyfikat,2,ACAAAAA
3196,pornograficzny,2,CAB
3197,niewidzialny,2,CAB
3198,konar,2,ACAABAA
3199,zaburzenia,2,AGDAA
3200,złożony,2,CAB
3201,wahanie,2,AEBAA
3202,relacyjny,2,CAB
3203,przeciążenie,2,AEBAA
3204,somatyczny,2,CAB
3205,testosteron,2,ACAAAAA
3206,wypalenie,2,AEBAA
3207,konflikt,2,ACAAAAA
3208,filar,2,ACAAAAA
3209,budowany,2,BAAA
3210,intymność,2,ADCCA
3211,wypowiedziany,2,CAB
3212,równowaga,2,ADAB
3213,hamowanie,2,AEBAA
3214,krytyk,2,AAACBA
3215,troska,2,ADABA
3216,zrozumienie,2,AEBAA
3217,poprawić,2,BBCA
3218,obietnica,2,ADACABB
3219,nieszczęśliwy,2,CAB
3220,dłużej,2,FC
3221,poznawać,2,BAAE
3222,fantazja,2,ADACBAA
3223,pomiędzy,2,GBBAA
3224,ustalony,2,BBCA
3225,przeciwnie,2,FB
3226,obniżony,2,CAB
3227,prezeska,2,ADAB
3228,winczewska,2,-
3229,oświatowy,2,CAB
3230,pielgrzymka,2,ADAB
3231,ferie,2,AGCC
3232,przedstawienie,2,AEBAA
3233,pozytywny,2,CAB
3234,uwzględniać,2,BDA
3235,arytmetyczny,2,CAB
3236,poszczególny,2,CAB
3237,przypisywany,2,BAAB
3238,kartkówek,2,-
3239,skomplikowany,2,BAAA
3240,żylińska,2,-
3241,fetysz,2,ACACBBA
3242,założyć,2,BCCA
3243,ustalany,2,BDA
3244,przepustka,2,ADAB
3245,jakiej,2,-
3246,influencerem,2,-
3247,szukanie,2,AEBAA
3248,wypolerowany,2,BAAA
3249,ubrudzony,2,BBCA
3250,dorastać,2,BDA
3251,szacunek,2,ACABA
3252,danie,2,AEBAA
3253,hrabstwo,2,AEAAAB
3254,uganiać,2,BDA
3255,uciekający,2,BDA
3256,brudny,2,CAB
3257,posiniaczony,2,CAB
3258,sielanka,2,ADAB
3259,nieustanny,2,CAB
3260,nieudany,2,CAB
3261,wyhodowanie,2,AEBAA
3262,doceniać,2,BDA
3263,kontynent,2,ACAAAAA
3264,początkowo,2,FC
3265,idealizować,2,BAAA
3266,fanów,2,-
3267,oferować,2,BAAA
3268,łyżeczka,2,ADAB
3269,anchois,2,AEE
3270,kapar,2,ACAABAA
3271,pestka,2,ADAB
3272,masło,2,AEAAAB
3273,cukier,2,ACAAAAA
3274,pęczek,2,ACABBA
3275,gruby,2,CAB
3276,usmażyć,2,BCCA
3277,miękki,2,CBA
3278,przepłukać,2,BAAFA
3279,zgęstnieć,2,BAD
3280,podgrzewać,2,BDA
3281,całkiem,2,FC
3282,porządnie,2,FB
3283,dente,2,-
3284,podgrzać,2,BAFBD
3285,dolewać,2,BDA
3286,ml,2,-
3287,wędzony,2,BBCA
3288,ostry,2,CAA
3289,nasienie,2,AEBAA
3290,umieścić,2,BBCA
3291,pokrywka,2,ADAB
3292,zmięknąć,2,BAEB
3293,wywar,2,ACAAAAA
3294,skórka,2,ADAB
3295,ćwiartka,2,ADAB
3296,włożyć,2,BCCA
3297,przyprawa,2,ADAAA
3298,zrównoważony,2,CAB
3299,podłużny,2,CAB
3300,zależnie,2,FB
3301,kolendra,2,ADAAA
3302,podanie,2,AEBAA
3303,lodowaty,2,CAB
3304,sok,2,ACABA
3305,ilość,2,ADCCA
3306,ricotty,2,-
3307,udko,2,AEAAAA
3308,skóra,2,ADAAA
3309,morski,2,CBA
3310,seler,2,ABABAAA
3311,marchewka,2,ADAB
3312,l,2,-
3313,kur,2,ABABAAA
3314,warzywo,2,AEAAAB
3315,gwiazdor,2,AAACAAAB
3316,skrojony,2,BBCA
3317,oscarowe,2,-
3318,komiksowy,2,CAB
3319,teksas,2,ACAAAAA
3320,wypromować,2,BAAA
3321,kwadratowy,2,CAB
3322,ranczo,2,AEAAAA
3323,bicie,2,AEBAA
3324,ubrać,2,BAAFA
3325,mel,2,-
3326,lokum,2,AEE
3327,dzielnica,2,ADACABB
3328,futbolista,2,AABDAA
3329,dawny,2,CAB
3330,stallone,2,-
3331,jason,2,-
3332,królowa,2,ADACCAA
3333,netflixa,2,-
3334,teller,2,-
3335,pandemia,2,ADACBAA
3336,zabójca,2,AABCBB
3337,wywiad,2,ACAAAAA
3338,sweeney,2,-
3339,roznosić,2,BBCA
3340,romans,2,ACAAAAA
3341,saturday,2,-
3342,night,2,-
3343,tornado,2,AEAAAB
3344,lekki,2,CBA
3345,gotów,2,CCBBA
3346,singlem,2,-
3347,glasgow,2,-
3348,lekko,2,FA
3349,właściwie,2,FB
3350,bateman,2,-
3351,gangsterski,2,CBA
3352,thriller,2,-
3353,lokal,2,ACACAA
3354,vincea,2,-
3355,braterski,2,CBA
3356,przynosić,2,BBCA
3357,bolesny,2,CAB
3358,oferta,2,ADAAA
3359,sprzątanie,2,AEBAA
3360,rozmiar,2,ACAAAAA
3361,toaleta,2,ADAAA
3362,plastik,2,ACABA
3363,pomieszczenie,2,AEBAA
3364,ponadto,2,GBBBA
3365,zakryty,2,BAFB
3366,delikatny,2,CAB
3367,srebrny,2,CAB
3368,srebro,2,AEAAAB
3369,mienić się,2,-
3370,jubilerski,2,CBA
3371,biel,2,ADCAAA
3372,niebieski,2,CBA
3373,właściwość,2,ADCCA
3374,brylant,2,ACAAAAA
3375,perła,2,ADAAA
3376,powodzenie,2,AEBAA
3377,uznawać,2,BAAE
3378,topaz,2,ACAAAAA
3379,urodziny,2,AGAAA
3380,napęd,2,ACAAAAA
3381,dolina,2,ADAAA
3382,lina,2,ABABAAA
3383,harrego,2,-
3384,singiel,2,-
3385,late,2,-
3386,fine,2,-
3387,line,2,-
3388,wydany,2,BDC
3389,nagrać,2,BDA
3390,studio,2,AEAABA
3391,tour,2,-
3392,dawidowi,2,-
3393,pamiętliwy,2,CAB
3394,refren,2,ACAAAAA
3395,schodzić,2,BBCA
3396,hala,2,ADACBABA
3397,pogodny,2,CAB
3398,parkiet,2,ACAAAAA
3399,singla,2,-
3400,codzienność,2,ADCCA
3401,zaśpiewać,2,BDA
3402,sanah,2,-
3403,zbliżony,2,CAB
3404,melodia,2,ADACBAA
3405,szarość,2,ADCCA
3406,róż,2,ACACACB
3407,tęsknota,2,ADAAA
3408,poniżej,2,FC
3409,diamentowy,2,CAB
3410,stanisława,2,-
3411,opera,2,ADAAA
3412,podlaskiej,2,-
3413,znakomicie,2,FB
3414,dyrygentka,2,ADAB
3415,ołówkowy,2,CAB
3416,dopasowany,2,BAAA
3417,zabudowany,2,BAAA
3418,kroić,2,BBCA
3419,krój,2,BBCA
3420,portfel,2,ACACBAA
3421,zysk,2,ACABA
3422,giełda,2,ADAAA
3423,usd,2,-
3424,romualda,2,-
3425,lipka,2,ADAB
3426,jolka,2,ADAB
3427,perkusista,2,AABDAA
3428,rzecznik,1,AAACBA
3429,koordynator,1,AAACAAAB
3430,dobrzyński,1,-
3431,lubelskiego,1,-
3432,mateusza,1,-
3433,akt,1,ACAAAAA
3434,przekazany,1,BAAFA
3435,pozyskiwać,1,BAAC
3436,konstruowanie,1,AEBAA
3437,zastraszenie,1,AEBAA
3438,wstąpienie,1,AEBAA
3439,islamski,1,CBA
3440,przeszukanie,1,AEBAA
3441,zabezpieczyć,1,BCCA
3442,nośnik,1,ACABBA
3443,islam,1,ACAAAAA
3444,tymczasowo,1,FC
3445,rejon,1,ACAAAAA
3446,małe,1,ADACCBA
3447,ustawiony,1,BBCA
3448,zabezpieczać,1,BDA
3449,przedsiębiorca,1,AABCBB
3450,dorożka,1,ADAB
3451,urzędnik,1,AAACBA
3452,plenerowy,1,CAB
3453,wiać,1,BAFBD
3454,zbliżać,1,BDA
3455,odnawialnych,1,-
3456,ciemno,1,AEAAAB
3457,wietrzność,1,-
3458,elektrociepłownia,1,ADACBAA
3459,zapotrzebowanie,1,AEBAA
3460,turbina,1,ADAAA
3461,instalowany,1,BAAA
3462,wyposażony,1,CAB
3463,powstrzymujący,1,CAA
3464,osadzanie,1,AEBAA
3465,lód,1,ABABAAA
3466,umożliwiający,1,BDA
3467,rozmrażanie,1,AEBAA
3468,wytrzymać,1,BDA
3469,sięgający,1,BDA
3470,montowany,1,BAAA
3471,kąt,1,ACAABAA
3472,topnienie,1,AEBAA
3473,gw,1,-
3474,opracowanie,1,AEBAA
3475,nordycki,1,CBA
3476,alpejski,1,CBA
3477,cenny,1,CAB
3478,rezerwuar,1,ACAAAAA
3479,kontynentalny,1,CAB
3480,wiosennoletnim,1,-
3481,oblicze,1,AEBAB
3482,zamieć,1,ADCAAA
3483,dystrybucja,1,ADACBAA
3484,warmii,1,-
3485,Mazur,1,AAACAAAB
3486,awaria,1,ADACBAA
3487,wichura,1,ADAAA
3488,zagrażać,1,BDA
3489,dystrybucyjny,1,CAB
3490,przewracać,1,BDA
3491,zaśnieżony,1,CAB
3492,trudniejszy,1,CAB
3493,spadający,1,BDA
3494,osłabienie,1,AEBAA
3495,współczynnik,1,ACABBA
3496,procentowy,1,CAB
3497,stulecie,1,AEBAC
3498,emisyjny,1,CAB
3499,zaopatrzenie,1,AEBAA
3500,elektryfikacja,1,ADACBAA
3501,pompa,1,ADAAA
3502,efektywny,1,CAB
3503,ekologiczny,1,CAB
3504,rozpowszechnienie,1,AEBAA
3505,szczytowy,1,CAB
3506,zabezpieczony,1,CAB
3507,zmniejszać,1,BDA
3508,izolacja,1,ADACBAA
3509,termiczny,1,CAB
3510,pv,1,-
3511,bateryjny,1,CAB
3512,funkcjonalność,1,ADCCA
3513,offgrid,1,-
3514,odosobniony,1,BBCB
3515,kominek,1,ACABBA
3516,agregat,1,ACAAAAA
3517,prądotwórczy,1,CAA
3518,pluslidze,1,-
3519,balcerzak,1,-
3520,pozyskanie,1,AEBAA
3521,hitów,1,-
3522,fakiele,1,-
3523,urengoj,1,-
3524,uchodzić,1,BBCA
3525,czołówka,1,ADAB
3526,klubowy,1,CAB
3527,włoch,1,-
3528,gas,1,-
3529,sales,1,-
3530,bluenergy,1,-
3531,piacenza,1,-
3532,odnosić,1,BBCA
3533,europ,1,ACAAAAA
3534,mundialu,1,-
3535,przekazywany,1,BAAB
3536,balcerzaka,1,-
3537,la,1,AEE
3538,gazzetta,1,-
3539,dello,1,-
3540,warszawski,1,-
3541,siatkarz,1,AAABD
3542,ambitny,1,CAB
3543,włochami,1,-
3544,aktualny,1,CAB
3545,wicelider,1,-
3546,plusligi,1,-
3547,intensywnie,1,FB
3548,wzmocnienie,1,AEBAA
3549,sfinalizować,1,BAAA
3550,plusliga,1,-
3551,historyczny,1,CAB
3552,mur,1,ACAAAAA
3553,dołączać,1,BDA
3554,pojmanie,1,-
3555,niespodziewanie,1,AEBAA
3556,caracas,1,-
3557,dyktator,1,AAACAAAB
3558,ekspresowy,1,CAB
3559,przetransportować,1,BAAA
3560,nowojorskim,1,-
3561,trzask,1,ACABA
3562,zamykany,1,BDA
3563,cela,1,ADACBABA
3564,oczekujący,1,BAAC
3565,przeniesienie,1,AEBAA
3566,pobyt,1,ACAAAAA
3567,dłuższy,1,CAB
3568,krótszy,1,CAB
3569,sean,1,-
3570,diddy,1,-
3571,pozbawienie,1,AEBAA
3572,raper,1,-
3573,uniewinnić,1,BBCB
3574,przemyt,1,ACAAAAA
3575,prostytutka,1,ADAB
3576,spędzony,1,BBCA
3577,zakład,1,ACAAAAA
3578,symboliczny,1,CAB
3579,złożyć,1,BCCA
3580,apelacja,1,ADACBAA
3581,brytyjka,1,-
3582,ghislaine,1,-
3583,maxwell,1,-
3584,otoczenie,1,AEBAA
3585,przestępca,1,AABCBB
3586,jeffreya,1,-
3587,wykorzystywanie,1,AEBAA
3588,przeniesiony,1,CAB
3589,meksykański,1,-
3590,przetrzymywać,1,BAAB
3591,kartel,1,ACACAA
3592,sinaloa,1,-
3593,plus,1,ACAAAAA
3594,najsurowszy,1,CAB
3595,narkotykowego,1,-
3596,nieuzbrojoną,1,-
3597,stwarzać,1,BDA
3598,celnoimigracyjnego,1,-
3599,us,1,-
3600,zastrzelony,1,BBCA
3601,wpoprzek,1,-
3602,blokować,1,BAAA
3603,odjechać,1,BAAFA
3604,maska,1,ADAB
3605,funcjonariusz,1,-
3606,ruszenie,1,AEBAA
3607,parkować,1,BAAA
3608,axios,1,-
3609,donaldem,1,-
3610,trumpem,1,-
3611,samoobrona,1,ADAAA
3612,nieporządnie,1,FB
3613,stawiać,1,BDA
3614,brutalnie,1,FB
3615,społecznościowej,1,-
3616,truth,1,-
3617,social,1,-
3618,bzdura,1,ADAAA
3619,wypierdalać,1,-
3620,odwrotny,1,CAB
3621,biran,1,-
3622,ohara,1,-
3623,nieuzbrojonej,1,-
3624,imigracja,1,ADACBAA
3625,masowo,1,FC
3626,niejednoznaczny,1,CAB
3627,nalot,1,ACAAAAA
3628,aktywista,1,AABDAA
3629,propalestyńskie,1,-
3630,dobrowolnie,1,FB
3631,represje,1,AGCC
3632,przekraczać,1,BDA
3633,deportowany,1,BAAA
3634,bezprawnie,1,FB
3635,teoretycznie,1,FB
3636,przyzwolenie,1,AEBAA
3637,kristi,1,-
3638,wczorajszy,1,CAB
3639,ukrainę,1,-
3640,nieuzbrojona,1,-
3641,antena,1,ADAAA
3642,new,1,-
3643,voice,1,-
3644,nv,1,-
3645,kreml,1,ACACBAA
3646,twierdzenie,1,AEBAA
3647,kyryły,1,-
3648,budanowa,1,-
3649,wystrzelony,1,BBCA
3650,powstrzymywać,1,BAAB
3651,rosję,1,-
3652,uzbroić,1,BBCA
3653,głowica,1,ADACABB
3654,anatolij,1,-
3655,chrapczyński,1,-
3656,kyiv,1,-
3657,okupant,1,AAADAA
3658,niszczycielski,1,CBA
3659,wyrządzić,1,BBCA
3660,federacja,1,ADACBAA
3661,niedługo,1,FC
3662,przestrzegać,1,BDA
3663,wołodymyr,1,-
3664,zełenski,1,-
3665,eksplozja,1,ADACBAA
3666,słyszalny,1,CAB
3667,kijowa,1,-
3668,lwowa,1,-
3669,dronów,1,-
3670,ranna,1,ADACCBA
3671,załączyć,1,BCCA
3672,szczątki,1,AGBB
3673,obwód,1,ACAAAAA
3674,lwowski,1,-
3675,położony,1,CAB
3676,kwalifikować,1,BAAA
3677,reda,1,ADAAA
3678,cywilny,1,CAB
3679,wojenny,1,CAB
3680,zmasowany,1,BAAA
3681,moskwy,1,-
3682,panować,1,BAAA
3683,superpucharu,1,-
3684,rozgromić,1,BBCA
3685,rywalizacja,1,ADACBAA
3686,superpuchar,1,-
3687,toczyć,1,BCCA
3688,arabii,1,-
3689,saudyjskiej,1,-
3690,zdobywca,1,AABCBB
3691,athletikiem,1,-
3692,hansi,1,-
3693,flick,1,-
3694,jedenastka,1,ADAB
3695,szczęsnego,1,-
3696,gol,1,ABAABA
3697,roberta,1,-
3698,lewandowskiego,1,-
3699,ferran,1,-
3700,torres,1,-
3701,wprawdzie,1,GBBBA
3702,ambitnie,1,FB
3703,atakować,1,BAAA
3704,blaugrana,1,-
3705,opanować,1,BAAA
3706,strzelanie,1,AEBAA
3707,fermin,1,-
3708,lopez,1,-
3709,skiksować,1,BAAA
3710,spadły,1,CAB
3711,ferrana,1,-
3712,torresa,1,-
3713,snajper,1,AAACAAAB
3714,barcelony,1,-
3715,kwadrans,1,ACACACAA
3716,flicka,1,-
3717,ruszyć,1,BCCA
3718,nadbiegający,1,BDA
3719,fermina,1,-
3720,lopeza,1,-
3721,huknąć,1,BAEAA
3722,płasko,1,FC
3723,roony,1,-
3724,bardghji,1,-
3725,popisać,1,BAAFA
3726,przepuszczać,1,BDA
3727,zamierzać,1,BDA
3728,bezradny,1,CAB
3729,bramkowy,1,CAB
3730,przepiękny,1,CAB
3731,sekunda,1,ADAAA
3732,wybić,1,AEBAA
3733,rzut,1,ACAAAAA
3734,rożen,1,ACAABAA
3735,obrońca,1,AABCBB
3736,daniego,1,-
3737,viviana,1,-
3738,oihana,1,-
3739,sanceta,1,-
3740,zamieszanie,1,AEBAA
3741,blaugrany,1,-
3742,blokowany,1,BAAA
3743,dopaść,1,BAFAAAB
3744,wpakować,1,BAAA
3745,alejandro,1,-
3746,berenguer,1,-
3747,przestrzelić,1,BBCA
3748,zwolnili,1,-
3749,boisko,1,AEAAAA
3750,komplet,1,ACAAAAA
3751,odpowiednio,1,FA
3752,końcowy,1,CAB
3753,gomez,1,-
3754,joana,1,-
3755,garcii,1,-
3756,basek,1,ACABA
3757,wykreować,1,BAAA
3758,finałowy,1,CAB
3759,atletico,1,-
3760,realem,1,-
3761,wskrzeszać,1,BDA
3762,nowocześniejszy,1,CAB
3763,wyraźny,1,CAB
3764,zwrot,1,ACAAAAA
3765,jednogłośnie,1,FB
3766,przeżywać,1,BDA
3767,inspiracja,1,ADACBAA
3768,oś,1,ADCAAA
3769,reddit,1,-
3770,wyróżnienie,1,AEBAA
3771,zerwanie,1,AEBAA
3772,wszechobecnym,1,-
3773,nastrojowy,1,CAB
3774,ikona,1,ADAAA
3775,tasiemka,1,ADAB
3776,bogato,1,FA
3777,zdobiony,1,BBCA
3778,satynowy,1,CAB
3779,halkowe,1,-
3780,slip,1,-
3781,dress,1,-
3782,crop,1,-
3783,wyraźnie,1,FB
3784,brokat,1,ACAAAAA
3785,glam,1,-
3786,wypierać,1,BDA
3787,kojarzony,1,CAB
3788,quiet,1,-
3789,luxury,1,-
3790,subtelność,1,ADCCA
3791,wyrazistość,1,ADCCA
3792,dominujący,1,BAAA
3793,chłodny,1,CAB
3794,błękit,1,ACAAAAA
3795,blue,1,-
3796,makijaż,1,ACACAB
3797,wnętrze,1,AEBAA
3798,wpisywać,1,BAAB
3799,vibe,1,-
3800,młodzieńczy,1,CAA
3801,marzycielski,1,CBA
3802,glamoratti,1,-
3803,koronka,1,ADAB
3804,reinterpretacją,1,-
3805,bogatszy,1,CAB
3806,akcesorium,1,AED
3807,broszka,1,ADAB
3808,zoomersi,1,-
3809,zachwycić,1,BBCA
3810,aesthetic,1,-
3811,dyktować,1,BAAA
3812,odświeżony,1,CAB
3813,podarty,1,CAB
3814,kabaretki,1,-
3815,krata,1,ADAAA
3816,łączony,1,CAB
3817,designerskimi,1,-
3818,unisex,1,-
3819,tożsamość,1,ADCCA
3820,autowyrazu,1,-
3821,wzmocniony,1,BBCB
3822,niepokoić,1,BBCA
3823,ukojenie,1,AEBAA
3824,eskapizm,1,ACAAAAA
3825,prostszy,1,CAB
3826,buntować,1,BAAA
3827,sterylny,1,CAB
3828,wyciszony,1,CAB
3829,pozbawiony,1,BBCA
3830,kolorowy,1,CAB
3831,olą,1,-
3832,mikołajem,1,-
3833,borysem,1,-
3834,brzozowskim,1,-
3835,zaprowadzić,1,BBCA
3836,interpretacja,1,ADACBAA
3837,dostrzec,1,BAFCAB
3838,wstęp,1,ACAAAAA
3839,zaczynający,1,BDA
3840,litera,1,ADAAA
3841,drogi,1,ADAB
3842,fikuśny,1,CAB
3843,okładka,1,ADAB
3844,format,1,ACAAAAA
3845,kafelek,1,ACABBA
3846,skrin,1,-
3847,tekstowy,1,CAB
3848,niezrozumiały,1,CAB
3849,recytacja,1,ADACBAA
3850,wczucie się,1,-
3851,czytany,1,BDA
3852,fraza,1,ADAAA
3853,natłok,1,ACABA
3854,notatka,1,ADAB
3855,skleić,1,BBCA
3856,zapisek,1,ACABA
3857,mijany,1,BDA
3858,billboardzie,1,-
3859,zowąd,1,-
3860,intrygujący,1,BAAA
3861,nieokreślony,1,CAB
3862,zbiór,1,ACAAAAA
3863,pomyślany,1,CAB
3864,przełożenie,1,AEBAA
3865,idea,1,ADACBAA
3866,alternatywny,1,CAB
3867,zapraszany,1,BDA
3868,dzielenie,1,AEBAA
3869,przykładowy,1,CAB
3870,in,1,-
3871,grupowy,1,CAB
3872,fragment,1,ACAAAAA
3873,metoda,1,ADAAA
3874,blackout,1,-
3875,poetry,1,-
3876,zakreślany,1,BDA
3877,wykorzystany,1,BDA
3878,przyniesiony,1,CAB
3879,mikołaj,1,-
3880,borys,1,-
3881,brzozowski,1,-
3882,kuratorskoartystyczny,1,-
3883,styk,1,ACABA
3884,literatura,1,ADAAA
3885,performansu,1,-
3886,wspólnotowy,1,-
3887,postartystycznych,1,-
3888,różnorodny,1,CAB
3889,sąsiedzki,1,CBA
3890,spacer,1,ACAAAAA
3891,dotychczas,1,FC
3892,biblioteka,1,ADAB
3893,azyl,1,ACACAA
3894,pawilon,1,ACAAAAA
3895,staromiejski,1,CBA
3896,kończyć,1,BCCA
3897,zębu,1,-
3898,stoch,1,-
3899,najwybitniejszy,1,CAB
3900,chluba,1,ADAAA
3901,legendarny,1,CAB
3902,giewontem,1,-
3903,soczi,1,-
3904,pjongczang,1,-
3905,mistrzostwa,1,AGDAA
3906,drużynowa,1,ADACCBA
3907,kryształowy,1,CAB
3908,planica,1,-
3909,profesjonalista,1,AABDAA
3910,fach,1,ACAAAB
3911,życzliwy,1,CAB
3912,zawdzięczać,1,BDA
3913,stochu,1,-
3914,tatrami,1,-
3915,tatrzańskiego,1,-
3916,narodziny,1,AGAAA
3917,generacja,1,ADACBAA
3918,trener,1,AAACAAAB
3919,fenomenalny,1,CAB
3920,narciarstwo,1,AEAAAB
3921,sprowadzać,1,BDA
3922,szanować,1,BAAA
3923,całokształt,1,ACAAAAA
3924,skromność,1,ADCCA
3925,cecha,1,ADAAA
3926,czoło,1,AEAAAB
3927,portugalii,1,-
3928,piłkarz,1,AAABD
3929,osiedlić,1,BBCA
3930,emerytura,1,ADAAA
3931,portugalskiej,1,-
3932,zrezygnować,1,BAAA
3933,zamieszkanie,1,AEBAA
3934,posiadłości,1,AGBC
3935,rodrguez,1,-
3936,najgorętszy,1,CAB
3937,showbiznesu,1,-
3938,butików,1,-
3939,modowych,1,-
3940,madrycie,1,-
3941,oświadczyny,1,AGAAA
3942,zakochany,1,BDA
3943,kobierzec,1,ACACBC
3944,uroczystość,1,ADCCA
3945,quinta,1,-
3946,marinha,1,-
3947,kilometr,1,ACAABAA
3948,lizbony,1,-
3949,rezydencja,1,ADACBAA
3950,spekulować,1,BAAA
3951,posiadłość,1,ADCCA
3952,zakończenie,1,AEBAA
3953,piłkarski,1,CBA
3954,doczekać,1,BDA
3955,portugalski,1,-
3956,fama,1,ADAAA
3957,luksusowy,1,CAB
3958,rezygnacja,1,ADACBAA
3959,prywatności,1,-
3960,sąsiedni,1,CBB
3961,działka,1,ADAB
3962,oitavos,1,-
3963,chronić,1,BBCA
3964,transakcja,1,ADACBAA
3965,napotykać,1,BDA
3966,zaprojektować,1,BAAA
3967,architekt,1,AAADAA
3968,vitora,1,-
3969,vitorino,1,-
3970,kurz,1,ACACACB
3971,faraon,1,AAAAAA
3972,piramida,1,ADAAA
3973,portugalskim,1,-
3974,wyczekiwać,1,BAAC
3975,niezwykły,1,CAB
3976,odkrycie,1,AEBAA
3977,potworny,1,CAB
3978,wiktora,1,-
3979,sceniczny,1,CAB
3980,rozdział,1,ACAAAAA
3981,wyruszać,1,BDA
3982,konfrontować,1,BAAA
3983,gotycki,1,CBA
3984,człowieczeństwo,1,AEAAAB
3985,pierwotny,1,CAB
3986,mara,1,ADAAA
3987,wollstonecraft,1,-
3988,przybliżenie,1,AEBAA
3989,oryginalny,1,CAB
3990,wątek,1,ACABA
3991,groza,1,ADAAA
3992,widowisko,1,AEAAAA
3993,oczywisty,1,CAB
3994,j,1,-
3995,przyboś,1,-
3996,wiktorze,1,-
3997,mętlik,1,ACABA
3998,popkulturowe,1,-
3999,ludzki,1,CBA
4000,mrok,1,ACABA
4001,przeplatać,1,BDA
4002,tematycznie,1,FB
4003,charakterystyczny,1,CAB
4004,taniec,1,ACACBC
4005,akrobatyka,1,ADAB
4006,przesłaniać,1,BDA
4007,bogactwo,1,AEAAAB
4008,nadawać,1,BAAE
4009,głębia,1,ADACBAA
4010,rozbudowany,1,BAAA
4011,choreograficznie,1,FB
4012,przerzucać,1,BDA
4013,ciężkość,1,ADCCA
4014,burleskowy,1,CAB
4015,groteskowy,1,CAB
4016,dramatyczny,1,CAB
4017,wkraczać,1,BDA
4018,zastąpić,1,BBCA
4019,neutralność,1,ADCCA
4020,fakultatywny,1,CAB
4021,począć,1,BAFCB
4022,uzasadnienie,1,AEBAA
4023,rozporządzenie,1,AEBAA
4024,realizować,1,BAAA
4025,teoretyczny,1,CAB
4026,wskazany,1,BAAFA
4027,zjawisko,1,AEAAAA
4028,demokracja,1,ADACBAA
4029,wpływanie,1,AEBAA
4030,interakcja,1,ADACBAA
4031,załatwianie,1,AEBAA
4032,mechanizm,1,ACAAAAA
4033,równoważny,1,CAB
4034,monaster,1,ACAAAAA
4035,pustelnia,1,ADACBAA
4036,gołosiejewska,1,-
4037,patriarchat,1,ACAAAAA
4038,moskiewskiego,1,-
4039,regularny,1,CAB
4040,dziennikarski,1,CBA
4041,slidstvoinfo,1,-
4042,przykrywka,1,ADAB
4043,zapisanie,1,AEBAA
4044,działający,1,BDA
4045,szkółka,1,ADAB
4046,poranny,1,CAB
4047,popołudniowy,1,CAB
4048,zatrudniony,1,BBCB
4049,iż,1,GBBAB
4050,rytm,1,ACAAAAA
4051,harmonogram,1,ACAAAAA
4052,zgodny,1,CAB
4053,tygodniowy,1,CAB
4054,typowy,1,CAB
4055,używanie,1,AEBAA
4056,określany,1,BDA
4057,słowiański,1,CBA
4058,ukraińsku,1,-
4059,rosyjsku,1,-
4060,organizowany,1,BAAA
4061,pieśń,1,ADCCA
4062,dokumentacja,1,ADACBAA
4063,licencjonowany,1,BAAA
4064,przyjmowanie,1,AEBAA
4065,przyklasztorny,1,CAB
4066,publikacja,1,ADACBAA
4067,trwający,1,BDA
4068,zgodność,1,ADCCA
4069,zapobieganie,1,AEBAA
4070,przejaw,1,ACAAAAA
4071,równolegle,1,FB
4072,klasztor,1,ACAAAAA
4073,okoliczność,1,ADCCA
4074,powstanie,1,BAFABD
4075,uczęszczać,1,BDA
4076,zarejestrowan,1,-
4077,portfolio,1,-
4078,elektronika,1,AAACBA
4079,wyróżniać,1,BDA
4080,tło,1,AEAAAB
4081,konkurencja,1,ADACBAA
4082,mowa,1,ADAAA
4083,gen,1,ACAAAAA
4084,skrywać,1,BDA
4085,tajemnica,1,ADACABB
4086,naprzeciw,1,GBBAA
4087,frustrować,1,BAAA
4088,rozgrywka,1,ADAB
4089,ogarnąć,1,BAEAA
4090,internetowy,1,-
4091,przetworzyć,1,BCCA
4092,nudny,1,CAB
4093,słownictwo,1,AEAAAB
4094,żargon,1,ACAAAAA
4095,niespotykanym,1,-
4096,asystent,1,AAADAA
4097,głosowy,1,CAB
4098,kraken,1,-
4099,pro,1,-
4100,rozwikłać,1,BDA
4101,żartobliwy,1,CAB
4102,obrażający,1,BDA
4103,wyrażenie,1,AEBAA
4104,zasilać,1,BDA
4105,gamer,1,-
4106,copilot,1,-
4107,unikalny,1,CAB
4108,przetwarzanie,1,AEBAA
4109,nlp,1,-
4110,ułatwić,1,BBCA
4111,przycisnąć,1,BAEAA
4112,przycisk,1,ACABA
4113,niesamowicie,1,FC
4114,wyszukiwanie,1,AEBAA
4115,google,1,-
4116,zwiastun,1,AAADAA
4117,wgląd,1,ACAAAAA
4118,niecodzienny,1,CAB
4119,bełkot,1,ACAAAAA
4120,multiplayer,1,-
4121,twoi,1,AFFC
4122,wiekowy,1,CAB
4123,diablo,1,FC
4124,pc,1,-
4125,innowacja,1,ADACBAA
4126,topce,1,-
4127,powiększenie,1,AEBAA
4128,erasmus,1,-
4129,dziewięć,1,DBBA
4130,obszar,1,ACAAAAA
4131,integracja,1,ADACBAA
4132,cypru,1,-
4133,uwzględnienie,1,AEBAA
4134,socjalny,1,CAB
4135,odpady,1,AGAB
4136,uniidziesięć,1,-
4137,surowszy,1,CAB
4138,dziedzina,1,ADAAA
4139,czystszy,1,CAB
4140,objęty,1,BAFCB
4141,malty,1,-
4142,słowacka,1,-
4143,rozszerzenie,1,AEBAA
4144,hiszpański,1,ACD
4145,eksport,1,ACAAAAA
4146,włosek,1,ACABBA
4147,wymiana,1,ADAAA
4148,zwiększyć,1,BCCA
4149,zacieśnić,1,BBCB
4150,litwą,1,-
4151,szwecją,1,-
4152,dwudziestolecie,1,AEBAC
4153,przepływ,1,ACAAAAA
4154,przesada,1,ADAAA
4155,ujemny,1,CAB
4156,wiązać,1,BAAFA
4157,niebezpieczny,1,CAB
4158,sercowy,1,CAB
4159,zaostrzenie,1,AEBAA
4160,abc,1,-
4161,kardiolog,1,AAACBA
4162,n,1,-
4163,med,1,-
4164,american,1,-
4165,heart,1,-
4166,association,1,-
4167,zabójczy,1,CAA
4168,umierać,1,BDA
4169,kilkaset,1,DBJ
4170,siedzący,1,CAA
4171,palenie,1,AEBAA
4172,nadciśnienie,1,AEBAA
4173,dojście,1,AEBAA
4174,nasilenie,1,AEBAA
4175,lekarka,1,ADAB
4176,najszybciej,1,FC
4177,górny,1,CAB
4178,poważniejszy,1,CAB
4179,najkrótszy,1,CAB
4180,abczdrowie,1,-
4181,grabowski,1,-
4182,warszawskiego,1,-
4183,medyczny,1,CAB
4184,spopularyzować,1,BAAA
4185,skandynawki,1,-
4186,odzieżowy,1,CAB
4187,modowym,1,-
4188,twist,1,ABABAAA
4189,wielowarstwowy,1,CAB
4190,minusowy,1,CAB
4191,silniejszy,1,CAB
4192,ubieranie,1,AEBAA
4193,ubiór,1,ACAAAAA
4194,wizualny,1,CAB
4195,modowej,1,-
4196,fakturowo,1,-
4197,przykuwać,1,BDA
4198,nieoczywistymi,1,-
4199,łączenie,1,AEBAA
4200,jeansów,1,-
4201,midi,1,AEE
4202,wystający,1,CAA
4203,nonszalancko,1,FC
4204,tyć,1,AEBAA
4205,chusta,1,ADAAA
4206,przewiązany,1,BAAFA
4207,layeringu,1,-
4208,ocieplajace,1,-
4209,fantazyjny,1,CAB
4210,dozwolony,1,BBCA
4211,szafa,1,ADAAA
4212,bawełniany,1,CAB
4213,obcisły,1,CAB
4214,rękaw,1,ACAABAA
4215,golf,1,ABABAAA
4216,leginsy,1,-
4217,wełna,1,ADAAA
4218,merino,1,-
4219,najmodniejszy,1,CAB
4220,tunika,1,ADAB
4221,spodnie,1,CBB
4222,okrycie,1,AEBAA
4223,fason,1,ACAAAAA
4224,komponować,1,BAAA
4225,stroić,1,BBCA
4226,kolorystyczny,1,CAB
4227,spójny,1,CAB
4228,acz,1,-
4229,una,1,-
4230,cabeza,1,-
4231,skomponować,1,BAAA
4232,carlosa,1,-
4233,gardela,1,-
4234,tańczyć,1,BCCA
4235,otoczony,1,CAB
4236,gość,1,BBCA
4237,pacino,1,-
4238,slade,1,-
4239,gabrielle,1,-
4240,anwar,1,-
4241,donna,1,ADAAA
4242,zacny,1,CAB
4243,kaszuby,1,-
4244,administracyjny,1,CAB
4245,okolicznościowy,1,CAB
4246,gratulacyjny,1,CAB
4247,wiązanka,1,ADAB
4248,kaszubie,1,-
4249,maestro,1,AACABAB
4250,naczelny,1,AAEC
4251,dziekan,1,AAADAA
4252,dyrygentura,1,ADAAA
4253,symfonicznooperowej,1,-
4254,fryderyka,1,-
4255,chopina,1,-
4256,kaszubę,1,-
4257,meloman,1,AAADAA
4258,sympatyczny,1,CAB
4259,kudyba,1,-
4260,witać,1,BDA
4261,obdarzać,1,BDA
4262,wprawiać,1,BDA
4263,nastroić,1,BBCA
4264,szacowny,1,CAB
4265,łomżynianki,1,-
4266,malinowska,1,-
4267,absolwentka,1,ADAB
4268,adama,1,-
4269,mickiewicza,1,-
4270,tadeusza,1,-
4271,kościuszki,1,-
4272,lo,1,-
4273,danuta,1,-
4274,gosk,1,-
4275,kadrowa,1,ADACCAA
4276,łok,1,-
4277,fkwl,1,-
4278,namówić,1,BBCA
4279,łomżyńskiej,1,-
4280,zastępstwo,1,AEAAAB
4281,urlop,1,ACAAAAA
4282,macierzyński,1,CBA
4283,nieodżałowany,1,CAB
4284,szwedo,1,-
4285,chachaj,1,-
4286,profesjonalizm,1,ACAAAAA
4287,pracowitość,1,ADCCA
4288,miano,1,AEAAAB
4289,aktywny,1,CAB
4290,czterdziestoletni,1,CBB
4291,mila,1,ADACBABA
4292,solistka,1,ADAB
4293,solista,1,AABDAA
4294,dyrygent,1,AAADAA
4295,wiesław,1,-
4296,ochman,1,-
4297,paleczny,1,-
4298,konstanta,1,ADAAA
4299,kulka,1,ADAB
4300,jakowicz,1,-
4301,łomżyńską,1,-
4302,przechowywać,1,BAAB
4303,podziękowanie,1,AEBAA
4304,logistyczny,1,CAB
4305,wozić,1,BBCA
4306,systematyczny,1,CAB
4307,wczesnoprzedszkolnej,1,-
4308,półgodzinny,1,CAB
4309,uwrażliwianie,1,AEBAA
4310,wprowadzanie,1,AEBAA
4311,coroczny,1,CAB
4312,et,1,GAB
4313,musica,1,-
4314,proboszcz,1,AAAAB
4315,umowa,1,ADAAA
4316,pijana,1,ADACCBA
4317,szkockich,1,-
4318,drogowiec,1,AAACBA
4319,mph,1,-
4320,zastosować,1,BAAA
4321,uspokajanie,1,AEBAA
4322,ostrzegawczy,1,CAA
4323,wiodący,1,BAFCAA
4324,miejscowość,1,ADCCA
4325,dróżka,1,ADAB
4326,rozdzielający,1,BDA
4327,zygzak,1,ACABBA
4328,uzupełniać,1,BDA
4329,leeds,1,-
4330,university,1,-
4331,dowodzić,1,BBCA
4332,pionowy,1,CAB
4333,przesunięcie,1,AEBAA
4334,zwężenie,1,AEBAA
4335,iluzoryczny,1,CAB
4336,podzielony,1,BBCA
4337,przeznaczyć,1,BCCA
4338,załatanie,1,AEBAA
4339,kombinacja,1,ADACBAA
4340,daily,1,-
4341,record,1,-
4342,danny,1,-
4343,powstrzymanie,1,AEBAA
4344,zaoferować,1,BAAA
4345,sformułowany,1,BAAA
4346,uchodźstwo,1,AEAAAB
4347,misleya,1,-
4348,mandarina,1,-
4349,przesłać,1,BAAFA
4350,conservativepost,1,-
4351,mandarin,1,-
4352,ostrzec,1,BAFCAB
4353,strategicznie,1,FB
4354,mauritius,1,-
4355,zależny,1,CAB
4356,chin,1,-
4357,potencjalny,1,CAB
4358,namawiać,1,BDA
4359,zablokowanie,1,AEBAA
4360,zapobiec,1,BAFAAB
4361,chiński,1,CBA
4362,ingerencja,1,ADACBAA
4363,nieodzowny,1,CAB
4364,pozostawienie,1,AEBAA
4365,brytyjskoamerykańską,1,-
4366,poddać,1,BDC
4367,brytyjskim,1,-
4368,parlament,1,ACAAAAA
4369,dzierżawiony,1,BBCA
4370,maurytyjskim,1,-
4371,lexpress,1,-
4372,wypłacony,1,BBCA
4373,funt,1,ABABAAA
4374,brytyjskiego,1,-
4375,londyński,1,-
4376,ścinać,1,BDA
4377,choinka,1,ADAB
4378,dojrzeć,1,BAD
4379,ustawiany,1,BDA
4380,nieustawiane,1,-
4381,ściąć,1,BAFCB
4382,wnieść,1,BAFCAA
4383,przesłanie,1,AEBAA
4384,grzegorza,1,-
4385,podium,1,AED
4386,życzenie,1,AEBAA
4387,zajączkowskiejhernik,1,-
4388,bogdana,1,-
4389,rymanowskiego,1,-
4390,zachęcający,1,BDA
4391,polexitu,1,-
4392,społecznościowe,1,-
4393,analizujący,1,BAAA
4394,skrajny,1,CAB
4395,ubiec,1,BAFAAB
4396,reprezentant,1,AAADAA
4397,prawy,1,CAB
4398,analityk,1,AAACBA
4399,mentzen,1,-
4400,indywidualnie,1,FB
4401,bezkonkurencyjnie,1,FB
4402,lewica,1,ADACABB
4403,korona,1,ADAAA
4404,zdominowania,1,-
4405,tiktoka,1,-
4406,pula,1,ADACBABA
4407,ekosystem,1,ACAAAAA
4408,ranking,1,-
4409,oglądany,1,BDA
4410,zbadać,1,BDA
4411,jaszczur,1,ABABAAA
4412,ludwiczek,1,-
4413,izraelu,1,-
4414,lgbt,1,-
4415,kontra,1,ADAAA
4416,bartosiak,1,-
4417,bosak,1,ACABBA
4418,sylwester,1,ABABAAA
4419,zemsta,1,ADAAA
4420,bąkiewicz,1,-
4421,karać,1,BAAFA
4422,wenezuelę,1,-
4423,wywieźć,1,BAFCAA
4424,podsumowywać,1,BAAB
4425,olszański,1,-
4426,jaruzelska,1,-
4427,przekąsem,1,-
4428,stanowskiego,1,-
4429,przybywać,1,BDA
4430,wiec,1,ACACACB
4431,afera,1,ADAAA
4432,głośno,1,FA
4433,obiec,1,BAFAAB
4434,ubrany,1,BAAFA
4435,przedstawiać,1,BDA
4436,udostępniany,1,BDA
4437,patriotyzm,1,ACAAAAA
4438,normalność,1,ADCCA
4439,eurokołchozu,1,-
4440,bruksela,1,-
4441,płacz,1,ACACACB
4442,rozlany,1,BAFBD
4443,mleko,1,AEAAAA
4444,zezwalać,1,BDA
4445,rozpowszechnianie,1,AEBAA
4446,wyrządzać,1,BDA
4447,szkoda,1,ADAAA
4448,społeczność,1,ADCCA
4449,wprowadzający,1,BDA
4450,komisja,1,ADACBAA
4451,skopiowany,1,BAAA
4452,smycz,1,ADCAB
4453,cenzura,1,ADAAA
4454,gęba,1,ADAAA
4455,białoruś,1,-
4456,prawilnymi,1,-
4457,analiza,1,ADAAA
4458,akcjaz,1,-
4459,precyzyjnie,1,FB
4460,anglojęzycznego,1,-
4461,patriotyczny,1,CAB
4462,przejęcie,1,AEBAA
4463,obserwujący,1,BAAA
4464,ominięcie,1,AEBAA
4465,blokada,1,ADAAA
4466,propagandowy,1,CAB
4467,rozkręcony,1,BBCA
4468,kontrowersyjny,1,CAB
4469,zdwojony,1,BBCA
4470,wygenerować,1,-
4471,wypełniać,1,BDA
4472,dotarcie,1,AEBAA
4473,gawkowski,1,-
4474,skrajnie,1,FB
4475,wpisanie,1,AEBAA
4476,eurokołchoz,1,-
4477,wygenerowało,1,-
4478,polubienie,1,AEBAA
4479,prowokacyjny,1,CAB
4480,owsiak,1,-
4481,pośrednictwo,1,AEAAAB
4482,owsiaka,1,-
4483,półtora,1,DF
4484,orzec,1,BAFAABA
4485,lęborku,1,-
4486,kant,1,ACAAAAA
4487,bankructwo,1,AEAAAB
4488,wywłaszczenie,1,AEBAA
4489,polexitem,1,-
4490,roić,1,BBCA
4491,wygenerowanych,1,-
4492,realnie,1,FB
4493,komentujący,1,BAAA
4494,podłapać,1,BAAFA
4495,parioduje,1,-
4496,tiktokowy,1,-
4497,hej,1,GAB
4498,zwolennik,1,AAACBA
4499,dobrobyt,1,ACAAAAA
4500,znajda,1,AABCBAA
4501,kiełbasa,1,ADAAA
4502,niemców,1,-
4503,wygenerowany,1,-
4504,polak,1,-
4505,jonathana,1,-
4506,obchodzić,1,BBCA
4507,wyminąć,1,BAEAB
4508,szyba,1,ADAAA
4509,imigrant,1,AAADAA
4510,krążący,1,CAA
4511,staranować,1,BAAA
4512,najnowsze,1,-
4513,news,1,-
4514,uśmiechający się,1,-
4515,kanapa,1,ADAAA
4516,zidentyfikować,1,BAAA
4517,jonathan,1,-
4518,potrącić,1,BBCA
4519,oskarżać,1,BDA
4520,beccę,1,-
4521,wysiąść,1,BAFCAA
4522,obchodzący,1,CAA
4523,zaczepiać,1,BDA
4524,proponować,1,BAAA
4525,byś,1,-
4526,lunch,1,-
4527,chwytać,1,BDA
4528,pasażer,1,AAAAAA
4529,podniesiony,1,CAB
4530,jo,1,-
4531,szarpać,1,BAAFA
4532,tył,1,BAFB
4533,przód,1,ACAAAAA
4534,uniknąć,1,BAEAA
4535,kochanie,1,AEBAA
4536,lusterko,1,AEAAAA
4537,odjeżdżający,1,BDA
4538,jęknięcie,1,AEBAA
4539,wystrzał,1,ACAAAAA
4540,zaparkowany,1,BAAA
4541,auto,1,AEAAAB
4542,piera,1,-
4543,suka,1,ADAB
4544,kirsti,1,-
4545,sekretarz,1,AAABD
4546,kierujący,1,BAAA
4547,suvem,1,-
4548,immunitet,1,ACAAAAA
4549,hospitalizować,1,BAAA
4550,rozbity,1,BAFB
4551,tłumaczenie,1,AEBAA
4552,tim,1,-
4553,walz,1,-
4554,gubernator,1,AAACAAAB
4555,użyć,1,AEBAA
4556,gwardia,1,ADACBAA
4557,krótko,1,FA
4558,wyłączność,1,ADCCA
4559,przeciw,1,GBBAA
4560,sprzeciw,1,ACAAAAA
4561,chicago,1,-
4562,protestujący,1,BAAA
4563,ułożyć,1,BCCA
4564,znicz,1,ACACBBA
4565,trąbić,1,BBCA
4566,klakson,1,ACAAAAA
4567,nocować,1,BAAA
4568,hampton,1,-
4569,hill,1,-
4570,zakwaterowanie,1,AEBAA
4571,złośliwość,1,ADCCA
4572,pożalić się,1,-
4573,reutersangelina,1,-
4574,katsanis,1,-
4575,skoordynowany,1,BAAA
4576,świadczenia,1,AGDAA
4577,zarezerwować,1,BAAA
4578,rządowy,1,CAB
4579,email,1,-
4580,stawek,1,ACABA
4581,złośliwie,1,FB
4582,anulować,1,BAAA
4583,niedopuszczalny,1,CAB
4584,morderca,1,AABCBB
4585,gwałciciel,1,AAABCA
4586,podważać,1,BDA
4587,egzekwowanie,1,AEBAA
4588,historyk,1,AAACBA
4589,timothy,1,-
4590,umieszczony,1,CAB
4591,potępiać,1,BDA
4592,eskalacja,1,ADACBAA
4593,wycofać,1,BDA
4594,zamordować,1,BAAA
4595,swe,1,EDAAB
4596,wspólnik,1,AAACBA
4597,zabójstwo,1,AEAAAB
4598,usprawiedliwienie,1,AEBAA
4599,daleko,1,FA
4600,promieniować,1,BAAA
4601,odnaleźć,1,BAFCAA
4602,pielęgnować,1,BAAA
4603,chrześcijanka,1,ADAB
4604,nauczać,1,BDA
4605,troszczyć się,1,-
4606,integralność,1,ADCCA
4607,appla,1,-
4608,aplikacja,1,ADACBAA
4609,ostrzegający,1,BDA
4610,usatrumpmigrationice,1,-
4611,przystać,1,BAFABD
4612,zabrany,1,BAAFA
4613,gwizdek,1,ACABBA
4614,uczcić,1,BBCB
4615,nienawiść,1,ADCCA
4616,współczucie,1,AEBAA
4617,odwracać,1,BDA
4618,dążyć,1,BCCA
4619,świeca,1,ADACABB
4620,odciąć,1,BAFCB
4621,przygotowany,1,BAAA
4622,jarosławem,1,-
4623,chlebdą,1,-
4624,skontaktować,1,BAAA
4625,dna,1,ADAAA
4626,szlak,1,ACABA
4627,dwanaście,1,DBCA
4628,czternaście,1,DBCA
4629,wszędzie,1,GBABB
4630,podpisywać,1,BAAB
4631,niepołomic,1,-
4632,przejmować,1,BAAA
4633,skrupulatnie,1,FB
4634,wypijać,1,BDA
4635,głupio,1,FA
4636,espresso,1,-
4637,gdybym,1,-
4638,wypić,1,AEBAA
4639,niebezpiecznie,1,FB
4640,męczennik,1,AAACBA
4641,posprowadzali,1,-
4642,tutejszy,1,AAEC
4643,szeregowiec,1,AAACBA
4644,tańszy,1,CAB
4645,posługiwać,1,BAAC
4646,nastawienie,1,AEBAA
4647,tradycyjnie,1,FB
4648,wręczany,1,BDA
4649,pojęcie,1,AEBAA
4650,umowny,1,CAB
4651,wkładać,1,BDA
4652,gotówka,1,ADAB
4653,upierać się,1,-
4654,negocjować,1,BAAA
4655,całoroczny,1,CAB
4656,posługę,1,-
4657,składany,1,BDA
4658,libiąża,1,-
4659,maleńka,1,ADACCBB
4660,synek,1,AAAAB
4661,gnębiony,1,BBCA
4662,naoglądał,1,-
4663,bogaty,1,AAEC
4664,liczny,1,CAB
4665,odnowiony,1,BBCA
4666,schodowy,1,CAB
4667,marmur,1,ACAAAAA
4668,mijać,1,BDA
4669,apartament,1,ACAAAAA
4670,turysta,1,AABDAA
4671,skromniejszy,1,CAB
4672,błoto,1,AEAAAB
4673,oficyna,1,ADAAA
4674,zniszczony,1,CAB
4675,xxi,1,-
4676,xixwiecznych,1,-
4677,urządzić,1,BBCA
4678,hostel,1,-
4679,wyjmować,1,BAAA
4680,bezradność,1,ADCCA
4681,kolędowanie,1,AEBAA
4682,przysiółek,1,ACABBA
4683,dosłownie,1,FB
4684,niepołomickiej,1,-
4685,rozplanować,1,BAAA
4686,zaskoczony,1,CAB
4687,popełnić,1,BBCA
4688,wychowywać,1,BAAB
4689,religijnie,1,FB
4690,praktykować,1,BAAA
4691,podpowiadać,1,BDA
4692,msza,1,ADACAA
4693,modlić się,1,-
4694,wizytówka,1,ADAB
4695,agresja,1,ADACBAA
4696,chęć,1,ADCCA
4697,chlebdzie,1,-
4698,podstolic,1,-
4699,święcenia,1,AGDAA
4700,kapłański,1,CBA
4701,franciszka,1,-
4702,macharskiego,1,-
4703,katedra,1,ADAAA
4704,wawelskiej,1,-
4705,oficer,1,AAAAAA
4706,wojsko,1,AEAAAA
4707,szykować,1,BAAA
4708,musicalowy,1,CAB
4709,rapować,1,-
4710,widzki,1,-
4711,rap,1,ABABAAA
4712,upadek,1,ACABA
4713,komunizm,1,ACAAAAA
4714,szyngiery,1,-
4715,webbera,1,-
4716,mikosza,1,-
4717,gdański,1,CBA
4718,szekspirowskim,1,-
4719,wyprzedać,1,BDC
4720,afisz,1,ACACBC
4721,zagościć,1,BBCA
4722,repertuar,1,ACAAAAA
4723,fryderyk,1,-
4724,nakład,1,ACAAAAA
4725,universal,1,-
4726,music,1,-
4727,bisza,1,-
4728,zatem,1,GBBAB
4729,atmosfera,1,ADAAA
4730,podkręcać,1,BDA
4731,zimowlę,1,-
4732,dominiki,1,-
4733,słowik,1,ABAC
4734,smok,1,ABAC
4735,adaptacja,1,ADACBAA
4736,gatsbyego,1,-
4737,francisa,1,-
4738,scotta,1,-
4739,fitzgeralda,1,-
4740,michała,1,-
4741,najciekawszy,1,CAB
4742,raperów,1,-
4743,tekściarzy,1,-
4744,antygonie,1,-
4745,duet,1,ACAAAAA
4746,rapowanym,1,-
4747,pomost,1,ACAAAAA
4748,antyczny,1,CAB
4749,żyjący,1,BAFB
4750,bohaterstwo,1,AEAAAB
4751,zagubienie,1,AEBAA
4752,niepewność,1,ADCCA
4753,bratobójczy,1,CAA
4754,niesprawny,1,CAB
4755,odbudować,1,BAAA
4756,wojować,1,BAAA
4757,kreować,1,BAAA
4758,wrogi,1,CBA
4759,miecz,1,ACACBBA
4760,pojednanie,1,AEBAA
4761,nastąpić,1,BBCA
4762,rozliczać,1,BDA
4763,kazana,1,-
4764,ast,1,-
4765,kościelniak,1,-
4766,dominika,1,-
4767,kozłowska,1,-
4768,anna,1,-
4769,tomaszewska,1,-
4770,dolatowski,1,-
4771,maciej,1,-
4772,jackowski,1,-
4773,łukawski,1,-
4774,malchar,1,-
4775,sławomir,1,-
4776,rokita,1,ADAAA
4777,dominik,1,-
4778,stroka,1,-
4779,zięba,1,ADAAA
4780,wanda,1,-
4781,skorny,1,-
4782,kubasiewicz,1,-
4783,michałem,1,-
4784,scenografia,1,ADACBAA
4785,kostium,1,ACAAAAA
4786,opracować,1,BAAA
4787,mirek,1,-
4788,kaczmarek,1,-
4789,choreografia,1,ADACBAA
4790,maćko,1,-
4791,Prusak,1,AAACBA
4792,natan,1,-
4793,zuzanna,1,-
4794,skoliaspakuła,1,-
4795,szkic,1,ACACACB
4796,oliwia,1,-
4797,kuc,1,ABAAAB
4798,inspicjent,1,AAADAA
4799,bartłomiej,1,-
4800,oskarbski,1,-
4801,rajski,1,CBA
4802,teatrwkrakowiepl,1,-
4803,wymysł,1,ACAAAAA
4804,zachcianka,1,ADAB
4805,zapowiedź,1,ADCCA
4806,sobotni,1,CBB
4807,policzyć,1,BCCA
4808,podsumowujący,1,CAA
4809,wyłączenie,1,AEBAA
4810,huta,1,ADAAA
4811,swoszowic,1,-
4812,wjeżdżać,1,BDA
4813,spełniający,1,BDA
4814,kryterium,1,AED
4815,zanieczyszczenie,1,AEBAA
4816,emitować,1,BAAA
4817,cennik,1,ACABBA
4818,sprzeciwiać się,1,-
4819,usuwanie,1,AEBAA
4820,czysta,1,ADACCBA
4821,stc,1,-
4822,tlenek,1,ACABA
4823,azot,1,ACAAAAA
4824,stężenie,1,AEBAA
4825,ciągle,1,FC
4826,przekraczany,1,BDA
4827,zechcieć,1,BACA
4828,abonament,1,ACAAAAA
4829,zabarwiony,1,BBCA
4830,niszczący,1,CAA
4831,uświadomić,1,BBCA
4832,zakopianka,1,-
4833,ściśle,1,FB
4834,art,1,-
4835,elektromobilności,1,-
4836,przeznaczony,1,CAB
4837,autobus,1,ACAAAAA
4838,zeroemisyjnych,1,-
4839,złotówka,1,ADAB
4840,łata,1,ADAAA
4841,zaprzeczać,1,BDA
4842,zameldowany,1,BAAA
4843,płacący,1,CAA
4844,wyłączony,1,CAB
4845,płacenie,1,AEBAA
4846,krakowem,1,-
4847,rozliczenie,1,AEBAA
4848,podatkowy,1,CAB
4849,obaj,1,DABAA
4850,zadowolony,1,BBCA
4851,zezwolenie,1,AEBAA
4852,zdementować,1,BAAA
4853,fakenews,1,-
4854,strażnik,1,AAACBA
4855,skontrolować,1,BAAA
4856,ukarać,1,BAAFA
4857,strażnica,1,ADACABB
4858,notoryczny,1,CAB
4859,łamanie,1,AEBAA
4860,ukarany,1,BAAFA
4861,wojtacha,1,-
4862,podsumować,1,BAAA
4863,techniczny,1,CAB
4864,aktualnie,1,FB
4865,kontrolujący,1,BAAA
4866,zamontowany,1,BAAA
4867,docelowo,1,FC
4868,oznakować,1,BAAA
4869,strefomatów,1,-
4870,skraść,1,BAFAAAA
4871,lokalizacja,1,ADACBAA
4872,rów,1,ACAAAAA
4873,pomalowany,1,BAAA
4874,sprayem,1,-
4875,skradziony,1,CAB
4876,zakupowej,1,-
4877,pyclik,1,-
4878,monitoringu,1,-
4879,niszczony,1,CAB
4880,zamalować,1,BAAA
4881,poprawiać,1,BDA
4882,trzepak,1,ACABBA
4883,niepochlebny,1,CAB
4884,siedziba,1,ADAAA
4885,ekologia,1,ADACBAA
4886,naszą,1,-
4887,najsłabszy,1,CAB
4888,zamożny,1,CAB
4889,małopolski,1,-
4890,stop,1,ACAAAAA
4891,korek,1,ACABBA
4892,zmotoryzowany,1,BAAA
4893,obowiązywać,1,BAAB
4894,miast,1,FC
4895,katowicach,1,-
4896,katowic,1,-
4897,zobowiązywać,1,BAAB
4898,śląska,1,-
4899,przekraczanie,1,AEBAA
4900,milowy,1,CAB
4901,odbudowa,1,ADAAA
4902,unijnych,1,-
4903,niedotrzymanie,1,-
4904,zobowiązanie,1,AEBAA
4905,wdrożyć,1,BCCA
4906,opracowywanie,1,AEBAA
4907,zwierzak,1,ABAC
4908,prognoza,1,ADAAA
4909,zapewniający,1,BDA
4910,komfort,1,ACAAAAA
4911,mieszkający,1,BDA
4912,opieka,1,ADAB
4913,czujny,1,CAB
4914,zabijać,1,BDA
4915,przypięty,1,BAFCB
4916,buda,1,ADAAA
4917,okienko,1,AEAAAA
4918,piwniczny,1,CAB
4919,dokarmianie,1,AEBAA
4920,alarmować,1,BAAA
4921,czyjś,1,EAD
4922,ktoz,1,-
4923,zareagować,1,BAAA
4924,rybny,1,CAB
4925,odzew,1,ACAAAAA
4926,apel,1,ACACAA
4927,przygarnąć,1,BAEAA
4928,mombaja,1,-
4929,kristin,1,-
4930,vogt,1,-
4931,pexels,1,-
4932,rzezawa,1,-
4933,powiat,1,ACAAAAA
4934,bocheński,1,-
4935,zawieść,1,BAFCAA
4936,waszą,1,-
4937,załoga,1,ADAB
4938,komfortowo,1,FC
4939,zmarzły,1,CAB
4940,józefa,1,-
4941,chełmońskiego,1,-
4942,kalendarz,1,ACACBBA
4943,pękać,1,BDA
4944,szew,1,ACAAAAA
4945,summer,1,-
4946,unsound,1,-
4947,misteria,1,AGDB
4948,paschalia,1,-
4949,profanum,1,-
4950,juniors,1,-
4951,mastercard,1,-
4952,camera,1,-
4953,kinobranie,1,-
4954,literacki,1,CBA
4955,miłosza,1,-
4956,conrada,1,-
4957,patchlab,1,-
4958,robbiego,1,-
4959,williamsa,1,-
4960,bryana,1,-
4961,adamsa,1,-
4962,roda,1,-
4963,stewarta,1,-
4964,marcusa,1,-
4965,millera,1,-
4966,wzruszać,1,BDA
4967,zobrazować,1,BAAA
4968,prestiż,1,ACACACB
4969,mapa,1,ADAAA
4970,włodek,1,-
4971,pendereckiego,1,-
4972,duma,1,ADAAA
4973,kształcić,1,BBCA
4974,mirosława,1,-
4975,herbowskiego,1,-
4976,mileny,1,-
4977,kędry,1,-
4978,xix,1,-
4979,edycja,1,ADACBAA
4980,śledzić,1,BBCA
4981,wieścić,1,BBCA
4982,tauron,1,-
4983,kompletny,1,CAB
4984,cisza,1,ADACABB
4985,ballada,1,ADAAA
4986,przylecieć,1,BBBA
4987,hard,1,-
4988,soft,1,-
4989,fanami,1,-
4990,puszczany,1,BDA
4991,serdecznie,1,FB
4992,oczarować,1,BAAA
4993,szczerość,1,ADCCA
4994,dystans,1,ACACACA
4995,józefie,1,-
4996,chełmońskim,1,-
4997,oldze,1,-
4998,portretujący,1,BAAA
4999,majestatyczny,1,CAB
5000,przedstawiający,1,BDA
5001,bocian,1,ABABAAA
5002,chełmoński,1,-
5003,kilkuletni,1,CBB
5004,badawczoekspozycyjny,1,-
5005,zwiedzać,1,BDA
5006,pamiątka,1,ADAB
5007,artystka,1,ADAB
5008,boznańska,1,-
5009,kameralnie,1,FB
5010,skan,1,-
5011,gulis,1,-
5012,potraktować,1,BAAA
5013,stworzenie,1,AEBAA
5014,pełnoprawny,1,CAB
5015,zwierzkańców,1,-
5016,mamut,1,ABABAAA
5017,dzik,1,AAADBA
5018,gołąb,1,ABAABA
5019,aligatorzycą,1,-
5020,wzruszający,1,BDA
5021,powstały,1,BAFABD
5022,bednarski,1,CBA
5023,spacerować,1,BAAA
5024,most,1,ACAAAAA
5025,podmokły,1,CAB
5026,multimedialną,1,-
5027,międzymurze,1,-
5028,zbrojownia,1,ADACBAA
5029,bunkier,1,ACAABAA
5030,świętować,1,BAAA
5031,grafiozbiór,1,-
5032,migotliwy,1,CAB
5033,konfiguracja,1,ADACBAA
5034,zapachowy,1,CAB
5035,mocak,1,-
5036,janickiego,1,-
5037,dzienny,1,CAB
5038,nocny,1,CAB
5039,kolekcja,1,ADACBAA
5040,radosława,1,-
5041,kotarskiego,1,-
5042,youtubera,1,-
5043,podcastera,1,-
5044,obiecywać,1,BAAB
5045,szczegółowo,1,FA
5046,raportować,1,BAAA
5047,aleksandrowi,1,-
5048,plebiscyt,1,ACAAAAA
5049,bombardowany,1,BAAA
5050,skrzyknąć,1,BAEAA
5051,poważnie,1,FB
5052,włączyć,1,BCCA
5053,zapaść,1,ADCCA
5054,nieoficjalnie,1,FB
5055,dowiadywać się,1,-
5056,zagłosować,1,-
5057,badany,1,BDA
5058,zagadkowo,1,FC
5059,odnoga,1,ADAB
5060,zadłużenie,1,AEBAA
5061,skumulować,1,BAAA
5062,miliard,1,ACAABAA
5063,przeliczenie,1,AEBAA
5064,najgorszy,1,AEBAB
5065,niespełna,1,GBBBBBA
5066,odziedziczony,1,CAB
5067,poprzednik,1,AAACBA
5068,majchrowski,1,-
5069,zadłużyć,1,BCCA
5070,przebić,1,AEBAA
5071,starobrat,1,-
5072,zadowolenie,1,AEBAA
5073,przeprowadzony,1,BBCA
5074,alarm,1,ACAAAAA
5075,smogowego,1,-
5076,ankietowany,1,BAAA
5077,poprzeć,1,BABA
5078,nieprzepisowy,1,CAB
5079,aut,1,ACAAAAA
5080,zwolniony,1,BBCB
5081,restrykcyjny,1,CAB
5082,uchwalony,1,BBCA
5083,zobowiązany,1,BAAFA
5084,sejmik,1,ACABA
5085,małopolskiego,1,-
5086,dymisja,1,ADACBAA
5087,wieloletni,1,CBB
5088,wywóz,1,ACAAAAA
5089,śmiecić,1,BBCA
5090,płacić,1,BBCA
5091,odpłatny,1,CAB
5092,niedawny,1,CAB
5093,odpłatność,1,ADCCA
5094,podstrefie,1,-
5095,wydłużyć,1,BCCA
5096,obowiązywanie,1,AEBAA
5097,przeciętna,1,ADACCBA
5098,rocznie,1,FC
5099,dzielony,1,BBCA
5100,intratny,1,CAB
5101,posada,1,ADAAA
5102,przyznany,1,BDA
5103,brutto,1,CD
5104,wypłacany,1,BDA
5105,odchodne,1,-
5106,zgarnąć,1,BAEAA
5107,bogusław,1,-
5108,kośmider,1,-
5109,holding,1,ACABA
5110,dorzucać,1,BDA
5111,mianowicie,1,GBBAB
5112,wywieszanie,1,AEBAA
5113,flaga,1,ADAB
5114,eksponowanie,1,AEBAA
5115,patronat,1,ACAAAAA
5116,niepodległość,1,ADCCA
5117,rzeź,1,ADCAAA
5118,wołyńskiej,1,-
5119,obchody,1,AGAB
5120,pochód,1,ACAAAAA
5121,hipokryzja,1,ADACBAA
5122,wyprawiać,1,BDA
5123,trzaskowski,1,-
5124,przypodobać się,1,-
5125,propagować,1,BAAA
5126,święcie,1,FC
5127,skrytykować,1,BAAA
5128,tfu,1,GAB
5129,moralnie,1,FB
5130,społecznościowym,1,-
5131,antykościelnych,1,-
5132,lansować,1,BAAA
5133,odwoławczy,1,CAA
5134,zaglądać,1,BDA
5135,konkludować,1,BAAA
5136,słabszy,1,CAB
5137,kaczyńskiego,1,-
5138,pesel,1,-
5139,średnio,1,FC
5140,odrzucony,1,BBCA
5141,głosować,1,BAAA
5142,mądrze,1,FB
5143,hurra,1,GAB
5144,zirytowany,1,BAAA
5145,zdeterminowany,1,BAAA
5146,filipowicza,1,-
5147,częstochowie,1,-
5148,mamprawowiedziećpl,1,-
5149,doprowadzenie,1,AEBAA
5150,zbieranie,1,AEBAA
5151,łączeń,1,AEBAA
5152,samorządowców,1,-
5153,odwołany,1,BDA
5154,obronić,1,BBCA
5155,sopotu,1,-
5156,karnowski,1,-
5157,wiążący,1,BAAFA
5158,prezydentka,1,-
5159,zabrza,1,-
5160,inicjator,1,AAACAAAB
5161,szum,1,ACAAAAA
5162,zasiać,1,BAFBD
5163,rozpoznawalność,1,-
5164,karta,1,ABABAAA
5165,wizerunkowy,1,-
5166,socjolog,1,AAACBA
5167,jagiellońskiego,1,-
5168,gonić,1,BBCA
5169,króliczek,1,ABAC
5170,obrazowo,1,FC
5171,skromny,1,CAB
5172,zerowy,1,CAB
5173,opozycja,1,ADACBAA
5174,skapitalizować,1,-
5175,wizerunkowym,1,-
5176,uważnie,1,FB
5177,wyciągać,1,BDA
5178,ewentualny,1,CAB
5179,kmita,1,-
5180,zdobycie,1,AEBAA
5181,wassermann,1,-
5182,jackiem,1,-
5183,majchrowskim,1,-
5184,konrad,1,-
5185,wybryk,1,ACABA
5186,ikei,1,-
5187,wygrana,1,ADACCBA
5188,rządzić,1,BBCA
5189,zaangażować,1,BAAA
5190,prawdziwie,1,FB
5191,limit,1,ACAAAAA
5192,klapa,1,ADAAA
5193,nadużycie,1,AEBAA
5194,sporządzanie,1,AEBAA
5195,umorzony,1,CAB
5196,szkodliwość,1,ADCCA
5197,cięcie,1,AEBAA
5198,rozczarowany,1,BAAA
5199,niezadowolony,1,CAB
5200,najgłośniej,1,FC
5201,referendalnej,1,-
5202,nieprzychylny,1,CAB
5203,kolejność,1,ADCCA
5204,wywołanie,1,AEBAA
5205,utrudnienie,1,AEBAA
5206,rozwiązywanie,1,AEBAA
5207,dostawać,1,BAAE
5208,populistyczne,1,-
5209,podnoszony,1,BBCA
5210,oponent,1,AAADAA
5211,niespójny,1,CAB
5212,krytykować,1,BAAA
5213,zastać,1,BAFABD
5214,wprowadzany,1,BDA
5215,ratować,1,BAAA
5216,uzdrawiać,1,BDA
5217,finanse,1,AGCB
5218,skonstruować,1,BAAA
5219,zarządzać,1,BDA
5220,odpierać,1,BDA
5221,kolesiostwo,1,-
5222,kolesi,1,-
5223,populistyczny,1,-
5224,zatrudniać,1,BDA
5225,przejrzysty,1,CAB
5226,nabór,1,ACAAAAA
5227,przyjęty,1,BAFCB
5228,złożenie,1,AEBAA
5229,zawiadomienie,1,AEBAA
5230,komisarz,1,AAABD
5231,zamiar,1,ACAAAAA
5232,startujący,1,BAAA
5233,załamany,1,BAAFA
5234,zjadać,1,BDA
5235,kajzerka,1,ADAB
5236,prawidłowy,1,CAB
5237,właściwy,1,CAB
5238,przekąska,1,ADAB
5239,spożywanie,1,AEBAA
5240,pełnoziarnistych,1,-
5241,błonnik,1,ACABBA
5242,razowy,1,CAB
5243,przemiał,1,ACAAAAA
5244,dostarczać,1,BDA
5245,witamina,1,ADAAA
5246,grypa,1,ADAAA
5247,cynk,1,ACABA
5248,magnez,1,ACAAAAA
5249,owsiany,1,CAB
5250,górski,1,CBA
5251,f,1,-
5252,pełnoziarniste,1,-
5253,wspomagać,1,BDA
5254,perystaltyka,1,ADAB
5255,jelito,1,AEAAAB
5256,niewiedza,1,ADACABB
5257,małopolskich,1,-
5258,pozytywnie,1,FB
5259,negatywnie,1,FB
5260,wpływający,1,BDA
5261,samopoczucie,1,AEBAA
5262,higieniczny,1,CAB
5263,mycie,1,AEBAA
5264,odzież,1,ADCAB
5265,bielizna,1,ADAAA
5266,żywienie,1,AEBAA
5267,etykieta,1,ADAAA
5268,odżywczy,1,CAA
5269,alergen,1,ACAAAAA
5270,zbilansować,1,BAAA
5271,nadwaga,1,ADAB
5272,insulinooporność,1,-
5273,stosowanie,1,AEBAA
5274,uzależnienie,1,AEBAA
5275,rozpoznawać,1,BAAE
5276,chorobowe,1,AEBBB
5277,skórny,1,CAB
5278,brzuch,1,ACAABB
5279,wymioty,1,AGAB
5280,stolec,1,ACACBC
5281,cywilizacyjny,1,CAB
5282,zakaźny,1,CAB
5283,szczepienie,1,AEBAA
5284,zinterpretować,1,BAAA
5285,parametr,1,ACAAAAA
5286,bmi,1,-
5287,ciśnienie,1,AEBAA
5288,tętno,1,AEAAAB
5289,glukoza,1,ADAAA
5290,piszący,1,BAAFA
5291,jakoby,1,GBBBA
5292,przewodniczący,1,AAEB
5293,przyrodniczy,1,CAA
5294,konkursowy,1,CAB
5295,wielokrotny,1,CAB
5296,zaznaczanie,1,AEBAA
5297,poprawny,1,CAB
5298,wyręczać,1,BDA
5299,przekazywanie,1,AEBAA
5300,rozsypany,1,BAAFA
5301,najwyraźniej,1,FC
5302,wystarczać,1,BDA
5303,fiasko,1,AEAAAA
5304,ustąpić,1,BBCA
5305,antyrodzinną,1,-
5306,permisywną,1,-
5307,systemowy,1,CAB
5308,deprawacja,1,ADACBAA
5309,abyście,1,-
5310,demoralizujący,1,BAAA
5311,wyznaczanie,1,AEBAA
5312,władysław,1,-
5313,kosiniakkamysz,1,-
5314,wykształcenie,1,AEBAA
5315,barbara,1,-
5316,nowacka,1,-
5317,pomylić,1,BBCA
5318,mon,1,-
5319,wiceministry,1,-
5320,lubnauer,1,-
5321,karola,1,-
5322,nawrockiego,1,-
5323,publicznie,1,FB
5324,przemycać,1,BDA
5325,przeciwny,1,CAB
5326,rozwiewać,1,BDA
5327,narosłe,1,-
5328,archiwalny,1,CAB
5329,kazanie,1,AEBAA
5330,arcybiskup,1,AAADAA
5331,jędraszewskiego,1,-
5332,dialog,1,ACABA
5333,przyszły,1,BAFCAA
5334,zadecydować,1,BAAA
5335,promować,1,BAAA
5336,wojewódzki,1,CBA
5337,krzysztofem,1,-
5338,komanderem,1,-
5339,kicz,1,ACACACB
5340,opowiadający,1,BDA
5341,przystawać,1,BAAE
5342,obiegowy,1,CAB
5343,szok,1,ACABA
5344,zrobienie,1,AEBAA
5345,wesele,1,AEBAA
5346,wojtka,1,-
5347,scenarzysta,1,AABDAA
5348,debiutować,1,BAAA
5349,producentka,1,-
5350,oświetlenie,1,AEBAA
5351,scenografka,1,-
5352,zgraja,1,ADACBABA
5353,dzieciak,1,AAADBB
5354,określić,1,BBCA
5355,filmowiec,1,AAACBA
5356,brutalny,1,CAB
5357,cinekid,1,-
5358,amsterdamie,1,-
5359,sekcja,1,ADACBAA
5360,wstać,1,BAFABD
5361,wypalić,1,BBCA
5362,nuda,1,ADAAA
5363,owijać,1,BDA
5364,kurtuazyjny,1,CAB
5365,popracować,1,BAAA
5366,przyzwyczaić,1,BBCA
5367,rozsypać,1,BAAFA
5368,prezentacja,1,ADACBAA
5369,załatwić,1,BBCA
5370,przygodowy,1,CAB
5371,wymienić,1,BBCA
5372,indianę,1,-
5373,jonesa,1,-
5374,stereotypowo,1,-
5375,napakowany,1,BAAA
5376,bodziec,1,ACACBC
5377,siedem,1,DBBA
5378,dopytać,1,BDA
5379,ogarniać,1,BDA
5380,siedmiolatek,1,AAADBA
5381,jedenastoletni,1,CBB
5382,spytać,1,BDA
5383,przestraszyć,1,BCCA
5384,zanudzić,1,BBCA
5385,pogrzeb,1,ACAAAAA
5386,dopełnić,1,BBCB
5387,tracić,1,BBCA
5388,kalkulacja,1,ADACBAA
5389,obliczony,1,CAB
5390,san,1,-
5391,sebastian,1,-
5392,sundance,1,-
5393,kurczę,1,AECA
5394,opowiadanie,1,AEBAA
5395,walor,1,ACAAAAA
5396,przeżycie,1,AEBAA
5397,cynicznie,1,FB
5398,psychologów,1,-
5399,arkiem,1,-
5400,jakubikiem,1,-
5401,pogadać,1,BDA
5402,nieudolnie,1,FB
5403,emocjonalnie,1,FB
5404,dziesięcioletni,1,CBB
5405,obciążać,1,BDA
5406,nocleg,1,ACABA
5407,darmo,1,FC
5408,uprawniać,1,BDA
5409,traktowanie,1,AEBAA
5410,bydło,1,AEAAAB
5411,branża,1,ADACABB
5412,przesiąknięty,1,BAEAA
5413,pić,1,AEBAA
5414,obrażać,1,BDA
5415,wyzyskiwać,1,BAAC
5416,uformowanie,1,AEBAA
5417,kółeczko,1,AEAAAA
5418,bezpieczniej,1,FC
5419,ciasteczko,1,AEAAAA
5420,przepadać,1,BDA
5421,pająk,1,ABAC
5422,forum,1,AEE
5423,zapewnić,1,BBCB
5424,struna,1,ADAAA
5425,obojętnie,1,FB
5426,tłuc,1,BAFCAB
5427,patyk,1,ACABBA
5428,kałuża,1,ADACABB
5429,naród,1,ACAAAAA
5430,wybrnąć,1,BAEAA
5431,urazić,1,BBCA
5432,wypowiedzieć,1,BDC
5433,rączka,1,ADAB
5434,stawać,1,BAAE
5435,mądrzejszy,1,CAB
5436,przekroczenie,1,AEBAA
5437,genialny,1,CAB
5438,groźnie,1,FB
5439,krzywdzić,1,BBCA
5440,gang,1,ACABA
5441,znęcać,1,BDA
5442,bydgoszczy,1,-
5443,lucky,1,-
5444,bob,1,-
5445,janusz,1,-
5446,hetman,1,AAADAA
5447,gostomczyk,1,-
5448,zamurować,1,BAAA
5449,rozłożyć,1,BCCA
5450,wyjaśnić,1,BBCB
5451,intuicyjny,1,CAB
5452,wypadek,1,ACABA
5453,zaprzeczyć,1,BCCA
5454,rozum,1,ACAAAAA
5455,łatwiej,1,FC
5456,trudniej,1,FC
5457,amelią,1,-
5458,goldą,1,-
5459,odeprzeć,1,BABA
5460,cringe,1,-
5461,kompletnie,1,FB
5462,passa,1,ADAAA
5463,wstydzić się,1,-
5464,przewaga,1,ADAB
5465,peszyć,1,BCCA
5466,przyzwyczajony,1,BBCA
5467,nagrywanie,1,AEBAA
5468,ustawienie,1,AEBAA
5469,odgrywanie,1,AEBAA
5470,scenka,1,ADAB
5471,obiektyw,1,ACAAAAA
5472,testowy,1,CAB
5473,research,1,-
5474,wojtek,1,-
5475,poświęcać,1,BDA
5476,zgłębianie,1,AEBAA
5477,rzadkość,1,ADCCA
5478,opowiedzenie,1,AEBAA
5479,konsultować,1,BAAA
5480,młodzież,1,ADCAB
5481,zmontowanie,1,AEBAA
5482,nieznajoma,1,ADACCBA
5483,wspaniały,1,CAB
5484,balans,1,ACACACA
5485,fabuła,1,ADAAA
5486,realizm,1,ACAAAAA
5487,przygoda,1,ADAAA
5488,upatrywać,1,BAAB
5489,troszkę,1,DF
5490,podrosnąć,1,BAEB
5491,obejrzenie,1,AEBAA
5492,płytka,1,ADAB
5493,szturchać,1,BDA
5494,wygadywać,1,BAAB
5495,nabity,1,BAFB
5496,spóźnić się,1,-
5497,najfajniejszy,1,CAB
5498,podskoczyć,1,BCCA
5499,pobeczeć,1,BCBA
5500,wartościowy,1,CAB
5501,usta,1,AGDAA
5502,spowodować,1,BAAA
5503,schlingel,1,-
5504,widzenie,1,AEBAA
5505,gala,1,ACACBAA
5506,niemiecki,1,ACD
5507,moderator,1,ACAABAA
5508,amelce,1,-
5509,łańcuszek,1,ACABBA
5510,uzmysłowić,1,BBCA
5511,gal,1,ACACAA
5512,sms,1,-
5513,krzychu,1,-
5514,zakłuć,1,AEBAA
5515,wyczytać,1,BDA
5516,amelkę,1,-
5517,wypchnąć,1,BAEAA
5518,odwrócić,1,BBCA
5519,savanny,1,-
5520,zamordowana,1,ADACCBA
5521,zastępczyni,1,ADBB
5522,szeryf,1,AAAAAA
5523,telefonować,1,BAAA
5524,alarmowy,1,CAB
5525,james,1,-
5526,jackson,1,-
5527,podpalić,1,BBCA
5528,dopuszczanie,1,AEBAA
5529,stalkingu,1,-
5530,przewrócić,1,BBCA
5531,prześladować,1,BAAA
5532,zakaz,1,ACAAAAA
5533,kontaktowanie,1,AEBAA
5534,savannę,1,-
5535,udusić,1,BBCA
5536,dokonany,1,BDA
5537,recydywista,1,AABDAA
5538,poparcie,1,AEBAA
5539,demokrata,1,AABDAA
5540,rządzony,1,BBCA
5541,uchwalić,1,BBCA
5542,przemocowców,1,-
5543,tama,1,ADAAA
5544,feminotece,1,-
5545,feminoteki,1,-
5546,novum,1,AEE
5547,gwałt,1,ACAAAAA
5548,molestowanie,1,AEBAA
5549,recydywa,1,ADAAA
5550,rozpatrywany,1,BAAB
5551,opisujący,1,CAA
5552,guardian,1,-
5553,napaść,1,ADCCA
5554,wynikający,1,BDA
5555,uratowany,1,BAAA
5556,rozgrywać,1,BDA
5557,grochowskiej,1,-
5558,papierowy,1,CAB
5559,łapanie,1,AEBAA
5560,kozioł,1,ABABAAA
5561,zapłakać,1,BAAFA
5562,czysto,1,FA
5563,pisany,1,BAAFA
5564,głosić,1,BBCA
5565,policyjny,1,CAB
5566,jakubowskie,1,-
5567,białostocczyźnie,1,-
5568,niezapłacenie,1,-
5569,świerzb,1,ACAAAAA
5570,kraść,1,BAFAAAA
5571,guru,1,AAI
5572,dwuletni,1,CBB
5573,radkiem,1,-
5574,błogosławić,1,BBCA
5575,kapliczka,1,ADAB
5576,inkrustowany,1,BAAA
5577,szkiełko,1,AEAAAA
5578,właścicielka,1,ADAB
5579,wieść,1,BBCA
5580,firanka,1,ADAB
5581,obora,1,ADAAA
5582,nakarmić,1,BBCA
5583,inwentarz,1,ACACBBA
5584,studnia,1,ADACBAA
5585,mętny,1,CAB
5586,naczynia,1,AGDAA
5587,napomknąć,1,BAEAA
5588,siennik,1,ACABBA
5589,rozchylić,1,BBCA
5590,zanieść,1,BAFCAA
5591,płot,1,ACAAAAA
5592,uprzejmie,1,FB
5593,podziękować,1,BAAA
5594,zazdrosny,1,CAB
5595,uszyć,1,AEBAA
5596,przeciętny,1,CAB
5597,dzielnicowy,1,AAEC
5598,zdolny,1,CAB
5599,jasełka,1,AGDAA
5600,kosmos,1,ACAAAAA
5601,ogólniak,1,ACABBA
5602,małgosię,1,-
5603,cera,1,ADAAA
5604,lalka,1,ADAB
5605,studia,1,AGDB
5606,wpadać,1,BDA
5607,okręcać,1,BDA
5608,pulchny,1,CAB
5609,przyrządzać,1,BDA
5610,pizzę,1,-
5611,kochana,1,ADACCBA
5612,żartować,1,BAAA
5613,dyplom,1,ACAAAAA
5614,niepotrzebny,1,CAB
5615,magisterium,1,AED
5616,marynarka,1,ADAB
5617,kobiecy,1,CAA
5618,lok,1,ACABBA
5619,przerzucony,1,BBCA
5620,ramia,1,ADACBAA
5621,druhna,1,ADAAA
5622,zawodówka,1,ADAB
5623,porcelana,1,ADAAA
5624,henryka,1,-
5625,dyskoteka,1,ADAB
5626,pobrać,1,BAAFA
5627,zazdrosnyjak,1,-
5628,obrazek,1,ACABBA
5629,pracownik,1,AAACBA
5630,płażyńskiego,1,-
5631,gdańsk,1,-
5632,katastrofa,1,ADAAA
5633,intelektualny,1,CAB
5634,sajnóg,1,-
5635,kacprem,1,-
5636,płażyńskim,1,-
5637,spojrzenie,1,AEBAA
5638,altana,1,ADAAA
5639,mechanik,1,AAACBA
5640,poród,1,ACAAAAA
5641,wygrzewać,1,BDA
5642,bandyta,1,AABDAA
5643,rumuni,1,-
5644,armeńcy,1,-
5645,dworzec,1,ACACBC
5646,podejść,1,AEBAA
5647,sercowo,1,-
5648,mącić,1,BBCA
5649,wyganiać,1,BDA
5650,umówić,1,BBCA
5651,komorne,1,AEBBB
5652,miesięcznie,1,FB
5653,babcin,1,CCBBA
5654,obejście,1,AEBAA
5655,uporządkować,1,BAAA
5656,ubikacja,1,ADACBAA
5657,obudować,1,BAAA
5658,wysypisko,1,AEAAAA
5659,wykopać,1,BAAFA
5660,dołek,1,ACABBA
5661,obierki,1,AGBA
5662,fajerka,1,ADAB
5663,naliczyć,1,BCCA
5664,dziewięcioro,1,DDB
5665,pomyśleć,1,BBBA
5666,woreczek,1,ACABBA
5667,aura,1,ADAAA
5668,racja,1,ADACBAA
5669,małgosią,1,-
5670,żałować,1,BAAA
5671,uzdrowiciela,1,-
5672,prać,1,BAAFA
5673,mózg,1,ACABA
5674,lubartowem,1,-
5675,synowa,1,ADACCAA
5676,paść,1,BAFAAAB
5677,obracać,1,BDA
5678,pierzchający,1,BDA
5679,sionka,1,ADAB
5680,szorty,1,AGAB
5681,gumowiec,1,ACACBC
5682,błyskać,1,BDA
5683,goły,1,CAB
5684,zdziwiony,1,BBCA
5685,fachowy,1,CAB
5686,sekretarka,1,ADAB
5687,warga,1,ADAB
5688,blond,1,CD
5689,chudy,1,CAB
5690,pędzelek,1,ACABBA
5691,mianować,1,BAAA
5692,wyprany,1,BAAFA
5693,kobiecość,1,ADCCA
5694,wolniutko,1,FC
5695,sień,1,ADCAAA
5696,opał,1,ACAAAAA
5697,izba,1,ADAAA
5698,chłopski,1,CBA
5699,ława,1,ADAAA
5700,wiklinowy,1,CAB
5701,koszyk,1,ACABBA
5702,kredka,1,ADAB
5703,klocek,1,ACABBA
5704,róg,1,ACABA
5705,posłanie,1,AEBAA
5706,foliowy,1,CAB
5707,wypchać,1,BDA
5708,siano,1,BAFBD
5709,śpiwór,1,ACAABAA
5710,koc,1,ACACBC
5711,gdzieniegdzie,1,GBABB
5712,posłać,1,BAAFA
5713,zwinięty,1,BAEAB
5714,tapeta,1,ADAAA
5715,wieszak,1,ACABBA
5716,korzenić się,1,-
5717,szmatka,1,ADAB
5718,tenisówka,1,ADAB
5719,przymocowany,1,BAAA
5720,gumka,1,ADAB
5721,skórzany,1,CAB
5722,wzywać,1,BDA
5723,rodzący,1,CAA
5724,otoczyć,1,BCCA
5725,krąg,1,ACABA
5726,jadać,1,BDA
5727,zachód,1,ACAAAAA
5728,popijać,1,BDA
5729,wino,1,ADAAA
5730,apostolski,1,CBA
5731,spuchnąć,1,BAEB
5732,kredens,1,ACAAAAA
5733,masować,1,BAAA
5734,olejek,1,ACABA
5735,przesłuchać,1,BDA
5736,ws,1,-
5737,założyciel,1,AAABCA
5738,dawniej,1,FC
5739,kacmajorem,1,-
5740,pościągać,1,BDA
5741,bohomaz,1,ACAAAAA
5742,półsłówko,1,AEAAAA
5743,krzyżówka,1,ADAB
5744,wyłączać,1,BDA
5745,telewizor,1,ACAABAA
5746,zdenerwować,1,BAAA
5747,dezodorant,1,ACAAAAA
5748,basen,1,ACAAAAA
5749,wycieczka,1,ADAB
5750,czech,1,-
5751,luizie,1,-
5752,zabawka,1,ADAB
5753,śmierdzieć,1,BBBA
5754,wersalka,1,ADAB
5755,opłatek,1,ACABBA
5756,wyjeżdżać,1,BDA
5757,ciąża,1,ADACABB
5758,wyrodny,1,CAB
5759,wyplucie,1,AEBAA
5760,bałagan,1,ACAAAAA
5761,święty,1,AAEC
5762,nawiedzić,1,BBCA
5763,niepozorny,1,CAB
5764,otwarło,1,-
5765,samochodowy,1,CAB
5766,tynkować,1,BAAA
5767,sklepowa,1,ADACCBA
5768,marchew,1,ADCAAA
5769,proszek,1,ACABA
5770,urzędniczka,1,ADAB
5771,wylegitymować,1,BAAA
5772,świeżutki,1,CBA
5773,dowód,1,ACAAAAA
5774,komendant,1,AAADAA
5775,wołkowycki,1,-
5776,wójt,1,AAAAAA
5777,juliana,1,-
5778,baran,1,ABABAAA
5779,lut,1,ACAAAAA
5780,pogodzić,1,BBCA
5781,werbunek,1,ACABA
5782,przynęta,1,ADAAA
5783,lazurowy,1,CAB
5784,najdroższa,1,ADACCBA
5785,wyjazd,1,ACAAAAA
5786,krzyknąć,1,BAEAA
5787,listonosz,1,AAABD
5788,wschód,1,ACAAAAA
5789,odwrót,1,ACAAAAA
5790,żebyś,1,-
5791,pognać,1,BDA
5792,maluch,1,AAACBB
5793,wstawać,1,BAAE
5794,ciuch,1,ACAABB
5795,grozić,1,BBCA
5796,terlikowskiemu,1,-
5797,kościelny,1,AAEC
5798,terlikowski,1,-
5799,osiłek,1,AAADBA
5800,pomieścić,1,BBCA
5801,polonez,1,ABABAAA
5802,butelka,1,ADAB
5803,wódka,1,ADAB
5804,zbroić,1,BBCA
5805,drzazga,1,ADAB
5806,ukryć,1,AEBAA
5807,strych,1,ACAAAB
5808,osłona,1,ADAAA
5809,wrzucić,1,BBCA
5810,pielęgniarka,1,ADAB
5811,jadwiga,1,-
5812,jabłuszewska,1,-
5813,teść,1,AAAAB
5814,roztrzaskać,1,BDA
5815,usiąść,1,BAFCAA
5816,kolonia,1,ADACBAA
5817,wymordować,1,BAAA
5818,odtąd,1,GBABB
5819,zawisły,1,CAB
5820,heniek,1,-
5821,przywieźć,1,BAFCAA
5822,bosy,1,CAB
5823,ode,1,-
5824,balkon,1,ACAAAAA
5825,skoczyć,1,BCCA
5826,heńka,1,-
5827,pierś,1,ADCCA
5828,targ,1,ACABA
5829,uspokajać,1,BDA
5830,odstępować,1,BAAA
5831,kawiarnia,1,ADACBAA
5832,normalna,1,ADACCBA
5833,mamusia,1,ADACBBB
5834,uśpić,1,BBCB
5835,czujność,1,ADCCA
5836,chrystusa,1,-
5837,prześwietlanie,1,AEBAA
5838,połykać,1,BDA
5839,ohydny,1,CAB
5840,nałożyć,1,BCCA
5841,smutek,1,ACABA
5842,koniak,1,ACABA
5843,wasz,1,EAABA
5844,paweł,1,-
5845,kostkowski,1,-
5846,goświnowic,1,-
5847,sprowadzić,1,BBCA
5848,pochłonąć,1,BAEAB
5849,zaraz,1,FC
5850,zmartwychwstać,1,BAFABD
5851,bezpłodny,1,CAB
5852,oliwny,1,CAB
5853,żerdka,1,ADAB
5854,prywatny,1,CAB
5855,obserwacja,1,ADACBAA
5856,psychiatryczny,1,CAB
5857,kolejno,1,FC
5858,wybujać,1,BDA
5859,żądza,1,ADACABB
5860,manipulator,1,AAACAAAB
5861,zbór,1,ACAAAAA
5862,personel,1,ACACAA
5863,chory,1,AAEB
5864,psychicznie,1,FB
5865,wyprzeć,1,BABA
5866,posyłać,1,BDA
5867,jezus,1,-
5868,najinteligentniejszy,1,CAB
5869,plasować,1,BAAA
5870,hermetyczny,1,CAB
5871,wierzący,1,AAEB
5872,głoszony,1,BBCA
5873,apostoł,1,AAAAAA
5874,podnóżek,1,ACABBA
5875,psalm,1,ACAAAAA
5876,dawidowych,1,-
5877,księga,1,ADAB
5878,izajasza,1,-
5879,testament,1,ACAAAAA
5880,ateista,1,AABDAA
5881,lublina,1,-
5882,puławy,1,-
5883,kielce,1,-
5884,pekaes,1,ACAAAAA
5885,taksówka,1,ADAB
5886,pieszo,1,FC
5887,wygnać,1,BDA
5888,baba,1,ADAAA
5889,wrzeszczeć,1,BCBA
5890,przepędzać,1,BDA
5891,rynsztok,1,ACABBA
5892,chustka,1,ADAB
5893,kij,1,ACACBC
5894,okrążać,1,BDA
5895,wykręcić,1,BBCA
5896,ogrodzenie,1,AEBAA
5897,notes,1,ACAAAAA
5898,wstąpić,1,BBCA
5899,zrzeszający,1,BDA
5900,poszkodowana,1,ADACCBA
5901,wnuczka,1,AAAAB
5902,nakazać,1,BAAFA
5903,komornik,1,AAACBA
5904,wyegzekwować,1,BAAA
5905,pluton,1,ACAAAAA
5906,operacyjny,1,CAB
5907,razdwa,1,-
5908,hełm,1,ACAAAAA
5909,pałka,1,ADAB
5910,szpaler,1,ACAAAAA
5911,religijny,1,CAB
5912,agalliasis,1,-
5913,podporządkować,1,BAAA
5914,bajan,1,ACAABAA
5915,senator,1,AAACAAAB
5916,marii,1,-
5917,łopatkowy,1,CAB
5918,ryszarda,1,-
5919,interpelacja,1,ADACBAA
5920,egzekucja,1,ADACBAA
5921,niepowodzenie,1,AEBAA
5922,podinspektor,1,-
5923,czerwiński,1,-
5924,wyznawca,1,AABCBB
5925,współżyć,1,AEBAA
5926,seksualnie,1,FB
5927,marianowi,1,-
5928,szósty,1,CAB
5929,stryj,1,AAAAB
5930,radka,1,-
5931,krępować,1,BAAA
5932,ożenek,1,ACABA
5933,doniesienie,1,AEBAA
5934,załatwiać,1,BDA
5935,adopcyjny,1,CAB
5936,opętana,1,ADACCBA
5937,uwięziony,1,CAB
5938,psychika,1,ADAB
5939,opieszałość,1,ADCCA
5940,zbrodniczy,1,CAA
5941,leszek,1,-
5942,miller,1,-
5943,urm,1,-
5944,małoletni,1,CBB
5945,czasowo,1,FC
5946,przetrzymywany,1,BAAB
5947,ośrodek,1,ACABBA
5948,obowiązany,1,CAB
5949,przeszkoda,1,ADAAA
5950,natrafiać,1,BDA
5951,sprawowanie,1,AEBAA
5952,dostrzegać,1,BDA
5953,eliminacja,1,ADACBAA
5954,niedostatek,1,ACABA
5955,gwarancja,1,ADACBAA
5956,sumienie,1,AEBAA
5957,tworzony,1,CAB
5958,wyznaniowy,1,CAB
5959,poselski,1,CBA
5960,ryszard,1,-
5961,nowak,1,-
5962,utracić,1,BBCA
5963,odcedzać,1,BDA
5964,pierog,1,ABAC
5965,przesłuchanie,1,AEBAA
5966,sędzia,1,AABAA
5967,rozwód,1,ACAAAAA
5968,ubiegać,1,BDA
5969,tajemniczy,1,CAA
5970,nelson,1,ABABAAA
5971,martę,1,-
5972,opiec,1,BAFCAB
5973,zastępczy,1,CAA
5974,bochenek,1,ACABBA
5975,kąpiel,1,ADCAAA
5976,kąpać,1,BAAFA
5977,zimny,1,CAB
5978,zasiadły,1,CAB
5979,cegła,1,ADAAA
5980,sprawnie,1,FB
5981,obrać,1,BAAFA
5982,kiwi,1,ACF
5983,skrobać,1,BAAFA
5984,ziemniak,1,ABAC
5985,pochwalić,1,BBCA
5986,osobny,1,CAB
5987,pokora,1,ADAAA
5988,przetrzymywanie,1,AEBAA
5989,tok,1,ACABA
5990,hajnówce,1,-
5991,łosoś,1,ABAABA
5992,sprzedawczyni,1,ADBB
5993,zaległy,1,BAFAAB
5994,odsiedzieć,1,BBBA
5995,kolegium,1,AED
5996,rozprawa,1,ADAAA
5997,zaniedbanie,1,AEBAA
5998,niebianin,1,AAABBA
5999,meldunkowy,1,CAB
6000,wrocławskiej,1,-
6001,oblatów,1,-
6002,umiłować,1,BAAA
6003,umiłowany,1,BAAA
6004,małgorzaty,1,-
6005,zerówki,1,-
6006,czynsz,1,ACACACB
6007,ps,1,-
6008,wynająć,1,BAFCB
6009,zmieniony,1,BBCA
6010,sebastiana,1,-
6011,kellera,1,-
6012,odcinek,1,ACABBA
6013,agnieszką,1,-
6014,pilip,1,-
6015,intuicja,1,ADACBAA
6016,inkluzywność,1,-
6017,żebyśmy,1,-
6018,twórczy,1,CAA
6019,pchać,1,BDA
6020,przemek,1,-
6021,kossakowski,1,-
6022,zagadać,1,BDA
6023,odwrotnie,1,FC
6024,ekscytacja,1,ADACBAA
6025,idiots,1,-
6026,zaskoczenie,1,AEBAA
6027,uśmiechnąć się,1,-
6028,bezwzględny,1,CAB
6029,zastanawianie się,1,-
6030,zwodniczy,1,CAA
6031,dyspozycja,1,ADACBAA
6032,istnienie,1,AEBAA
6033,nieznany,1,CAB
6034,wnosić,1,BBCA
6035,łucznik,1,AAACBA
6036,ukąszenie,1,AEBAA
6037,kompan,1,AAADAA
6038,konstytuować,1,BAAA
6039,współczesność,1,ADCCA
6040,powodować,1,BAAA
6041,czynić,1,BBCA
6042,inspirowany,1,BAAA
6043,przetrwanie,1,AEBAA
6044,powierzchnia,1,ADACBAA
6045,przetrwać,1,BDA
6046,nieunikniony,1,CAB
6047,wypowiedź,1,ADCCA
6048,niedosłownym,1,-
6049,budowanie,1,AEBAA
6050,przymierzać,1,BDA
6051,przytulać,1,BDA
6052,parafrazować,1,BAAA
6053,filoktetem,1,-
6054,traf,1,ACAAAAA
6055,mieścić,1,BBCA
6056,filoktecie,1,-
6057,fetyszyzować,1,BAAA
6058,fajnie,1,FB
6059,cierpieć,1,BBBA
6060,demonizować,1,BAAA
6061,ciekawić,1,BBCA
6062,kąsać,1,BDA
6063,wyjątkowo,1,FC
6064,boleśnie,1,FB
6065,założycielka,1,ADAB
6066,zarazić,1,BBCA
6067,trzydziestka,1,ADAB
6068,zaobserwować,1,BAAA
6069,uwidaczniać,1,BDA
6070,humor,1,ACAAAAA
6071,warsztatowy,1,CAB
6072,przytulić,1,BBCA
6073,powitanie,1,AEBAA
6074,uściskać,1,BDA
6075,runda,1,ADAAA
6076,wznieść,1,BAFCAA
6077,toast,1,ACAAAAA
6078,herbata,1,ADAAA
6079,poczuć,1,AEBAA
6080,porozumieć się,1,-
6081,koleżeński,1,CBA
6082,bezpośredniość,1,ADCCA
6083,onieśmielać,1,BDA
6084,międzynarodowy,1,CAB
6085,definiować,1,BAAA
6086,wyzwalający,1,BDA
6087,treściwy,1,CAB
6088,czerpać,1,BAAFA
6089,komunikatywny,1,CAB
6090,przejrzenie,1,AEBAA
6091,taryfa,1,ADAAA
6092,ulgowy,1,CAB
6093,podpowiedzieć,1,BDC
6094,reżyserka,1,ADAB
6095,wielgus,1,-
6096,empatyczni,1,-
6097,ktokolwiek,1,EFE
6098,wyczuć,1,AEBAA
6099,dziwnie,1,FB
6100,kontaktować,1,BAAA
6101,pobłażliwość,1,ADCCA
6102,improwizować,1,BAAA
6103,improwizacja,1,ADACBAA
6104,niepoprawnie,1,FB
6105,gotowość,1,ADCCA
6106,nieprzewidywalne,1,-
6107,zmęczony,1,CAB
6108,siadać,1,BDA
6109,nieznane,1,AEBBB
6110,niepostrzeżenie,1,FC
6111,rozwój,1,ACACACB
6112,filokteją,1,-
6113,serialowa,1,-
6114,rozmaitość,1,ADCCA
6115,robertem,1,-
6116,kowalczykiem,1,-
6117,psychoterapeuta,1,AABDAA
6118,jurek,1,-
6119,stereotyp,1,ACAAAAA
6120,kowalczyk,1,-
6121,ochota,1,ADAAA
6122,przytaczać,1,BDA
6123,aktywnie,1,FB
6124,piotrem,1,-
6125,p,1,-
6126,świniarskim,1,-
6127,krawczykiem,1,-
6128,płonąć,1,BAEAB
6129,unieważniać,1,BDA
6130,wrażliwość,1,ADCCA
6131,narzucać,1,BDA
6132,wzorzec,1,ACACBC
6133,marią,1,-
6134,beisert,1,-
6135,zaspokajać,1,BDA
6136,ejakulacja,1,ADACBAA
6137,mianownik,1,ACABBA
6138,unikanie,1,AEBAA
6139,rozpaczliwy,1,CAB
6140,odbierać,1,BDA
6141,odmowa,1,ADAAA
6142,odrzucenie,1,AEBAA
6143,widoczny,1,CAB
6144,wierzchołek,1,ACABBA
6145,lodowej,1,-
6146,spód,1,ACAAAAA
6147,zmęczenie,1,AEBAA
6148,hormon,1,ACAAAAA
6149,wspominany,1,BDA
6150,niewystarczający,1,CAA
6151,mozaika,1,ADAB
6152,uwarunkowanie,1,AEBAA
6153,kondycja,1,ADACBAA
6154,sercowonaczyniowe,1,-
6155,schorzenie,1,AEBAA
6156,uboczny,1,CAB
6157,przyjmowany,1,BAAA
6158,niebagatelny,1,CAB
6159,wyhamować,1,BAAA
6160,przemęczenie,1,AEBAA
6161,codzienny,1,CAB
6162,wyczerpanie,1,AEBAA
6163,wypalony,1,BBCA
6164,zawodowo,1,FC
6165,akurat,1,FC
6166,silnie,1,FB
6167,przyjrzenie się,1,-
6168,biseksualny,1,CAB
6169,wiązanie,1,AEBAA
6170,atrakcyjność,1,ADCCA
6171,wygląd,1,ACAAAAA
6172,nasuwać,1,BDA
6173,spontaniczny,1,CAB
6174,responsywne,1,-
6175,połączony,1,CAB
6176,paliwo,1,AEAAAB
6177,urządzać,1,BDA
6178,czułość,1,ADCCA
6179,spieszyć,1,BCCA
6180,spirala,1,ADACBABA
6181,pobudzenie,1,AEBAA
6182,ironia,1,ADACBAA
6183,skuteczność,1,ADCCA
6184,testowanie,1,AEBAA
6185,przenoszenie,1,AEBAA
6186,dotyk,1,ACABA
6187,obecność,1,ADCCA
6188,obniżać,1,BDA
6189,przywracać,1,BDA
6190,oczekiwany,1,BAAC
6191,personalizacji,1,-
6192,gorąco,1,AEAABA
6193,żart,1,ACAAAAA
6194,zadawać,1,BAAE
6195,wymsknąć,1,-
6196,zacytować,1,BAAA
6197,intencja,1,ADACBAA
6198,zapamiętać,1,BDA
6199,zbliżenie,1,AEBAA
6200,dudnić,1,BBCB
6201,zdrada,1,ADAAA
6202,udawanie,1,AEBAA
6203,zrazić,1,BBCA
6204,ignorowanie,1,AEBAA
6205,utrwalać,1,BDA
6206,rozróżnić,1,BBCB
6207,chwilowy,1,CAB
6208,długotrwały,1,CAB
6209,powodujący,1,BAAA
6210,dojmujący,1,BAAA
6211,zasugerować,1,BAAA
6212,męczyć,1,BCCA
6213,martwić,1,BBCA
6214,defekt,1,ACAAAAA
6215,udanie,1,AEBAA
6216,psychologa,1,-
6217,leczenie,1,AEBAA
6218,trafiony,1,BBCA
6219,rozpoznanie,1,AEBAA
6220,zniechęcić,1,BBCA
6221,poszukanie,1,AEBAA
6222,wyprzedzać,1,BDA
6223,mecz,1,ACACACB
6224,sięgnięcie,1,AEBAA
6225,zapłon,1,ACAAAAA
6226,cudowny,1,CAB
6227,suplement,1,ACAAAAA
6228,kuszący,1,BBCA
6229,ambicja,1,ADACBAA
6230,intymny,1,CAB
6231,przeciętnie,1,FB
6232,wykształcony,1,BBCA
6233,substancja,1,ADACBAA
6234,psychoaktywnych,1,-
6235,samotny,1,CAB
6236,stuprocentowy,1,CAB
6237,wyleczyć,1,BCCA
6238,całkowity,1,CAB
6239,uwolnienie,1,AEBAA
6240,krytyczny,1,CAB
6241,adekwatny,1,CAB
6242,wczesny,1,CAB
6243,dojrzałość,1,ADCCA
6244,seksualności,1,-
6245,skłonny,1,CAB
6246,przypuszczać,1,BDA
6247,priorytet,1,ACAAAAA
6248,sprawczość,1,-
6249,miernik,1,ACABBA
6250,rozładowanie,1,AEBAA
6251,zauważony,1,CAB
6252,nieoceniający,1,-
6253,operować,1,BAAA
6254,zaciekawienie,1,AEBAA
6255,bazować,1,BAAA
6256,preferencja,1,ADACBAA
6257,poruszać,1,BDA
6258,słuchanie,1,AEBAA
6259,gorączka,1,ADAB
6260,wahać,1,BDA
6261,trójka,1,ADAB
6262,pilność,1,ADCCA
6263,przykładać,1,BDA
6264,regulować,1,BAAA
6265,niższy,1,CAB
6266,podwyższyć,1,BCCB
6267,obniżyć,1,BCCA
6268,dopuszczalny,1,CAB
6269,zastanowić,1,BBCA
6270,demotywuje,1,-
6271,stresować,1,BAAA
6272,kuśmierz,1,-
6273,praworządność,1,ADCCA
6274,popularnie,1,FB
6275,zatwierdzić,1,BBCA
6276,przeprowadzanie,1,AEBAA
6277,ustalenia,1,AGDAA
6278,bożena,1,-
6279,kuratorium,1,AED
6280,ekspertka,1,-
6281,zbieg,1,AAAAB
6282,rozpoczynać,1,BDA
6283,określenie,1,AEBAA
6284,pytający,1,BDA
6285,chętny,1,CAB
6286,upłynąć,1,BAEAB
6287,polonistka,1,ADAB
6288,katowickich,1,-
6289,uczniowski,1,CBA
6290,wzmożony,1,CAB
6291,motywacja,1,ADACBAA
6292,odprawiać,1,BDA
6293,kwitek,1,ACABBA
6294,systematycznie,1,FB
6295,wywierać,1,BDA
6296,zasypywać,1,BAAB
6297,julka,1,-
6298,kuba,1,-
6299,podsumowanie,1,AEBAA
6300,dramat,1,ACAAAAA
6301,przyłożyć,1,BCCA
6302,uniemożliwiać,1,BDA
6303,kontynuowanie,1,AEBAA
6304,programowo,1,FC
6305,umożliwić,1,BBCA
6306,uzupełnienie,1,AEBAA
6307,rzeczniczka,1,ADAB
6308,pełnoletni,1,CBB
6309,uzyskanie,1,AEBAA
6310,zaliczenie,1,AEBAA
6311,rosnąć,1,BAEB
6312,korzystający,1,BDA
6313,gorący,1,CAA
6314,elektroniczny,1,CAB
6315,kalkulator,1,AAACAAAB
6316,uzyskany,1,BDA
6317,automatycznie,1,FB
6318,ania,1,-
6319,pomimo,1,GBBAA
6320,uczennica,1,ADACABB
6321,rachunek,1,ACABA
6322,śródroczną,1,-
6323,opanowanie,1,AEBAA
6324,pomagający,1,BDA
6325,marzena,1,-
6326,metodyczka,1,ADAB
6327,budzący,1,CAA
6328,niezgodny,1,CAB
6329,absurdalny,1,CAB
6330,wpisać,1,BAAFA
6331,czasownik,1,ACABBA
6332,odmienić,1,BBCA
6333,zaimek,1,ACABBA
6334,palec,1,ACACBC
6335,gramatyka,1,AAACBA
6336,leksyka,1,ADAB
6337,wymowa,1,ADAAA
6338,intonacja,1,ADACBAA
6339,rozmówca,1,AABCBB
6340,adekwatnie,1,FB
6341,wyuczenie,1,AEBAA
6342,faktyczny,1,CAB
6343,komunikacyjny,1,CAB
6344,demotywująco,1,-
6345,obiektywniej,1,-
6346,stronniczość,1,ADCCA
6347,zżymać się,1,-
6348,autonomia,1,ADACBAA
6349,hopla,1,GAB
6350,cisnąć,1,BAEAA
6351,rankingi,1,-
6352,janina,1,-
6353,sabat,1,ACAAAAA
6354,nauczycielka,1,ADAB
6355,chorzowa,1,-
6356,opisowy,1,CAB
6357,uosobienie,1,AEBAA
6358,porzucenie,1,AEBAA
6359,korporacyjny,1,CAB
6360,wyścig,1,ACABA
6361,szczur,1,ABABAAA
6362,zatłoczony,1,CAB
6363,bezosobowy,1,CAB
6364,biurowiec,1,ACACBC
6365,beztroski,1,ADABA
6366,londynie,1,-
6367,sytuowany,1,BAAA
6368,brytyjskiej,1,-
6369,eton,1,-
6370,college,1,-
6371,brighton,1,-
6372,zatrudnić,1,BBCB
6373,zapleczu,1,-
6374,awansować,1,BAAA
6375,kucharz,1,AAABD
6376,nobel,1,ACACBAA
6377,rota,1,ADAAA
6378,rygor,1,ACAAAAA
6379,fizycznie,1,FB
6380,wyczerpujący,1,CAA
6381,napój,1,BBCA
6382,energetyczny,1,CAB
6383,adrenalina,1,ADAAA
6384,skraj,1,ACACACB
6385,jasny,1,CAB
6386,dostawca,1,AABCBB
6387,hodowany,1,BAAA
6388,oddalać,1,BDA
6389,zrozumieć,1,BDBA
6390,londyn,1,-
6391,zamieszkać,1,BDA
6392,suffolk,1,-
6393,zmuszać,1,BDA
6394,wątróbka,1,ADAB
6395,ozór,1,ACAABAA
6396,podroby,1,AGAB
6397,dorset,1,-
6398,mroźny,1,CAB
6399,ogrzewać,1,BDA
6400,narodzony,1,BBCA
6401,jagnić się,1,-
6402,ogródek,1,ACABBA
6403,doglądać,1,BDA
6404,odżywiać,1,BDA
6405,filozofia,1,ADACBAA
6406,zabiegany,1,BDA
6407,kucharski,1,CBA
6408,table,1,-
6409,niedostępny,1,CAB
6410,zmarnować,1,BAAA
6411,dynia,1,ADACBABA
6412,szałwia,1,ADACBAA
6413,orzech,1,ABABAAB
6414,laskowy,1,CAB
6415,serwować,1,BAAA
6416,malowniczy,1,CAA
6417,sophie,1,-
6418,dahl,1,-
6419,etycznie,1,FB
6420,wegetarianin,1,AAABAA
6421,weganinem,1,-
6422,orędownik,1,AAACBA
6423,etyczny,1,CAB
6424,spożycie,1,AEBAA
6425,produkowany,1,BAAA
6426,dobrostanu,1,-
6427,przemysłowy,1,CAB
6428,produkować,1,BAAA
6429,owczy,1,CAA
6430,konieczny,1,CAB
6431,importować,1,BAAA
6432,irracjonalny,1,CAB
6433,sensowny,1,CAB
6434,biznesowo,1,-
6435,świnia,1,ADACBABA
6436,british,1,-
6437,primitive,1,-
6438,hebridean,1,-
6439,stado,1,AEAAAB
6440,pszczoła,1,ADAAA
6441,hodować,1,BAAA
6442,swobodny,1,CAB
6443,instynkt,1,ACAAAAA
6444,obrazować,1,BAAA
6445,złożoność,1,ADCCA
6446,pochodzenie,1,AEBAA
6447,supermarkecie,1,-
6448,anonimowy,1,CAB
6449,anonimowość,1,ADCCA
6450,rolnik,1,AAACBA
6451,fenomen,1,AAACAAAB
6452,arcydzieło,1,AEAAAB
6453,rustykalny,1,CAB
6454,truskawka,1,ADAB
6455,cyfrową,1,-
6456,ucieczka,1,ADAB
6457,fast,1,-
6458,foodu,1,-
6459,wynos,1,-
6460,wiejski,1,CBA
6461,buchmann,1,-
6462,puttanesca,1,-
6463,filecików,1,-
6464,kalamata,1,-
6465,wlać,1,BAFBD
6466,rozgniatać,1,BDA
6467,fileciki,1,-
6468,opłukać,1,BAAFA
6469,kran,1,ACAAAAA
6470,otrząsnąć,1,BAEAA
6471,starannie,1,FB
6472,ostrożeń,1,ACACBAA
6473,dosalać,1,BDA
6474,słony,1,CAB
6475,zrównoważyć,1,BCCA
6476,kwasowość,1,ADCCA
6477,rozdrobnić,1,BBCB
6478,wyłączyć,1,BCCA
6479,palnik,1,ACABBA
6480,zagotować,1,BAAA
6481,osolony,1,BBCA
6482,wrzątek,1,ACABA
6483,ugotować,1,BAAA
6484,kubek,1,ACABBA
6485,stopniowo,1,FC
6486,posypać,1,BAAFA
6487,buraczany,1,CAB
6488,kg,1,-
6489,jabłkowy,1,CAB
6490,śmietana,1,ADAAA
6491,kremówka,1,ADAB
6492,węgorz,1,ABAAC
6493,chrzan,1,ACAAAAA
6494,kozi,1,CBB
6495,ser,1,ACAABAA
6496,jogurt,1,ACAAAAA
6497,prażony,1,CAB
6498,wyszorować,1,BAAA
6499,zlew,1,ACAAAAA
6500,piasek,1,ACABA
6501,obierać,1,BDA
6502,przycinać,1,BDA
6503,żywy,1,AAEC
6504,zalać,1,BAFBD
6505,garść,1,ADCAAA
6506,wrzenie,1,AEBAA
6507,ostrze,1,AEBAB
6508,ostygły,1,CAB
6509,zejście,1,AEBAA
6510,naciśnięcie,1,AEBAA
6511,satysfakcjonujący,1,BAAA
6512,rękawica,1,ADACABB
6513,różowy,1,CAB
6514,wysokoobrotowy,1,CAB
6515,blendera,1,-
6516,gęsty,1,CAB
6517,lać,1,BAFBD
6518,octowy,1,CAB
6519,przełamywać,1,BAAB
6520,nadmierny,1,CAB
6521,ziemistość,1,-
6522,rozjaśniać,1,BDA
6523,napowietrzać,1,BDA
6524,cudownie,1,FB
6525,aksamitny,1,CAB
6526,konsystencja,1,ADACBAA
6527,doprawiać,1,BDA
6528,przybrać,1,BAAFA
6529,przechować,1,BDA
6530,lodówka,1,ADAB
6531,zamrozić,1,BBCA
6532,deszczowy,1,CAB
6533,pikantny,1,CAB
6534,papryka,1,ADAB
6535,uprażyć,1,BCCA
6536,rozetrzeć,1,BABA
6537,moździerz,1,ACACBBA
6538,suszony,1,CAB
6539,filet,1,ACAABAA
6540,dzwonek,1,ACABBA
6541,morszczuk,1,ABAC
6542,rdzawiec,1,-
6543,halibut,1,ABABAAA
6544,okoń,1,ABAABA
6545,itp,1,-
6546,patelnia,1,ADACBAA
6547,rozgrzać,1,BAFBD
6548,zmiękły,1,CAB
6549,pachnieć,1,BACC
6550,przywrzeć,1,BABA
6551,rozgnieść,1,BAFCAA
6552,dodanie,1,AEBAA
6553,zetrzeć,1,BABA
6554,wycisnąć,1,BAEAA
6555,odstawa,1,ADAAA
6556,cytryna,1,ADAAA
6557,złagodzić,1,BBCA
6558,masa,1,ADAAA
6559,gęstnieć,1,BAD
6560,trzepaczka,1,ADAB
6561,rzadki,1,CBA
6562,posmakować,1,BAAA
6563,ewentualnie,1,FB
6564,sola,1,ABAABA
6565,ilub,1,-
6566,posolić,1,BBCA
6567,zanurzyć,1,BCCA
6568,grubość,1,ADCCA
6569,rozpadać się,1,-
6570,pity,1,BAFB
6571,kuskusem,1,-
6572,okrasz,1,-
6573,kości,1,AGBC
6574,tarty,1,CAB
6575,żółtko,1,AEAAAA
6576,estragon,1,ACAAAAA
6577,otarty,1,CAB
6578,niewoskowanej,1,-
6579,pieprz,1,ABAAC
6580,smażenie,1,AEBAA
6581,łodyga,1,ADAB
6582,naciowy,1,CAB
6583,cienko,1,FA
6584,przekrojony,1,BBCA
6585,wzdłuż,1,FC
6586,śmietanka,1,ADAB
6587,malaksera,1,-
6588,pasta,1,ADAAA
6589,oprócz,1,GBBAA
6590,olej,1,BAFBD
6591,kotlecik,1,ABAC
6592,żeliwny,1,CAB
6593,zrumienić,1,BBCA
6594,wyjąć,1,BAFCB
6595,zaczekać,1,BDA
6596,przestygnąć,1,BAEB
6597,skosztować,1,BAAA
6598,utoczyć,1,BCCA
6599,rumiano,1,FC
6600,przepełniać,1,BDA
6601,odłożyć,1,BCCA
6602,wytopiony,1,BBCA
6603,tłuszcz,1,ACACACB
6604,niezrumieniona,1,-
6605,hollywoodzki,1,-
6606,richarda,1,-
6607,linklatera,1,-
6608,transparent,1,ACAAAAA
6609,glena,1,-
6610,tytułowy,1,CAB
6611,współautor,1,AAACAAAB
6612,szelmowsko,1,FC
6613,ściskać,1,BDA
6614,pozować,1,BAAA
6615,fotka,1,ADAB
6616,rozpromienić,1,BBCA
6617,zasilić,1,BBCA
6618,chutsky,1,-
6619,potomek,1,AAAAB
6620,Tatar,1,AAACAAAB
6621,cyndy,1,-
6622,powellowie,1,-
6623,zadrwili,1,-
6624,przełomowy,1,CAB
6625,podbić,1,AEBAA
6626,przystojny,1,CAB
6627,postawny,1,CAB
6628,szczęka,1,ADAB
6629,timothe,1,-
6630,chalameta,1,-
6631,antagonista,1,AABDAA
6632,udowodnić,1,BBCB
6633,futbolowy,1,CAB
6634,siódemka,1,ADAB
6635,ryzykowny,1,CAB
6636,wujek,1,AAAAB
6637,nastoletni,1,CBB
6638,opona,1,ADAAA
6639,jeździć,1,BBCA
6640,traktor,1,ACAABAA
6641,ujarzmiać,1,BDA
6642,gq,1,-
6643,strzelnica,1,ADACABB
6644,wystawiać,1,BDA
6645,rozstawać się,1,-
6646,denzela,1,-
6647,washingtona,1,-
6648,dyskusyjny,1,CAB
6649,perfekcyjnie,1,-
6650,elegancko,1,FA
6651,harvardu,1,-
6652,washington,1,-
6653,edowi,1,-
6654,richard,1,-
6655,gere,1,-
6656,powellem,1,-
6657,mylny,1,CAB
6658,młodzieniec,1,AAACAAAA
6659,los,1,ACAAAAA
6660,angeles,1,-
6661,znajoma,1,ADACCBA
6662,castingi,1,-
6663,zmierzch,1,ACAAAB
6664,wiotki,1,CBA
6665,blady,1,CAB
6666,wielkooki,1,CBA
6667,zbudowany,1,BAAA
6668,opalony,1,BBCA
6669,wyświetlać,1,BDA
6670,iron,1,ACAAAAA
6671,mana,1,-
6672,wygodny,1,CAB
6673,wylądować,1,BAAA
6674,garaż,1,ACACAB
6675,zaprzyjaźniony,1,BBCA
6676,nadsyłany,1,BDA
6677,umrzeć,1,BABA
6678,desperacja,1,ADACBAA
6679,sylvestra,1,-
6680,stallonea,1,-
6681,kompletować,1,BAAA
6682,obsada,1,ADAAA
6683,niezniszczalny,1,CAB
6684,głupi,1,CBB
6685,krwawy,1,CAB
6686,najemnik,1,AAACBA
6687,składający,1,BDA
6688,arnold,1,-
6689,schwarzenegger,1,-
6690,harrison,1,-
6691,ford,1,ABABAAA
6692,dolph,1,-
6693,lundgren,1,-
6694,jet,1,-
6695,li,1,-
6696,statham,1,-
6697,teksańczykiem,1,-
6698,ryan,1,-
6699,murphy,1,-
6700,obsadzać,1,BDA
6701,krzyk,1,ACABA
6702,jama,1,ADAAA
6703,lee,1,-
6704,curtis,1,-
6705,drgnąć,1,BAEAA
6706,astronauta,1,AABDAA
6707,johna,1,-
6708,glenna,1,-
6709,nominowanym,1,-
6710,oscara,1,-
6711,ukryty,1,BAFB
6712,swatać,1,BDA
6713,próbny,1,CAB
6714,startować,1,BAAA
6715,roostera,1,-
6716,goosea,1,-
6717,mavericka,1,-
6718,pragnąć,1,BAEAAD
6719,ameryce,1,-
6720,butler,1,-
6721,miles,1,-
6722,nicholas,1,-
6723,hoult,1,-
6724,załamać,1,BAAFA
6725,joseph,1,-
6726,kosinski,1,-
6727,postprodukcji,1,-
6728,godzić,1,BBCA
6729,streamingowych,1,-
6730,richardem,1,-
6731,linklaterem,1,-
6732,artykuł,1,ACAAAAA
6733,wykładowca,1,AABCBB
6734,łapać,1,BAAFA
6735,prześmiewcze,1,-
6736,topnieć,1,BAD
6737,oszczędności,1,AGBC
6738,przebojem,1,FC
6739,logo,1,-
6740,jon,1,ACAAAAA
6741,hamm,1,-
6742,dowódca,1,AABCBB
6743,definicja,1,ADACBAA
6744,opalenizna,1,ADAAA
6745,muskulatura,1,ADAAA
6746,sława,1,ADAAA
6747,romantyczny,1,CAB
6748,niegrzeczny,1,CAB
6749,sydney,1,-
6750,niespodzianka,1,ADAB
6751,zakochiwać się,1,-
6752,marnie,1,FB
6753,poczta,1,ADAAA
6754,pantoflowy,1,CAB
6755,plotkować,1,BAAA
6756,monolog,1,ACABA
6757,zasiany,1,BAFBD
6758,entuzjastyczny,1,CAB
6759,wenecji,1,-
6760,wyświetlanie,1,AEBAA
6761,netflix,1,-
6762,ugruntować,1,BAAA
6763,przebranie,1,AEBAA
6764,śmieszny,1,CAB
6765,żałosny,1,CAB
6766,twisters,1,-
6767,zrobiony,1,BBCA
6768,rozmach,1,ACAAAB
6769,katastroficzny,1,CAB
6770,łowca,1,AABCBB
6771,południowiec,1,AAACBA
6772,kowbojski,1,CBA
6773,kapelusz,1,ACACBBA
6774,poklask,1,ACABA
6775,wjechać,1,BAAFA
6776,fajerwerk,1,ACABA
6777,bohater,1,AAAAAA
6778,karykatura,1,ADAAA
6779,wyważyć,1,BCCA
6780,zainspirować,1,BAAA
6781,teksańczyk,1,-
6782,matthew,1,-
6783,mcconaughey,1,-
6784,matrix,1,-
6785,podłączać,1,BDA
6786,cytować,1,BAAA
6787,porównywać,1,BAAB
6788,akwarium,1,AED
6789,rybka,1,ADAB
6790,pływać,1,BDA
6791,kółko,1,AEAAAA
6792,wystawiony,1,BBCA
6793,konkurować,1,BAAA
6794,brisket,1,-
6795,obserwator,1,AAACAAAB
6796,weterynarz,1,AAABD
6797,uciekinier,1,AAACAAAB
6798,powieść,1,ADCCA
6799,stephena,1,-
6800,kinga,1,-
6801,schwarzeneggerem,1,-
6802,edgara,1,-
6803,wrighta,1,-
6804,komediowy,1,CAB
6805,chad,1,-
6806,powers,1,-
6807,zdyskredytowany,1,BAAA
6808,huntington,1,-
6809,fantasy,1,-
6810,ghostwriter,1,-
6811,jj,1,-
6812,abrams,1,-
6813,idol,1,AAABCA
6814,tom,1,ACAAAAA
6815,magia,1,ADACBAA
6816,przyciągnąć,1,BAEAA
6817,dopasowywanie,1,AEBAA
6818,nieautentyczny,1,CAB
6819,reporter,1,AAACAAAB
6820,rozdawać,1,BAAE
6821,ciężko,1,FA
6822,mr,1,-
6823,niemęski,1,CBA
6824,kumpel,1,AAABCA
6825,piwo,1,AEAAAB
6826,sauna,1,ADAAA
6827,istotnie,1,FB
6828,jasona,1,-
6829,bournea,1,-
6830,park,1,ACABA
6831,jurajski,1,CBA
6832,kowboj,1,AAABAB
6833,obiekt,1,ACAAAAA
6834,westchnienie,1,AEBAA
6835,twoje,1,EDAB
6836,miasteczko,1,AEAAAA
6837,piesek,1,ABAC
6838,pacha,1,ADAAA
6839,determinacja,1,ADACBAA
6840,podziw,1,ACAAAAA
6841,niechęć,1,ADCCA
6842,oldskulowym,1,-
6843,rozbłysnąć,1,BAEAA
6844,mocniej,1,FC
6845,łatwizna,1,ADAAA
6846,toksyczny,1,CAB
6847,krążyć,1,BCCA
6848,maraton,1,ACAAAAA
6849,dwaj,1,DABAA
6850,pogubiony,1,BBCA
6851,niezdolny,1,CAB
6852,dryfujący,1,BAAA
6853,autodestrukcją,1,-
6854,odkupienie,1,AEBAA
6855,uczynić,1,BBCA
6856,perfekcjonizm,1,ACAAAAA
6857,ciągły,1,CAB
6858,rozejść się,1,-
6859,bystrzejszy,1,CAB
6860,hazard,1,ACAAAAA
6861,charyzmatyczny,1,CAB
6862,pięknie,1,FB
6863,opakowany,1,BAAA
6864,fikcja,1,ADACBAA
6865,wypożyczony,1,CAB
6866,stolik,1,ACABBA
6867,przykrywać,1,BDA
6868,kredyt,1,ACAAAAA
6869,splatać,1,BDA
6870,klaseru,1,-
6871,parking,1,ACABA
6872,oznajmiać,1,BDA
6873,znoszący,1,BBCA
6874,jajka,1,AGDAA
6875,słać,1,BAAFA
6876,gęsto,1,FA
6877,kiepski,1,CBA
6878,przemilczany,1,BDA
6879,pragnienie,1,AEBAA
6880,misternie,1,FB
6881,kruszyć,1,BCCA
6882,krasomówczy,1,CAA
6883,popis,1,ACAAAAA
6884,przemowa,1,ADAAA
6885,blichtr,1,ACAAAAA
6886,zawalić,1,BBCA
6887,napadać,1,BDA
6888,gangster,1,AAACAAAB
6889,panika,1,ADAB
6890,vincem,1,-
6891,jakeem,1,-
6892,cofać,1,BDA
6893,napad,1,ACAAAAA
6894,wierzyciel,1,AAABCA
6895,zainwestować,1,BAAA
6896,głębiej,1,FC
6897,nowojorski,1,-
6898,półświatek,1,ACABBA
6899,pociągać,1,BDA
6900,oczyszczenie,1,AEBAA
6901,wręcz,1,GBBBA
6902,szczelina,1,ADAAA
6903,wypływać,1,BDA
6904,tłumiony,1,BBCA
6905,jork,1,-
6906,blask,1,ACABA
6907,neon,1,ACAAAAA
6908,wilgotny,1,CAB
6909,zakurzony,1,CAB
6910,trafnie,1,FB
6911,ton,1,ACAAAAA
6912,sensacja,1,ADACBAA
6913,bum,1,ACAAAAA
6914,subtelny,1,CAB
6915,meandrować,1,BAAA
6916,zmierzać,1,BDA
6917,spłycony,1,BBCA
6918,epizod,1,ACAAAAA
6919,odsłonić,1,BBCA
6920,intryga,1,ADAB
6921,uroda,1,ADAAA
6922,papież,1,AAABD
6923,dumbledore,1,-
6924,drażnić,1,BBCB
6925,dłużny,1,CAB
6926,współwinny,1,AAEC
6927,pętla,1,ADACBAA
6928,lojalność,1,ADCCA
6929,krzywda,1,ADAAA
6930,popękany,1,BDA
6931,domyślać,1,BDA
6932,alkoholik,1,AAACBA
6933,odciskać,1,BDA
6934,ślad,1,ACAAAAA
6935,plastikowy,1,CAB
6936,samoczyszczące,1,-
6937,posiadający,1,BDA
6938,filtr,1,ACAAAAA
6939,neutralizować,1,BAAA
6940,przykry,1,CAA
6941,zaleta,1,ADAAA
6942,pojawienie się,1,-
6943,zatroszczyć się,1,-
6944,wyprawka,1,ADAB
6945,niezbędny,1,CAB
6946,podwójny,1,CAB
6947,ułatwiać,1,BDA
6948,pupil,1,AAABAB
6949,dostosować,1,BAAA
6950,narożny,1,CAB
6951,najtańszy,1,CAB
6952,zwierzęcy,1,CAA
6953,zoologiczny,1,CAB
6954,rozprzestrzeniać,1,BDA
6955,wysypywać,1,BAAB
6956,zalegać,1,BDA
6957,mat,1,AAADAA
6958,praktycznie,1,FB
6959,ścianka,1,ADAB
6960,boczny,1,CAB
6961,zadaszenie,1,-
6962,prostokąt,1,ACAABAA
6963,drzwiczki,1,AGBA
6964,odgradzać,1,BDA
6965,zawartość,1,ADCCA
6966,zamykający,1,BDA
6967,użyteczny,1,CAB
6968,ozdoba,1,ADAAA
6969,pozłacany,1,BDA
6970,bransoleta,1,ADAAA
6971,cyrkoniami,1,-
6972,traktowany,1,BAAA
6973,współgrający,1,BDA
6974,garsonka,1,ADAB
6975,garnitur,1,ACAAAAA
6976,rzucający,1,BDA
6977,dobrać,1,BAAFA
6978,proporcjonalnie,1,FB
6979,chować,1,BDA
6980,żakiet,1,ACAAAAA
6981,okrągły,1,CAB
6982,owalny,1,CAB
6983,ośmiokątny,1,CAB
6984,stonowany,1,BAAA
6985,ecru,1,-
6986,srebrnoszary,1,CAA
6987,używany,1,BDA
6988,granatowy,1,CAB
6989,grafitowy,1,CAB
6990,minimalistyczny,1,CAB
6991,spotykany,1,BDA
6992,okaz,1,ACAAAAA
6993,oszlifowanie,1,AEBAA
6994,obserwowanie,1,AEBAA
6995,docenianie,1,AEBAA
6996,czerwienić,1,BBCA
6997,zielenić się,1,-
6998,żółcić,1,BBCA
6999,symbolika,1,ADAB
7000,przezroczysty,1,CAB
7001,oszlifowany,1,BAAA
7002,przypisywać,1,BAAB
7003,niewinność,1,ADCCA
7004,wierność,1,ADCCA
7005,harmonia,1,ADACBAA
7006,szmaragd,1,ACAAAAA
7007,płodność,1,ADCCA
7008,witalny,1,CAB
7009,rubin,1,ACAAAAA
7010,turmalin,1,ACAAAAA
7011,granat,1,ACAAAAA
7012,odwaga,1,ADAB
7013,szafir,1,ACAAAAA
7014,turkus,1,ACAAAAA
7015,akwamaryn,1,ACAAAAA
7016,rzadszy,1,CAB
7017,żółty,1,CAB
7018,nazywany,1,BDA
7019,czeski,1,CBA
7020,ciekawostka,1,ADAB
7021,charakterystyka,1,ADAB
7022,najtwardszy,1,CAB
7023,jubilerstwo,1,AEAAAB
7024,przyozdabianie,1,AEBAA
7025,pierścionek,1,ACABBA
7026,zaręczynowy,1,CAB
7027,wyrób,1,BBCA
7028,upewnić,1,BBCB
7029,prezent,1,ACAAAAA
7030,ślub,1,ACAAAAA
7031,internetowej,1,-
7032,wkrukpl,1,-
7033,odmiana,1,ADAAA
7034,surfing,1,ACABA
7035,żagiel,1,ACACBAA
7036,latawiec,1,AAACBA
7037,paralotnia,1,-
7038,kite,1,-
7039,dyscyplina,1,ADAAA
7040,akwen,1,ACAAAAA
7041,wskakiwać,1,BAAC
7042,jezioro,1,AEAAAB
7043,popularny,1,CAB
7044,alp,1,-
7045,tyrolu,1,-
7046,bałtykiem,1,-
7047,amator,1,AAACAAAB
7048,motorówka,1,ADAB
7049,skonstruowany,1,BAAA
7050,przystosowany,1,BAAA
7051,wakeparkach,1,-
7052,znajdujący,1,BAAA
7053,wyciąg,1,ACABA
7054,uprawianie,1,AEBAA
7055,wakeboardingu,1,-
7056,koordynacja,1,ADACBAA
7057,ruchowy,1,CAB
7058,akrobacja,1,ADACBAA
7059,wyskok,1,ACABA
7060,lights,1,-
7061,up,1,-
7062,zadebiutować,1,BAAA
7063,jamesa,1,-
7064,cordena,1,-
7065,kendal,1,-
7066,jenner,1,-
7067,show,1,ACF
7068,jamesem,1,-
7069,cordenem,1,-
7070,shangrila,1,-
7071,malibu,1,-
7072,kalifornii,1,-
7073,produkcyjny,1,CAB
7074,grammy,1,-
7075,brzmienie,1,AEBAA
7076,funku,1,-
7077,soulu,1,-
7078,rolling,1,-
7079,stone,1,-
7080,wszech,1,-
7081,watermelon,1,-
7082,sugar,1,-
7083,dziesiątka,1,ACABBA
7084,osiągać,1,BDA
7085,love,1,-
7086,wybuch,1,ACAAAB
7087,sarscov,1,-
7088,europę,1,-
7089,występ,1,ACAAAAA
7090,płeć,1,ADCAAA
7091,marka,1,ACABBA
7092,pielęgnacja,1,ADACBAA
7093,paznokieć,1,ACACBAA
7094,pleasing,1,-
7095,najnowszej,1,-
7096,śmielej,1,FC
7097,popową,1,-
7098,pojawiający się,1,-
7099,powstawać,1,BAAE
7100,kuby,1,-
7101,galińskiego,1,-
7102,rozwaga,1,ADAB
7103,stylistyczny,1,CAB
7104,niemalże,1,GBBBA
7105,otwierający,1,BDA
7106,pierwotnie,1,FC
7107,chwytliwy,1,CAB
7108,powtarzany,1,BDA
7109,kilkukrotniesyntezatory,1,-
7110,pobrzmiewający,1,BDA
7111,parę,1,ADAAA
7112,dyskotekowa,1,-
7113,wątpić,1,BBCA
7114,nośnie,1,-
7115,tazosy,1,-
7116,nawiązanie,1,AEBAA
7117,kolekcjonowany,1,BAAA
7118,dodawany,1,BAAE
7119,chipsów,1,-
7120,maniera,1,ADAAA
7121,zwrotka,1,ADAB
7122,fisza,1,-
7123,zaśpiewany,1,BDA
7124,falset,1,ACAAAAA
7125,wypadać,1,BDA
7126,traktujący,1,BAAA
7127,wyczekiwanie,1,AEBAA
7128,pewniak,1,AAADBA
7129,remiksu,1,-
7130,spory,1,ADAAA
7131,zadatek,1,ACABA
7132,zanurzony,1,CAB
7133,zgrabnie,1,FB
7134,śnić,1,BBCB
7135,gościnnie,1,FB
7136,shows,1,-
7137,syntezatorowy,1,-
7138,blant,1,-
7139,podmiot,1,ACAAAAA
7140,liryczny,1,CAB
7141,używka,1,ADAB
7142,biegun,1,ACAABAA
7143,daftpunkowy,1,-
7144,wydźwięk,1,ACABA
7145,stylistycznie,1,FB
7146,rytmika,1,ADAB
7147,udany,1,BDC
7148,mori,1,-
7149,ponury,1,CAA
7150,przejmujący,1,BAAA
7151,wsłuchać się,1,-
7152,millenium,1,-
7153,zasadzać,1,BDA
7154,podnieść,1,BAFCAA
7155,coldplayowa,1,-
7156,miłosna,1,ADACCBA
7157,najsilniejszy,1,CAB
7158,ajewniaku,1,-
7159,nosowska,1,-
7160,względnie,1,GBABB
7161,okołogitarowa,1,-
7162,łagodny,1,CAB
7163,płynący,1,CAA
7164,naznaczony,1,CAB
7165,oboje,1,DDA
7166,tematyka,1,ADAB
7167,ulotny,1,CAB
7168,niepewien,1,CCBBA
7169,beatlesowska,1,-
7170,końcówka,1,ADAB
7171,wariacki,1,CBA
7172,przaśny,1,CAB
7173,trąba,1,ADAAA
7174,smyk,1,AAADBA
7175,obstawiać,1,BDA
7176,pewnik,1,ACABBA
7177,bis,1,ACAAAAA
7178,pop,1,AAADAA
7179,syntezatorowa,1,-
7180,podany,1,BDC
7181,ładnie,1,FB
7182,domówkach,1,-
7183,stadionowych,1,-
7184,blanty,1,-
7185,diabeł,1,AAADAB
7186,żegnać,1,BDA
7187,concept,1,-
7188,dekoracja,1,ADACBAA
7189,zgromadzić,1,BBCA
7190,pobić,1,AEBAA
7191,chorzowie,1,-
7192,małomiasteczkowy,1,CAB
7193,podwójnie,1,FC
7194,przekroczyć,1,BCCA
7195,ekwiwalent,1,ACAAAAA
7196,streamingu,1,-
7197,nagrodzony,1,BBCA
7198,egzemplarz,1,ACACBBA
7199,urodzony,1,BBCA
7200,trzydziesty,1,CAB
7201,gitarowy,1,CAB
7202,curly,1,-
7203,heads,1,-
7204,bartosza,1,-
7205,dziedzic,1,AAABAB
7206,jakubem,1,-
7207,galińskim,1,-
7208,współpracujący,1,BAAA
7209,odliczać,1,BDA
7210,czterdziesty,1,CAB
7211,odmłodzić,1,BBCA
7212,wyszaleć się,1,-
7213,nawiązujący,1,CAA
7214,electropopu,1,-
7215,papa,1,AABABA
7216,dance,1,-
7217,opatrywać,1,BAAB
7218,autoironiczny,1,CAB
7219,dzisiejszy,1,CAB
7220,posmak,1,ACABA
7221,początkowy,1,CAB
7222,zachęta,1,ADAAA
7223,świrować,1,BAAA
7224,wirować,1,BAAA
7225,skandowany,1,BAAA
7226,modnie,1,FB
7227,wrs,1,-
7228,falsetowy,1,CAB
7229,everybody,1,-
7230,backstreet,1,-
7231,boys,1,-
7232,wywijać,1,BDA
7233,syntezatorowymi,1,-
7234,akord,1,ACAAAAA
7235,klawiszowy,1,CAB
7236,zagrywka,1,ADAB
7237,przywoływać,1,BAAB
7238,tazosach,1,-
7239,gadżety,1,-
7240,wzdychać,1,BDA
7241,prościej,1,FC
7242,ukochana,1,ADACCBA
7243,internetowym,1,-
7244,trop,1,ACAAAAA
7245,śmiech,1,ACAAAB
7246,rwać,1,BAAFB
7247,ratunek,1,ACABA
7248,smsowej,1,-
7249,zaczepka,1,ADAB
7250,portretować,1,BAAA
7251,narastający,1,BDA
7252,radykalizm,1,ACAAAAA
7253,kadr,1,ACAAAAA
7254,hipokryta,1,AABDAA
7255,pottery,1,-
7256,pluć,1,AEBAA
7257,rzekomo,1,FC
7258,pościć,1,BBCA
7259,piątkowy,1,CAB
7260,pstrąg,1,ABAC
7261,barabara,1,-
7262,twarznic,1,-
7263,wieszać,1,BDA
7264,st,1,-
7265,sopran,1,ACAAAAA
7266,alt,1,ACAAAAA
7267,tenor,1,AAACAAAB
7268,bas,1,AAACAAAB
7269,menadżera,1,-
7270,amatorski,1,CBA
7271,dwóchtrzech,1,-
7272,beata,1,-
7273,koordynatorka,1,-
7274,dziewiętnastoosobowy,1,-
7275,zabrzmieć,1,BBBB
7276,niesamowity,1,CAB
7277,skupienie,1,AEBAA
7278,wpatrywać się,1,-
7279,stojący,1,BBD
7280,niżej,1,FC
7281,ćwiczyć,1,BCCA
7282,nieznajomy,1,AAEC
7283,dołączyć,1,BCCA
7284,zabrzmiały,1,CAB
7285,brawo,1,AEAAAB
7286,wyczuwać,1,BDA
7287,konsternacja,1,ADACBAA
7288,niedowierzanie,1,AEBAA
7289,wybrzmiał,1,-
7290,śpiewany,1,BDA
7291,poderwać,1,BAAFB
7292,owacja,1,ADACBAA
7293,stojąco,1,FC
7294,szczęśliwy,1,CAB
7295,doceniony,1,BBCA
7296,kurzynazarzecka,1,-
7297,białymstoku,1,-
7298,opuścić,1,BBCA
7299,wspaniale,1,FB
7300,szałkiewicz,1,-
7301,rewelacyjny,1,CAB
7302,dumny,1,CAB
7303,gratulować,1,BAAA
7304,chwalić,1,BBCA
7305,postawa,1,ADAAA
7306,ponadczasowy,1,CAB
7307,klasyka,1,AAACBA
7308,cenić,1,BBCA
7309,biznesowych,1,-
7310,orsay,1,-
7311,zasługiwać,1,BAAC
7312,rozcięcie,1,AEBAA
7313,dekolt,1,ACAAAAA
7314,prezentować,1,BAAA
7315,klepsydra,1,ADAAA
7316,talia,1,ADACBAA
7317,wyglądający,1,BDA
7318,zestawienie,1,AEBAA
7319,czernić,1,BBCA
7320,dodatkowo,1,FC
7321,woleć,1,BBBA
7322,delikatniejszy,1,CAB
7323,karczek,1,ACABBA
7324,rozkloszowany,1,BAAA
7325,dół,1,ACAAAAA
7326,rozkloszować,1,BAAA
7327,zamaskować,1,BAAA
7328,masywny,1,CAB
7329,biodro,1,AEAAAB
7330,któraś,1,-
7331,dokonanie,1,AEBAA
7332,kupon,1,ACAAAAA
7333,aktywa,1,AGDB
7334,kryptografia,1,ADACBAA
7335,specyficzny,1,CAB
7336,wirtualnymi,1,-
7337,cyfrowymi,1,-
7338,sprzedawca,1,AABCBB
7339,akceptować,1,BAAA
7340,płatność,1,ADCCA
7341,kryptowalucie,1,-
7342,fiducjarną,1,-
7343,fiat,1,ABABAAA
7344,pominięcie,1,AEBAA
7345,pośrednik,1,AAACBA
7346,przelać,1,BAFBD
7347,dowolny,1,CAB
7348,rozliczyć,1,BCCA
7349,wydatek,1,ACABA
7350,płatniczy,1,CAA
7351,słusznie,1,FB
7352,instrument,1,ACAAAAA
7353,wycena,1,ADAAA
7354,inwestycyjny,1,CAB
7355,wypracowanie,1,AEBAA
7356,dokonywać,1,BAAB
7357,tradycyjny,1,CAB
7358,obligacja,1,ADACBAA
7359,surowiec,1,ACACBC
7360,bitcoin,1,-
7361,raptem,1,FC
7362,cent,1,ABABAAA
7363,kurs,1,ACAAAAA
7364,dobić,1,AEBAA
7365,szczyt,1,ACAAAAA
7366,międzyczas,1,ACAAAAA
7367,notować,1,BAAA
7368,kryptowalutę,1,-
7369,krach,1,ADAAA
7370,rockowy,1,CAB
7371,założony,1,CAB
7372,grosz,1,ACACBBA
7373,bal,1,ACACACB
7374,muzykówa,1,-
7375,łączący,1,CAA
7376,zeliszewski,1,-
7377,pełniący,1,CAA
7378,menedżera,1,-
7379,zm,1,-
7380,przełom,1,ACAAAAA
7381,xx,1,-
7382,anną,1,-
7383,jantar,1,ACAAAAA
7384,izabelą,1,-
7385,trojanowską,1,-
7386,urszulą,1,-
7387,przepraszać,1,BDA
7388,alabama,1,-
7389,pay,1,-
7390,reaktywować,1,BAAA
7391,licealista,1,AABDAA
7392,gitarzysta,1,AABDAA
7393,brozi,1,-
7394,janusza,1,-
7395,pędzisza,1,-
7396,grna,1,-
7397,prompters,1,-
7398,box,1,-
7399,zaczerpnąć,1,BAEAA
7400,słownik,1,ACABBA
7401,angielskopolskiego,1,-
7402,spolszczenie,1,AEBAA
7403,lubelskim,1,-
7404,arcus,1,-
7405,położyć,1,BCCA
7406,kres,1,ACAAAAA
7407,stały,1,BAFABD
7408,umcs,1,-
7409,klawiszowiec,1,-
7410,witold,1,-
7411,odorowicz,1,-
7412,obóz,1,ACAAAAA
7413,giżycku,1,-
7414,coverów,1,-
7415,zagraniczny,1,CAB
7416,wiosna,1,ADAAA
7417,sesja,1,ADACBAA
7418,nagraniowej,1,-
7419,lublin,1,-
7420,instrumentalny,1,CAB
7421,kazimierz,1,-
7422,łojan,1,-
7423,początkujący,1,AAEB
7424,poeta,1,AABDAA
7425,migo,1,-
