lp,slowo,liczba,label
1,się,1108,EJB
2,być,1004,AEBAA
3,nie,785,GBBBA
4,że,683,GBBBBAB
5,do,659,G
6,on,651,EAAA
7,to,493,EEAAA
8,który,433,EAB
9,o,361,GBBAA
10,a,291,GBBAB
11,ta,289,EDAAA
12,breivik,269,-
13,po,256,GBBAA
14,jak,231,ABAC
15,od,229,GBBAA
16,co,219,EGB
17,osoba,214,ADAAA
18,przez,198,GBBAA
19,ten,195,EAABA
20,za,195,GBBAA
21,ale,189,GBBBBAB
22,dla,188,GBBAA
23,lata,184,AGDAA
24,czy,183,EK
25,rok,181,ACEA
26,zostać,145,BAFABD
27,człowiek,142,AAHA
28,ma,142,EDAAB
29,zamach,134,ACAAAB
30,mówić,133,BBCA
31,wyspa,129,ADAAA
32,norwegii,126,-
33,przed,122,GBBAA
34,jeden,122,CCBA
35,norweski,120,CBA
36,może,117,GBBBA
37,inny,115,CAB
38,oraz,112,GBBAB
39,oslo,111,-
40,taż,109,EDCA
41,móc,106,BAFCABD
42,bycie,104,AEBAA
43,chcieć,103,BACA
44,czas,103,ACAAAAA
45,swoja,103,EDAB
46,dziecko,103,AEADB
47,ja,100,AEE
48,breivika,99,-
49,anders,98,-
50,jednak,98,GBBBA
51,ze,98,GBBBBBA
52,tylko,97,GBBBA
53,tak,96,EK
54,bo,96,G
55,już,93,GBBBA
56,taki,92,EAC
57,mieć,91,BDC
58,my,89,EIA
59,r,88,-
60,wiele,88,DEBA
61,więzienie,87,AEBAA
62,utoya,87,-
63,praca,86,ADACABB
64,pod,84,GBBAA
65,ona,82,EDAB
66,by,82,GBBAB
67,sąd,81,ACAAAAA
68,kilka,80,ADAB
69,jako,78,GBBAB
70,nowy,77,CAB
71,raz,77,ACAAAAA
72,sam,74,ACAAAAA
73,życie,70,AEBAA
74,lub,70,GBBAB
75,jej,70,GAB
76,miasto,69,AEAAAB
77,partia,68,ADACBAA
78,również,67,GBBBA
79,także,66,GBBBA
80,gdy,65,GBBAB
81,wszystek,64,CCA
82,pierwsza,64,ADACCBA
83,policja,63,ADACBAA
84,świat,63,ACAABAB
85,powiedzieć,61,BDC
86,polski,61,ACD
87,miał,60,ACAAAAA
88,jeśli,60,GBBAB
89,mężczyzna,59,AABDAB
90,ofiara,58,ADAAA
91,jeszcze,58,GBABB
92,kraj,58,ACACACB
93,film,58,ACAAAAA
94,strona,58,ADAAA
95,sprawa,57,ADAAA
96,bardzo,57,FA
97,zamachowiec,57,AAACBA
98,nawet,57,GBBBA
99,ocena,57,ADAAA
100,atak,56,ACABA
101,premier,56,AAACAAAB
102,dzień,56,ACABBB
103,bez,56,ACAAAAA
104,cały,56,CAB
105,maić,56,BBCA
106,podczas,55,GBBAA
107,dwa,55,DABB
108,europ,54,ACAAAAA
109,bronić,54,BBCA
110,drugi,54,CBA
111,prezydent,54,AAADAA
112,można,53,BFBA
113,która,53,-
114,żeby,53,GBBBBAA
115,mina,52,ADAAA
116,prawicowy,51,CAB
117,zginąć,51,BAEAB
118,ponad,51,GBBAA
119,musieć,51,BBBA
120,bezpieczeństwo,50,AEAAAB
121,ostatni,50,CBB
122,polityczny,50,CAB
123,choć,49,GBBBA
124,gdzie,48,GBABB
125,wszyscy,48,AFEC
126,coś,48,EGC
127,letni,47,CBB
128,europejski,47,CBA
129,masakra,46,ADAAA
130,uważać,46,BDA
131,alba,46,ADAAA
132,historia,46,ADACBAA
133,kiedy,46,GBABB
134,wyrok,45,ACABA
135,szkoła,45,ADAAA
136,nizać,45,BAAFA
137,kobieta,45,ADAAA
138,lipiec,44,ACACBC
139,przy,44,GBBAA
140,kolejny,44,CAB
141,więc,44,GBBAB
142,krakowie,44,-
143,władza,43,ADACABB
144,każdy,43,AAEC
145,służba,42,ADAAA
146,dom,42,ACAAAB
147,trzeba,41,BFBA
148,wielki,40,CBA
149,tam,40,GBABB
150,mieszkaniec,40,AAACBA
151,zabić,39,AEBAA
152,rząd,39,ACAAAAA
153,powinien,39,BFCA
154,godzina,39,ADAAA
155,pisać,39,BAAFA
156,wiedzieć,39,BDC
157,obóz,39,ACAAAAA
158,miejsce,39,AEBAA
159,kara,38,ADAAA
160,grupa,38,ADAAA
161,problem,38,ACAAAAA
162,według,38,GBBAA
163,stać się,38,-
164,później,38,FC
165,prawo,37,AEAAAB
166,zrobić,37,BBCA
167,duży,37,CAB
168,zacząć,37,BAFCB
169,proces,36,ACAAAAA
170,państwo,36,AEAAAB
171,warunek,36,ACABA
172,bomba,36,ADAAA
173,rodzina,36,ADAAA
174,teraz,36,FC
175,wtedy,36,GBABB
176,chodzić,36,BBCA
177,twierdzić,35,BBCA
178,tragedia,35,ADACBAA
179,zdanie,35,AEBAA
180,wojna,35,ADAAA
181,jeść,35,BDD
182,napisać,35,BAAFA
183,pot,35,ACAAAAA
184,bardziej,35,FC
185,niebo,35,AEAAAB
186,samochód,34,ACAAAAA
187,rola,34,ADACBABA
188,znaleźć,34,BAFCAA
189,więcej,33,FC
190,trzy,33,DBAA
191,żaden,33,CCBBA
192,uczeń,33,AEBAA
193,stan,33,ACAAAAA
194,nad,33,GBBAA
195,agent,33,AAADAA
196,uznać,32,BDA
197,społeczeństwo,32,AEAAAB
198,manifest,32,ACAAAAA
199,często,32,FA
200,rozmowa,32,ADAAA
201,minuta,32,ADAAA
202,mama,32,ADAAA
203,teatr,32,ACAAAAA
204,ani,31,GBBBA
205,której,31,-
206,sprawca,31,AABCBB
207,medium,31,AED
208,terrorysta,31,AABDAA
209,ręka,31,ADACBABB
210,początek,31,ACABA
211,opowiadać,31,BDA
212,nic,31,EGA
213,ważny,31,CAB
214,koniec,31,ACACBC
215,strefa,31,ADAAA
216,krakowa,31,-
217,zespół,31,ACAAAAA
218,jaki,30,ABAC
219,uwaga,30,ADAB
220,informacja,30,ADACBAA
221,aby,30,GBBBBAB
222,organizacja,30,ADACBAA
223,styczeń,30,ACACBAA
224,rodzic,30,AAABAB
225,wydarzenie,29,AEBAA
226,słowo,29,AEAAAB
227,próba,29,ADAAA
228,dodać,29,BDC
229,sposobić,29,BBCA
230,Internet,29,ACAAAAA
231,tysiąc,29,ABAAC
232,gra,29,ADAAA
233,ksiądz,29,AAAEB
234,dać,29,BDC
235,cel,28,ACACACB
236,własny,28,CAB
237,droga,28,ADAB
238,wcześniej,27,FC
239,między,27,GBBAA
240,zmiana,27,ADAAA
241,śmierć,27,ADCCA
242,właśnie,27,GBBBA
243,we,27,GBBAA
244,młoda,27,ADACCBA
245,pracować,27,BAAA
246,udział,27,ACAAAAA
247,np,27,-
248,czyli,27,GBBAB
249,edukacja,27,ADACBAA
250,skazać,26,BAAFA
251,członek,26,AAAAB
252,największy,26,CAB
253,główny,26,CAB
254,wolność,26,ADCCA
255,wydawać,26,BAAE
256,jakiś,26,EAF
257,aż,26,GBBBA
258,temat,26,ACAAAAA
259,próbować,26,BAAA
260,krakowski,26,CBA
261,prawić,25,BBCA
262,przebywać,25,BDA
263,policjant,25,AAADAA
264,przypadek,25,ACABA
265,okazać,25,BAAFA
266,nigdy,25,GBABB
267,najbardziej,25,FC
268,polityk,25,AAACBA
269,znać,25,BDA
270,pieniądz,25,ACACBBB
271,różny,25,CAB
272,izolacja,24,ADACBAA
273,behring,24,-
274,brać,24,ADCAAA
275,terrorystyczny,24,CAB
276,rządowy,24,CAB
277,brak,24,ACABA
278,centrum,24,AED
279,głównie,24,FC
280,widzieć,24,BBBA
281,nikt,24,EFA
282,kontakt,24,ACAAAAA
283,zwierzę,24,AECA
284,scena,24,ADAAA
285,sekta,24,ADAAA
286,kar,23,ACAAAAA
287,którą,23,-
288,uczestnik,23,AAACBA
289,dlatego,23,G
290,robić,23,BBCA
291,przedmiot,23,ACAAAAA
292,przyznać,23,BDA
293,odbywać,23,BDA
294,traktowanie,23,AEBAA
295,dziś,23,ACF
296,kto,23,EFB
297,prawica,23,ADACABB
298,usa,23,-
299,u,23,GBBAA
300,najwyższy,22,CAB
301,zagrożenie,22,AEBAA
302,andersa,22,-
303,przepis,22,ACAAAAA
304,należeć,22,BCBA
305,możliwość,22,ADCCA
306,strzał,22,ACAAAAA
307,głowa,22,ADAAA
308,część,22,ADCCA
309,zawsze,22,GBABB
310,prowadzić,22,BBCA
311,spotkanie,22,AEBAA
312,koncert,22,ACAAAAA
313,oko,22,AEAAAA
314,moment,22,ACAAAAA
315,czuć,22,AEBAA
316,list,22,ACAAAAA
317,polsce,22,-
318,dziać,22,BAFBD
319,stwierdzić,21,BBCA
320,strzelać,21,BDA
321,wynikać,21,BDA
322,związek,21,ACABA
323,przemoc,21,ADCAB
324,rzecz,21,ADCB
325,ciało,21,AEAAAB
326,książka,21,ADAB
327,wzgląd,21,ACAAAAAB
328,ekspert,21,AAADAA
329,imigrant,21,AAADAA
330,budynek,21,ACABA
331,tydzień,21,ACACBAA
332,dwie,21,DABCA
333,nim,21,GBBAB
334,zdjęcie,21,AEBAA
335,nasz,21,EAABA
336,seks,21,ACAAAAA
337,pan,21,AAAAAB
338,ice,21,-
339,morderca,20,AABCBB
340,większość,20,ADCCA
341,powód,20,AAAAAA
342,wymiar,20,ACAAAAA
343,dobro,20,AEAAAA
344,wniosek,20,ACABA
345,stracić,20,BBCA
346,dzielnica,20,ADACABB
347,środek,20,ACABBA
348,materiał,20,ACAAAAA
349,jedynie,20,GBBBA
350,pojawić się,20,-
351,polityka,20,AAACBA
352,nauczyciel,20,AAABCA
353,skarżyć,20,BCCA
354,adwokat,20,AAADAA
355,natomiast,20,GBBAB
356,sytuacja,20,ADACBAA
357,kamień,20,ACACBAA
358,swa,20,EDAAB
359,seksualny,20,CAB
360,ojciec,20,AAAAAB
361,pomoc,19,ADCAB
362,wynik,19,ACABA
363,wybuch,19,ACAAAB
364,pokazywać,19,BAAB
365,tłumaczyć,19,BCCA
366,norwegia,19,-
367,piątek,19,ACABA
368,dostęp,19,ACAAAAA
369,forma,19,ADAAA
370,zbrodnia,19,ADACBAA
371,przeciwko,19,GBBAA
372,postać,19,ADCAAA
373,dzięki,19,AGBB
374,narodowy,19,CAB
375,relacja,19,ADACBAA
376,głos,19,ACAAAAA
377,otwarty,19,CAB
378,m,19,-
379,lecz,19,GBBAB
380,ile,19,EHBA
381,ty,19,EIA
382,miesiąc,19,ACACBBA
383,ruch,19,ACAAAB
384,syn,19,AAAAB
385,szukać,19,BDA
386,ktoś,19,EFC
387,aktor,19,AAACAAAB
388,swój,18,EAABA
389,więzienny,18,CAB
390,osiem,18,DBBA
391,projekt,18,ACAAAAA
392,strach,18,ABABAAB
393,wówczas,18,FC
394,nasi,18,AFFB
395,zdrowy,18,AAEC
396,tyle,18,EHBA
397,imię,18,AECB
398,nieludzki,18,CBA
399,pierwszy,18,CAB
400,czyn,18,ACAAAAA
401,wyjść,18,AEBAA
402,istnieć,18,BAD
403,telewizja,18,ADACBAA
404,młody,18,AAEC
405,plan,18,ACAAAAA
406,dlaczego,18,G
407,prawdziwy,18,CAB
408,wartość,18,ADCCA
409,większy,18,CAB
410,dodatek,18,ACABA
411,telefon,18,ACAAAAA
412,woda,18,ADAAA
413,prostu,18,-
414,widać,18,BFB
415,kościół,18,ACAABAA
416,przecież,18,GBBBA
417,matka,18,ADAB
418,minneapolis,18,-
419,spektakl,18,ACACAA
420,pies,18,ABABAB
421,schronisko,18,AEAAAA
422,referendum,18,AED
423,skrzat,18,AAACAAAB
424,powell,18,-
425,dojść,17,AEBAA
426,najważniejszy,17,CAB
427,obrona,17,ADAAA
428,trwać,17,BDA
429,kontrola,17,ADACBAA
430,wśród,17,GBBAA
431,wybuchowy,17,CAB
432,nadal,17,FC
433,tuż,17,GBBBBBB
434,odrzucić,17,BBCA
435,młodzieżówki,17,-
436,punkt,17,ACAAAAA
437,częsty,17,CAB
438,ideologia,17,ADACBAA
439,niektóry,17,AAEB
440,najmniej,17,FC
441,tys,17,-
442,obywatelski,17,CBA
443,liczba,17,ADAAA
444,doświadczenie,17,AEBAA
445,kolor,17,ACAAAAA
446,tekst,17,ACAAAAA
447,klasa,17,ADAAA
448,transport,17,ACAAAAA
449,good,17,-
450,kino,17,AEAAAB
451,kuweta,17,ADAAA
452,przekonywać,16,BAAB
453,strzelanina,16,ADAAA
454,raport,16,ACAAAAA
455,specjalny,16,CAB
456,akcja,16,ADACBAA
457,działania,16,AGDAA
458,korespondencja,16,ADACBAA
459,zdrowie,16,AEBAC
460,obecnie,16,GBABB
461,sztuczny,16,CAB
462,pojawiać się,16,-
463,otworzyć,16,BCCA
464,reżyser,16,AAACAAAB
465,podobny,16,CAB
466,źródło,16,AEAAAB
467,pytanie,16,AEBAA
468,działać,16,BDA
469,terroryzm,16,ACAAAAA
470,artysta,16,AABDAA
471,ówczesny,16,CAB
472,powstać,16,BAFABD
473,potrzebować,16,BAAA
474,zmienić,16,BBCA
475,następnie,16,FC
476,zastrzelić,16,BBCA
477,potrzeba,16,ADAAA
478,zbyt,16,ACAAAAA
479,proca,16,ADACABB
480,wiedza,16,ADACABB
481,kolej,16,ADCAAA
482,kwestia,16,ADACBAA
483,przykład,16,ACAAAAA
484,zatrzymać,16,BDA
485,grać,16,BDA
486,święta,16,ADACCBA
487,tu,16,GBABB
488,dużo,16,DF
489,sieć,16,ADCCA
490,mała,16,ADACCBA
491,mln,16,-
492,siła,16,ADAAA
493,naprawdę,16,GBBBA
494,styl,16,ACACACB
495,wrócić,16,BBCA
496,mąż,16,AAAAB
497,warszawa,16,ADAAA
498,kanał,16,ACAAAAA
499,andrzej,16,-
500,ewa,16,-
501,płyta,16,ADAAA
502,konkurs,16,ACAAAAA
503,serial,16,ACACAA
504,kacmajor,16,-
505,zegarek,16,ACABBA
506,badanie,15,AEBAA
507,decyzja,15,ADACBAA
508,system,15,ACAAAAA
509,rozpocząć,15,BAFCB
510,granica,15,ADACABB
511,radykalny,15,CAB
512,mimo,15,GBBAA
513,pięcie się,15,-
514,nienawiść,15,ADCCA
515,kultura,15,ADAAA
516,publiczny,15,CAB
517,lewicowy,15,CAB
518,społeczny,15,CAB
519,dokonać,15,BDA
520,rocznica,15,ADACABB
521,terror,15,ACAAAAA
522,młodzież,15,ADCAB
523,udać,15,BDC
524,mijać,15,BDA
525,ekstremista,15,AABDAA
526,stoltenberg,15,-
527,oddać,15,BDC
528,zarówno,15,FC
529,około,15,GBBBBBB
530,jednocześnie,15,FB
531,fakt,15,ACAAAAA
532,chłopiec,15,AAACAB
533,skończyć,15,BCCA
534,dorosły,15,AAEC
535,skrajny,15,CAB
536,muzułmański,15,CBA
537,islam,15,ACAAAAA
538,zobaczyć,15,BCCA
539,g,15,-
540,walka,15,ADABA
541,zachód,15,ACAAAAA
542,podstawa,15,ADAAA
543,trafić,15,BBCA
544,widz,15,AAAAB
545,majdan,15,ACAAAAA
546,ilska,15,-
547,skrajnie,14,FB
548,wyglądać,14,BDA
549,myśl,14,ADCCA
550,dobre,14,AEBBB
551,chwila,14,ADACBABA
552,przeżyć,14,AEBAA
553,ochrona,14,ADAAA
554,klub,14,ACAAAAA
555,masowy,14,CAB
556,podkreślić,14,BBCA
557,dostać,14,BAFABD
558,król,14,AAAAB
559,więzień,14,AEBAA
560,wiadomo,14,BFBA
561,zamiast,14,GBBAA
562,poznać,14,BDA
563,rosyjski,14,ACD
564,sobota,14,ADAAA
565,świadek,14,AAAAB
566,konto,14,AEAAAB
567,gazeta,14,ADAAA
568,wybrać,14,BAAFA
569,czarny,14,CAB
570,znaczenie,14,AEBAA
571,ue,14,-
572,element,14,ACAAAAA
573,prosta,14,ADACCBA
574,żona,14,ADAAA
575,tworzyć,14,BCCA
576,dodawać,14,BAAE
577,szansa,14,ADACABA
578,odpowiedni,14,CBB
579,złoty,14,ABC
580,moja,14,EDAB
581,utwór,14,ACAAAAA
582,koperta,14,ADAAA
583,nagroda,14,ADAAA
584,sos,14,ACAAAAA
585,myśleć,13,BBBA
586,zwrócić,13,BBCA
587,przestępstwo,13,AEAAAB
588,dobry,13,CAA
589,gdyby,13,GBBAB
590,nazwisko,13,AEAAAA
591,sierpień,13,ACACBAA
592,norweg,13,-
593,zmieniać,13,BDA
594,domagać się,13,-
595,dyskusja,13,ADACBAA
596,wskazywać,13,BAAB
597,nauka,13,ADAB
598,lęk,13,ACABA
599,ekstremizm,13,ACAAAAA
600,typ,13,AAACAAAB
601,muzułmanin,13,AAABAA
602,ranna,13,ADACCBA
603,siedziba,13,ADAAA
604,zajęcie,13,AEBAA
605,skutek,13,ACABA
606,wobec,13,G
607,podkreślać,13,BDA
608,wziąć,13,BAFCAC
609,odpowiedź,13,ADCCA
610,odbyć,13,AEBAA
611,zabrać,13,BAAFA
612,obecny,13,AAEC
613,stolica,13,ADACABB
614,możliwości,13,AGBC
615,godz,13,-
616,por,13,ABABAAA
617,wybór,13,ACAAAAA
618,muzyczny,13,CAB
619,luty,13,ACAAAAA
620,ulica,13,ADACABB
621,wielokulturowości,13,-
622,oglądać,13,BDA
623,rozmawiać,13,BDA
624,zapisać,13,BAAFA
625,podstawowy,13,CAB
626,dodatkowy,13,CAB
627,model,13,AAABCA
628,poła,13,ADAAA
629,stać,13,BAFABD
630,przypominać,13,BDA
631,wersja,13,ADACBAA
632,podpis,13,ACAAAAA
633,kupić,13,BBCA
634,szybka,13,ADAB
635,dostępny,13,CAB
636,łukasz,13,-
637,abw,13,-
638,wierzyć,13,BCCA
639,oczywiście,13,GBBBA
640,przygotować,13,BAAA
641,lepiej,13,FC
642,nagranie,13,AEBAA
643,trumpa,13,-
644,miejski,13,CBA
645,filmowy,13,CAB
646,sztuka,13,ADAB
647,kolęda,13,ADAAA
648,czysty,13,CAB
649,kraków,13,-
650,kot,13,ABABAB
651,miszalskiego,13,-
652,procent,13,ACAAAAA
653,łyżka,13,ADAB
654,szlachetny,13,CAB
655,bombowy,12,CAB
656,możliwy,12,CAB
657,znany,12,BDA
658,poinformować,12,BAAA
659,funkcjonariusz,12,AAABD
660,kilkadziesiąt,12,DBFA
661,grudzień,12,ACACBAA
662,domowy,12,CAB
663,psychiczny,12,CAB
664,podać,12,BDC
665,tłumacz,12,AAABD
666,grozić,12,BBCA
667,prawda,12,ADAAA
668,ogromny,12,CAB
669,dziennik,12,ACABBA
670,emocja,12,ADACBAA
671,przeprowadzić,12,BBCA
672,współczesny,12,AAEC
673,chrześcijański,12,CBA
674,muzeum,12,AED
675,powrót,12,ACAAAAA
676,przyjąć,12,BAFCB
677,najpierw,12,FC
678,biały,12,CAB
679,skarga,12,ADAB
680,wraz,12,FC
681,ciąg,12,ACABA
682,ii,12,-
683,światowy,12,CAB
684,znajdować,12,BAAA
685,napastnik,12,AAACBA
686,rodzaj,12,ACACACB
687,pracoń,12,-
688,zjednoczony,12,CAB
689,unia,12,ADACBAA
690,lepszy,12,CAB
691,wielokrotnie,12,FC
692,czerwony,12,CAB
693,długo,12,FA
694,ogół,12,ACAAAAA
695,wychodzić,12,BBCA
696,coraz,12,GBABB
697,jedzenie,12,AEBAA
698,ubiegły,12,BAFAAB
699,dawać,12,BAAE
700,osobisty,12,CAB
701,poza,12,ADAAA
702,uniwersytet,12,ACAAAAA
703,trzymać,12,BDA
704,zasada,12,ADAAA
705,przede,12,-
706,islamski,12,CBA
707,bać się,12,-
708,pani,12,ADBAA
709,sama,12,EDAAB
710,sprawdzić,12,BBCA
711,amerykański,12,CBA
712,choroba,12,ADAAA
713,temperatura,12,ADAAA
714,drzwi,12,AGBC
715,opowieść,12,ADCCA
716,pamiętać,12,BDA
717,kierowca,12,AABCBB
718,wyświetlenie,12,AEBAA
719,potrafić,12,BBCA
720,chór,12,ACAAAAA
721,felicja,12,-
722,średni,12,CBB
723,podsiąść,12,BAFCAA
724,przegrać,11,BDA
725,norwegię,11,-
726,eksplozja,11,ADACBAA
727,przygotowanie,11,AEBAA
728,mundur,11,ACAAAAA
729,zarzut,11,ACAAAAA
730,kwiecień,11,ACACBAA
731,prosić,11,BBCA
732,oznaczać,11,BDA
733,wpływ,11,ACAAAAA
734,minister,11,AAAAAA
735,wystarczyć,11,BCCA
736,prawie,11,GBBBA
737,klient,11,AAADAA
738,lippestad,11,-
739,skoro,11,GBBAB
740,ogień,11,ACACBAA
741,muzyka,11,AAACBA
742,związany,11,BAAFA
743,okres,11,ACAAAAA
744,mój,11,EAABA
745,bliski,11,CBA
746,dopiero,11,GBBBA
747,wsparcie,11,AEBAA
748,pozbawienie,11,AEBAA
749,gotowy,11,CAB
750,zabijać,11,BDA
751,wciąż,11,FC
752,jens,11,-
753,pojechać,11,BAAFA
754,siedzieć,11,BBBA
755,odpowiedzialny,11,CAB
756,młodzieżowy,11,CAB
757,działalność,11,ADCCA
758,jakość,11,ADCCA
759,lubić,11,BBCA
760,niestety,11,GBBBA
761,moi,11,AFFC
762,zapewniać,11,BDA
763,postęp,11,ACAAAAA
764,odwołać,11,BDA
765,traktować,11,BAAA
766,zachowanie,11,AEBAA
767,teren,11,ACAAAAA
768,rządzący,11,AAEB
769,działacz,11,AAABD
770,pole,11,AEBAA
771,poziom,11,ACAAAAA
772,przyjść,11,AEBAA
773,czekać,11,BDA
774,występować,11,BAAA
775,język,11,ACABBA
776,dość,11,GBABB
777,zapewne,11,GBBBA
778,sklep,11,ACAAAAA
779,radny,11,AAEC
780,ks,11,-
781,mróz,11,ACAAAAA
782,sukienka,11,ADAB
783,zapraszać,11,BDA
784,wprowadzenie,11,AEBAA
785,warta,11,CCBBA
786,ewy,11,-
787,pomysł,11,ACAAAAA
788,album,11,ACAAAAA
789,sct,11,-
790,miszalski,11,-
791,zdrowotny,11,CAB
792,babcia,11,ADACBBB
793,nastolatek,10,AAADBA
794,agencja,10,ADACBAA
795,odsiadywać,10,BAAB
796,opublikowany,10,BAAA
797,zły,10,ABC
798,numer,10,ACAAAAA
799,wyższy,10,CAB
800,obawa,10,ADAAA
801,podobnie,10,FB
802,pistolet,10,ACAAAAA
803,takiej,10,-
804,wprowadzić,10,BBCA
805,wiek,10,ACABA
806,ograniczenie,10,AEBAA
807,prokuratura,10,ADAAA
808,produkcja,10,ADACBAA
809,zwolennik,10,AAACBA
810,poczucie,10,AEBAA
811,opinia,10,ADACBAA
812,akt,10,ACAAAAA
813,przyczyna,10,ADAAA
814,wewnętrzny,10,CAB
815,dokładnie,10,FB
816,zaczynać,10,BDA
817,ponieważ,10,GBBAB
818,dotrzeć,10,BABA
819,wspomnienie,10,AEBAA
820,karny,10,ABC
821,prasowy,10,CAB
822,zwolnienie,10,AEBAA
823,samo,10,EEAAA
824,wyjście,10,AEBAA
825,nazywać,10,BDA
826,odwołanie,10,AEBAA
827,przeciw,10,GBBAA
828,ładunek,10,ACABA
829,podobać się,10,-
830,pochodzenie,10,AEBAA
831,przebywający,10,BDA
832,ziemia,10,ADACBABA
833,nazwa,10,ADAAA
834,brat,10,AAAEA
835,stara,10,ADACCBA
836,zależeć,10,BCBA
837,pogląd,10,ACAAAAA
838,krajowy,10,CAB
839,marzec,10,ACACBC
840,poddać,10,BDC
841,poprzez,10,GBBAA
842,pozwolić,10,BBCA
843,gościć,10,BBCA
844,cztery,10,DBAA
845,demokracja,10,ADACBAA
846,noc,10,ADCAB
847,czytać,10,BDA
848,pokazać,10,BAAFA
849,pewien,10,CCBBA
850,angielski,10,ACD
851,produkt,10,ACAAAAA
852,rad,10,ACAAAAA
853,najlepszy,10,CAB
854,szalony,10,AAEC
855,wysoki,10,CBA
856,trzeci,10,CBB
857,partner,10,AAACAAAB
858,starać się,10,-
859,wspólny,10,CAB
860,rozwiązanie,10,AEBAA
861,raczej,10,GBBBA
862,protest,10,ACAAAAA
863,iść,10,BAFCAA
864,świąteczny,10,CAB
865,energia,10,ADACBAA
866,sukces,10,ACAAAAA
867,tutaj,10,GBABB
868,wyborczy,10,CAA
869,drużyna,10,ADAAA
870,trend,10,ACAAAAA
871,tiktoku,10,-
872,warsztat,10,ACAAAAA
873,muzyk,10,AAACBA
874,połowa,10,ADAAA
875,henryk,10,-
876,festiwal,10,ACACAA
877,polka,10,ADAB
878,pis,10,-
879,fot,10,ACAABAA
880,jakubowskich,10,-
881,zakończyć,9,BCCA
882,pobyt,9,ACAAAAA
883,poniedziałek,9,ACABA
884,kluczowy,9,CAB
885,zgodnie,9,FB
886,dana,9,ADACCBA
887,dotyczący,9,CAA
888,sprawiedliwość,9,ADCCA
889,propozycja,9,ADACBAA
890,geir,9,-
891,poważny,9,CAB
892,konferencja,9,ADACBAA
893,opowiedzieć,9,BDC
894,niezwykle,9,FB
895,chłopak,9,AAACBA
896,przyjaciel,9,AAABBB
897,tragiczny,9,CAB
898,królewski,9,CBA
899,brytanii,9,-
900,szczególnie,9,FB
901,wyłącznie,9,GBBBA
902,przedterminowy,9,CAB
903,stopień,9,AEBAA
904,czwartek,9,ACABA
905,złe,9,AEBBB
906,opublikować,9,BAAA
907,kuchnia,9,ADACBAA
908,popełnić,9,BBCA
909,dzisiaj,9,ACF
910,szef,9,AAAAAA
911,dekada,9,ADAAA
912,południe,9,AEBAC
913,uciec,9,BAFAAB
914,tymczasem,9,GBABB
915,obcy,9,AAEB
916,reakcja,9,ADACBAA
917,przejść,9,AEBAA
918,marsz,9,ABAAAB
919,pozwalać,9,BDA
920,narzekać,9,BDA
921,odmówić,9,BBCA
922,mieszkać,9,BDA
923,opisywać,9,BAAB
924,program,9,ACAAAAA
925,serce,9,AEBAA
926,tytuł,9,ACAAAAA
927,pójść,9,BAFCAA
928,zapowiadać,9,BDA
929,ostatecznie,9,FC
930,konwencja,9,ADACBAA
931,wydać,9,BDC
932,zgoda,9,ADAAA
933,walczyć,9,BCCA
934,wtorek,9,ACABA
935,uznawać,9,BAAE
936,autor,9,AAACAAAB
937,trudny,9,CAB
938,postanowić,9,BBCA
939,pozostały,9,BAFABD
940,bowiem,9,GBBAB
941,znów,9,GBBBA
942,boży,9,CAA
943,mieszkanie,9,AEBAA
944,szpital,9,ACACBAA
945,spokojny,9,CAB
946,interesować,9,BAAA
947,handlowy,9,CAB
948,wieczorem,9,FC
949,znacznie,9,FB
950,urząd,9,ACAAAAAB
951,dziwny,9,CAB
952,łódź,9,ADCAAA
953,dyrektor,9,AAACAAAB
954,dalej,9,FC
955,uderzyć,9,BCCA
956,świeży,9,CAA
957,śledztwo,9,AEAAAB
958,utrzymywać,9,BAAB
959,łatwo,9,FA
960,wyzwanie,9,AEBAA
961,okazja,9,ADACBAA
962,zakup,9,ACAAAAA
963,pytać,9,BDA
964,zwłaszcza,9,GBBBA
965,ku,9,GBBAA
966,informować,9,BAAA
967,inicjatywa,9,ADAAA
968,placówka,9,ADAB
969,partnerka,9,ADAB
970,liceum,9,AED
971,kolega,9,AABCA
972,prof,9,-
973,znak,9,ACABA
974,wymagać,9,BDA
975,gwiazda,9,ADAAA
976,ukraiński,9,CBA
977,moda,9,ADAAA
978,wracać,9,BDA
979,premiera,9,AAACAAAB
980,publiczność,9,ADCCA
981,trasa,9,ADAAA
982,umiejętność,9,ADCCA
983,funkcjonowanie,9,AEBAA
984,krzysztof,9,-
985,musical,9,ACACAA
986,zł,9,-
987,przewidywany,9,BAAB
988,wystawa,9,ADAAA
989,etap,9,ACAAAAA
990,zapytać,9,BDA
991,bliskość,9,ADCCA
992,cebula,9,ADACBABA
993,oliwa,9,ADAAA
994,cytryn,9,ACAAAAA
995,hollywood,9,-
996,radzić,8,BBCA
997,prawnik,8,AAACBA
998,pewność,8,ADCCA
999,powstrzymać,8,BDA
1000,aresztować,8,BAAA
1001,policyjny,8,CAB
1002,uciekać,8,BDA
1003,skala,8,ADACBABA
1004,zamknięty,8,BAEAA
1005,zakład,8,ACAAAAA
1006,używać,8,BDA
1007,nawóz,8,ACAAAAA
1008,zdobyć,8,AEBAA
1009,chociaż,8,GBBBA
1010,mowa,8,ADAAA
1011,zostawić,8,BBCA
1012,wspólnota,8,ADAAA
1013,sport,8,ACAAAAA
1014,symbol,8,ACACAA
1015,uderzać,8,BDA
1016,rama,8,ADAAA
1017,środa,8,ADAAA
1018,silny,8,CAB
1019,studiować,8,BAAA
1020,możliwe,8,GBABA
1021,ryzyko,8,AEAAAA
1022,apelacyjny,8,CAB
1023,kwiat,8,ACAAAAA
1024,zabity,8,BAFB
1025,wysłać,8,BAAFA
1026,wskazać,8,BAAFA
1027,piątkowy,8,CAB
1028,pułapka,8,ADAB
1029,niepodległość,8,ADCCA
1030,dokument,8,ACAAAAA
1031,korzystać,8,BDA
1032,adrian,8,-
1033,obywatel,8,AAABCA
1034,liga,8,ADAB
1035,pełny,8,CAB
1036,doprowadzić,8,BBCA
1037,wywiad,8,ACAAAAA
1038,gdyż,8,GBBAB
1039,tworzenie,8,AEBAA
1040,milion,8,ACAABAA
1041,tortura,8,ADAAA
1042,komunikacja,8,ADACBAA
1043,zewnętrzny,8,CAB
1044,potrzebny,8,CAB
1045,treść,8,ADCCA
1046,neonazista,8,AABDAA
1047,groźny,8,CAB
1048,zabójca,8,AABCBB
1049,wspominać,8,BDA
1050,dziennikarz,8,AAABD
1051,pamięć,8,ADCCA
1052,potwierdzić,8,BBCA
1053,rosji,8,-
1054,portal,8,ACACAA
1055,zbudować,8,BAAA
1056,spełniać,8,BDA
1057,rozumieć,8,BDBA
1058,moc,8,ADCAB
1059,narodzenie,8,AEBAA
1060,ostrzegać,8,BDA
1061,przestać,8,BAFABD
1062,lekarz,8,AAABD
1063,wyjątkowy,8,CAB
1064,pewnie,8,FB
1065,poprosić,8,BBCA
1066,bezpieczny,8,CAB
1067,przyjechać,8,BAAFA
1068,gdzieś,8,GBABB
1069,wejść,8,AEBAA
1070,kochać,8,BDA
1071,zatrzymanie,8,AEBAA
1072,federalny,8,CAB
1073,islamista,8,AABDAA
1074,hotel,8,ACACAA
1075,maj,8,BBCA
1076,zaledwie,8,GBBBA
1077,scenariusz,8,ACACBBA
1078,spodziewać się,8,-
1079,hasło,8,AEAAAB
1080,podjąć,8,BAFCB
1081,uratować,8,BAAA
1082,okolica,8,ADACABB
1083,sens,8,ACAAAAA
1084,słychać,8,BFB
1085,przyznawać,8,BAAE
1086,wrzesień,8,ACACBAA
1087,otwartość,8,ADCCA
1088,adres,8,ACAAAAA
1089,podejście,8,AEBAA
1090,zwykły,8,CAB
1091,zupełnie,8,FB
1092,wrażenie,8,AEBAA
1093,nieco,8,FC
1094,zanim,8,GBBAB
1095,inspirować,8,BAAA
1096,taka,8,-
1097,ciekawy,8,CAB
1098,spędzić,8,BBCA
1099,rodzinny,8,CAB
1100,kategoria,8,ADACBAA
1101,przekonanie,8,AEBAA
1102,znaczyć,8,BCCA
1103,obowiązek,8,ACABA
1104,areszt,8,ACAAAAA
1105,wjazd,8,ACAAAAA
1106,przerwa,8,ADAAA
1107,mistrz,8,AAAAB
1108,zagrać,8,BBCA
1109,stajać,8,BAAFC
1110,teatralny,8,CAB
1111,klasyczny,8,CAB
1112,poezja,8,ADACBAA
1113,szkolny,8,CAB
1114,edukacyjny,8,CAB
1115,środowisko,8,AEAAAA
1116,praktyczny,8,CAB
1117,hit,8,-
1118,razer,8,-
1119,zdarzać,8,BDA
1120,jeżeli,8,GBBAB
1121,piotr,8,-
1122,parafia,8,ADACBAA
1123,zero,8,AEAAAB
1124,michał,8,-
1125,konfederacja,8,ADACBAA
1126,chleb,8,ACAABAA
1127,kamera,8,ADAAA
1128,patrzyć,8,BCCA
1129,protestować,8,BAAA
1130,chlebda,8,-
1131,słowackiego,8,-
1132,senior,8,AAACAAAB
1133,d,8,-
1134,aktorka,8,ADAB
1135,nysa,8,ADAAA
1136,garnek,8,ACABBA
1137,downa,8,-
1138,męskość,8,ADCCA
1139,statut,8,ACAAAAA
1140,julius,8,-
1141,roberts,8,-
1142,składnik,8,ACABBA
1143,smak,8,ACABA
1144,czosnek,8,ACABA
1145,smażyć,8,BCCA
1146,sala,7,ADACBABA
1147,zapowiedzieć,7,BDC
1148,storrvik,7,-
1149,otrzymać,7,BDA
1150,oświadczenie,7,AEBAA
1151,center,7,AAACAAAB
1152,krytyczny,7,CAB
1153,spotykać,7,BDA
1154,efekt,7,ACAAAAA
1155,poseł,7,AAAAAA
1156,obrońca,7,AABCBB
1157,psychicznie,7,FB
1158,reszta,7,ADAAA
1159,dotyczyć,7,BCCA
1160,listopad,7,ACAABAA
1161,wpływać,7,BDA
1162,odpowiedzieć,7,BDC
1163,wymierzony,7,CAB
1164,dzieciństwo,7,AEAAAB
1165,konsekwencja,7,ADACBAA
1166,współpracować,7,BAAA
1167,współpraca,7,ADACABB
1168,jaką,7,-
1169,pozostać,7,BAFABD
1170,wcześniejszy,7,CAB
1171,specjalista,7,AABDAA
1172,praktyka,7,AAACBA
1173,odpowiadać,7,BDA
1174,zabicie,7,AEBAA
1175,rozprawa,7,ADAAA
1176,sześć,7,DBBA
1177,konieczny,7,CAB
1178,ideologiczny,7,CAB
1179,przekazać,7,BAAFA
1180,wyrazić,7,BBCA
1181,łączeń,7,AEBAA
1182,rzekomy,7,CAB
1183,dziesięć,7,DBBA
1184,żyć,7,AEBAA
1185,krwawy,7,CAB
1186,dramat,7,ACAAAAA
1187,półtorej,7,DF
1188,udawać,7,BAAE
1189,ubrać,7,BAAFA
1190,naśladowca,7,AABCBB
1191,deklaracja,7,ADACBAA
1192,wyraz,7,ACAAAAA
1193,odnotować,7,BAAA
1194,obowiązkowy,7,CAB
1195,ugrupowanie,7,AEBAA
1196,błąd,7,ACAAAAAB
1197,głośny,7,CAB
1198,straż,7,ADCAB
1199,aleksander,7,-
1200,wyliczać,7,BDA
1201,przechodzić,7,BBCA
1202,strój,7,BBCA
1203,pomóc,7,BAFCAB
1204,siedem,7,DBBA
1205,zaatakować,7,BAAA
1206,wywołać,7,BDA
1207,nazwać,7,BAAFB
1208,zapobiec,7,BAFAAB
1209,poszanowanie,7,AEBAA
1210,niski,7,CBA
1211,substancja,7,ADACBAA
1212,posiadać,7,BDA
1213,instancja,7,ADACBAA
1214,obie,7,DABCA
1215,koszt,7,ACAAAAA
1216,poprzedni,7,CBB
1217,demokratyczny,7,CAB
1218,kłopot,7,ACAAAAA
1219,ujawnić,7,BBCB
1220,okno,7,AEAAAB
1221,jesień,7,ADCAAA
1222,student,7,AAADAA
1223,nasza,7,-
1224,obawiać się,7,-
1225,strajk,7,ACABA
1226,głodowy,7,CAB
1227,planować,7,BAAA
1228,założyć,7,BCCA
1229,ponownie,7,FB
1230,administracja,7,ADACBAA
1231,wzrosły,7,CAB
1232,oba,7,DABB
1233,internetowych,7,-
1234,apelować,7,BAAA
1235,km,7,-
1236,przekazanie,7,AEBAA
1237,siostra,7,ADAAA
1238,jednostka,7,ADAB
1239,farma,7,ADAAA
1240,jedyne,7,AEBBB
1241,operacja,7,ADACBAA
1242,misja,7,ADACBAA
1243,pochodzić,7,BBCA
1244,młodość,7,ADCCA
1245,twarz,7,ADCAB
1246,narkotyk,7,ACABA
1247,mniejszy,7,CAB
1248,przyjeżdżać,7,BDA
1249,wokół,7,GBBAA
1250,właściciel,7,AAABCA
1251,sprzedaż,7,ADCAB
1252,rzeczywistość,7,ADCCA
1253,europa,7,-
1254,swoje,7,EDAB
1255,zwracać,7,BDA
1256,ds,7,-
1257,inaczej,7,FC
1258,powoływać,7,BAAB
1259,najczęściej,7,FC
1260,dowiedzieć się,7,-
1261,the,7,-
1262,spotkać,7,BDA
1263,starszy,7,CAB
1264,wybierać,7,BDA
1265,wyrzucić,7,BBCA
1266,zauważyć,7,BCCA
1267,pokolenie,7,AEBAA
1268,wejście,7,AEBAA
1269,taką,7,-
1270,ryś,7,ABAABA
1271,zima,7,ADAAA
1272,oze,7,-
1273,instytut,7,ACAAAAA
1274,sezon,7,ACAAAAA
1275,renee,7,-
1276,top,7,ACAAAAA
1277,biżuteria,7,ADACBAA
1278,lekcja,7,ADACBAA
1279,lublinie,7,-
1280,marta,7,-
1281,layering,7,-
1282,ewę,7,-
1283,gmin,7,ACAAAAA
1284,inteligencja,7,ADACBAA
1285,filmik,7,ACABA
1286,bezdomny,7,AAEC
1287,billie,7,-
1288,obraz,7,ACAAAAA
1289,frekwencja,7,ADACBAA
1290,lato,7,AEAAAB
1291,bartosz,7,-
1292,drewnicki,7,-
1293,gibała,7,-
1294,jasne,7,FC
1295,płatek,7,ACABBA
1296,zaproponować,7,BAAA
1297,luiza,7,-
1298,śmiać się,7,-
1299,tarcza,7,ADACABB
1300,dolać,7,BAFBD
1301,pasować,7,BAAA
1302,presja,7,ADACBAA
1303,półrocze,7,AEBAB
1304,sprawdzian,7,ACAAAAA
1305,pomidor,7,ABABAAA
1306,puszek,7,ACABA
1307,makaron,7,ACAAAAA
1308,drobno,7,FA
1309,odrobina,7,ADAAA
1310,burak,7,ABAC
1311,klopsik,7,ACABBA
1312,zamordować,6,BAAA
1313,pozwać,6,BAAFB
1314,podawać,6,BAAE
1315,samobójczy,6,CAA
1316,prośba,6,ADAAA
1317,złożyć,6,BCCA
1318,wykonać,6,BDA
1319,dokonany,6,BDA
1320,chyba,6,GBBBA
1321,komisja,6,ADACBAA
1322,dołożyć,6,BCCA
1323,analiza,6,ADAAA
1324,urzędnik,6,AAACBA
1325,zgadzać się,6,-
1326,ogłosić,6,BBCA
1327,uzbroić,6,BBCA
1328,ministerstwo,6,AEAAAB
1329,przygotowywać,6,BAAB
1330,wyciągnąć,6,BAEAA
1331,parlament,6,ACAAAAA
1332,strzelecki,6,CBA
1333,chory,6,AAEB
1334,uczestniczyć,6,BCCA
1335,sądzić,6,BBCA
1336,psychiatra,6,AABCBAB
1337,minąć,6,BAEAB
1338,organizator,6,AAACAAAB
1339,inspiracja,6,ADACBAA
1340,obok,6,GBABB
1341,psychologiczny,6,CAB
1342,dorobek,6,ACABA
1343,krytyka,6,AAACBA
1344,konserwatywny,6,CAB
1345,ośrodek,6,ACABBA
1346,motywować,6,BAAA
1347,uroczystość,6,ADCCA
1348,zorganizować,6,BAAA
1349,zdetonować,6,BAAA
1350,najgorszy,6,AEBAB
1351,rasizm,6,ACAAAAA
1352,ocenić,6,BBCA
1353,swoboda,6,ADAAA
1354,osadzić,6,BBCA
1355,niebezpieczny,6,CAB
1356,prokurator,6,AAACAAAB
1357,sędzia,6,AABAA
1358,krótki,6,CBA
1359,podłożyć,6,BCCA
1360,rasa,6,ADAAA
1361,zaplanowany,6,BAAA
1362,sum,6,ABABAAA
1363,para,6,AAAAAA
1364,wszelki,6,CBA
1365,karabin,6,ACAAAAA
1366,twierdza,6,ADACABB
1367,zdołać,6,BDA
1368,stół,6,ACAAAAA
1369,norwegów,6,-
1370,mniej,6,FC
1371,zasięg,6,ACABA
1372,biuro,6,AEAAAB
1373,niedaleko,6,FC
1374,martwy,6,AAEC
1375,pobliże,6,AEBAB
1376,zadzwonić,6,BBCA
1377,kierować,6,BAAA
1378,wzrosnąć,6,BAEB
1379,żądać,6,BDA
1380,czerpać,6,BAAFA
1381,archipelag,6,ACABA
1382,polak,6,-
1383,cud,6,ACAAAAA
1384,dzwonić,6,BBCA
1385,zatrzymywać,6,BAAB
1386,poradzić,6,BBCA
1387,studia,6,AGDB
1388,zachodni,6,CBB
1389,sprzed,6,GBBAA
1390,założenie,6,AEBAA
1391,sprzeczny,6,CAB
1392,artykuł,6,ACAAAAA
1393,poniżający,6,BDA
1394,konflikt,6,ACAAAAA
1395,firma,6,ADAAA
1396,fizyczny,6,AAEC
1397,młodzieżówka,6,-
1398,porządek,6,ACABA
1399,wchodzić,6,BBCA
1400,wygrać,6,BDA
1401,blisko,6,FA
1402,zdecydować,6,BAAA
1403,ewentualny,6,CAB
1404,utrudniać,6,BDA
1405,bywać,6,BDA
1406,zgodzić,6,BBCA
1407,wizyta,6,ADAAA
1408,rower,6,ACAAAAA
1409,playstation,6,-
1410,niemiecki,6,ACD
1411,daniel,6,ABAABA
1412,piec,6,ACACBC
1413,wystąpić,6,BBCA
1414,oczekiwania,6,AGDAA
1415,zapłacić,6,BBCA
1416,gabinet,6,ACAAAAA
1417,ląd,6,ACAAAAA
1418,odwiedzić,6,BBCA
1419,kazać,6,BAAFA
1420,zebrać,6,BAAFA
1421,facebooku,6,-
1422,zdążyć,6,BCCA
1423,wprost,6,GBABB
1424,określać,6,BDA
1425,sięgnąć,6,BAEAA
1426,ukrywać,6,BDA
1427,podchodzić,6,BBCA
1428,natychmiast,6,FC
1429,wróg,6,AAAAB
1430,sięgać,6,BDA
1431,niemal,6,FC
1432,doskonały,6,CAB
1433,dotąd,6,GBABB
1434,kampania,6,ADACBAA
1435,szwedzki,6,CBA
1436,szczegół,6,ACAAAAA
1437,templariusz,6,AAABD
1438,powietrze,6,AEBAB
1439,wykonanie,6,AEBAA
1440,facet,6,AAADAA
1441,youtube,6,-
1442,liberalny,6,CAB
1443,lider,6,AAACAAAB
1444,wykorzystać,6,BDA
1445,usłyszeć,6,BCBA
1446,pojazd,6,ACAAAAA
1447,niedziela,6,ADACBABA
1448,wątpliwość,6,ADCCA
1449,ilość,6,ADCCA
1450,chemiczny,6,CAB
1451,użytkownik,6,AAACBA
1452,najlepiej,6,FC
1453,ostateczny,6,CAB
1454,uczyć,6,BCCA
1455,duch,6,ABABAAB
1456,przychodzić,6,BBCA
1457,kawałek,6,ACABBA
1458,stworzyć,6,BCCA
1459,niewinny,6,CAB
1460,wyobraźnia,6,ADACBAA
1461,bóg,6,AAAAAB
1462,popularność,6,ADCCA
1463,sugerować,6,BAAA
1464,koza,6,ADAAA
1465,piosenka,6,ADAB
1466,opór,6,ACAAAAA
1467,baza,6,ADAAA
1468,post,6,ACAAAAA
1469,najpewniej,6,FC
1470,spora,6,ADAAA
1471,test,6,ACAAAAA
1472,słyszeć,6,BCBA
1473,napięcie,6,AEBAA
1474,niemczech,6,-
1475,zresztą,6,GBBBA
1476,niewiele,6,DEBA
1477,wola,6,ADACBAA
1478,zostawiać,6,BDA
1479,grunt,6,ACAAAAA
1480,narzędzie,6,AEBAC
1481,użycie,6,AEBAA
1482,śnieg,6,ACABA
1483,zyskać,6,BDA
1484,październik,6,ACABBA
1485,wy,6,EIA
1486,najbliższy,6,CAB
1487,ukrainy,6,-
1488,zastanawiać,6,BDA
1489,obserwować,6,BAAA
1490,częściej,6,FC
1491,idealnie,6,FB
1492,klimat,6,ACAAAAA
1493,włos,6,ACAABAA
1494,miłość,6,ADCCA
1495,wreszcie,6,GBBBA
1496,twórca,6,AABCBB
1497,światło,6,AEAAAB
1498,zadanie,6,AEBAA
1499,producent,6,AAADAA
1500,data,6,ADAAA
1501,wzrost,6,ACAAAAA
1502,warstwa,6,ADAAA
1503,kompozycja,6,ADACBAA
1504,komentować,6,BAAA
1505,no,6,GBBBBAB
1506,serwis,6,ACAAAAA
1507,kręcić,6,BBCA
1508,drewniany,6,CAB
1509,juliusza,6,-
1510,sofoklesa,6,-
1511,andrzeja,6,-
1512,boski,6,CBA
1513,krzysztofa,6,-
1514,nr,6,-
1515,finansowy,6,CAB
1516,kandydat,6,AAADAA
1517,reklama,6,ADAAA
1518,tata,6,AABABA
1519,dwudziesta,6,ADACCBA
1520,amelka,6,-
1521,rejestr,6,ACAAAAA
1522,lawa,6,ADAAA
1523,ciągnąć,6,BAEAA
1524,cena,6,ADAAA
1525,trochę,6,DF
1526,porażka,6,ADAB
1527,termin,6,ACAAAAA
1528,kulinarny,6,CAB
1529,juliusa,6,-
1530,mięso,6,AEAAAB
1531,kurczak,6,ABAC
1532,pomidorowy,6,CAB
1533,szczypta,6,ADAAA
1534,sol,6,ABAABA
1535,tahini,6,-
1536,glen,6,-
1537,jakea,6,-
1538,damski,6,CBA
1539,dawid,6,-
1540,dawida,6,-
1541,łamać,5,BAAFA
1542,wytoczyć,5,BCCA
1543,codziennie,5,FC
1544,dyspozycja,5,ADACBAA
1545,andreas,5,-
1546,uniknąć,5,BAEAA
1547,ws,5,-
1548,zimny,5,CAB
1549,teza,5,ADAAA
1550,oficjalnie,5,FB
1551,niezależny,5,CAB
1552,jensa,5,-
1553,stoltenberga,5,-
1554,relacjonować,5,BAAA
1555,zastrzelenie,5,AEBAA
1556,ponadto,5,GBBBA
1557,wpłynąć,5,BAEAB
1558,dziwić się,5,-
1559,posłużyć,5,BCCA
1560,islamizacja,5,ADACBAA
1561,posiadanie,5,AEBAA
1562,pozwolenie,5,AEBAA
1563,odebrać,5,BAAFA
1564,wyjaśniać,5,BDA
1565,pewny,5,CAB
1566,stawiać,5,BDA
1567,wymagania,5,AGDAA
1568,ustawa,5,ADAAA
1569,rozważać,5,BDA
1570,doskonale,5,FB
1571,wrocławiu,5,-
1572,spróbować,5,BAAA
1573,dzisiejszy,5,CAB
1574,znajda,5,AABCBAA
1575,postawa,5,ADAAA
1576,międzynarodowy,5,CAB
1577,kształtowanie,5,AEBAA
1578,osobowość,5,ADCCA
1579,zaburzenia,5,AGDAA
1580,papa,5,AABABA
1581,utoyi,5,-
1582,zbiory,5,AGAB
1583,wybuchnąć,5,BAEAA
1584,stowarzyszenie,5,AEBAA
1585,polaków,5,-
1586,czynienie,5,AEBAA
1587,choćby,5,GBBBA
1588,interes,5,ACAAAAA
1589,zaplanować,5,BAAA
1590,przedłużenie,5,AEBAA
1591,budzić,5,BBCA
1592,dotychczasowy,5,CAB
1593,oceniać,5,BDA
1594,wydanie,5,AEBAA
1595,wyjechać,5,BAAFA
1596,chęć,5,ADCCA
1597,nato,5,-
1598,faszystowski,5,CBA
1599,gest,5,ACAAAAA
1600,trybunał,5,ACAAAAA
1601,wolno,5,BFBA
1602,szefowa,5,ADACCAA
1603,dalszy,5,CAB
1604,v,5,-
1605,dochodzić,5,BBCA
1606,eksplodować,5,BAAA
1607,wstrząsnąć,5,BAEAA
1608,promień,5,ACACBAA
1609,przeżycie,5,AEBAA
1610,pozbyć się,5,-
1611,glock,5,-
1612,naród,5,ACAAAAA
1613,zainteresowanie,5,AEBAA
1614,przeprowadzenie,5,AEBAA
1615,stanąć,5,BAEAB
1616,zapomnieć,5,BBBB
1617,skupić,5,BBCA
1618,zarzucić,5,BBCA
1619,określić,5,BBCA
1620,najmłodszy,5,CAB
1621,mnóstwo,5,AEAAAB
1622,zaś,5,GBBAB
1623,wygląd,5,ACAAAAA
1624,pogodzić,5,BBCA
1625,niby,5,GBBBA
1626,odłamek,5,ACABBA
1627,ponieść,5,BAFCAA
1628,jedyny,5,CAB
1629,wydarzyć się,5,-
1630,zrezygnować,5,BAAA
1631,odejść,5,AEBAA
1632,niedawno,5,FC
1633,urodzić,5,BBCA
1634,wojskowy,5,AAEC
1635,znieść,5,BAFCAA
1636,iż,5,GBBAB
1637,szok,5,ACABA
1638,utożsamiać,5,BDA
1639,zarzucany,5,BDA
1640,inwazja,5,ADACBAA
1641,orzec,5,BAFAABA
1642,trzymanie,5,AEBAA
1643,prywatny,5,CAB
1644,skazany,5,BAAFA
1645,wideo,5,-
1646,ćwiczenia,5,AGDAA
1647,ogólny,5,CAB
1648,rozpoczęcie,5,AEBAA
1649,wytłumaczyć,5,BCCA
1650,otwarcie,5,AEBAA
1651,deklarować,5,BAAA
1652,dopóki,5,GBAA
1653,kawa,5,ADAAA
1654,tłum,5,ACAAAAA
1655,ograniczać,5,BDA
1656,oskarżać,5,BDA
1657,powiązanie,5,AEBAA
1658,odmawiać,5,BDA
1659,stosunek,5,ACABA
1660,prowadzony,5,BBCA
1661,przedstawiać,5,BDA
1662,pokój,5,ACACAA
1663,bezpośredni,5,CBB
1664,nielegalny,5,CAB
1665,zdarzenie,5,AEBAA
1666,wiadomość,5,ADCCA
1667,zniszczyć,5,BCCA
1668,wierny,5,AAEC
1669,wysepka,5,ADAB
1670,morderstwo,5,AEAAAB
1671,prowadzenie,5,AEBAA
1672,prawny,5,CAB
1673,oczekiwać,5,BAAC
1674,wkrótce,5,GBABB
1675,atakować,5,BAAA
1676,londynie,5,-
1677,przerażony,5,BBCA
1678,niewielki,5,CBA
1679,zaskoczyć,5,BCCA
1680,ton,5,ACAAAAA
1681,wiara,5,ADAAA
1682,znajomy,5,AAEC
1683,rzeczywiście,5,FC
1684,łącze,5,AEBAB
1685,dworzec,5,ACACBC
1686,panować,5,BAAA
1687,uwięziony,5,CAB
1688,chować,5,BDA
1689,rana,5,ADAAA
1690,mieszek,5,ACABBA
1691,wiadomości,5,AGBC
1692,leżeć,5,BCBA
1693,apel,5,ACACAA
1694,kontaktować,5,BAAA
1695,dźwięk,5,ACABA
1696,najprawdopodobniej,5,FC
1697,nowoczesny,5,CAB
1698,magazyn,5,ACAAAAA
1699,związać,5,BAAFA
1700,naturalny,5,CAB
1701,połączyć,5,BCCA
1702,kontynent,5,ACAAAAA
1703,for,5,ACAABAA
1704,krytykować,5,BAAA
1705,były,5,BEA
1706,pozostawać,5,BAAE
1707,skóra,5,ADAAA
1708,nawiązywać,5,BAAB
1709,ustalenie,5,AEBAA
1710,wzór,5,ACAAAAA
1711,rycerz,5,AAABD
1712,imigracja,5,ADACBAA
1713,poprawność,5,ADCCA
1714,osiągnięcie,5,AEBAA
1715,jakikolwiek,5,EAL
1716,uprawiać,5,BDA
1717,nagle,5,FC
1718,zamknąć,5,BAEAA
1719,jakby,5,GBABB
1720,absolutny,5,CAB
1721,metr,5,AAAAAA
1722,usunąć,5,BAEAB
1723,krzyczeć,5,BCBA
1724,tolerancja,5,ADACBAA
1725,porównanie,5,AEBAA
1726,łukasza,5,-
1727,przetłumaczyć,5,BCCA
1728,szeroki,5,CBA
1729,oferta,5,ADAAA
1730,dokąd,5,GBAA
1731,charakter,5,ACAAAAA
1732,sprzedać,5,BDC
1733,cytować,5,BAAA
1734,b,5,-
1735,przyszłość,5,ADCCA
1736,wyrażać,5,BDA
1737,radość,5,ADCCA
1738,setka,5,ADAB
1739,osiągnąć,5,BAEAA
1740,fala,5,ADACBABA
1741,kiedyś,5,GBABB
1742,połączenie,5,AEBAA
1743,równia,5,ADACBAA
1744,nadziać,5,BAFBD
1745,zostawać,5,BAAE
1746,dzielić,5,BBCA
1747,linia,5,ADACBAA
1748,lippestadt,5,-
1749,wystarczająco,5,FC
1750,komórka,5,ADAB
1751,prawdopodobnie,5,FB
1752,słuchać,5,BDA
1753,wynikający,5,BDA
1754,dzieło,5,AEAAAB
1755,lek,5,ACABAB
1756,las,5,ACAAAAA
1757,natychmiastowy,5,CAB
1758,zawód,5,ACAAAAA
1759,towarzyszyć,5,BCCA
1760,homogeniczny,5,CAB
1761,doświadczyć,5,BCCA
1762,natura,5,ADAAA
1763,przesłuchanie,5,AEBAA
1764,funkcjonować,5,BAAA
1765,wyjątek,5,ACABA
1766,wolny,5,AAEC
1767,konkretny,5,CAB
1768,zło,5,AEAAAA
1769,zamiana,5,ADAAA
1770,nastrój,5,BBCA
1771,gospodarka,5,ADAB
1772,funkcja,5,ADACBAA
1773,nominacja,5,ADACBAA
1774,rozumienie,5,AEBAA
1775,papieros,5,ABABAAA
1776,realny,5,CAB
1777,komunikat,5,ACAAAAA
1778,rynek,5,ACABA
1779,tymczasowy,5,CAB
1780,słońce,5,AEBAA
1781,zimowy,5,CAB
1782,ciepło,5,AEAAAB
1783,kariera,5,ADAAA
1784,seria,5,ADACBAA
1785,puchar,5,ACAAAAA
1786,medal,5,ACACAA
1787,barwa,5,ADAAA
1788,tempo,5,AEAAAB
1789,jorku,5,-
1790,mdc,5,-
1791,państwowy,5,CAB
1792,przejechać,5,BAAFA
1793,platforma,5,ADAAA
1794,departament,5,ACAAAAA
1795,nicole,5,-
1796,uderzenie,5,AEBAA
1797,barcelona,5,-
1798,athletic,5,-
1799,zaskakiwać,5,BAAC
1800,skład,5,ACAAAAA
1801,mocny,5,CAB
1802,stylizacja,5,ADACBAA
1803,emocjonalny,5,CAB
1804,odcień,5,ACACBAA
1805,idealny,5,CAB
1806,stąd,5,GBABB
1807,wspólnie,5,FC
1808,złoto,5,AEAAAB
1809,indywidualny,5,CAB
1810,rekord,5,ACAAAAA
1811,wielkość,5,ADCCA
1812,zaznaczać,5,BDA
1813,ronaldo,5,-
1814,marzenie,5,AEBAA
1815,par,5,AAAAAA
1816,mało,5,DF
1817,zaangażowanie,5,AEBAA
1818,iii,5,-
1819,sfera,5,ADAAA
1820,skibidi,5,-
1821,alpha,5,-
1822,uczenie,5,AEBAA
1823,kardiologiczny,5,CAB
1824,zawał,5,ACAAAAA
1825,dr,5,-
1826,klatka,5,ADAB
1827,unikać,5,BDA
1828,kształt,5,ACAAAAA
1829,zabawa,5,ADAAA
1830,zapach,5,ACAAAB
1831,filharmonia,5,ADACBAA
1832,kameralny,5,CAB
1833,uśmiech,5,ACAAAB
1834,koncertowy,5,CAB
1835,kosztować,5,BAAA
1836,planowany,5,BAAA
1837,prawilne,5,-
1838,zająć,5,BAFCB
1839,suva,5,-
1840,hilton,5,-
1841,jarosław,5,-
1842,liczyć,5,BCCA
1843,ściana,5,ADAAA
1844,ostatnio,5,FC
1845,kardynał,5,AAAAAA
1846,reżyseria,5,ADACBAA
1847,jakuba,5,-
1848,roszkowskiego,5,-
1849,zaprezentować,5,BAAA
1850,mieszać,5,BDA
1851,reż,5,-
1852,zastępca,5,AABCBB
1853,określony,5,BBCA
1854,małopolsce,5,-
1855,eilish,5,-
1856,chopinowski,5,CBA
1857,uśmiechać się,5,-
1858,podwyżka,5,ADAB
1859,zauważać,5,BDA
1860,rzeplińska,5,-
1861,zachować,5,BDA
1862,zebranie,5,AEBAA
1863,kanapka,5,ADAB
1864,olszowska,5,-
1865,porcja,5,ADACBAA
1866,rejonowy,5,CAB
1867,waga,5,ADAB
1868,familijny,5,CAB
1869,dziewczynka,5,ADAB
1870,bohaterka,5,ADAB
1871,różnić,5,BBCB
1872,tennessee,5,-
1873,bogdan,5,-
1874,luizy,5,-
1875,piekło,5,BAFCAB
1876,zięć,5,AAAAB
1877,diagnoza,5,ADAAA
1878,kacmajora,5,-
1879,restauracja,5,ADACBAA
1880,wyjątkowość,5,ADCCA
1881,klasyfikacja,5,ADACBAA
1882,sprawność,5,ADCCA
1883,budować,5,BAAA
1884,czwórka,5,ADAB
1885,gotowanie,5,AEBAA
1886,rondel,5,ACACBAA
1887,doprawić,5,BBCA
1888,posiekany,5,BDA
1889,powella,5,-
1890,limato,5,-
1891,gun,5,-
1892,dolar,5,ABABAAA
1893,vince,5,-
1894,łza,4,ADAAA
1895,koszmar,4,ACAAAAA
1896,telewizyjny,4,CAB
1897,jasno,4,FA
1898,samopoczucie,4,AEBAA
1899,przedłużony,4,CAB
1900,reprezentować,4,BAAA
1901,krew,4,ADCAAA
1902,behringa,4,-
1903,interwencja,4,ADACBAA
1904,głosić,4,BBCA
1905,ślad,4,ACAAAAA
1906,wczoraj,4,ACF
1907,przeprowadzony,4,BBCA
1908,zawieść,4,BAFCAA
1909,sprzęt,4,ACAAAAA
1910,wykazać,4,BAAFA
1911,krytyk,4,AAACBA
1912,wymieniony,4,BBCA
1913,przygotowany,4,BAAA
1914,psychiatryczny,4,CAB
1915,żałoba,4,ADAAA
1916,maszynowy,4,CAB
1917,przedstawić,4,BBCA
1918,zdobycie,4,AEBAA
1919,zapis,4,ACAAAAA
1920,umożliwić,4,BBCA
1921,legalnie,4,FB
1922,przedstawiony,4,BBCA
1923,szwecji,4,-
1924,toczyć,4,BCCA
1925,formalnie,4,FB
1926,cierpienie,4,AEBAA
1927,viljar,4,-
1928,opowiadający,4,BDA
1929,świadomość,4,ADCCA
1930,mówiący,4,CAA
1931,wystąpienie,4,AEBAA
1932,negatywny,4,CAB
1933,bohater,4,AAAAAA
1934,nadzieja,4,ADACBAA
1935,zrozumienie,4,AEBAA
1936,przedstawiciel,4,AAABCA
1937,taca,4,ADACABB
1938,czynnik,4,ACABBA
1939,swoisty,4,CAB
1940,późniejszy,4,CAB
1941,marksizm,4,ACAAAAA
1942,mniejszość,4,ADCCA
1943,of,4,-
1944,znaczny,4,CAB
1945,fahre,4,-
1946,dumny,4,CAB
1947,dyrektorka,4,ADAB
1948,mierzyć,4,BCCA
1949,trauma,4,ADAAA
1950,tamta,4,EDAAB
1951,resztka,4,ADAB
1952,powoli,4,FC
1953,spędzać,4,BDA
1954,leże,4,AEBAB
1955,najsurowszy,4,CAB
1956,odbywanie,4,AEBAA
1957,badać,4,BDA
1958,szczególny,4,CAB
1959,cierpieć,4,BBBA
1960,przybyć,4,AEBAA
1961,codzienny,4,CAB
1962,miara,4,ADAAA
1963,organizować,4,BAAA
1964,dopuścić,4,BBCA
1965,współczucie,4,AEBAA
1966,dokonanie,4,AEBAA
1967,oddawać,4,BAAE
1968,odkąd,4,GBAA
1969,pobliski,4,CBA
1970,poprawić,4,BBCA
1971,katedra,4,ADAAA
1972,generalny,4,CAB
1973,akceptować,4,BAAA
1974,dziewiąty,4,CAB
1975,dążyć,4,BCCA
1976,ramia,4,ADACBAA
1977,załamanie,4,AEBAA
1978,samorządowy,4,CAB
1979,milczenie,4,AEBAA
1980,stanowczo,4,FC
1981,przesłać,4,BAAFA
1982,stanowić,4,BBCA
1983,izolować,4,BAAA
1984,najstarszy,4,CAB
1985,tv,4,-
1986,ilustracyjny,4,CAB
1987,śnieżny,4,CAB
1988,iraku,4,-
1989,kancelaria,4,ADACBAA
1990,wysokość,4,ADCCA
1991,kula,4,ADACBABA
1992,postrzelić,4,BBCA
1993,wystarczający,4,BDA
1994,automatyczny,4,CAB
1995,przeciwny,4,CAB
1996,opis,4,ACAAAAA
1997,liczący,4,CAA
1998,przejąć,4,BAFCB
1999,potworny,4,CAB
2000,odbić,4,AEBAA
2001,nosić,4,BBCA
2002,głęboki,4,CBA
2003,wzywać,4,BDA
2004,czerwiec,4,ABAAAB
2005,karanie,4,AEBAA
2006,skien,4,-
2007,pismo,4,AEAAAB
2008,sprawiać,4,BDA
2009,wyznanie,4,AEBAA
2010,breivikowi,4,-
2011,art,4,-
2012,plastikowy,4,CAB
2013,argumentować,4,BAAA
2014,dopuszczać,4,BDA
2015,potrwać,4,BDA
2016,sportowy,4,CAB
2017,zamordowanie,4,AEBAA
2018,przedłużanie,4,AEBAA
2019,stosowanie,4,AEBAA
2020,humanitarny,4,CAB
2021,dziennie,4,FB
2022,euro,4,-
2023,zdjąć,4,BAFCB
2024,kojarzyć,4,BCCA
2025,udostępnić,4,BBCB
2026,cela,4,ADACBABA
2027,pozytywny,4,CAB
2028,wyjaśnić,4,BBCB
2029,żal,4,ACACACB
2030,spośród,4,GBBAA
2031,zatrzymana,4,ADACCBA
2032,konsola,4,ADACBAA
2033,posiłek,4,ACABA
2034,zajmować,4,BAAA
2035,handel,4,ACACACB
2036,koło,4,AEAAAB
2037,amunicja,4,ADACBAA
2038,przyjęcie,4,AEBAA
2039,obejmować,4,BAAA
2040,zamienić,4,BBCA
2041,długoletni,4,CBB
2042,ono,4,EEAAB
2043,wymiana,4,ADAAA
2044,dłużej,4,FC
2045,konkretnie,4,FB
2046,decydowany,4,BAAA
2047,spokojnie,4,FB
2048,kilkanaście,4,DBCA
2049,miłośnik,4,AAACBA
2050,dowód,4,ACAAAAA
2051,strata,4,ADAAA
2052,pomagać,4,BDA
2053,wysyłać,4,BDA
2054,donosić,4,BBCA
2055,rozmiar,4,ACAAAAA
2056,harlem,4,-
2057,brundtland,4,-
2058,lotnictwo,4,AEAAAB
2059,karykatura,4,ADAAA
2060,zagrozić,4,BBCA
2061,deportacja,4,ADACBAA
2062,zaniepokojony,4,BBCA
2063,powtarzać,4,BDA
2064,srebrny,4,CAB
2065,usiłować,4,BAAA
2066,rozbić,4,AEBAA
2067,zdradzić,4,BBCA
2068,dobijać,4,BDA
2069,churchilla,4,-
2070,oklahoma,4,-
2071,city,4,-
2072,działający,4,BDA
2073,wschód,4,ACAAAAA
2074,debata,4,ADAAA
2075,ostro,4,FA
2076,rosnący,4,CAA
2077,wątek,4,ACABA
2078,zdrajca,4,AABCBB
2079,kulturowy,4,CAB
2080,dbać,4,BDA
2081,pas,4,ACAAAAA
2082,swe,4,EDAAB
2083,podpisać,4,BAAFA
2084,elita,4,ADAAA
2085,koń,4,AAABCA
2086,radziecki,4,CBA
2087,wspierać,4,BDA
2088,przypominający,4,BDA
2089,fascynacja,4,ADACBAA
2090,podatek,4,ACABA
2091,imigracyjny,4,CAB
2092,poprawny,4,CAB
2093,wildersa,4,-
2094,warzywo,4,AEAAAB
2095,owoc,4,ACACACB
2096,przejście,4,AEBAA
2097,egzekucja,4,ADACBAA
2098,zazwyczaj,4,FC
2099,jezioro,4,AEAAAB
2100,zdradzać,4,BDA
2101,zaprzeczyć,4,BCCA
2102,lewica,4,ADACABB
2103,wysadzić,4,BBCA
2104,wrogi,4,CBA
2105,miękki,4,CBA
2106,spekulować,4,BAAA
2107,porzucić,4,BBCA
2108,tomasz,4,-
2109,mord,4,ACAAAAA
2110,religijny,4,CAB
2111,jakiejś,4,-
2112,naszej,4,-
2113,rzucić,4,BBCA
2114,zarazem,4,FC
2115,sprzedawać,4,BAAE
2116,wszcząć,4,BAFCBDD
2117,forum,4,AEE
2118,zaraz,4,FC
2119,paweł,4,-
2120,czeski,4,CBA
2121,wspólnik,4,AAACBA
2122,sto,4,DBGA
2123,potwierdzać,4,BDA
2124,wirus,4,ABABAAA
2125,komentarz,4,ACACBBA
2126,putin,4,-
2127,przywódca,4,AABCBB
2128,istotny,4,CAB
2129,bądź,4,GBBAB
2130,wypaść,4,BAFAAAB
2131,należący,4,CAA
2132,rodzić,4,BBCA
2133,nauczyć,4,BCCA
2134,wcielać,4,BDA
2135,traktat,4,ACAAAAA
2136,przynieść,4,BAFCAA
2137,geller,4,-
2138,odwiedzać,4,BDA
2139,przynajmniej,4,FC
2140,światopoglądowy,4,CAB
2141,zdarzyć,4,BCCA
2142,opierać,4,BDA
2143,zdziwić,4,BBCA
2144,odciąć,4,BAFCB
2145,przekonać,4,BDA
2146,zbierać,4,BDA
2147,sprawić,4,BBCA
2148,łatwy,4,CAB
2149,kierunek,4,ACABA
2150,bogaty,4,AAEC
2151,brzmieć,4,BBBB
2152,fundamentalizm,4,-
2153,religia,4,ADACBAA
2154,norma,4,ADAAA
2155,siatka,4,ADAB
2156,kryzys,4,ACAAAAA
2157,zabierać,4,BDA
2158,wyobrażenie,4,AEBAA
2159,znakomity,4,CAB
2160,uniwersalny,4,CAB
2161,zawierać,4,BDA
2162,długi,4,ACABA
2163,niemiec,4,-
2164,szczegółowy,4,CAB
2165,winien,4,BFCA
2166,obowiązywać,4,BAAB
2167,wisieć,4,BBBA
2168,recenzja,4,ADACBAA
2169,stary,4,CAA
2170,biskup,4,AAADAA
2171,grzegorz,4,-
2172,argument,4,ACAAAAA
2173,profil,4,ACACAA
2174,skłaniać,4,BDA
2175,honor,4,ACAAAAA
2176,wynosić,4,BBCA
2177,ubranie,4,AEBAA
2178,ustalić,4,BBCA
2179,wina,4,ADAAA
2180,jarmark,4,ACABA
2181,realizacja,4,ADACBAA
2182,oto,4,GBBBA
2183,elektryczny,4,CAB
2184,wiatr,4,ACAAAAA
2185,znaczący,4,CAA
2186,intensywny,4,CAB
2187,lokalny,4,CAB
2188,spaść,4,BAFAAAB
2189,jakub,4,-
2190,baron,4,AAAAAA
2191,spektakularny,4,CAB
2192,stała,4,BAFABD
2193,dynamiczny,4,CAB
2194,ujęcie,4,AEBAA
2195,prowadzący,4,AAEB
2196,przeszkadzać,4,BDA
2197,trump,4,-
2198,obiecać,4,BDA
2199,rozwiązać,4,BAAFA
2200,kadencja,4,ADACBAA
2201,sześcioletni,4,CBB
2202,moskwa,4,-
2203,pocisk,4,ACABA
2204,region,4,ACAAAAA
2205,półfinał,4,ACAAAAA
2206,bilbao,4,-
2207,postawić,4,BBCA
2208,piłka,4,ADAB
2209,noga,4,ADAB
2210,tumblr,4,-
2211,branżowy,4,CAB
2212,koszula,4,ADACBABA
2213,wiersz,4,ACACBBA
2214,odpuścić,4,BBCA
2215,organizm,4,ACAAAAA
2216,nacisk,4,ACABA
2217,działanie,4,AEBAA
2218,ola,4,-
2219,śniadanie,4,AEBAA
2220,zakopany,4,BAAFA
2221,narciarski,4,CBA
2222,talent,4,ACAAAAA
2223,pełen,4,CCBBA
2224,szacować,4,BAAA
2225,kupować,4,BAAA
2226,trudność,4,ADCCA
2227,sąsiad,4,AAADAA
2228,avatar,4,-
2229,nowo,4,FC
2230,naukowiec,4,AAACBA
2231,teraźniejszość,4,ADCCA
2232,nauczanie,4,AEBAA
2233,tygodniowo,4,FC
2234,zaznaczyć,4,BCCA
2235,zakres,4,ACAAAAA
2236,oświata,4,ADAAA
2237,slang,4,ACABA
2238,ai,4,-
2239,zorientować,4,BAAA
2240,zdecydowanie,4,AEBAA
2241,pacjent,4,AAADAA
2242,nagły,4,CAB
2243,objaw,4,ACAAAAA
2244,marcin,4,-
2245,okazywać,4,BAAB
2246,zakładać,4,BDA
2247,ciepły,4,CAB
2248,łomży,4,-
2249,zdać,4,BDC
2250,orkiestra,4,ADAAA
2251,przyjemność,4,ADCCA
2252,oznakowanie,4,AEBAA
2253,bok,4,ACABA
2254,mauritiusowi,4,-
2255,następny,4,CAB
2256,karol,4,-
2257,angażować,4,BAAA
2258,republika,4,ADAB
2259,narracja,4,ADACBAA
2260,partyjny,4,AAEC
2261,rymanowski,4,-
2262,live,4,-
2263,wojciech,4,-
2264,prawilnych,4,-
2265,dziewczyna,4,ADAAA
2266,piękny,4,CAB
2267,polexit,4,-
2268,usunięcie,4,AEBAA
2269,rozwiązywać,4,BAAB
2270,rossa,4,-
2271,bordowy,4,CAB
2272,wiceprezydent,4,AAADAA
2273,twoja,4,EDAB
2274,instagramie,4,-
2275,kłamać,4,BAAFA
2276,becca,4,-
2277,szczęście,4,AEBAA
2278,wesprzeć,4,BABA
2279,trudno,4,FA
2280,zamek,4,ACABA
2281,wawelu,4,-
2282,trup,4,AAACAAAB
2283,agnieszka,4,-
2284,wcale,4,GBBBA
2285,złościć,4,BBCA
2286,konsultacja,4,ADACBAA
2287,pianista,4,AABDAA
2288,komedia,4,ADACBAA
2289,rozwijać,4,BDA
2290,yehuda,4,-
2291,prokopowicz,4,-
2292,wieś,4,ADCAAA
2293,rzeźba,4,ADAAA
2294,zaprosić,4,BBCA
2295,spółka,4,ADAB
2296,orszak,4,ACABA
2297,bocheńczak,4,-
2298,uchwała,4,ADAAA
2299,stanowisko,4,AEAAAA
2300,róża,4,ADACABB
2301,złapać,4,BAAFA
2302,krem,4,ACAAAAA
2303,pieczywo,4,AEAAAB
2304,słodki,4,CBA
2305,ząb,4,ACAABAA
2306,podstawówka,4,ADAB
2307,men,4,-
2308,laureat,4,AAADAA
2309,komander,4,-
2310,góra,4,ADAAA
2311,dziecięcy,4,CAA
2312,bić,4,AEBAA
2313,granie,4,AEBAA
2314,pokaz,4,ACAAAAA
2315,potknięcie,4,AEBAA
2316,zagubiony,4,BBCA
2317,but,4,ACAABAA
2318,hbo,4,-
2319,felicji,4,-
2320,owca,4,ADACABB
2321,kradzież,4,ADCAB
2322,małgosia,4,-
2323,rolnictwo,4,AEAAAB
2324,zbigniew,4,-
2325,marian,4,-
2326,kowalski,4,CBA
2327,eugenii,4,-
2328,rak,4,ABAC
2329,kryptowalut,4,-
2330,leczyć,4,BCCA
2331,luizę,4,-
2332,doktor,4,AAACAAAB
2333,rzecki,4,-
2334,deska,4,ADAB
2335,rozpaść się,4,-
2336,tr,4,-
2337,cieszyć,4,BCCA
2338,umieć,4,BDBA
2339,figura,4,ADAAA
2340,libido,4,AEE
2341,stres,4,ACAAAAA
2342,preparat,4,ACAAAAA
2343,erekcja,4,ADACBAA
2344,dawidem,4,-
2345,spadek,4,ACABA
2346,wstyd,4,ACAAAAA
2347,delikatnie,4,FB
2348,śródrocznych,4,-
2349,śródroczne,4,-
2350,klasyfikacyjny,4,CAB
2351,śródrocznej,4,-
2352,ważony,4,CAB
2353,dłoń,4,ADCAAB
2354,gotować,4,BAAA
2355,chili,4,-
2356,koncentrat,4,ACAAAAA
2357,natka,4,ADAB
2358,pietruszka,4,ADAB
2359,pokroić,4,BBCA
2360,wymieszać,4,BDA
2361,creme,4,-
2362,fraiche,4,-
2363,kmin,4,ACAAAAA
2364,zmiksować,4,BAAA
2365,pokrojony,4,BBCA
2366,austin,4,-
2367,dywan,4,ACAAAAA
2368,elegancki,4,CBA
2369,cruise,4,-
2370,maverick,4,-
2371,jake,4,-
2372,koci,4,CBB
2373,żwirek,4,ACABA
2374,kreacja,4,ADACBAA
2375,minerał,4,ACAAAAA
2376,diament,4,ACAAAAA
2377,styles,4,-
2378,podlaskiego,4,-
2379,kryptowaluty,4,-
2380,waluta,4,ADAAA
2381,budka,4,ADAB
2382,sufler,4,AAACAAAB
2383,łamanie,3,AEBAA
2384,wielokrotny,3,CAB
2385,fanatyk,3,AAACBA
2386,zeznać,3,BDA
2387,uciążliwy,3,CAB
2388,pozywać,3,BDA
2389,zakończenie,3,AEBAA
2390,naruszenie,3,AEBAA
2391,złagodzenie,3,AEBAA
2392,niezbędny,3,CAB
2393,breivikiem,3,-
2394,solidny,3,CAB
2395,profesjonalny,3,CAB
2396,skutecznie,3,FB
2397,istniejący,3,BAD
2398,staranie,3,AEBAA
2399,wpaść,3,BAFAAAB
2400,ustalenia,3,AGDAA
2401,przebieg,3,ACABA
2402,niewystarczający,3,CAA
2403,personel,3,ACACAA
2404,rejestracyjny,3,CAB
2405,podejrzany,3,AAEC
2406,organ,3,ACAAAAA
2407,osobowy,3,ACC
2408,stawiany,3,BDA
2409,konieczność,3,ADCCA
2410,wielokulturowością,3,-
2411,trudniej,3,FC
2412,miniony,3,CAB
2413,zaostrzenie,3,AEBAA
2414,szaleniec,3,AAACBA
2415,cudzoziemiec,3,AAACAAAA
2416,półautomatyczny,3,CAB
2417,zezwolenie,3,AEBAA
2418,rolnik,3,AAACBA
2419,rozum,3,ACAAAAA
2420,cywilny,3,CAB
2421,hanssen,3,-
2422,netflixa,3,-
2423,utya,3,-
2424,krucjata,3,ADAAA
2425,katastrofa,3,ADAAA
2426,publikacja,3,ADACBAA
2427,zawartość,3,ADCCA
2428,mateusz,3,-
2429,zawarty,3,CAB
2430,analizować,3,BAAA
2431,przyzwolenie,3,AEBAA
2432,zagrażać,3,BDA
2433,jedności,3,AGBC
2434,upamiętniający,3,BDA
2435,trakt,3,ACAAAAA
2436,dwoje,3,DDA
2437,impreza,3,ADAAA
2438,kształcić,3,BBCA
2439,najwięcej,3,FC
2440,przewidywać,3,BAAB
2441,zabezpieczenie,3,AEBAA
2442,uznanie,3,AEBAA
2443,oystein,3,-
2444,odwoływać,3,BAAB
2445,dowodzić,3,BBCA
2446,dokonywać,3,BAAB
2447,skrucha,3,ADAAA
2448,oddalić,3,BBCA
2449,południowy,3,CAB
2450,reda,3,ADAAA
2451,brakować,3,BAAA
2452,hołd,3,ACAAAAA
2453,magnus,3,-
2454,erna,3,-
2455,solberg,3,-
2456,cześć,3,ADCCA
2457,czele,3,-
2458,umocnić,3,BBCB
2459,pozostawiać,3,BDA
2460,gotowość,3,ADCCA
2461,wieczór,3,ACAAAAA
2462,sprawowanie,3,AEBAA
2463,żywy,3,AAEC
2464,chronić,3,BBCA
2465,silniejszy,3,CAB
2466,dziewięć,3,DBBA
2467,uszkodzić,3,BBCA
2468,zniszczenie,3,AEBAA
2469,kilometr,3,ACAABAA
2470,zaparkowany,3,BAAA
2471,międzyczas,3,ACAAAAA
2472,rozesłać,3,BAAFA
2473,elektroniczny,3,CAB
2474,propagować,3,BAAA
2475,mini,3,AEE
2476,zareagować,3,BAAA
2477,członkostwo,3,AEAAAB
2478,wezwanie,3,AEBAA
2479,położyć,3,BCCA
2480,podejmować,3,BAAA
2481,oczywisty,3,CAB
2482,potencjalny,3,CAB
2483,leżący,3,CAA
2484,aktywnie,3,FB
2485,internetowej,3,-
2486,obecność,3,ADCCA
2487,ukazać,3,BAAFA
2488,terapia,3,ADACBAA
2489,pseudonim,3,ACAAAAA
2490,regularnie,3,FB
2491,echo,3,AEAAAA
2492,współrządzący,3,CAA
2493,krótko,3,FA
2494,przetrzymywać,3,BAAB
2495,rygorystyczny,3,CAB
2496,właściwy,3,CAB
2497,wystosować,3,BAAA
2498,wykluczać,3,BDA
2499,mandat,3,ACAAAAA
2500,zarejestrowany,3,BAAA
2501,budowa,3,ADAAA
2502,niższy,3,CAB
2503,częściowo,3,FC
2504,racja,3,ADACBAA
2505,humanitarnie,3,FB
2506,posługiwać,3,BAAC
2507,stronicowym,3,-
2508,przeczytać,3,BDA
2509,złagodzić,3,BBCA
2510,przedłużany,3,BDA
2511,korespondowanie,3,AEBAA
2512,zgodny,3,CAB
2513,tajemnica,3,ADACABB
2514,zapobieganie,3,AEBAA
2515,hala,3,ADACBABA
2516,oczekiwany,3,BAAC
2517,zakaz,3,ACAAAAA
2518,fundamentalny,3,CAB
2519,decydować,3,BAAA
2520,kondycja,3,ADACBAA
2521,zaskoczony,3,CAB
2522,komputer,3,ACAABAA
2523,korona,3,ADAAA
2524,stosowany,3,BAAA
2525,złamanie,3,AEBAA
2526,odosobnienie,3,AEBAA
2527,ból,3,BBB
2528,spacer,3,ACAAAAA
2529,proponować,3,BAAA
2530,znosić,3,BBCA
2531,egzamin,3,ACAAAAA
2532,mestad,3,-
2533,cenzura,3,ADAAA
2534,wysłany,3,BAAFA
2535,łączny,3,CAB
2536,powierzchnia,3,ADACBAA
2537,pomieszczenie,3,AEBAA
2538,sprawny,3,CAB
2539,wymóg,3,ACABA
2540,wywoływać,3,BAAB
2541,uczęszczać,3,BDA
2542,przyszły,3,BAFCAA
2543,galeria,3,ADACBAA
2544,latka,3,AGDAA
2545,wytrzymać,3,BDA
2546,nowszy,3,-
2547,współwięzień,3,AAAAB
2548,ila,3,-
2549,przeznaczony,3,CAB
2550,pozbawić,3,BBCA
2551,spoza,3,GBBAA
2552,torturować,3,BAAA
2553,podanie,3,AEBAA
2554,liczny,3,CAB
2555,znaczek,3,ACABBA
2556,sprawdzany,3,BDA
2557,umrzeć,3,BABA
2558,przebrać,3,BAAFA
2559,twitterze,3,-
2560,konserwatysta,3,AABDAA
2561,kulturystyka,3,ADAB
2562,sylwetka,3,ADAB
2563,zniszczony,3,CAB
2564,ranić,3,BBCA
2565,podejrzana,3,ADACCBA
2566,wojsko,3,AEAAAA
2567,względnie,3,GBABB
2568,ułatwić,3,BBCA
2569,kilkaset,3,DBJ
2570,helikopter,3,ACAABAA
2571,trop,3,ACAAAAA
2572,żołnierz,3,AAABD
2573,zemsta,3,ADAAA
2574,tutejszy,3,AAEC
2575,mahometa,3,-
2576,cofnąć,3,BAEAA
2577,nacjonalista,3,AABDAA
2578,niecały,3,CAB
2579,niedługo,3,FC
2580,strażnik,3,AAACBA
2581,mortensen,3,-
2582,skontrolować,3,BAAA
2583,zgromadzić,3,BBCA
2584,podejść,3,AEBAA
2585,wyjąć,3,BAFCB
2586,schować,3,BDA
2587,łóżko,3,AEAAAA
2588,panika,3,ADAB
2589,skontaktować,3,BAAA
2590,przerażająco,3,FC
2591,metodyczny,3,CAB
2592,kończyć,3,BCCA
2593,breiviku,3,-
2594,legalny,3,CAB
2595,mcveigh,3,-
2596,fundamentalistą,3,-
2597,jednoznacznie,3,FB
2598,alkaidy,3,-
2599,widzenie,3,AEBAA
2600,bezpośrednio,3,FC
2601,pst,3,GAB
2602,gość,3,BBCA
2603,zwrotny,3,CAB
2604,zastrzyk,3,ACABA
2605,fbi,3,-
2606,wzmocnić,3,BBCB
2607,obserwacja,3,ADACBAA
2608,agresywny,3,CAB
2609,ukrainie,3,-
2610,przeważnie,3,FB
2611,demonstracja,3,ADACBAA
2612,poważniejszy,3,CAB
2613,brytyjskiego,3,-
2614,dożywocie,3,AEBAC
2615,samotny,3,CAB
2616,prawdopodobny,3,CAB
2617,rzeź,3,ADCAAA
2618,powodzenie,3,AEBAA
2619,wznieść,3,BAFCAA
2620,toast,3,ACAAAAA
2621,rocznik,3,ACABBA
2622,rozprawić się,3,-
2623,całkowicie,3,FC
2624,zakon,3,ACAAAAA
2625,umieścić,3,BBCA
2626,masoński,3,CBA
2627,męczennik,3,AAACBA
2628,poświęcić,3,BBCA
2629,przedsiębiorca,3,AABCBB
2630,znajoma,3,ADACCBA
2631,społecznościowych,3,-
2632,oskarżyć,3,BCCA
2633,dominować,3,BAAA
2634,poparcie,3,AEBAA
2635,zbiorowy,3,CAB
2636,nurt,3,ACAAAAA
2637,politycznie,3,FB
2638,stop,3,ACAAAAA
2639,holenderski,3,CBA
2640,gospodarstwo,3,AEAAAB
2641,alkohol,3,ACACAA
2642,mający,3,BBCA
2643,fanów,3,-
2644,walc,3,ABAAAB
2645,mieszkający,3,BDA
2646,francji,3,-
2647,całkiem,3,FC
2648,internetowe,3,-
2649,zwłoka,3,ADAB
2650,horror,3,ACAAAAA
2651,szybki,3,ADAB
2652,społeczność,3,ADCCA
2653,oddalony,3,BBCA
2654,lodowaty,3,CAB
2655,zemrzeć,3,BABA
2656,toaleta,3,ADAAA
2657,techniczny,3,CAB
2658,pomocnik,3,AAACBA
2659,słaby,3,CAB
2660,opozycja,3,ADACBAA
2661,niedzielny,3,CAB
2662,królowa,3,ADACCAA
2663,składać,3,BDA
2664,nordycki,3,CBA
2665,politolog,3,AAACBA
2666,ważniejszy,3,CAB
2667,kościelny,3,AAEC
2668,norwegowie,3,-
2669,jeździć,3,BBCA
2670,lewa,3,ABABAAA
2671,troska,3,ADABA
2672,wrocławia,3,-
2673,amator,3,AAACAAAB
2674,wymagany,3,BDA
2675,urządzenie,3,AEBAA
2676,odbiór,3,ACAAAAA
2677,przestrzegać,3,BDA
2678,dostarczyć,3,BCCA
2679,chętnie,3,FB
2680,identyczny,3,CAB
2681,pradze,3,-
2682,podróż,3,BCCA
2683,sprawdzać,3,BDA
2684,pyta,3,ADAAA
2685,chwalić,3,BBCA
2686,publicysta,3,AABDAA
2687,gwarancja,3,ADACBAA
2688,powiesić,3,BBCA
2689,oblicze,3,AEBAB
2690,dobrobyt,3,ACAAAAA
2691,kommiersant,3,-
2692,sposób,3,BBCA
2693,jądrowy,3,CAB
2694,wychowanie,3,AEBAA
2695,szacunek,3,ACABA
2696,księga,3,ADAB
2697,technik,3,AAACBA
2698,skupiać,3,BDA
2699,fundacja,3,ADACBAA
2700,schengen,3,-
2701,europejczycy,3,-
2702,właściwie,3,FB
2703,gazowy,3,CAB
2704,wyobrazić,3,BBCA
2705,świetny,3,CAB
2706,internetowym,3,-
2707,podwójny,3,CAB
2708,zbrodniczy,3,CAA
2709,czytanie,3,AEBAA
2710,zwiększyć,3,BCCA
2711,szukanie,3,AEBAA
2712,zainspirować,3,BAAA
2713,daleko,3,FA
2714,chora,3,ADACCBA
2715,globalny,3,CAB
2716,wojować,3,BAAA
2717,śledzić,3,BBCA
2718,ameryce,3,-
2719,blogerów,3,-
2720,amerykan,3,ABABAAA
2721,autorka,3,ADAB
2722,izrael,3,-
2723,wypowiadać,3,BDA
2724,wykorzystywany,3,BAAB
2725,jakiej,3,-
2726,wymieniać,3,BDA
2727,notatka,3,ADAB
2728,lewak,3,AAACBA
2729,anonimowy,3,CAB
2730,początkowo,3,FC
2731,mułła,3,AABABA
2732,niepoczytalność,3,ADCCA
2733,ekstremalny,3,CAB
2734,szereg,3,ACABA
2735,medyczny,3,CAB
2736,zabraknąć,3,BGE
2737,portret,3,ACAAAAA
2738,pielęgniarka,3,ADAB
2739,przyjaźnić się,3,-
2740,paryżu,3,-
2741,opieka,3,ADAB
2742,zerwać,3,BAAFB
2743,oszczędzać,3,BDA
2744,zniknąć,3,BAEAA
2745,podobno,3,GBBBA
2746,towarzystwo,3,AEAAAB
2747,pogodzenie,3,AEBAA
2748,romans,3,ACAAAAA
2749,status,3,ACAAAAA
2750,urok,3,ACABA
2751,kristiansen,3,-
2752,dług,3,ACABA
2753,podwyższony,3,CAB
2754,dowódca,3,AABCBB
2755,dwukrotnie,3,FC
2756,sprzyjać,3,BDA
2757,michael,3,-
2758,wolffsohn,3,-
2759,prorok,3,AAACBA
2760,zjawisko,3,AEAAAA
2761,całość,3,ADCCA
2762,struktura,3,ADAAA
2763,marzyć,3,BCCA
2764,śledczy,3,AAEB
2765,szaleństwo,3,AEAAAB
2766,armia,3,ADACBAA
2767,pozór,3,ACAAAAA
2768,europejczyków,3,-
2769,wymysł,3,ACAAAAA
2770,przemysłowy,3,CAB
2771,ekonomiczny,3,CAB
2772,obyczaj,3,ACACACB
2773,rzeczywisty,3,CAB
2774,dziadek,3,AAAAB
2775,poszczególny,3,CAB
2776,szerszy,3,CAB
2777,oficjalny,3,CAB
2778,czucie,3,AEBAA
2779,powszechny,3,CAB
2780,definicja,3,ADACBAA
2781,nienawidzący,3,CAA
2782,procedura,3,ADAAA
2783,niebawem,3,FC
2784,wrażliwość,3,ADCCA
2785,plecak,3,ACABBA
2786,rozsądny,3,CAB
2787,ograniczyć,3,BCCA
2788,reguła,3,ADAAA
2789,papież,3,AAABD
2790,boniecki,3,-
2791,kowalczyk,3,-
2792,wykorzystywać,3,BAAB
2793,jan,3,-
2794,dobra,3,AGDAA
2795,żądanie,3,AEBAA
2796,dymisja,3,ADACBAA
2797,japoński,3,CBA
2798,kwadratowy,3,CAB
2799,zbadać,3,BDA
2800,życzenie,3,AEBAA
2801,spełnić,3,BBCA
2802,uwolnienie,3,AEBAA
2803,kartka,3,ADAB
2804,niszczenie,3,AEBAA
2805,betonowy,3,CAB
2806,przygotowywanie,3,AEBAA
2807,jacek,3,-
2808,katolicki,3,CBA
2809,odróżnienie,3,AEBAA
2810,tzw,3,-
2811,flauta,3,ADAAA
2812,pie,3,-
2813,zwany,3,BAAFB
2814,zmniejszenie,3,AEBAA
2815,elektrownia,3,ADACBAA
2816,węglowy,3,CAB
2817,wynieść,3,BAFCAA
2818,drzewo,3,AEAAAB
2819,spadać,3,BDA
2820,towarzysz,3,AAABD
2821,pozycja,3,ADACBAA
2822,przewinąć,3,BAEAB
2823,brooklynie,3,-
2824,trafiać,3,BDA
2825,arena,3,ADAAA
2826,odbycie,3,AEBAA
2827,centralny,3,CAB
2828,guzman,3,-
2829,and,3,-
2830,kierownica,3,ADACABB
2831,skręcać,3,BDA
2832,zachowywać,3,BAAB
2833,burmistrz,3,AAAAB
2834,przebierać,3,BDA
2835,niepokojący,3,BBCA
2836,donald,3,-
2837,deportować,3,BAAA
2838,romanenko,3,-
2839,rosjanie,3,-
2840,rakieta,3,ADAAA
2841,wystrzelić,3,BBCA
2842,radio,3,AEAABA
2843,oresznika,3,-
2844,wykorzystanie,3,AEBAA
2845,potężny,3,CAB
2846,hiszpanii,3,-
2847,fc,3,-
2848,reprezentacja,3,ADACBAA
2849,raphinha,3,-
2850,prosty,3,CAB
2851,czwarty,3,CAB
2852,lewy,3,ABABAAA
2853,lewandowski,3,-
2854,minimalizm,3,ACAAAAA
2855,estetyk,3,AAACBA
2856,glamour,3,-
2857,odsłonie,3,-
2858,królować,3,BAAA
2859,nostalgiczny,3,CAB
2860,jawić się,3,-
2861,łaska,3,ADABA
2862,akcent,3,ACAAAAA
2863,gładki,3,CBA
2864,neutralny,3,CAB
2865,pinterest,3,-
2866,luksus,3,ACAAAAA
2867,modny,3,CAB
2868,autentyczny,3,CAB
2869,kolektyw,3,ACAAAAA
2870,interesujący,3,BAAA
2871,bawić,3,BBCA
2872,wczuwanie się,3,-
2873,cienki,3,CBA
2874,uczucie,3,AEBAA
2875,przypomnieć,3,BBBB
2876,układać,3,BDA
2877,pisanie,3,AEBAA
2878,poetycki,3,CBA
2879,oddział,3,ACAAAAA
2880,poznanie,3,AEBAA
2881,krokiew,3,ADCAAA
2882,weekend,3,ACAAAAA
2883,skocznia,3,ADACBAA
2884,stocha,3,-
2885,zawodnik,3,AAACBA
2886,kamil,3,-
2887,skoczek,3,AAAAB
2888,ciężki,3,CBA
2889,kozak,3,AAACBA
2890,willa,3,ADACBAA
2891,ślubna,3,ADACCBA
2892,wymarzony,3,CAB
2893,posesja,3,ADACBAA
2894,karier,3,ACAAAAA
2895,ogród,3,ACAAAAA
2896,frankenstein,3,-
2897,frankensteina,3,-
2898,obejrzeć,3,BCBB
2899,otwierać,3,BDA
2900,mroczny,3,CAB
2901,odrzucać,3,BDA
2902,samotność,3,ADCCA
2903,odpowiedzialność,3,ADCCA
2904,ponadpodstawowy,3,CAB
2905,świadom,3,CCBBA
2906,różnica,3,ADACABB
2907,programowy,3,CAB
2908,technikum,3,AED
2909,nowelizacja,3,ADACBAA
2910,kształcenie,3,AEBAA
2911,kierownictwo,3,AEAAAB
2912,śpiewać,3,BDA
2913,podjęcie,3,AEBAA
2914,krok,3,ACABA
2915,postępowanie,3,AEBAA
2916,brainrot,3,-
2917,zaawansowany,3,CAB
2918,otrzymywać,3,BAAB
2919,przystąpić,3,BBCA
2920,gospodarczy,3,CAA
2921,pogoda,3,ADAAA
2922,odśnieżanie,3,AEBAA
2923,krążenie,3,AEBAA
2924,cukrzyca,3,ADACABB
2925,boleć,3,BAD
2926,pasek,3,ACABBA
2927,ekran,3,ACAAAAA
2928,al,3,-
2929,elegancja,3,ADACBAA
2930,grono,3,AEAAAB
2931,artystyczny,3,CAB
2932,wydział,3,ACAAAAA
2933,matura,3,ADAAA
2934,instytucja,3,ADACBAA
2935,malowanie,3,AEBAA
2936,prędkość,3,ADCCA
2937,nabrać,3,BAAFA
2938,prosto,3,FA
2939,zachęcać,3,BDA
2940,gibson,3,-
2941,donalda,3,-
2942,czagos,3,-
2943,ocean,3,ACAAAAA
2944,indyjski,3,CBA
2945,brytanię,3,-
2946,nietypowy,3,CAB
2947,x,3,-
2948,diego,3,-
2949,garcia,3,-
2950,mld,3,-
2951,inwestycja,3,ADACBAA
2952,polacy,3,-
2953,brauna,3,-
2954,wygenerowane,3,-
2955,fedorowicz,3,-
2956,res,3,-
2957,futura,3,ADAAA
2958,tiktok,3,-
2959,monika,3,-
2960,sławomira,3,-
2961,mentzena,3,-
2962,świadomy,3,CAB
2963,odbiorca,3,AABCBB
2964,wośp,3,-
2965,zwykle,3,FB
2966,utrata,3,ADAAA
2967,najpopularniejszy,3,CAB
2968,filmować,3,BAAA
2969,minnesoty,3,-
2970,ross,3,-
2971,vance,3,-
2972,tablica,3,ADACABB
2973,porozmawiać,3,BDA
2974,znowu,3,GBBBA
2975,kłamstwo,3,AEAAAB
2976,dhs,3,-
2977,snyder,3,-
2978,ulec,3,BAFAAB
2979,poprawa,3,ADAAA
2980,dobroć,3,ADCAAA
2981,wspomnieć,3,BBBB
2982,przyjmować,3,BAAA
2983,kamienica,3,ADACABB
2984,wyprowadzić,3,BBCA
2985,ustalać,3,BDA
2986,koga,3,ADAB
2987,kolacja,3,ADACBAA
2988,skomentować,3,BAAA
2989,małżeństwo,3,AEAAAB
2990,lokator,3,AAACAAAB
2991,kryć,3,AEBAA
2992,nieprzyjemny,3,CAB
2993,antygonę,3,-
2994,mos,3,-
2995,worek,3,ACABBA
2996,grecki,3,CBA
2997,antygony,3,-
2998,przenieść,3,BAFCAA
2999,wystawiany,3,BDA
3000,normalnie,3,FB
3001,kracik,3,-
3002,niech,3,GBBBBAA
3003,kpo,3,-
3004,przeciwnik,3,AAACBA
3005,budżet,3,ACAAAAA
3006,wypisać,3,BAAFA
3007,zarząd,3,ACAAAAA
3008,zdmk,3,-
3009,szczecina,3,ADAAA
3010,minus,3,ACAAAAA
3011,celsjusza,3,-
3012,schronienie,3,AEBAA
3013,opiekun,3,AAAAAA
3014,minimum,3,AED
3015,ptak,3,ABAC
3016,gatunek,3,ACABA
3017,łańcuch,3,ACAABB
3018,reagować,3,BAAA
3019,borek,3,ACABA
3020,smarować,3,BAAA
3021,łapa,3,ADAAA
3022,wasi,3,AFFB
3023,boznańskiej,3,-
3024,festival,3,-
3025,basista,3,AABDAA
3026,utalentowany,3,CAB
3027,nagrodzić,3,BBCA
3028,mazurek,3,ABAC
3029,zakwalifikować,3,BAAA
3030,mocno,3,FA
3031,przestawać,3,BAAE
3032,nieść,3,BAFCAA
3033,najpiękniejszy,3,CAB
3034,amerykanka,3,ADAB
3035,szczery,3,CAA
3036,zamykać,3,BDA
3037,twórczość,3,ADCCA
3038,sen,3,ACAAAAA
3039,marek,3,ACABBA
3040,aleksandra,3,-
3041,grzegorzem,3,-
3042,urna,3,ADAAA
3043,grzech,3,ACAAAB
3044,majchrowskiego,3,-
3045,opłata,3,ADAAA
3046,parkowanie,3,AEBAA
3047,klucz,3,ACACBBA
3048,jacka,3,-
3049,obrzydliwy,3,CAB
3050,metropolita,3,AABDAA
3051,prezydencki,3,CBA
3052,tęczowy,3,CAB
3053,wyborca,3,AABCBB
3054,kuria,3,ADACBAA
3055,formalny,3,CAB
3056,znikomy,3,CAB
3057,flis,3,-
3058,świetnie,3,FB
3059,zdawać,3,BAAE
3060,nakładać,3,BDA
3061,czekoladowy,3,CAB
3062,kuratorka,3,ADAB
3063,e,3,-
3064,zmierzyć,3,BCCA
3065,czystość,3,ADCCA
3066,odżywianie,3,AEBAA
3067,talerz,3,ACACBBA
3068,kurator,3,AAACAAAB
3069,promocja,3,ADACBAA
3070,nieobowiązkowy,3,CAB
3071,wbrew,3,GBBAA
3072,debiut,3,ACAAAAA
3073,absolutnie,3,FB
3074,córka,3,ADAB
3075,casting,3,-
3076,roczny,3,CAB
3077,docenić,3,BBCA
3078,koleżanka,3,ADAB
3079,spojrzeć,3,BCBA
3080,wada,3,ADAAA
3081,agresor,3,AAACAAAB
3082,conn,3,-
3083,podwórko,3,AEAAAA
3084,niemniej,3,FC
3085,ilskiej,3,-
3086,kozłowieckim,3,-
3087,rachela,3,-
3088,lubartowie,3,-
3089,radek,3,-
3090,kępa,3,ADAAA
3091,sosna,3,ADAAA
3092,chałupa,3,ADAAA
3093,troje,3,DDA
3094,bociek,3,ABAC
3095,sztacheta,3,ADAAA
3096,kołdra,3,ADAAA
3097,malować,3,BAAA
3098,max,3,-
3099,podłoga,3,ADAB
3100,andrzejem,3,-
3101,zawieźć,3,BAFCAA
3102,kostka,3,ADAB
3103,męski,3,CBA
3104,jechać,3,BAAFA
3105,chrystus,3,-
3106,knajpa,3,ADAAA
3107,karmić,3,BBCA
3108,oliwka,3,ADAB
3109,charakteryzować,3,BAAA
3110,rodzicielski,3,CBA
3111,raić,3,BBCA
3112,niepełnosprawnością,3,-
3113,różnie,3,FB
3114,podsiadlik,3,-
3115,filokteja,3,-
3116,justyna,3,-
3117,sobczyk,3,-
3118,zagranie,3,AEBAA
3119,odejście,3,AEBAA
3120,błędny,3,CAB
3121,ścieżka,3,ADAB
3122,przyjście,3,AEBAA
3123,życiowy,3,CAB
3124,odkryć,3,AEBAA
3125,seksuolog,3,AAACBA
3126,zgłaszać,3,BDA
3127,pożądanie,3,AEBAA
3128,rzadko,3,FA
3129,potencjał,3,ACAAAAA
3130,zaufanie,3,AEBAA
3131,pójście,3,-
3132,ocenianie,3,AEBAA
3133,wystawianie,3,AEBAA
3134,będzinie,3,-
3135,piątka,3,ADAB
3136,sp,3,-
3137,niedostateczny,3,CAB
3138,pedagogiczny,3,CAB
3139,ustalanie,3,AEBAA
3140,śródroczna,3,-
3141,hornacieślak,3,-
3142,bieżący,3,CAA
3143,ustny,3,CAB
3144,pasja,3,ADACBAA
3145,rozwinąć,3,BAEAB
3146,wiecznie,3,FB
3147,robertsa,3,-
3148,trud,3,ACAAAAA
3149,dorodny,3,CAB
3150,wydawnictwo,3,AEAAAB
3151,sardynka,3,ADAB
3152,ząbek,3,ACABBA
3153,dno,3,ADAAA
3154,posiekać,3,BDA
3155,dusić,3,BBCA
3156,odcedzić,3,BBCA
3157,miska,3,ADAB
3158,ocet,3,ACAAAAA
3159,plasterek,3,ACABBA
3160,koperek,3,ACABA
3161,zupa,3,ADAAA
3162,ryba,3,ADAAA
3163,mielony,3,CAB
3164,kiszony,3,BBCA
3165,dopasować,3,BAAA
3166,bulion,3,ACAAAAA
3167,orzo,3,-
3168,superbohaterów,3,-
3169,man,3,-
3170,karton,3,ACAAAAA
3171,melancholijny,3,CAB
3172,kuzyn,3,AAADAA
3173,powellowi,3,-
3174,stadion,3,ACAAAAA
3175,kontynuacja,3,ADACBAA
3176,zarobić,3,BBCA
3177,przebój,3,ACACACB
3178,black,3,-
3179,rabbit,3,-
3180,jude,3,-
3181,szczać,3,BCA
3182,maxi,3,-
3183,zoo,3,AEE
3184,payback,3,-
3185,wykonany,3,BDA
3186,zaliczać,3,BDA
3187,kitesurfing,3,-
3188,wakeboarding,3,-
3189,taneczny,3,CAB
3190,wokalista,3,AABDAA
3191,moniuszki,3,-
3192,pik,3,ABAC
3193,cugowskiego,3,-
3194,studencki,3,CBA
3195,przykro,2,FC
3196,reuters,2,-
3197,zalać,2,BAFBD
3198,samobójstwo,2,AEAAAB
3199,współautor,2,AAACAAAB
3200,podsumowywać,2,BAAB
3201,nieproporcjonalnie,2,FB
3202,okręgowy,2,CAB
3203,apelacja,2,ADACBAA
3204,oeystein,2,-
3205,zabójstwo,2,AEAAAB
3206,popełnienie,2,AEBAA
3207,umieszczony,2,CAB
3208,hjetland,2,-
3209,prawidłowy,2,CAB
3210,zastosować,2,BAAA
3211,powołany,2,BDA
3212,nieoficjalnie,2,FB
3213,brevik,2,-
3214,zarzucać,2,BDA
3215,wnioskować,2,BAAA
3216,wskazany,2,BAAFA
3217,znacząco,2,FC
3218,operacyjny,2,CAB
3219,zaniedbanie,2,AEBAA
3220,używanie,2,AEBAA
3221,zbudowanie,2,AEBAA
3222,niepoczytalny,2,CAB
3223,szwecja,2,-
3224,rz,2,-
3225,lorange,2,-
3226,łatwiej,2,FC
3227,przyznany,2,BDA
3228,knut,2,ACAABAA
3229,ubiegający,2,BDA
3230,sesja,2,ADACBAA
3231,ubiegać,2,BDA
3232,snajper,2,AAACAAAB
3233,szkoda,2,ADAAA
3234,finlandii,2,-
3235,skandynawskich,2,-
3236,oskarżony,2,AAEC
3237,ludzkość,2,ADCCA
3238,wojenny,2,CAB
3239,skierowany,2,BAAA
3240,odebranie,2,AEBAA
3241,bournea,2,-
3242,pojawiający się,2,-
3243,udowodnienie,2,AEBAA
3244,wyciągać,2,BDA
3245,in,2,-
3246,pobudzać,2,BDA
3247,odnaleźć,2,BAFCAA
3248,przynależność,2,ADCCA
3249,uchronić,2,BBCA
3250,ludzki,2,CBA
3251,biznes,2,ACAAAAA
3252,rap,2,ABABAAA
3253,zaczerpnąć,2,BAEAA
3254,brenton,2,-
3255,tarrant,2,-
3256,christchurch,2,-
3257,zelandii,2,-
3258,płaszczyzna,2,ADAAA
3259,szczególność,2,ADCCA
3260,etniczny,2,CAB
3261,literatura,2,ADAAA
3262,ksenofobicznej,2,-
3263,ekstremistyczny,2,CAB
3264,wczesny,2,CAB
3265,los,2,ACAAAAA
3266,kierujący,2,BAAA
3267,poranny,2,CAB
3268,ciężarówka,2,ADAB
3269,dwór,2,ACAAAAA
3270,pamiątka,2,ADAB
3271,dziesiątek,2,ACABBA
3272,teoria,2,ADACBAA
3273,poszkodowana,2,ADACCBA
3274,pośrednictwo,2,AEAAAB
3275,brukseli,2,-
3276,londynu,2,-
3277,epizod,2,ACAAAAA
3278,historyczny,2,CAB
3279,maksymalny,2,CAB
3280,ringerike,2,-
3281,fengsel,2,-
3282,strzeżony,2,BAFCAB
3283,kodeks,2,ACAAAAA
3284,skrócenie,2,AEBAA
3285,biegły,2,BAFAAB
3286,schizofrenia,2,ADACBAA
3287,wykazywać,2,BAAB
3288,miewać,2,BDA
3289,fjotolf,2,-
3290,hansen,2,-
3291,socjaldemokratyczny,2,CAB
3292,interakcja,2,ADACBAA
3293,nadawca,2,AABCBB
3294,nrk,2,-
3295,sypialnia,2,ADACBAA
3296,siłownia,2,ADACBAA
3297,zastosowany,2,BAAA
3298,rygor,2,ACAAAAA
3299,pozew,2,ACAAAAA
3300,jednomyślnie,2,FB
3301,warunkowy,2,CAB
3302,uzasadnienie,2,AEBAA
3303,upamiętnić,2,BBCB
3304,neofaszystowski,2,CBA
3305,mettemarit,2,-
3306,haakon,2,-
3307,ceremonia,2,ADACBAA
3308,sądowych,2,-
3309,wznosić,2,BBCA
3310,naruszanie,2,AEBAA
3311,przemawiać,2,BDA
3312,nietolerancja,2,ADACBAA
3313,msza,2,ADACAA
3314,żałobny,2,CAB
3315,sekretarz,2,AAABD
3316,połączony,2,CAB
3317,przemówienie,2,AEBAA
3318,norwegowi,2,-
3319,wielokulturowego,2,-
3320,nieokreślony,2,CAB
3321,rozliczyć,2,BCCA
3322,motyw,2,ACAAAAA
3323,astrid,2,-
3324,rejon,2,ACAAAAA
3325,zszokować,2,BAAA
3326,śmiertelny,2,CAB
3327,zaparkować,2,BAAA
3328,ósmy,2,CAB
3329,wyznać,2,BDA
3330,saletrowy,2,CAB
3331,urzędować,2,BAAA
3332,przedsięwzięcie,2,AEBAA
3333,przerwać,2,BAAFB
3334,pobudka,2,ADAB
3335,ksenofobia,2,ADACBAA
3336,ruger,2,-
3337,strzelić,2,BBCA
3338,ranny,2,AAEC
3339,nerwowy,2,CAB
3340,norwegią,2,-
3341,przesunąć,2,BAEAB
3342,wezwać,2,BAAFB
3343,okazanie,2,AEBAA
3344,solidarność,2,ADCCA
3345,tysięczny,2,CAB
3346,potępić,2,BBCA
3347,ubolewanie,2,AEBAA
3348,bronisław,2,-
3349,komorowski,2,-
3350,zakakującym,2,-
3351,odnośnie,2,-
3352,napływ,2,ACAAAAA
3353,wydłużany,2,BDA
3354,kontrolować,2,BAAA
3355,nieuzasadniony,2,CAB
3356,rejestracja,2,ADACBAA
3357,północny,2,CAB
3358,wypełniać,2,BDA
3359,przejęcie,2,AEBAA
3360,wychwalać,2,BDA
3361,przybrzeżny,2,CAB
3362,paul,2,-
3363,hasson,2,-
3364,lista,2,ADAAA
3365,fragment,2,ACAAAAA
3366,oboje,2,DDA
3367,hanna,2,-
3368,orvik,2,-
3369,endresen,2,-
3370,polowanie,2,AEBAA
3371,krzyż,2,ACACBBA
3372,norwegom,2,-
3373,mo,2,-
3374,edycja,2,ADACBAA
3375,normalny,2,CAB
3376,praconia,2,-
3377,dobić,2,AEBAA
3378,oszczędzić,2,BBCA
3379,męczyć,2,BCCA
3380,wytłumaczenie,2,AEBAA
3381,zadawać,2,BAAE
3382,lotnisko,2,AEAAAA
3383,przeszukiwać,2,BAAC
3384,zjazd,2,ACAAAAA
3385,przybycie,2,AEBAA
3386,dobrowolnie,2,FB
3387,utoi,2,-
3388,tłumaczenie,2,AEBAA
3389,dziennikarski,2,CBA
3390,ukończyć,2,BCCA
3391,lgbt,2,-
3392,obchodzić,2,BBCA
3393,andrew,2,-
3394,berwick,2,-
3395,załączyć,2,BCCA
3396,zaprowadzić,2,BBCA
3397,ucieczka,2,ADAB
3398,zamiar,2,ACAAAAA
3399,harald,2,-
3400,odizolowanie,2,AEBAA
3401,poruszać,2,BDA
3402,kieszonkowe,2,AEBBB
3403,żałować,2,BAAA
3404,biec,2,BAFAAB
3405,paranoidalny,2,CAB
3406,oprócz,2,GBBAA
3407,palnąć,2,BAEAA
3408,odseparowanie,2,AEBAA
3409,podyktowany,2,BAAA
3410,zapewniony,2,BBCB
3411,sztućce,2,AGCB
3412,przyjmowanie,2,AEBAA
3413,pokrycie,2,AEBAA
3414,nieznacznie,2,FB
3415,krata,2,ADAAA
3416,szyba,2,ADAAA
3417,modlić się,2,-
3418,sympatyk,2,AAACBA
3419,ogłoszenie,2,AEBAA
3420,pozdrowienie,2,AEBAA
3421,uniemożliwiać,2,BDA
3422,marius,2,-
3423,emberland,2,-
3424,zabronić,2,BBCA
3425,najmniejszy,2,CAB
3426,cenzurowanie,2,AEBAA
3427,strażnica,2,ADACABB
3428,odwrócić,2,BBCA
3429,prawy,2,CAB
3430,świadczyć,2,BCCA
3431,kurs,2,ACAAAAA
3432,prywatności,2,-
3433,poczet,2,ACAAAAA
3434,osadzony,2,BBCA
3435,kw,2,-
3436,przyrządzać,2,BDA
3437,odrzucony,2,BBCA
3438,harrich,2,-
3439,abc,2,-
3440,prawdopodobieństwo,2,AEAAAB
3441,rektor,2,AAACAAAB
3442,petter,2,-
3443,ottersen,2,-
3444,wykształcenie,2,AEBAA
3445,krewny,2,AAEC
3446,sława,2,ADAAA
3447,niezadowolony,2,CAB
3448,wymierzyć,2,BCCA
3449,bezprawny,2,CAB
3450,represją,2,-
3451,zeszły,2,BAFCAA
3452,wymienić,2,BBCA
3453,bezprawnie,2,FB
3454,przesyłać,2,BDA
3455,odczucie,2,AEBAA
3456,czterostronicowym,2,-
3457,przestarzały,2,CAB
3458,uskarżać się,2,-
3459,spowalniać,2,BDA
3460,kwota,2,ADAAA
3461,przeznaczać,2,BDA
3462,pocztowy,2,CAB
3463,pc,2,-
3464,rosjanom,2,-
3465,systematycznie,2,FB
3466,blokować,2,BAAA
3467,zażyczyć,2,BCCA
3468,skoordynowany,2,BAAA
3469,rosnąć,2,BAEB
3470,norwegiem,2,-
3471,wpław,2,FC
3472,opuścić,2,BBCA
3473,opanować,2,BAAA
3474,brygada,2,ADAAA
3475,tożsamość,2,ADCCA
3476,rdzenny,2,CAB
3477,wierzący,2,AAEB
3478,podsumować,2,BAAA
3479,uszkodzony,2,BBCA
3480,sąsiedni,2,CBB
3481,nastąpić,2,BBCA
3482,gruz,2,ACAAAAA
3483,trafiony,2,BBCA
3484,karetka,2,ADAB
3485,wypadek,2,ACABA
3486,ewakuować,2,BAAA
3487,kolejowy,2,CAB
3488,przedsiębiorstwo,2,AEAAAB
3489,uzbrojony,2,BBCA
3490,wyjeżdżać,2,BDA
3491,wakacje,2,AGCC
3492,komórkowy,2,CAB
3493,uspokajać,2,BDA
3494,rodak,2,AAACBA
3495,rozgrywać,2,BDA
3496,zapanować,2,BAAA
3497,skakać,2,BAAFA
3498,niebezpieczeństwo,2,AEAAAB
3499,północ,2,ADCAB
3500,nalot,2,ACAAAAA
3501,iranu,2,-
3502,nakaz,2,ACAAAAA
3503,podany,2,BDC
3504,hipoteza,2,ADAAA
3505,maleńka,2,ADACCBB
3506,nocować,2,BAAA
3507,namiotowy,2,CAB
3508,wakacyjny,2,CAB
3509,zorganizowany,2,BAAA
3510,młodzieżówkę,2,-
3511,stine,2,-
3512,renate,2,-
3513,haheim,2,-
3514,simen,2,-
3515,braenden,2,-
3516,wjechać,2,BAAFA
3517,legitymacja,2,ADACBAA
3518,bliżej,2,FC
3519,torba,2,ADAAA
3520,odpłynąć,2,BAEAB
3521,najdalej,2,FC
3522,celować,2,BAAA
3523,elise,2,-
3524,emilie,2,-
3525,bersaas,2,-
3526,niclas,2,-
3527,tokerud,2,-
3528,niesamowicie,2,FC
3529,odpowiednio,2,FA
3530,zdetonowany,2,BAAA
3531,najwyraźniej,2,FC
3532,radykał,2,AAAAAA
3533,andersie,2,-
3534,winstona,2,-
3535,timothy,2,-
3536,kojarzony,2,CAB
3537,afganistanie,2,-
3538,miasteczko,2,AEAAAA
3539,tajny,2,CAB
3540,aktywny,2,CAB
3541,praktycznie,2,FB
3542,nieznany,2,CAB
3543,sięgnięcie,2,AEBAA
3544,copeland,2,-
3545,strzelec,2,AAACAAAA
3546,francuski,2,ACD
3547,wino,2,ADAAA
3548,butelka,2,ADAB
3549,marksista,2,AABDAA
3550,opętać,2,BDA
3551,założony,2,CAB
3552,spadkobierca,2,AABCBB
3553,prezentować,2,BAAA
3554,chrześcijanin,2,AAABBA
3555,powstrzymanie,2,AEBAA
3556,dżihadu,2,-
3557,obiec,2,BAFAAB
3558,przystojny,2,CAB
3559,wymordować,2,BAAA
3560,półtora,2,DF
3561,piroman,2,AAADAA
3562,wrzucić,2,BBCA
3563,chwytliwy,2,CAB
3564,bbc,2,-
3565,prezentacja,2,ADACBAA
3566,nawoływać,2,BAAB
3567,czoło,2,AEAAAB
3568,islamizm,2,-
3569,komunizm,2,ACAAAAA
3570,prawicowiec,2,AAACBA
3571,sympatyzować,2,BAAA
3572,trzydziestka,2,ADAB
3573,chrzest,2,ACAAAAA
3574,protestancki,2,CBA
3575,żart,2,ACAAAAA
3576,wyglądający,2,BDA
3577,minimalistyczny,2,CAB
3578,płacić,2,BBCA
3579,english,2,-
3580,defence,2,-
3581,league,2,-
3582,europe,2,-
3583,geerta,2,-
3584,wyprzeć,2,BABA
3585,skrupulatnie,2,FB
3586,produkować,2,BAAA
3587,skąd,2,GBABB
3588,world,2,-
3589,pracownica,2,ADACABB
3590,paliwo,2,AEAAAB
3591,otoczony,2,CAB
3592,wieścić,2,BBCA
3593,dramatyczny,2,CAB
3594,siedzący,2,CAA
3595,stos,2,ACAAAAA
3596,upewnić,2,BBCB
3597,stenseth,2,-
3598,skoczyć,2,BCCA
3599,brzeg,2,ACABA
3600,szykować,2,BAAA
3601,używany,2,BDA
3602,getto,2,AEAAAB
3603,analogia,2,ADACBAA
3604,antyterroryści,2,-
3605,nabożeństwo,2,AEAAAB
3606,paść,2,BAFAAAB
3607,tradycyjny,2,CAB
3608,przerosnąć,2,BAEB
3609,osłabić,2,BBCA
3610,ravik,2,-
3611,jupskas,2,-
3612,mobilizacja,2,ADACBAA
3613,bodaj,2,GBBAB
3614,dziad,2,AAAAAA
3615,pradziad,2,AAAAAA
3616,afera,2,ADAAA
3617,krzywda,2,ADAAA
3618,biznesowych,2,-
3619,wyznawca,2,AABCBB
3620,przypuszczać,2,BDA
3621,wizytówka,2,ADAB
3622,przetrwać,2,BDA
3623,finanse,2,AGCB
3624,kristin,2,-
3625,nieprzyjazny,2,CAB
3626,ciągły,2,CAB
3627,chemik,2,AAACBA
3628,sprowadzić,2,BBCA
3629,dyskusyjny,2,CAB
3630,internetowy,2,-
3631,sprzedający,2,BDC
3632,poważnie,2,FB
3633,posiadający,2,BDA
3634,chemikalia,2,AGDB
3635,wyczytać,2,BDA
3636,polaka,2,-
3637,konstrukcja,2,ADACBAA
3638,kg,2,-
3639,namiar,2,ACAAAAA
3640,wiceszef,2,-
3641,białka,2,AGDAA
3642,podmiot,2,ACAAAAA
3643,ciężko,2,FA
3644,odbierać,2,BDA
3645,ak,2,-
3646,granat,2,ACAAAAA
3647,brutalny,2,CAB
3648,gangster,2,AAACAAAB
3649,pragi,2,-
3650,mafia,2,ADACBAA
3651,norwegami,2,-
3652,klausa,2,-
3653,zsrr,2,-
3654,przywoływać,2,BAAB
3655,dekret,2,ACAAAAA
3656,benesza,2,-
3657,niemcy,2,-
3658,oberwać,2,BAAFB
3659,reczkałow,2,-
3660,demoralizujący,2,BAAA
3661,idea,2,ADACBAA
3662,szczęśliwy,2,CAB
3663,otoczyć,2,BCCA
3664,socjalny,2,CAB
3665,zgnić,2,AEBAA
3666,reczkałowa,2,-
3667,stado,2,AEAAAB
3668,krzesło,2,AEAAAB
3669,bandyta,2,AABDAA
3670,zmotoryzowany,2,BAAA
3671,internautów,2,-
3672,sterowany,2,BAAA
3673,władimir,2,-
3674,reporter,2,AAACAAAB
3675,wspominany,2,BDA
3676,wychowywać,2,BAAB
3677,patriotyczny,2,CAB
3678,faszyzujący,2,BAAA
3679,masa,2,ADAAA
3680,moskwy,2,-
3681,świeca,2,ADACABB
3682,ambasada,2,ADAAA
3683,wpisywać,2,BAAB
3684,instrument,2,ACAAAAA
3685,uprawnienie,2,AEBAA
3686,rodzimy,2,BBCA
3687,radar,2,ACAAAAA
3688,brytania,2,-
3689,matthew,2,-
3690,domniemany,2,BDA
3691,zwiastun,2,AAADAA
3692,priorytet,2,ACAAAAA
3693,wręcz,2,GBBBA
3694,antyimigranckiej,2,-
3695,romów,2,-
3696,mein,2,-
3697,kampf,2,-
3698,przywrócić,2,BBCA
3699,wspaniały,2,CAB
3700,roentgena,2,-
3701,napisany,2,BAAFA
3702,lewicowiec,2,AAACBA
3703,ogólnie,2,FB
3704,porównywać,2,BAAB
3705,straszyć,2,BCCA
3706,straszliwy,2,CAB
3707,przerazić,2,BBCA
3708,twardy,2,CAB
3709,odwrotny,2,CAB
3710,atrakcyjność,2,ADCCA
3711,narodziny,2,AGAAA
3712,psychologów,2,-
3713,ostrzeżenie,2,AEBAA
3714,garść,2,ADCAAA
3715,demokrata,2,AABDAA
3716,finów,2,-
3717,Holender,2,AAACAAAB
3718,geert,2,-
3719,wilders,2,-
3720,zastanowić,2,BBCA
3721,wyścig,2,ACABA
3722,patriota,2,AABDAA
3723,zapisek,2,ACABA
3724,uważnie,2,FB
3725,zagrzewać,2,BDA
3726,blogu,2,-
3727,miesięcznie,2,FB
3728,robertem,2,-
3729,popularny,2,CAB
3730,jihadwatchorg,2,-
3731,propagandowy,2,CAB
3732,spencer,2,-
3733,pozytywnie,2,FB
3734,współwinny,2,AAEC
3735,śmieszny,2,CAB
3736,pomylić,2,BBCA
3737,new,2,-
3738,oficer,2,AAAAAA
3739,retoryka,2,ADAB
3740,dżihad,2,-
3741,unabombera,2,-
3742,teda,2,-
3743,zamieniać,2,BDA
3744,wyłączyć,2,BCCA
3745,malkin,2,-
3746,news,2,-
3747,johna,2,-
3748,washington,2,-
3749,dopuszczalny,2,CAB
3750,zmęczony,2,CAB
3751,wyjątkowo,2,FC
3752,wojownik,2,AAACBA
3753,koncentracja,2,ADACBAA
3754,nienawidzić,2,BBCA
3755,obiekt,2,ACAAAAA
3756,dodatkowo,2,FC
3757,afryki,2,-
3758,pojęcie,2,AEBAA
3759,smutek,2,ACABA
3760,składany,2,BDA
3761,zaoferować,2,BAAA
3762,zażyć,2,AEBAA
3763,czujny,2,CAB
3764,teoretycznie,2,FB
3765,przeciwdziałanie,2,AEBAA
3766,utrudnienie,2,AEBAA
3767,sydnes,2,-
3768,wzmocnienie,2,AEBAA
3769,potępiać,2,BDA
3770,dyplomata,2,AABDAA
3771,hiphopu,2,-
3772,programowo,2,FC
3773,przyrodni,2,CBB
3774,dyplomatka,2,ADAB
3775,patologia,2,ADACBAA
3776,rozpatrywany,2,BAAB
3777,emerytura,2,ADAAA
3778,upadek,2,ACABA
3779,patriarchat,2,ACAAAAA
3780,napaść,2,ADCCA
3781,rozejść się,2,-
3782,moje,2,EDAB
3783,przełomowy,2,CAB
3784,gorąco,2,AEAABA
3785,sprzeciwiać się,2,-
3786,rozwód,2,ACAAAAA
3787,istnienie,2,AEBAA
3788,janne,2,-
3789,Anglik,2,AAACBA
3790,normalna,2,ADACCBA
3791,bezpański,2,CBA
3792,walizka,2,ADAB
3793,autobus,2,ACAAAAA
3794,wysiąść,2,BAFCAA
3795,stopniowo,2,FC
3796,przywracać,2,BDA
3797,gang,2,ACABA
3798,wyjawić,2,BBCA
3799,pobudzenie,2,AEBAA
3800,wylądować,2,BAAA
3801,przeżywać,2,BDA
3802,dostrzegać,2,BDA
3803,zderzenie,2,AEBAA
3804,nieszczęście,2,AEBAA
3805,heterogeniczny,2,CAB
3806,tradycja,2,ADACBAA
3807,narodowość,2,ADCCA
3808,emigrant,2,AAADAA
3809,romantyczny,2,CAB
3810,przejawiać,2,BDA
3811,agresja,2,ADACBAA
3812,zażądać,2,BDA
3813,szanować,2,BAAA
3814,kaczyńskiego,2,-
3815,przytulać,2,BDA
3816,wymyślić,2,BBCA
3817,paneuropejski,2,CBA
3818,wariat,2,AAADAA
3819,baader,2,-
3820,meinhof,2,-
3821,frakcja,2,ADACBAA
3822,rachunek,2,ACABA
3823,rozwiązywanie,2,AEBAA
3824,niedawny,2,CAB
3825,cywilizacyjny,2,CAB
3826,kapitalizm,2,ACAAAAA
3827,rewolucja,2,ADACBAA
3828,biblioteka,2,ADAB
3829,kiepsko,2,FC
3830,potomek,2,AAAAB
3831,doraźny,2,CAB
3832,zmierzch,2,ACAAAB
3833,multikulturalizmu,2,-
3834,ratunek,2,ACABA
3835,frustracja,2,ADACBAA
3836,cudowny,2,CAB
3837,europę,2,-
3838,antyimigrancką,2,-
3839,urządzać,2,BDA
3840,budzący,2,CAA
3841,umowa,2,ADAAA
3842,fizycznie,2,FB
3843,zasiać,2,BAFBD
3844,niepewność,2,ADCCA
3845,umówić,2,BBCA
3846,faszysta,2,AABDAA
3847,jakoś,2,EK
3848,sztab,2,ACAAAAA
3849,skuteczniejszy,2,CAB
3850,dłuższy,2,CAB
3851,upatrywać,2,BAAB
3852,doczekać,2,BDA
3853,monitoringu,2,-
3854,beztroski,2,ADABA
3855,izraelu,2,-
3856,zbiór,2,ACAAAAA
3857,ściśle,2,FB
3858,brawo,2,AEAAAB
3859,chwilowy,2,CAB
3860,historyk,2,AAACBA
3861,założyciel,2,AAABCA
3862,głupstwo,2,AEAAAB
3863,spór,2,ACAAAAA
3864,kasa,2,ADAAA
3865,głośno,2,FA
3866,wystarczać,2,BDA
3867,budowanie,2,AEBAA
3868,przepraszać,2,BDA
3869,szemrać,2,BAAFA
3870,zamierzać,2,BDA
3871,skłonność,2,ADCCA
3872,tygodnik,2,ACABBA
3873,odwrót,2,ACAAAAA
3874,absurdalny,2,CAB
3875,kompletny,2,CAB
3876,japonią,2,-
3877,utracić,2,BBCA
3878,kwietniowy,2,CAB
3879,garnitur,2,ACAAAAA
3880,popis,2,ACAAAAA
3881,auto,2,AEAAAB
3882,prewencyjny,2,CAB
3883,ustawić,2,BBCA
3884,zapora,2,ADAAA
3885,podejrzewany,2,BDA
3886,samodzielny,2,CAB
3887,uzyskać,2,BDA
3888,bariera,2,ADAAA
3889,kontekst,2,ACAAAAA
3890,wprowadzony,2,BBCA
3891,przejazd,2,ACAAAAA
3892,ciemny,2,CAB
3893,świecić,2,BBCA
3894,netto,2,CD
3895,elektroenergetyczny,2,CAB
3896,c,2,-
3897,pokrywa,2,ADAAA
3898,energetyka,2,AAACBA
3899,słoneczny,2,CAB
3900,panele,2,-
3901,opad,2,ACAAAAA
3902,wodny,2,CAB
3903,ograniczony,2,CAB
3904,prąd,2,ACAAAAA
3905,dotknięty,2,BAEAA
3906,gałąź,2,ADCAAA
3907,br,2,-
3908,ciężar,2,ACAAAAA
3909,utrzymanie,2,AEBAA
3910,stabilny,2,CAB
3911,nabierać,2,BDA
3912,ogrzewanie,2,AEBAA
3913,zależność,2,ADCCA
3914,rezerwowy,2,CAB
3915,drewno,2,AEAAAB
3916,transferowy,2,CAB
3917,pge,2,-
3918,atakujący,2,BAAA
3919,dwukrotny,2,CAB
3920,transfer,2,ACAAAAA
3921,wątpienie,2,AEBAA
3922,romano,2,-
3923,włoski,2,ACABBA
3924,turniej,2,ACACACB
3925,przeprowadzka,2,ADAB
3926,kibic,2,AAABAB
3927,poprowadzić,2,BBCA
3928,wenezueli,2,-
3929,nicolasa,2,-
3930,maduro,2,-
3931,skierować,2,BAAA
3932,metropolitan,2,-
3933,detention,2,-
3934,oskarżona,2,ADACCBA
3935,skazana,2,ADACCBA
3936,combs,2,-
3937,najpoważniejszy,2,CAB
3938,odliczenie,2,AEBAA
3939,niegdyś,2,GBABB
3940,zmarły,2,BABA
3941,epsteina,2,-
3942,zajmujący,2,BAAA
3943,joaquin,2,-
3944,el,2,-
3945,chapo,2,-
3946,narkotykowy,2,-
3947,immigration,2,-
3948,customs,2,-
3949,enforcement,2,-
3950,aresztowanie,2,AEBAA
3951,migrant,2,AAADAA
3952,gwałtownie,2,FB
3953,ruszać,2,BDA
3954,uzasadniony,2,BBCB
3955,celowo,2,FC
3956,jacob,2,-
3957,frey,2,-
3958,noem,2,-
3959,oresznikiem,2,-
3960,walerij,2,-
3961,ponowny,2,CAB
3962,zastraszyć,2,BCCA
3963,negocjacje,2,AGCC
3964,zmasować,2,BAAA
3965,hipersoniczny,2,CAB
3966,oresznik,2,-
3967,resort,2,ACAAAAA
3968,arsenał,2,ACAAAAA
3969,terytorium,2,AED
3970,infrastruktura,2,ADAAA
3971,sbu,2,-
3972,dostawa,2,ADAAA
3973,jeddah,2,-
3974,finał,2,ACAAAAA
3975,wyjściowy,2,CAB
3976,wojciecha,2,-
3977,kapitan,2,AAAAAA
3978,źle,2,FB
3979,poprzeczka,2,ADAB
3980,unai,2,-
3981,simon,2,-
3982,rywal,2,AAABCA
3983,zdziałać,2,BDA
3984,bramkarz,2,AAABD
3985,słupek,2,ACABBA
3986,piąty,2,CAB
3987,gracz,2,AAABD
3988,robert,2,-
3989,korzystniejszy,2,CAB
3990,starcie,2,AEBAA
3991,madryt,2,-
3992,powracać,2,BDA
3993,chokery,2,-
3994,bomberki,2,-
3995,maksymalizm,2,ACAAAAA
3996,podbijać,2,BDA
3997,zdobywać,2,BDA
3998,nostalgia,2,ADACBAA
3999,garderoba,2,ADAAA
4000,spodni,2,CBB
4001,błysk,2,ACABA
4002,autentyczność,2,ADCCA
4003,predicts,2,-
4004,nadchodzić,2,BBCA
4005,era,2,ADAAA
4006,faktura,2,ADAAA
4007,cool,2,-
4008,detal,2,ACACAA
4009,ozdobny,2,CAB
4010,vintage,2,-
4011,wyrazisty,2,CAB
4012,estetyka,2,AAACBA
4013,rajstopy,2,AGAAA
4014,pastelowy,2,CAB
4015,technologia,2,ADACBAA
4016,różnorodność,2,ADCCA
4017,przeszłość,2,ADCCA
4018,osesi,2,-
4019,wewior,2,-
4020,wczuć się,2,-
4021,słowny,2,CAB
4022,kropka,2,ADAB
4023,przecinek,2,ACABBA
4024,wers,2,ACAAAAA
4025,przestrzeń,2,ADCAAA
4026,instagramowym,2,-
4027,akademia,2,ADACBAA
4028,zniechęcać,2,BDA
4029,ni,2,GBBBA
4030,zaproponowanie,2,AEBAA
4031,kładący,2,CAA
4032,afektywny,2,CAB
4033,opisany,2,BAAFA
4034,oparty,2,CAB
4035,skojarzenie,2,AEBAA
4036,uważny,2,CAB
4037,przestrzenny,2,CAB
4038,gdańsku,2,-
4039,epoka,2,ADAB
4040,skok,2,ACABA
4041,kamila,2,-
4042,sportowiec,2,AAACBA
4043,olimpijski,2,CBA
4044,zwycięstwo,2,AEAAAB
4045,długość,2,ADCCA
4046,wzorcowy,2,CAB
4047,wzorowy,2,CAB
4048,powtórzyć,2,BCCA
4049,cristiano,2,-
4050,cr,2,-
4051,georgina,2,-
4052,słynny,2,CAB
4053,budowlany,2,AAEC
4054,wzbudzać,2,BDA
4055,kontrowersja,2,ADACBAA
4056,ogrom,2,ACAAAAA
4057,premierowy,2,CAB
4058,ogólnopolski,2,CBA
4059,shelley,2,-
4060,oddanie,2,AEBAA
4061,surowy,2,CAB
4062,potwora,2,ADAAA
4063,niezły,2,CAB
4064,schemat,2,ACAAAAA
4065,piękno,2,AEAAAB
4066,kłaść,2,BAFCAA
4067,kompetencje,2,AGCC
4068,nauczany,2,BDA
4069,ogólnokształcący,2,CAA
4070,iiiv,2,-
4071,wybrana,2,ADACCBA
4072,urzędowy,2,CAB
4073,uczestnictwo,2,AEAAAB
4074,kijowie,2,-
4075,podręcznik,2,ACABBA
4076,prawosławny,2,AAEC
4077,propaganda,2,ADAAA
4078,zainteresowany,2,BAAA
4079,matematyka,2,AAACBA
4080,sprawdzenie,2,AEBAA
4081,dochodzenie,2,AEBAA
4082,faktycznie,2,FB
4083,potoczny,2,CAB
4084,online,2,-
4085,międzypokoleniowy,2,CAB
4086,tryb,2,ACAAAAA
4087,algorytm,2,ACAAAAA
4088,słuchawka,2,ADAB
4089,płynnie,2,FB
4090,przykładowo,2,FC
4091,członkowski,2,CBA
4092,skorzystać,2,BDA
4093,pełnia,2,ADACBAA
4094,gwarantować,2,BAAA
4095,konsument,2,AAADAA
4096,przyroda,2,ADAAA
4097,towar,2,ACAAAAA
4098,śmiertelnie,2,FB
4099,mięsień,2,ACACBAA
4100,wieńcowy,2,CAB
4101,wp,2,-
4102,hab,2,-
4103,kałużnaoleksy,2,-
4104,gwałtowny,2,CAB
4105,wysiłek,2,ACABA
4106,statystyka,2,AAACBA
4107,pozornie,2,FB
4108,niegroźny,2,CAB
4109,otyłość,2,ADCCA
4110,czynność,2,ADCCA
4111,piersiowy,2,CAB
4112,najgorsze,2,AEBAB
4113,ekspozycja,2,ADACBAA
4114,noszenie,2,AEBAA
4115,cebulka,2,ADAB
4116,polegać,2,BDA
4117,przeciwieństwo,2,AEAAAB
4118,podkoszulek,2,ACABBA
4119,kamizelka,2,ADAB
4120,puchowy,2,CAB
4121,kurtka,2,ADAB
4122,aspekt,2,ACAAAAA
4123,kolorystycznie,2,FB
4124,rozmaity,2,CAB
4125,tkanina,2,ADAAA
4126,spódnica,2,ADACABB
4127,mankiet,2,ACAAAAA
4128,płaszcz,2,ACACBBA
4129,sweter,2,ACAABAA
4130,przykryć,2,AEBAA
4131,paleta,2,ADAAA
4132,tango,2,AEAAAA
4133,frank,2,ABAC
4134,pożegnalny,2,CAB
4135,ewie,2,-
4136,miłosz,2,-
4137,zarzycki,2,-
4138,wdzięczność,2,ADCCA
4139,miły,2,AAEC
4140,serdeczny,2,CAB
4141,maria,2,-
4142,kaszuba,2,-
4143,tadeusz,2,-
4144,osobiście,2,FC
4145,koncertować,2,BAAA
4146,wdzięczny,2,CAB
4147,audycja,2,ADACBAA
4148,służyć,2,BCCA
4149,sacrum,2,-
4150,samorząd,2,ACAAAAA
4151,arnprior,2,-
4152,szkockiej,2,-
4153,poziomy,2,ACAAAAA
4154,kręty,2,ACAAAAA
4155,szosa,2,ADAAA
4156,zadziałać,2,BDA
4157,jezdnia,2,ADACBAA
4158,radna,2,ADACCBA
4159,dziura,2,ADAAA
4160,nazwany,2,BAAFB
4161,głosowanie,2,AEBAA
4162,wbicie,2,AEBAA
4163,najchętniej,2,FC
4164,nawrocki,2,-
4165,pewno,2,GBBBA
4166,pałac,2,ACACACB
4167,bitwa,2,ADAAA
4168,house,2,-
4169,wygrywać,2,BDA
4170,braun,2,-
4171,przekaz,2,ACAAAAA
4172,zbliżyć,2,BCCA
4173,informacyjny,2,CAB
4174,najnowszym,2,-
4175,aktywność,2,ADCCA
4176,mazurekstanowski,2,-
4177,stanowski,2,-
4178,atrakcyjny,2,CAB
4179,koszulka,2,ADAB
4180,wiecznakrucjata,2,-
4181,suwerenność,2,ADCCA
4182,zachwycać,2,BDA
4183,usunięty,2,BAEAB
4184,dezinformacja,2,ADACBAA
4185,generowany,2,BAAA
4186,cyfryzacji,2,-
4187,udostępniony,2,BBCB
4188,oddolny,2,CAB
4189,start,2,ACAAAAA
4190,niewygodny,2,CAB
4191,zbiórka,2,ADAB
4192,ponosić,2,BBCA
4193,alternatywa,2,ADAAA
4194,popierać,2,BDA
4195,śmietnik,2,ACABBA
4196,bieda,2,ADAAA
4197,opłacać,2,BDA
4198,polskę,2,-
4199,migracyjny,2,CAB
4200,przedni,2,CBB
4201,strzelający,2,BDA
4202,traumatyczny,2,CAB
4203,tylny,2,CAB
4204,minnesocie,2,-
4205,latkę,2,-
4206,jd,2,-
4207,klamka,2,ADAB
4208,potrącenie,2,AEBAA
4209,mieszkanka,2,ADAB
4210,stanowy,2,CAB
4211,latki,2,-
4212,usługa,2,ADAB
4213,ściganie,2,AEBAA
4214,hotels,2,-
4215,rezerwacja,2,ADACBAA
4216,zatytułowany,2,BAAA
4217,przeprosić,2,BBCA
4218,oby,2,GBBBBAA
4219,zajść,2,AEBAA
4220,nadejść,2,AEBAA
4221,nadrzędny,2,CAB
4222,nawzajem,2,FC
4223,usuwać,2,BDA
4224,wychować,2,BDA
4225,gniew,2,ACAAAAA
4226,parafianin,2,AAABBA
4227,kolędowy,2,CAB
4228,jarka,2,ADAB
4229,zjeść,2,BDD
4230,obiad,2,ACAAAAA
4231,niepołomicach,2,-
4232,nieruchomość,2,ADCCA
4233,orientować,2,BAAA
4234,papier,2,ACAAAAA
4235,przydać,2,BDC
4236,dziękować,2,BAAA
4237,duszpasterski,2,CBA
4238,jarosława,2,-
4239,wynajmowany,2,BAAA
4240,lśnić,2,BBCB
4241,ministrant,2,AAADAA
4242,schody,2,AGAB
4243,puszcza,2,ADACABB
4244,dojazd,2,ACAAAAA
4245,zadeklarować,2,BAAA
4246,zgłosić,2,BBCA
4247,katarzyny,2,-
4248,koprodukcja,2,ADACBAA
4249,krążek,2,ACABBA
4250,rapowego,2,-
4251,regina,2,-
4252,zawadzkabigaj,2,-
4253,roszkowski,2,-
4254,specjalnie,2,FB
4255,szlempo,2,-
4256,bisz,2,-
4257,antygona,2,-
4258,heros,2,AAADAA
4259,bunt,2,ACAAAAA
4260,mścić,2,BBCB
4261,julia,2,-
4262,rafał,2,-
4263,berkowicz,2,-
4264,aktorski,2,CBA
4265,wokalnie,2,FB
4266,wokalny,2,CAB
4267,producentką,2,-
4268,bilet,2,ACAAAAA
4269,stanisław,2,-
4270,oznaczenie,2,AEBAA
4271,informujący,2,BAAA
4272,wykupić,2,BBCA
4273,komplement,2,ACAAAAA
4274,hejt,2,-
4275,wandalizm,2,ACAAAAA
4276,naprawa,2,ADAAA
4277,wpłata,2,ADAAA
4278,tramwaj,2,ACACACB
4279,finansowanie,2,AEBAA
4280,sęk,2,ACABBA
4281,zameldowanie,2,AEBAA
4282,ościenny,2,CAB
4283,przenosić,2,BBCA
4284,statystyk,2,AAACBA
4285,wykroczenie,2,AEBAA
4286,pouczyć,2,BCCA
4287,pouczać,2,BDA
4288,komunalny,2,CAB
4289,jutro,2,AEAAAB
4290,nagrany,2,BDA
4291,zgłoszony,2,BBCA
4292,ul,2,ACACBAA
4293,własność,2,ADCCA
4294,katowice,2,-
4295,środowiskowy,2,CAB
4296,wypłata,2,ADAAA
4297,łączyć,2,BCCA
4298,podopieczna,2,ADACCBA
4299,zgłaszanie,2,AEBAA
4300,przygarnięcie,2,AEBAA
4301,kocur,2,ABABAAA
4302,pegazus,2,-
4303,kochający,2,BDA
4304,poszukać,2,BDA
4305,kolejka,2,ADAB
4306,błagać,2,BDA
4307,kochany,2,BDA
4308,psiak,2,ABAC
4309,mopsiczka,2,-
4310,gypsia,2,-
4311,gęś,2,ADCCA
4312,pipa,2,-
4313,dżok,2,-
4314,olgi,2,-
4315,kulturalny,2,CAB
4316,autorski,2,CBA
4317,jazz,2,ACAAAAA
4318,off,2,-
4319,tan,2,ACAAAAA
4320,cyfrowej,2,-
4321,dubiel,2,-
4322,optymistyczny,2,CAB
4323,wyborczapl,2,-
4324,prestiżowy,2,CAB
4325,amkp,2,-
4326,fortepian,2,ACAAAAA
4327,kciuk,2,ACABBA
4328,magiczny,2,CAB
4329,płakać,2,BAAFA
4330,promujący,2,BAAA
4331,dojrzały,2,CAB
4332,zwiedzający,2,BDA
4333,karolczyk,2,-
4334,inw,2,-
4335,mhkxif,2,-
4336,podgórze,2,AEBAB
4337,abakanowicz,2,-
4338,dziedziniec,2,ACACBC
4339,kwitnący,2,CAA
4340,magnolia,2,ADACBAA
4341,magdaleny,2,-
4342,wytykać,2,BDA
4343,miszalskiemu,2,-
4344,prezes,2,AAADAA
4345,niezadowolenie,2,AEBAA
4346,referendalną,2,-
4347,krakowian,2,ACAABAA
4348,zlecenie,2,AEBAA
4349,województwo,2,AEAAAB
4350,dotkliwy,2,CAB
4351,płatny,2,CAB
4352,ścisły,2,CAB
4353,zatrudnianie,2,AEBAA
4354,kwalifikacja,2,ADACBAA
4355,stołek,2,ACABBA
4356,miszalskim,2,-
4357,wręczyć,2,BCCA
4358,ko,2,-
4359,równość,2,ADCCA
4360,maszerować,2,BAAA
4361,spodobać się,2,-
4362,pal,2,ACACBAA
4363,rewolucyjny,2,CAB
4364,praktyk,2,AAACBA
4365,tur,2,ABABAAA
4366,gospodarz,2,AAABD
4367,słabość,2,ADCCA
4368,referendalna,2,-
4369,cierpliwość,2,ADCCA
4370,wygranie,2,AEBAA
4371,fotel,2,ACACBAA
4372,małgorzata,2,-
4373,wystawić,2,BBCA
4374,układ,2,ACAAAAA
4375,finansowo,2,FC
4376,logiczny,2,CAB
4377,gibały,2,-
4378,nieprawidłowy,2,CAB
4379,awantura,2,ADAAA
4380,zawodowy,2,CAB
4381,kuratoryjny,2,CAB
4382,elementarny,2,CAB
4383,wcinać,2,BDA
4384,hot,2,-
4385,dog,2,ABAC
4386,małopolska,2,-
4387,gabriela,2,-
4388,bułka,2,ADAB
4389,przekonany,2,BDA
4390,dieta,2,ADAAA
4391,zalecać,2,BDA
4392,ziarno,2,AEAAAB
4393,wystartować,2,BAAA
4394,regulamin,2,ACAAAAA
4395,dbanie,2,AEBAA
4396,spożywczy,2,CAA
4397,niewłaściwy,2,CAB
4398,przewlekły,2,CAB
4399,dudekróżycki,2,-
4400,biologia,2,ADACBAA
4401,pretekst,2,ACAAAAA
4402,dojrzewanie,2,AEBAA
4403,mit,2,ACAAAAA
4404,finalista,2,AABDAA
4405,świadectwo,2,AEAAAB
4406,lot,2,ACAAAAA
4407,myślenie,2,AEBAA
4408,ryzykować,2,BAAA
4409,montażysta,2,AABDAA
4410,smarzowskiego,2,-
4411,ekipa,2,ADAAA
4412,operator,2,AAACAAAB
4413,widownia,2,ADACBAA
4414,rysa,2,ADAAA
4415,umarły,2,AAEC
4416,uwierzyć,2,BCCA
4417,pakować,2,BAAA
4418,zepchnąć,2,BAEAA
4419,przełożyć,2,BCCA
4420,podzielić,2,BBCA
4421,posłuchać,2,BDA
4422,wcielić,2,BBCA
4423,smarzowski,2,-
4424,zadać,2,BDC
4425,łopatka,2,ADAB
4426,dyskutować,2,BAAA
4427,mały,2,CAB
4428,jakiejkolwiek,2,-
4429,kinowy,2,CAB
4430,młodszy,2,CAB
4431,horyzont,2,ACAAAAA
4432,amelką,2,-
4433,producentki,2,-
4434,bank,2,ACABA
4435,widok,2,ACABA
4436,cokolwiek,2,EGE
4437,plama,2,ADAAA
4438,zaradzić,2,BBCA
4439,savannas,2,-
4440,puckett,2,-
4441,republikanin,2,AAABAA
4442,pęknięcie,2,AEBAA
4443,reportaż,2,ACACAB
4444,izraela,2,-
4445,żerdź,2,ADCAAA
4446,córeczka,2,ADAB
4447,śliczny,2,CAB
4448,opuszczony,2,CAB
4449,współżycie,2,AEBAA
4450,grzywna,2,ADAAA
4451,luizą,2,-
4452,iwonką,2,-
4453,iwonka,2,-
4454,antoniego,2,-
4455,krowa,2,ADAAA
4456,antoni,2,-
4457,słoma,2,ADAAA
4458,felutka,2,-
4459,drobny,2,CAB
4460,makowski,2,-
4461,niechby,2,GBBBBAA
4462,eugenia,2,-
4463,zapukać,2,BDA
4464,bielsku,2,-
4465,podlaskim,2,-
4466,irytacja,2,ADACBAA
4467,ewą,2,-
4468,henrykiem,2,-
4469,przedpokój,2,ACACAA
4470,ilskich,2,-
4471,źdźbło,2,AEAAAB
4472,kolano,2,AEAAAB
4473,szary,2,CAA
4474,mydło,2,AEAAAB
4475,poszwa,2,ADAAA
4476,kręcony,2,BBCA
4477,palić,2,BBCA
4478,widocznie,2,GBBBA
4479,biblia,2,ADACBAA
4480,henrykowi,2,-
4481,milczeć,2,BCBA
4482,apokalipsa,2,ADAAA
4483,dusza,2,ADACABB
4484,jolanta,2,-
4485,paszka,2,ADAB
4486,agitować,2,BAAA
4487,czesać,2,BAAFA
4488,klątwa,2,ADAAA
4489,spać,2,BBA
4490,spokój,2,ACACACB
4491,wózek,2,ACABBA
4492,tabletka,2,ADAB
4493,odrastać,2,BDA
4494,potłuczony,2,BAFCAB
4495,olchowy,2,CAB
4496,zaburzony,2,CAB
4497,wyżej,2,FC
4498,lubartowa,2,-
4499,zielone,2,AEBBB
4500,zapisywać,2,BAAB
4501,postanowienie,2,AEBAA
4502,nowaka,2,-
4503,komenda,2,ADAAA
4504,wąski,2,CBA
4505,znalezienie,2,AEBAA
4506,świdnicy,2,-
4507,adopcja,2,ADACBAA
4508,opiekuńczy,2,CAA
4509,luk,2,ACABA
4510,nóż,2,ACACBBA
4511,podlegać,2,BDA
4512,alek,2,-
4513,komunikowanie,2,AEBAA
4514,ważyć,2,BCCA
4515,prywatnie,2,FB
4516,filoktei,2,-
4517,zaproszenie,2,AEBAA
4518,pomyłka,2,ADAB
4519,niepełnosprawność,2,-
4520,niepełnosprawności,2,-
4521,podrożyć,2,BCCA
4522,filokteta,2,-
4523,żmija,2,ADACBABA
4524,strategia,2,ADACBAA
4525,przyglądać się,2,-
4526,doświadczanie,2,AEBAA
4527,ukąsić,2,BBCA
4528,radzenie,2,AEBAA
4529,odgrywać,2,BDA
4530,przegrywać,2,BDA
4531,dookoła,2,GBBAA
4532,zapominać,2,BDA
4533,uwolnić,2,BBCB
4534,seksualność,2,-
4535,certyfikat,2,ACAAAAA
4536,pornograficzny,2,CAB
4537,niewidzialny,2,CAB
4538,konar,2,ACAABAA
4539,złożony,2,CAB
4540,wahanie,2,AEBAA
4541,relacyjny,2,CAB
4542,przeciążenie,2,AEBAA
4543,somatyczny,2,CAB
4544,testosteron,2,ACAAAAA
4545,wypalenie,2,AEBAA
4546,filar,2,ACAAAAA
4547,budowany,2,BAAA
4548,intymność,2,ADCCA
4549,wypowiedziany,2,CAB
4550,równowaga,2,ADAB
4551,hamowanie,2,AEBAA
4552,obietnica,2,ADACABB
4553,nieszczęśliwy,2,CAB
4554,poznawać,2,BAAE
4555,fantazja,2,ADACBAA
4556,pomiędzy,2,GBBAA
4557,ustalony,2,BBCA
4558,przeciwnie,2,FB
4559,obniżony,2,CAB
4560,prezeska,2,ADAB
4561,winczewska,2,-
4562,oświatowy,2,CAB
4563,pielgrzymka,2,ADAB
4564,ferie,2,AGCC
4565,przedstawienie,2,AEBAA
4566,uwzględniać,2,BDA
4567,arytmetyczny,2,CAB
4568,przypisywany,2,BAAB
4569,kartkówek,2,-
4570,skomplikowany,2,BAAA
4571,żylińska,2,-
4572,fetysz,2,ACACBBA
4573,ustalany,2,BDA
4574,przepustka,2,ADAB
4575,influencerem,2,-
4576,wypolerowany,2,BAAA
4577,ubrudzony,2,BBCA
4578,dorastać,2,BDA
4579,danie,2,AEBAA
4580,hrabstwo,2,AEAAAB
4581,uganiać,2,BDA
4582,uciekający,2,BDA
4583,brudny,2,CAB
4584,posiniaczony,2,CAB
4585,sielanka,2,ADAB
4586,nieustanny,2,CAB
4587,nieudany,2,CAB
4588,wyhodowanie,2,AEBAA
4589,doceniać,2,BDA
4590,idealizować,2,BAAA
4591,oferować,2,BAAA
4592,łyżeczka,2,ADAB
4593,anchois,2,AEE
4594,kapar,2,ACAABAA
4595,pestka,2,ADAB
4596,masło,2,AEAAAB
4597,cukier,2,ACAAAAA
4598,pęczek,2,ACABBA
4599,gruby,2,CAB
4600,usmażyć,2,BCCA
4601,przepłukać,2,BAAFA
4602,zgęstnieć,2,BAD
4603,podgrzewać,2,BDA
4604,porządnie,2,FB
4605,dente,2,-
4606,podgrzać,2,BAFBD
4607,dolewać,2,BDA
4608,ml,2,-
4609,wędzony,2,BBCA
4610,ostry,2,CAA
4611,nasienie,2,AEBAA
4612,pokrywka,2,ADAB
4613,zmięknąć,2,BAEB
4614,wywar,2,ACAAAAA
4615,skórka,2,ADAB
4616,ćwiartka,2,ADAB
4617,włożyć,2,BCCA
4618,przyprawa,2,ADAAA
4619,zrównoważony,2,CAB
4620,podłużny,2,CAB
4621,zależnie,2,FB
4622,kolendra,2,ADAAA
4623,sok,2,ACABA
4624,ricotty,2,-
4625,udko,2,AEAAAA
4626,morski,2,CBA
4627,seler,2,ABABAAA
4628,marchewka,2,ADAB
4629,l,2,-
4630,kur,2,ABABAAA
4631,gwiazdor,2,AAACAAAB
4632,skrojony,2,BBCA
4633,oscarowe,2,-
4634,komiksowy,2,CAB
4635,teksas,2,ACAAAAA
4636,wypromować,2,BAAA
4637,ranczo,2,AEAAAA
4638,bicie,2,AEBAA
4639,mel,2,-
4640,lokum,2,AEE
4641,futbolista,2,AABDAA
4642,dawny,2,CAB
4643,stallone,2,-
4644,jason,2,-
4645,teller,2,-
4646,pandemia,2,ADACBAA
4647,sweeney,2,-
4648,roznosić,2,BBCA
4649,saturday,2,-
4650,night,2,-
4651,tornado,2,AEAAAB
4652,lekki,2,CBA
4653,gotów,2,CCBBA
4654,singlem,2,-
4655,glasgow,2,-
4656,lekko,2,FA
4657,bateman,2,-
4658,gangsterski,2,CBA
4659,thriller,2,-
4660,lokal,2,ACACAA
4661,vincea,2,-
4662,braterski,2,CBA
4663,przynosić,2,BBCA
4664,bolesny,2,CAB
4665,sprzątanie,2,AEBAA
4666,plastik,2,ACABA
4667,zakryty,2,BAFB
4668,delikatny,2,CAB
4669,srebro,2,AEAAAB
4670,mienić się,2,-
4671,jubilerski,2,CBA
4672,biel,2,ADCAAA
4673,niebieski,2,CBA
4674,właściwość,2,ADCCA
4675,brylant,2,ACAAAAA
4676,perła,2,ADAAA
4677,topaz,2,ACAAAAA
4678,urodziny,2,AGAAA
4679,napęd,2,ACAAAAA
4680,dolina,2,ADAAA
4681,lina,2,ABABAAA
4682,harrego,2,-
4683,singiel,2,-
4684,late,2,-
4685,fine,2,-
4686,line,2,-
4687,wydany,2,BDC
4688,nagrać,2,BDA
4689,studio,2,AEAABA
4690,tour,2,-
4691,dawidowi,2,-
4692,pamiętliwy,2,CAB
4693,refren,2,ACAAAAA
4694,schodzić,2,BBCA
4695,pogodny,2,CAB
4696,parkiet,2,ACAAAAA
4697,singla,2,-
4698,codzienność,2,ADCCA
4699,zaśpiewać,2,BDA
4700,sanah,2,-
4701,zbliżony,2,CAB
4702,melodia,2,ADACBAA
4703,szarość,2,ADCCA
4704,róż,2,ACACACB
4705,tęsknota,2,ADAAA
4706,poniżej,2,FC
4707,diamentowy,2,CAB
4708,stanisława,2,-
4709,opera,2,ADAAA
4710,podlaskiej,2,-
4711,znakomicie,2,FB
4712,dyrygentka,2,ADAB
4713,ołówkowy,2,CAB
4714,dopasowany,2,BAAA
4715,zabudowany,2,BAAA
4716,kroić,2,BBCA
4717,krój,2,BBCA
4718,portfel,2,ACACBAA
4719,zysk,2,ACABA
4720,giełda,2,ADAAA
4721,usd,2,-
4722,romualda,2,-
4723,lipka,2,ADAB
4724,jolka,2,ADAB
4725,perkusista,2,AABDAA
4726,sądowej,1,-
4727,psycholog,1,-
4728,depresja,1,ADACBAA
4729,skłonności,1,AGBC
4730,stwierdzać,1,BDA
4731,rozczarować,1,BAAA
4732,odsiadka,1,ADAB
4733,wielokrone,1,-
4734,robota,1,ABABAAA
4735,wykonywać,1,BAAB
4736,miażdżący,1,CAA
4737,szybszy,1,CAB
4738,associated,1,-
4739,press,1,-
4740,opieszały,1,CAB
4741,chaotyczny,1,CAB
4742,wyszkolenie,1,AEBAA
4743,dowodzenie,1,AEBAA
4744,specjalistyczny,1,CAB
4745,niezdecydowanie,1,AEBAA
4746,niegospodarność,1,ADCCA
4747,słabo,1,FA
4748,obsadzony,1,BBCA
4749,niewykwalifikowany,1,CAB
4750,zmusić,1,BBCA
4751,podejmowanie,1,AEBAA
4752,faza,1,ADAAA
4753,wytknięty,1,BAEAA
4754,ostrzeganie,1,AEBAA
4755,spedycja,1,ADACBAA
4756,udostępnianie,1,AEBAA
4757,idnywidualnymi,1,-
4758,celny,1,CAB
4759,zamawiany,1,BDA
4760,mogący,1,CAA
4761,uniewinnienie,1,AEBAA
4762,powodowany,1,BAAA
4763,wysłanie,1,AEBAA
4764,prawodawstwo,1,AEAAAB
4765,zaostrzać,1,BDA
4766,postąpić,1,BBCA
4767,finlandia,1,-
4768,sztokholmu,1,-
4769,utrudnić,1,BBCB
4770,niepowołany,1,CAB
4771,roboczy,1,CAA
4772,rozpatrywać,1,BAAB
4773,fosli,1,-
4774,dokładniejszy,1,CAB
4775,kontrolowanie,1,AEBAA
4776,beatrice,1,-
4777,ask,1,-
4778,posiadany,1,BDA
4779,jesienny,1,CAB
4780,malm,1,ACAAAAA
4781,obydwaj,1,DABAA
4782,sankcjonować,1,BAAA
4783,chadecki,1,CBA
4784,tuve,1,-
4785,skaanberg,1,-
4786,ostrzejszy,1,CAB
4787,restrykcja,1,ADACBAA
4788,helsinek,1,-
4789,dolny,1,CAB
4790,azotan,1,ACAAAAA
4791,amon,1,ACAAAAA
4792,wyprodukować,1,BAAA
4793,przebadanie,1,AEBAA
4794,ludność,1,ADCCA
4795,skutkujący,1,BAAA
4796,uszkodzenie,1,AEBAA
4797,dagbladet,1,-
4798,podszyty,1,BAFB
4799,paraliżować,1,BAAA
4800,napędzać,1,BDA
4801,makabryczny,1,CAB
4802,niezapomniany,1,CAB
4803,ocalać,1,BDA
4804,otrzymanie,1,AEBAA
4805,ukazany,1,BAAFA
4806,paula,1,-
4807,greengrassa,1,-
4808,przyświecać,1,BDA
4809,viljarowi,1,-
4810,hanssenowi,1,-
4811,emotions,1,-
4812,motion,1,-
4813,aktywizować,1,BAAA
4814,rekonwalescencja,1,ADACBAA
4815,nieśmiały,1,CAB
4816,prelekcja,1,ADACBAA
4817,polaryzacja,1,ADACBAA
4818,przeciwstawienie,1,AEBAA
4819,viljara,1,-
4820,hanssena,1,-
4821,prelegent,1,AAADAA
4822,legenda,1,ADAAA
4823,waldemar,1,-
4824,kasta,1,ADAAA
4825,artists,1,-
4826,manager,1,AAACAAAB
4827,showbiznesem,1,-
4828,filip,1,-
4829,mecner,1,-
4830,gąsiorowski,1,-
4831,ucieleśnienie,1,AEBAA
4832,lone,1,-
4833,wolf,1,-
4834,protoplasta,1,AABDAA
4835,nowożytny,1,CAB
4836,wskazówka,1,ADAB
4837,drogowskaz,1,ACAAAAA
4838,chociażby,1,GBBBA
4839,lewicowoliberalnych,1,-
4840,zamiłowanie,1,AEBAA
4841,doktryna,1,ADAAA
4842,monarchia,1,ADACBAA
4843,feminizm,1,ACAAAAA
4844,frankfurckiej,1,-
4845,poddawany,1,BAAE
4846,ksenofobiczna,1,-
4847,rasistowski,1,CBA
4848,innowierca,1,AABCBB
4849,problematyka,1,ADAB
4850,dysfunkcyjności,1,-
4851,european,1,-
4852,declaration,1,-
4853,independence,1,-
4854,bierność,1,ADCCA
4855,migracja,1,ADACBAA
4856,jednakże,1,GBBBA
4857,pomijać,1,BDA
4858,poniższy,1,CAB
4859,odegrać,1,BDA
4860,autorytarnej,1,-
4861,niewątpliwie,1,FB
4862,najtrudniejszy,1,CAB
4863,evy,1,-
4864,magdalena,1,-
4865,dokumentujący,1,BAAA
4866,wypełniony,1,BBCA
4867,jonasa,1,-
4868,gahra,1,-
4869,store,1,-
4870,paradoks,1,ACAAAAA
4871,doświadczać,1,BDA
4872,najmocniej,1,FC
4873,powiadomić,1,BBCA
4874,upływający,1,BDA
4875,prezentowany,1,BAAA
4876,przeciwstawiać,1,BDA
4877,spiskowy,1,CAB
4878,oznajmić,1,BBCB
4879,tegoroczny,1,CAB
4880,ariany,1,-
4881,grande,1,-
4882,manchesterze,1,-
4883,paryża,1,-
4884,madrytu,1,-
4885,najpilniej,1,FC
4886,ntb,1,-
4887,skrócić,1,BBCA
4888,uprzednio,1,FC
4889,przewidziany,1,CAB
4890,kary,1,ACAAAAA
4891,nonstad,1,-
4892,dot,1,-
4893,psychotyczny,1,CAB
4894,narcystyczne,1,-
4895,dyssocjalne,1,-
4896,uniewinniać,1,BDA
4897,relatywnie,1,FB
4898,okropny,1,CAB
4899,opiekować się,1,-
4900,papuga,1,ADAB
4901,pts,1,-
4902,łamana,1,ADACCBA
4903,okrąg,1,ACABA
4904,telemark,1,-
4905,empatii,1,-
4906,memoriał,1,ACAAAAA
4907,składanie,1,AEBAA
4908,ocalały,1,BDA
4909,zwalczać,1,BDA
4910,zaradczy,1,CAA
4911,umocnienie,1,AEBAA
4912,haralda,1,-
4913,najkrwawszy,1,-
4914,ocalony,1,BBCA
4915,pośród,1,G
4916,eide,1,-
4917,hoem,1,-
4918,ubr,1,-
4919,wybitny,1,CAB
4920,zaapelować,1,BAAA
4921,popołudnie,1,AEBAC
4922,sielniejszy,1,-
4923,działaczka,1,ADAB
4924,bilans,1,ACACACA
4925,pozbycie,1,-
4926,wybuchać,1,BDA
4927,zanotować,1,BAAA
4928,odsłona,1,-
4929,rozegrać,1,BDA
4930,osadzenie,1,AEBAA
4931,nierzadko,1,FC
4932,jedzienia,1,-
4933,formularz,1,ACACBBA
4934,proceduralny,1,CAB
4935,meczet,1,ACAAAAA
4936,norwega,1,-
4937,porucznik,1,AAACBA
4938,planowanie,1,AEBAA
4939,gromadzić,1,BBCA
4940,sporządzić,1,BBCA
4941,sharidyn,1,-
4942,svebakkbohn,1,-
4943,rówieśnik,1,AAACBA
4944,johannes,1,-
4945,buo,1,-
4946,dziewczę,1,AECA
4947,bu,1,-
4948,daleki,1,CBA
4949,svalbard,1,-
4950,arktyce,1,-
4951,jazda,1,ADAAA
4952,skuter,1,ACAABAA
4953,wesoły,1,CAB
4954,aas,1,-
4955,eriksen,1,-
4956,karin,1,-
4957,elena,1,-
4958,holst,1,-
4959,powszechnie,1,FB
4960,lubiany,1,CAB
4961,uśmiechnięty,1,BAEAA
4962,pochodzący,1,CAA
4963,karar,1,-
4964,mustafa,1,-
4965,qasim,1,-
4966,ciemnoskóry,1,CAA
4967,ismail,1,-
4968,haji,1,-
4969,ahmed,1,-
4970,piosenkarz,1,AAABD
4971,isma,1,-
4972,brown,1,-
4973,abdim,1,-
4974,farahem,1,-
4975,tamtejszy,1,CAB
4976,xfactor,1,-
4977,recepcjonistka,1,ADAB
4978,stołeczny,1,CAB
4979,anne,1,-
4980,lise,1,-
4981,holter,1,-
4982,pasjonatka,1,ADAB
4983,baseballa,1,-
4984,trenować,1,BAAA
4985,zawodniczka,1,ADAB
4986,trond,1,-
4987,berntsen,1,-
4988,księżna,1,ADACAC
4989,przyżył,1,-
4990,powrócić,1,BBCA
4991,strasznie,1,FB
4992,darować,1,BAAA
4993,newsweeka,1,-
4994,postrzał,1,ACAAAAA
4995,metalowy,1,CAB
4996,bramka,1,ADAB
4997,wykrywający,1,BDA
4998,metal,1,ACACAA
4999,współorganizator,1,AAACAAAB
5000,samochodziepułapce,1,-
5001,godizny,1,-
5002,breivi,1,-
5003,poświęcony,1,BBCA
5004,hjartet,1,-
5005,mot,1,-
5006,steinen,1,-
5007,dosł,1,-
5008,polsku,1,-
5009,tvp,1,-
5010,info,1,-
5011,udzielać,1,BDA
5012,llh,1,-
5013,siódmy,1,CAB
5014,progresywny,1,CAB
5015,zawrzeć,1,BABA
5016,liberalizm,1,ACAAAAA
5017,wielokulturowość,1,-
5018,zamierzający,1,BDA
5019,piętnasta,1,ADACCBA
5020,podłożony,1,CAB
5021,niehumanitarnych,1,-
5022,kondolencje,1,AGCC
5023,poczytalny,1,CAB
5024,przegrana,1,ADACCBA
5025,przyspieszony,1,CAB
5026,wolnego,1,GAB
5027,manipulacja,1,ADACBAA
5028,megalomania,1,ADACBAA
5029,psychoza,1,ADAAA
5030,drogowy,1,CAB
5031,rolniczy,1,CAA
5032,zawierający,1,BDA
5033,korzystny,1,CAB
5034,andersowi,1,-
5035,zaskarżyć,1,BCCA
5036,odyna,1,-
5037,wizytacja,1,ADACBAA
5038,fredrik,1,-
5039,sejersted,1,-
5040,spodziewane,1,-
5041,unieść,1,BAFCAA
5042,hitlerowski,1,CBA
5043,helen,1,-
5044,andenaes,1,-
5045,sekulic,1,-
5046,obligować,1,BAAA
5047,niezapowiedzianych,1,-
5048,niesłusznie,1,FB
5049,wnoszenie,1,AEBAA
5050,zaskarżenie,1,AEBAA
5051,uprawomocnienie,1,AEBAA
5052,marcowy,1,CAB
5053,rozstrzelanie,1,AEBAA
5054,wykonywanie,1,AEBAA
5055,telefoniczny,1,CAB
5056,podłączenie,1,AEBAA
5057,nadanie,1,AEBAA
5058,matrymonialny,1,CAB
5059,zawarcie,1,AEBAA
5060,małżeński,1,CBA
5061,podawanie,1,AEBAA
5062,niesmaczny,1,CAB
5063,mikrofalówki,1,-
5064,wynoszący,1,BBCA
5065,maskara,1,-
5066,reprezentowany,1,BAAA
5067,mariusa,1,-
5068,emberlanda,1,-
5069,kajdanki,1,AGBA
5070,nazistowski,1,CBA
5071,oddzielny,1,CAB
5072,trening,1,ACABA
5073,częstszy,1,CAB
5074,uczestniczenie,1,AEBAA
5075,wolontariusz,1,AAABD
5076,kategorycznie,1,FB
5077,psychologiem,1,-
5078,ponawiany,1,BDA
5079,reprezentujący,1,BAAA
5080,adele,1,-
5081,socjalista,1,AABDAA
5082,otrzymany,1,BDA
5083,rekreacja,1,ADACBAA
5084,treningowy,1,CAB
5085,transmisja,1,ADACBAA
5086,wykluczyć,1,BCCA
5087,ujawniać,1,BDA
5088,dokumentalista,1,AABDAA
5089,nyheter,1,-
5090,rutynowy,1,CAB
5091,wetzlar,1,-
5092,frankfurtu,1,-
5093,menem,1,-
5094,uzbrojenie,1,AEBAA
5095,zarekwirować,1,BAAA
5096,korespondencyjnie,1,FB
5097,opuszczać,1,BDA
5098,reutera,1,-
5099,ole,1,-
5100,zaakceptowanie,1,AEBAA
5101,zagadnienie,1,AEBAA
5102,respektowanie,1,AEBAA
5103,nałożony,1,CAB
5104,nakazywać,1,BAAB
5105,wykład,1,ACAAAAA
5106,seminarium,1,AED
5107,utoeya,1,-
5108,panująca,1,ADACCBA
5109,popełniony,1,BBCA
5110,poniżać,1,BDA
5111,czterostronicowy,1,-
5112,niehumanitarne,1,-
5113,umożliwienie,1,AEBAA
5114,odseparować,1,BAAA
5115,stronnicowe,1,-
5116,argumentacja,1,ADACBAA
5117,życzyć,1,BCCA
5118,rozpaczać,1,BDA
5119,zamęczyć,1,BCCA
5120,anundsen,1,-
5121,gorzeć,1,BAD
5122,rentv,1,-
5123,zakazywać,1,BAAB
5124,prysznic,1,ACACBC
5125,trzypokojowy,1,CAB
5126,stomatologiczny,1,CAB
5127,metodycznie,1,FB
5128,sympatyzujący,1,BAAA
5129,pochowany,1,BDA
5130,raniony,1,BBCA
5131,dobity,1,BAFB
5132,poszukiwanie,1,AEBAA
5133,pochować,1,BDA
5134,kryjówka,1,ADAB
5135,antyterrorystyczna,1,-
5136,niezdetonowane,1,-
5137,usłyszenie,1,AEBAA
5138,trzydziestokilkuletni,1,-
5139,wart,1,CCBBA
5140,robienie,1,AEBAA
5141,zablokowany,1,BAAA
5142,myślistwo,1,AEAAAB
5143,masoneria,1,ADACBAA
5144,mieszanie,1,AEBAA
5145,nieoficjalny,1,CAB
5146,londyńskie,1,-
5147,metro,1,AEAAAB
5148,kompleks,1,ACAAAAA
5149,front,1,ACAAAAA
5150,zasypać,1,BAAFA
5151,odpadki,1,AGBB
5152,niepełny,1,CAB
5153,pogotowie,1,AEBAC
5154,przechodni,1,CBB
5155,pokaleczony,1,CAB
5156,szkła,1,AGDAA
5157,paczka,1,ADAB
5158,zalecić,1,BBCA
5159,patrol,1,ACACAA
5160,de,1,-
5161,facto,1,-
5162,pusty,1,CAB
5163,przeciążony,1,CAB
5164,udostępnienie,1,AEBAA
5165,bezprzewodowy,1,CAB
5166,ucierpieć,1,BBBA
5167,biorący,1,CAA
5168,totalny,1,CAB
5169,chaos,1,ACAAAAA
5170,dopłynąć,1,BAEAB
5171,antyterrorystycznej,1,-
5172,lecieć,1,BBBA
5173,narazić,1,BBCA
5174,zwołać,1,BDA
5175,kryzysowy,1,CAB
5176,posiedzenie,1,AEBAA
5177,snucie,1,AEBAA
5178,przypuszczenie,1,AEBAA
5179,celownik,1,ACABBA
5180,afganistanu,1,-
5181,libię,1,-
5182,przeczyć,1,BCCA
5183,niedaleki,1,CBA
5184,północnyzachód,1,-
5185,odetchnąć,1,BAEAA
5186,ulga,1,ADAB
5187,strzelba,1,ADAAA
5188,ap,1,-
5189,wskoczyć,1,BCCA
5190,tvn,1,-
5191,jerzy,1,-
5192,dziewulski,1,-
5193,antyterrorysta,1,-
5194,antyterrorystycznymi,1,-
5195,przebiec,1,BAFAAB
5196,zadeklarowany,1,BAAA
5197,behringu,1,-
5198,posiadacz,1,AAABD
5199,fanie,1,-
5200,komputerowy,1,CAB
5201,palny,1,CAB
5202,amerykanin,1,-
5203,kojarzący,1,CAA
5204,posunąć,1,BAEAB
5205,równocześnie,1,FB
5206,antyrządowy,1,CAB
5207,zgromadzony,1,BBCA
5208,wrażliwy,1,CAB
5209,chroniony,1,BBCA
5210,alkaida,1,-
5211,talibowie,1,-
5212,skupisko,1,AEAAAA
5213,odizolowany,1,BAAA
5214,bombaj,1,-
5215,przedszkole,1,AEBAC
5216,czeczeński,1,-
5217,biesłan,1,-
5218,powiązać,1,BAAFA
5219,którąś,1,-
5220,wyrzucenie,1,AEBAA
5221,wulgarnie,1,FB
5222,trucizna,1,ADAAA
5223,radykalnie,1,FB
5224,rozbijać,1,BDA
5225,interpol,1,-
5226,kontrwywiad,1,ACAAAAA
5227,sprowokować,1,BAAA
5228,david,1,-
5229,robot,1,ABABAAA
5230,zamieszkany,1,BDA
5231,uczęszczany,1,BDA
5232,potrójny,1,CAB
5233,doroczny,1,CAB
5234,wielbiciel,1,AAABCA
5235,kafki,1,-
5236,orwella,1,-
5237,uznający,1,BDA
5238,zakonnica,1,ADACABB
5239,wyprawa,1,ADAAA
5240,krzyżowa,1,ADACCBA
5241,pątników,1,-
5242,niewierny,1,AAEC
5243,zamieszczony,1,CAB
5244,rynsztunek,1,ACABA
5245,krzyżowiec,1,AAACBA
5246,wycelowany,1,BAAA
5247,knights,1,-
5248,templar,1,-
5249,fundamentalistów,1,-
5250,wysadzający,1,BDA
5251,blondyn,1,AAADAA
5252,ot,1,GBBBA
5253,sąsiedztwo,1,AEAAAB
5254,uczący,1,CAA
5255,smestad,1,-
5256,następca,1,AABCBB
5257,tron,1,ACAAAAA
5258,książę,1,AAG
5259,wchodzący,1,CAA
5260,skąpy,1,CAB
5261,wpis,1,ACAAAAA
5262,facebook,1,-
5263,twitter,1,-
5264,documentno,1,-
5265,zatytułować,1,BAAA
5266,skrzyżowanie,1,AEBAA
5267,poradnik,1,ACABBA
5268,obrazkowy,1,CAB
5269,skrócony,1,BBCA
5270,medialny,1,CAB
5271,bastion,1,ACAAAAA
5272,brytyjską,1,-
5273,dominacja,1,ADACBAA
5274,wieszczył,1,-
5275,nadejście,1,AEBAA
5276,euroarabii,1,-
5277,turcję,1,-
5278,trojański,1,CBA
5279,wizja,1,ADACBAA
5280,eussr,1,-
5281,marksistowski,1,CBA
5282,sojusznik,1,AAACBA
5283,zbrojny,1,AAEC
5284,zwołanie,1,AEBAA
5285,kongres,1,ACAAAAA
5286,narodzić,1,BBCA
5287,jednolity,1,CAB
5288,stawić się,1,-
5289,historycznie,1,FB
5290,nazizm,1,ACAAAAA
5291,równo,1,FA
5292,nazista,1,AABDAA
5293,neonazistowski,1,CBA
5294,wygłaszać,1,BDA
5295,widywać,1,BAAB
5296,ponoć,1,GBBBA
5297,dobrowolny,1,CAB
5298,pastor,1,AAACAAAB
5299,dżinsy,1,AGAB
5300,palestyny,1,-
5301,konwersja,1,ADACBAA
5302,protestant,1,AAADAA
5303,katolicyzm,1,ACAAAAA
5304,mieszczący,1,CAA
5305,obniżka,1,ADAB
5306,deportowanie,1,AEBAA
5307,normalizacja,1,ADACBAA
5308,irytować,1,BAAA
5309,składka,1,ADAB
5310,karierowicz,1,AAABAB
5311,idealista,1,AABDAA
5312,idealistyczny,1,CAB
5313,antymuzułmańskimi,1,-
5314,islamification,1,-
5315,antyislamskiej,1,-
5316,podróżować,1,BAAA
5317,geofarm,1,-
5318,rolny,1,CAB
5319,asta,1,-
5320,nafaszerowanie,1,AEBAA
5321,nabyć,1,AEBAA
5322,cichy,1,CAB
5323,metamorfoza,1,ADAAA
5324,pijać,1,BDA
5325,grywać,1,BDA
5326,warcraft,1,-
5327,orka,1,ADAB
5328,przecierać,1,BDA
5329,zdumienie,1,AEBAA
5330,zwyczajny,1,CAB
5331,niezbyt,1,FC
5332,rozmowny,1,CAB
5333,grubbegata,1,-
5334,okoliczny,1,CAB
5335,wypełnić,1,BBCA
5336,mieszanka,1,ADAB
5337,piętrowy,1,CAB
5338,wieżowiec,1,ACACBC
5339,wylecieć,1,BBBA
5340,walać,1,BDA
5341,biegać,1,BDA
5342,zdezorientowany,1,BAAA
5343,sanitariusz,1,AAABD
5344,przewieźć,1,BAFCAA
5345,strażak,1,AAACBA
5346,udostępnili,1,-
5347,ratownik,1,AAACBA
5348,docierać,1,BDA
5349,prom,1,ACAAAAA
5350,wpuścić,1,BBCA
5351,wypchany,1,BDA
5352,magazynek,1,ACABA
5353,przeraźliwie,1,FB
5354,zimno,1,AEAAAB
5355,krzak,1,ACABBA
5356,skała,1,ADAAA
5357,skołowany,1,BAAA
5358,zaufać,1,BDA
5359,jorgen,1,-
5360,benone,1,-
5361,nasłuchiwać,1,BAAC
5362,smsów,1,-
5363,reagowanie,1,AEBAA
5364,swat,1,AAAAAA
5365,zgłoszenie,1,AEBAA
5366,utoyę,1,-
5367,dopływać,1,BDA
5368,podłożenie,1,AEBAA
5369,sveinung,1,-
5370,sponheim,1,-
5371,małomówny,1,CAB
5372,neurotyczny,1,CAB
5373,nasycić,1,BBCA
5374,antymuzułmańską,1,-
5375,ksenofobicznych,1,-
5376,holandii,1,-
5377,timothyego,1,-
5378,mcveigha,1,-
5379,pedantycznie,1,FB
5380,zamówienie,1,AEBAA
5381,rugera,1,-
5382,jeleni,1,CBB
5383,kusić,1,BBCA
5384,multikulturowych,1,-
5385,mniemanie,1,AEBAA
5386,osłabiać,1,BDA
5387,nina,1,-
5388,witoszek,1,-
5389,kulturoznawca,1,AABCBB
5390,wykładający,1,BDA
5391,rozstrzelać,1,BDA
5392,hitlerjugend,1,-
5393,pogardliwie,1,FB
5394,stoltenbergjugend,1,-
5395,potonąć,1,BAEAB
5396,namiot,1,ACAAAAA
5397,wyszukiwać,1,BAAC
5398,zjawić się,1,-
5399,spóźniony,1,BBCB
5400,spóźnienie,1,AEBAA
5401,pojedynka,1,ADAB
5402,uczestniczący,1,CAA
5403,sonja,1,-
5404,zdruzgotany,1,BAAFA
5405,ekstremę,1,-
5406,bielecki,1,-
5407,opłakiwany,1,BAAC
5408,padły,1,CAB
5409,jednoczyć,1,BCCA
5410,ujawnianie,1,AEBAA
5411,pedofilskich,1,-
5412,bezdyskusyjnie,1,FB
5413,skandynawscy,1,-
5414,uzasadniać,1,BDA
5415,wstrząśnięty,1,BAEAA
5416,skrzydło,1,AEAAAB
5417,spolaryzowany,1,BAAA
5418,duńczycy,1,-
5419,szwedzi,1,-
5420,duchowy,1,CAB
5421,wedle,1,-
5422,ekstremum,1,AED
5423,mizerny,1,CAB
5424,przerażać,1,BDA
5425,wypisany,1,BAAFA
5426,rozdawany,1,BAAE
5427,ciastko,1,AEAAAA
5428,halvorsen,1,-
5429,debatowanie,1,AEBAA
5430,prognozować,1,BAAA
5431,politycznospołeczne,1,-
5432,następstwo,1,AEAAAB
5433,wytrwać,1,BDA
5434,naiwny,1,CAB
5435,niemały,1,CAB
5436,zwiększanie,1,AEBAA
5437,przypatrywanie się,1,-
5438,przestępczy,1,CAA
5439,hurtownia,1,ADACBAA
5440,odczynnik,1,ACABBA
5441,przyrząd,1,ACAAAAA
5442,radioaktywny,1,CAB
5443,emitujący,1,BAAA
5444,jonizujący,1,BAAA
5445,mienie,1,AEBAA
5446,norsk,1,-
5447,freakforum,1,-
5448,pyroforum,1,-
5449,włączać,1,BDA
5450,pyro,1,-
5451,prat,1,-
5452,podpisujący,1,CAA
5453,bang,1,-
5454,bbang,1,-
5455,pyromaniac,1,-
5456,zachwalać,1,BDA
5457,tani,1,CBB
5458,ostrożność,1,ADCCA
5459,przesyłka,1,ADAB
5460,samolot,1,ACAAAAA
5461,niemożliwy,1,CAB
5462,uznawany,1,BAAE
5463,dowieźć,1,BAFCAA
5464,gram,1,BDA
5465,płk,1,-
5466,dementować,1,BAAA
5467,pogłoska,1,ADAB
5468,zamawiać,1,BDA
5469,kamuflować,1,BAAA
5470,marginalny,1,CAB
5471,wskazujący,1,CAA
5472,przestraszony,1,CAB
5473,chcący,1,AAEB
5474,pobawić,1,BBCA
5475,ubezpieczeniowy,1,CAB
5476,spokrewnić się,1,-
5477,łukaszem,1,-
5478,kontaktowy,1,CAB
5479,nieporozumienie,1,AEBAA
5480,rusznica,1,ADACABB
5481,przeciwpancerny,1,CAB
5482,praga,1,-
5483,tranzytowy,1,CAB
5484,taksówkarz,1,AAABD
5485,nerw,1,ACAAAAA
5486,przebrany,1,BAAFA
5487,zdystansować,1,BAAA
5488,vaclav,1,-
5489,klaus,1,-
5490,sympatia,1,ADACBAA
5491,wschodni,1,CBB
5492,diabelski,1,CBA
5493,imperium,1,AED
5494,czechosłowacji,1,-
5495,wygnany,1,BDA
5496,sudeccy,1,-
5497,naśladować,1,BAAA
5498,odniesienie,1,AEBAA
5499,tolerancyjny,1,CAB
5500,komentator,1,AAACAAAB
5501,wadim,1,-
5502,wielkonakładowym,1,-
5503,moskiewskim,1,-
5504,komsomolec,1,AAACBA
5505,przybysz,1,AAABAB
5506,zbuntować,1,BAAA
5507,sytość,1,ADCCA
5508,dowieść,1,BAFCAA
5509,materialny,1,CAB
5510,zwariować,1,BAAA
5511,wyrżnąć,1,BAEAA
5512,obowiązujący,1,CAA
5513,mięczak,1,AAADBA
5514,tchórz,1,AAABD
5515,obrzucić,1,BBCA
5516,czeczenii,1,-
5517,chłopczyk,1,AAADBA
5518,cagarajewa,1,-
5519,zbój,1,AAABAB
5520,pułk,1,ACABA
5521,moralny,1,CAB
5522,wyższość,1,ADCCA
5523,niezarażonych,1,-
5524,rosjan,1,-
5525,zniewieściały,1,CAB
5526,zamieniony,1,BBCA
5527,moskiewski,1,-
5528,ideał,1,AAACAAAB
5529,autorytet,1,ACAAAAA
5530,przestudiować,1,BAAA
5531,stronicowy,1,-
5532,rosja,1,-
5533,nabycie,1,AEBAA
5534,biologiczny,1,CAB
5535,kulturalnokonserwatywną,1,-
5536,stworzony,1,CAB
5537,proputinowska,1,-
5538,ustroić,1,BBCA
5539,putinowskiej,1,-
5540,nieudolny,1,CAB
5541,zastąpiony,1,BBCA
5542,sprawiedliwy,1,CAB
5543,godny,1,CAB
5544,potencjalnie,1,FB
5545,kondolencyjny,1,CAB
5546,dmitrij,1,-
5547,miedwiediew,1,-
5548,dostateczny,1,CAB
5549,graniczny,1,CAB
5550,śledzenie,1,AEBAA
5551,niezauważenie,1,AEBAA
5552,niedocenienie,1,-
5553,wykrywalny,1,CAB
5554,luka,1,ADAB
5555,skandynawskie,1,-
5556,zaangażowany,1,BAAA
5557,libii,1,-
5558,goodwin,1,-
5559,nottingham,1,-
5560,znawca,1,AABCBB
5561,pojedynczy,1,CAA
5562,umknąć,1,BAEAA
5563,zapatrzony,1,CAB
5564,poohla,1,-
5565,expo,1,-
5566,karmiący,1,CAA
5567,islamofobią,1,-
5568,przeformułowanie,1,AEBAA
5569,wzięcie,1,AEBAA
5570,niewykluczone,1,-
5571,winowajca,1,AABCBB
5572,przyłączyć,1,BCCA
5573,bezgraniczny,1,CAB
5574,nieprawdopodobny,1,CAB
5575,wiarygodność,1,ADCCA
5576,przekonujący,1,CAA
5577,czasowy,1,CAB
5578,zamykanie,1,AEBAA
5579,prezydentura,1,ADAAA
5580,georgea,1,-
5581,busha,1,-
5582,zrażony,1,BBCA
5583,zagadka,1,ADAB
5584,stopniowy,1,CAB
5585,erozja,1,ADACBAA
5586,wysiedlenie,1,AEBAA
5587,dyskryminacja,1,ADACBAA
5588,groźniejszy,1,CAB
5589,hitlera,1,-
5590,aldous,1,-
5591,huxley,1,-
5592,przeniknąć,1,BAEAA
5593,przeszywać,1,BDA
5594,przeszyć,1,AEBAA
5595,dotkliwiej,1,FC
5596,ciarka,1,ADAB
5597,hitler,1,-
5598,stalin,1,-
5599,mao,1,-
5600,koncentracyjny,1,CAB
5601,komora,1,ADAAA
5602,wywózka,1,ADAB
5603,reedukacja,1,ADACBAA
5604,angielszczyzna,1,ADAAA
5605,filozoficzny,1,CAB
5606,przewodnik,1,AAACBA
5607,instrukcja,1,ADACBAA
5608,hitlerem,1,-
5609,fhrerem,1,-
5610,kuriozum,1,AED
5611,ideologicznie,1,FB
5612,katechizm,1,ACAAAAA
5613,współobywatelach,1,-
5614,totalitaryzm,1,ACAAAAA
5615,technicznie,1,FB
5616,niewykonalny,1,CAB
5617,dysk,1,ACABA
5618,zakazany,1,BAAFA
5619,memento,1,AEE
5620,obnażać,1,BDA
5621,recepta,1,ADAAA
5622,odcinać,1,BDA
5623,sądowa,1,-
5624,obrażanie,1,AEBAA
5625,populistów,1,-
5626,jimmie,1,-
5627,akesson,1,-
5628,burek,1,ABAC
5629,zasiłek,1,ACABA
5630,dystansować,1,BAAA
5631,emeryt,1,AAADAA
5632,narodowiec,1,AAACBA
5633,zakwefionymi,1,-
5634,darmozjad,1,AAACAAAB
5635,węgierski,1,CBA
5636,jobbiku,1,-
5637,cygański,1,CBA
5638,węgrzech,1,-
5639,umysł,1,ACAAAAA
5640,wybiegać,1,BDA
5641,opłotki,1,AGBB
5642,dyskurs,1,ACAAAAA
5643,antymuzułmański,1,-
5644,antyimigrancki,1,-
5645,blef,1,ACAAAAA
5646,grafoman,1,AAADAA
5647,columbine,1,-
5648,naśladowany,1,BAAA
5649,rozbroić,1,BBCA
5650,skazanie,1,AEBAA
5651,wyznający,1,BDA
5652,próbujący,1,BAAA
5653,blogerzy,1,-
5654,stronnicowym,1,-
5655,pamela,1,-
5656,poddana,1,ADACCBA
5657,ostracyzm,1,ACAAAAA
5658,bestseller,1,ACAABAA
5659,zamieścić,1,BBCA
5660,podobizna,1,ADAAA
5661,świński,1,CBA
5662,ryć,1,AEBAA
5663,serbów,1,-
5664,bośni,1,-
5665,obama,1,-
5666,sfałszować,1,BAAA
5667,urodzenie,1,AEBAA
5668,amerykaninem,1,-
5669,Arab,1,AAAAAA
5670,gaz,1,ACAAAAA
5671,solidnie,1,FB
5672,bombardować,1,BAAA
5673,spencerem,1,-
5674,ameryk,1,ACABA
5675,pomyślenie,1,AEBAA
5676,wzmianka,1,ADAB
5677,islamskolewicowej,1,-
5678,machina,1,ADAAA
5679,wytrwale,1,FB
5680,edukować,1,BAAA
5681,cytat,1,ACAAAAA
5682,obamie,1,-
5683,podżegać,1,BDA
5684,rasista,1,AABDAA
5685,spencera,1,-
5686,odezwać się,1,-
5687,beatles,1,AAADAA
5688,seryjny,1,CAB
5689,charles,1,-
5690,manson,1,-
5691,zdyskredytować,1,BAAA
5692,dżihadowi,1,-
5693,supremacja,1,ADACBAA
5694,antymuzułmańskich,1,-
5695,york,1,-
5696,times,1,-
5697,marc,1,-
5698,sageman,1,-
5699,cia,1,-
5700,konsultant,1,AAADAA
5701,myśliciel,1,AAABCA
5702,alkaidę,1,-
5703,cóż,1,EGD
5704,pisarstwo,1,AEAAAB
5705,blog,1,-
5706,little,1,-
5707,green,1,-
5708,footballs,1,-
5709,antyislamskie,1,-
5710,sentyment,1,ACAAAAA
5711,aldżazira,1,-
5712,przepisany,1,BAAFA
5713,amerykanina,1,-
5714,kaczynskiego,1,-
5715,bloger,1,-
5716,gates,1,-
5717,vienna,1,-
5718,antymuzułmańskie,1,-
5719,tyrada,1,ADAAA
5720,wpadka,1,ADAB
5721,michelle,1,-
5722,komentatorka,1,ADAB
5723,fox,1,-
5724,rozpisywać,1,BAAB
5725,złowrogi,1,CBA
5726,krekarze,1,-
5727,wygrażać,1,BDA
5728,ojczyzna,1,ADAAA
5729,profesor,1,AAAAAA
5730,nitze,1,-
5731,hopkinsa,1,-
5732,konkluzja,1,ADACBAA
5733,odpisać,1,BAAFA
5734,oświecić,1,BBCA
5735,groźba,1,ADAAA
5736,krekar,1,-
5737,terroryzować,1,BAAA
5738,czujnie,1,FB
5739,geira,1,-
5740,lippestadta,1,-
5741,zakłopotany,1,BAAFA
5742,oznaka,1,ADAB
5743,zasłynąć,1,BAEAB
5744,wiezienie,1,AEBAA
5745,benjamina,1,-
5746,hermansena,1,-
5747,pogrążony,1,CAB
5748,wyciszyć,1,BCCA
5749,upamiętnienie,1,AEBAA
5750,zagospodarowanie,1,AEBAA
5751,milioner,1,AAACAAAB
5752,stordalen,1,-
5753,późno,1,FA
5754,zignorować,1,BAAA
5755,zwierać,1,BDA
5756,spisać,1,BAAFA
5757,fantastycznie,1,FB
5758,storberget,1,-
5759,kontrastować,1,BAAA
5760,aftenposten,1,-
5761,christiana,1,-
5762,hatlo,1,-
5763,przewidujący,1,CAA
5764,dostępność,1,ADCCA
5765,onz,1,-
5766,leiv,1,-
5767,k,1,-
5768,kupujący,1,BAAA
5769,podejrzewać,1,BDA
5770,kilkakrotnie,1,FC
5771,prezydencji,1,-
5772,usprawnić,1,BBCB
5773,europolu,1,-
5774,dokładny,1,CAB
5775,keten,1,ACAAAAA
5776,azotyn,1,ACAAAAA
5777,sód,1,ADAAA
5778,nadużywany,1,BDA
5779,psychopata,1,AABDAA
5780,policzek,1,ACABBA
5781,antyislamskiego,1,-
5782,przystojniak,1,AAACBA
5783,żenić,1,BBCA
5784,angielsku,1,-
5785,emerytowany,1,CAB
5786,davida,1,-
5787,teheranie,1,-
5788,oecd,1,-
5789,wenche,1,-
5790,rozwieść,1,BAFCAA
5791,ożenić,1,BBCA
5792,bezskutecznie,1,FB
5793,nieobecność,1,ADCCA
5794,uprzywilejowany,1,BAAA
5795,macocha,1,ADAAA
5796,tove,1,-
5797,ideologicznoosobistych,1,-
5798,wywód,1,ACAAAAA
5799,pogrupować,1,BAAA
5800,obyczajowy,1,CAB
5801,kosztowny,1,CAB
5802,weneryczny,1,CAB
5803,likwidacja,1,ADACBAA
5804,odzwierciedlać,1,BDA
5805,szczycić się,1,-
5806,czołowy,1,CAB
5807,grafficiarzy,1,-
5808,pokrywający,1,BDA
5809,przyjaźnie,1,FB
5810,pakistańskiego,1,-
5811,zintegrować,1,BAAA
5812,świadomie,1,FB
5813,chrzestna,1,ADACCBA
5814,uchodźczyni,1,-
5815,chile,1,-
5816,okraść,1,BAFAAAA
5817,hiphopowym,1,-
5818,zainteresować,1,BAAA
5819,ćpać,1,BDA
5820,ekonomia,1,ADACBAA
5821,zarządzanie,1,AEBAA
5822,towarzyski,1,CBA
5823,przelotny,1,CAB
5824,zapobiegliwość,1,ADCCA
5825,brytyjskich,1,-
5826,donieść,1,BAFCAA
5827,plastyczny,1,CAB
5828,przebudzenie,1,AEBAA
5829,serbii,1,-
5830,wypędzenie,1,AEBAA
5831,albańczyków,1,-
5832,kosowa,1,-
5833,kandydować,1,BAAA
5834,umiarkowany,1,CAB
5835,świadczący,1,CAA
5836,oświadczyć,1,BCCA
5837,wywiadowczy,1,CAA
5838,priorytetowy,1,CAB
5839,zamieszany,1,BDA
5840,brytyjski,1,-
5841,tuz,1,AAACAAAB
5842,brytyjskie,1,-
5843,skrzywiony,1,BBCA
5844,podjechać,1,BAAFA
5845,bagaż,1,ACACAB
5846,saper,1,AAACAAAB
5847,pożarna,1,-
5848,patrolować,1,BAAA
5849,tabloidu,1,-
5850,verdens,1,-
5851,stwierdzenie,1,AEBAA
5852,potok,1,ACABA
5853,wtorkowy,1,CAB
5854,utrzymać,1,BDA
5855,płynąć,1,BAEAB
5856,nieustający,1,CAA
5857,plaża,1,ADACABB
5858,pobiec,1,BAFAAB
5859,haavard,1,-
5860,gaasbakk,1,-
5861,pistolklubbu,1,-
5862,wydalić,1,BBCA
5863,loża,1,ADACABB
5864,szkolenie,1,AEBAA
5865,zastrzegać,1,BDA
5866,smoleński,1,-
5867,sprzyjający,1,BDA
5868,wielokulturowej,1,-
5869,fundamentalista,1,-
5870,nadciągać,1,BDA
5871,przewidzieć,1,BBBA
5872,opisywanie,1,AEBAA
5873,symptom,1,ACAAAAA
5874,istota,1,ADAAA
5875,zlepek,1,ACABA
5876,dostosowanie,1,AEBAA
5877,asymilacyjny,1,CAB
5878,jedność,1,ADCCA
5879,wynalazek,1,ACABA
5880,wyrosły,1,CAB
5881,przybyły,1,BEB
5882,idący,1,CAA
5883,kakofonia,1,ADACBAA
5884,mitologia,1,ADACBAA
5885,wiking,1,AAAAB
5886,mason,1,AAADAA
5887,powołanie,1,AEBAA
5888,walczący,1,CAA
5889,niezrównoważony,1,CAB
5890,odklejać,1,BDA
5891,grupka,1,ADAB
5892,kupa,1,ADAAA
5893,inteligentny,1,CAB
5894,ubzdurać,1,BDA
5895,islamistyczny,1,CAB
5896,samobójca,1,AABCBB
5897,pokiereszowany,1,BAAA
5898,wyrastać,1,BDA
5899,urlike,1,-
5900,zmysł,1,ACAAAAA
5901,podkładanie,1,AEBAA
5902,supermarketach,1,-
5903,porywanie,1,AEBAA
5904,mordowanie,1,AEBAA
5905,przemysłowiec,1,AAACBA
5906,peryferyjny,1,CAB
5907,przyjazny,1,CAB
5908,bezproblemowy,1,CAB
5909,multikulturalizm,1,-
5910,teoretyk,1,AAACBA
5911,liberał,1,AAAAAA
5912,pięknoduch,1,AAACBA
5913,feudalizm,1,ACAAAAA
5914,nierówność,1,ADCCA
5915,emigracja,1,ADACBAA
5916,demografia,1,ADACBAA
5917,starzeć się,1,-
5918,schizofreniczny,1,CAB
5919,dostatek,1,ACABA
5920,islamizmem,1,-
5921,asymilacja,1,ADACBAA
5922,urągać,1,BDA
5923,polakom,1,-
5924,czechom,1,-
5925,rozpoznać,1,BDA
5926,algierii,1,-
5927,turcji,1,-
5928,wykorzenić,1,BBCA
5929,wpływowy,1,CAB
5930,niemodny,1,CAB
5931,świt,1,ACAAAAA
5932,ksenofob,1,AAADAA
5933,imigranckie,1,-
5934,osiedlać,1,BDA
5935,siak,1,-
5936,przywlec,1,BAFCAB
5937,homogeniczność,1,ADCCA
5938,racjonalnie,1,FB
5939,myć,1,AEBAA
5940,wymyślać,1,BDA
5941,skomplikować,1,BAAA
5942,mniejszościowy,1,CAB
5943,wielożeństwo,1,AEAAAB
5944,obrzezanie,1,AEBAA
5945,tolerować,1,BAAA
5946,podglebie,1,-
5947,asymilować,1,BAAA
5948,specyfik,1,ACABA
5949,prawidła,1,-
5950,specyfika,1,ADAB
5951,danii,1,-
5952,mówienie,1,AEBAA
5953,zadekretowanie,1,-
5954,wyprostować,1,BAAA
5955,wielokulturową,1,-
5956,byśmy,1,-
5957,ustawodawstwo,1,AEAAAB
5958,duńskiej,1,-
5959,ludowy,1,CAB
5960,nicolas,1,-
5961,sarkozy,1,-
5962,antyromskie,1,-
5963,heca,1,ADACABB
5964,zakamuflowany,1,BAAA
5965,nawoływanie,1,AEBAA
5966,niesmak,1,ACABA
5967,populizm,1,-
5968,pozyskiwanie,1,AEBAA
5969,integrować,1,BAAA
5970,socjalistyczny,1,CAB
5971,komunista,1,AABDAA
5972,grubszy,1,CAB
5973,pokrzywdzony,1,BBCA
5974,zagrożony,1,BBCA
5975,zamieszki,1,AGBA
5976,arabski,1,CBA
5977,podparyskich,1,-
5978,blokowiskach,1,-
5979,rewanż,1,ACACACB
5980,kilogram,1,ACAABAA
5981,przypadkowy,1,CAB
5982,kliniczny,1,CAB
5983,bezsporny,1,CAB
5984,fachowiec,1,AAACBA
5985,wypracowywać,1,BAAB
5986,zagubić,1,BBCA
5987,ufność,1,ADCCA
5988,taktyka,1,AAACBA
5989,meta,1,ADAAA
5990,niszczyć,1,BCCA
5991,maszyna,1,ADAAA
5992,islamizmu,1,-
5993,rozszerzyć,1,BCCA
5994,ufny,1,CAB
5995,nonszalancki,1,CBA
5996,irlandzkiej,1,-
5997,republikański,1,CBA
5998,pubie,1,-
5999,wagonik,1,ACABBA
6000,tabliczka,1,ADAB
6001,napis,1,ACAAAAA
6002,pakunek,1,ACABA
6003,siedzenie,1,AEBAA
6004,rozłożony,1,CAB
6005,cień,1,BBCA
6006,izraelskie,1,-
6007,standard,1,ACAAAAA
6008,torebka,1,ADAB
6009,koegzystować,1,BAAA
6010,zawiesić,1,BBCA
6011,padać,1,BDA
6012,skutkować,1,BAAA
6013,bezpieczniejszy,1,CAB
6014,drobiazgowy,1,CAB
6015,wyrywkowy,1,CAB
6016,lądowy,1,CAB
6017,zrzeszanie,1,AEBAA
6018,zaszokowany,1,BAAA
6019,sztywny,1,CAB
6020,dawno,1,FA
6021,trade,1,-
6022,miękkość,1,ADCCA
6023,udaremnić,1,BBCB
6024,ograniczanie,1,AEBAA
6025,przemiana,1,ADAAA
6026,perspektywa,1,ADAAA
6027,wahnięcie,1,AEBAA
6028,alert,1,ACAAAAA
6029,ur,1,-
6030,niemieckożydowskich,1,-
6031,bundeswehry,1,-
6032,monachium,1,-
6033,podziać,1,BAFBD
6034,pomocniczy,1,CAA
6035,brzydko,1,FA
6036,uwikłany,1,BDA
6037,pokusa,1,ADAAA
6038,tischner,1,-
6039,koniecznie,1,FB
6040,itd,1,-
6041,głoszenie,1,AEBAA
6042,sakrament,1,ACAAAAA
6043,mocniejszy,1,CAB
6044,miesięcznik,1,ACABBA
6045,biskupi,1,AAADAA
6046,rysi,1,CBB
6047,episkopat,1,ACAAAAA
6048,podział,1,BAFBD
6049,tropienie,1,AEBAA
6050,obdarzony,1,CAB
6051,bronienie,1,AEBAA
6052,contra,1,G
6053,omnes,1,-
6054,najświeższy,1,CAB
6055,nazywanie,1,AEBAA
6056,dariusz,1,-
6057,głupiec,1,AAACAAAA
6058,wciskać,1,BDA
6059,polecać,1,BDA
6060,oburzenie,1,AEBAA
6061,chrześcijaństwo,1,AEAAAB
6062,aniżeli,1,GBBAB
6063,fundamentalizmy,1,-
6064,laicki,1,CBA
6065,encyklika,1,ADAB
6066,centesimus,1,-
6067,annus,1,-
6068,fanatyzm,1,ACAAAAA
6069,fundamentalizmu,1,-
6070,uważający,1,BDA
6071,naukowy,1,CAB
6072,uprawniony,1,BBCB
6073,narzucanie,1,AEBAA
6074,koncepcja,1,ADACBAA
6075,adam,1,-
6076,rozsądzić,1,BBCA
6077,mnożyć,1,BCCA
6078,baerum,1,-
6079,muszla,1,ADACBAA
6080,klozetowy,1,CAB
6081,dagens,1,-
6082,naeringsliv,1,-
6083,japończyk,1,-
6084,pojąć,1,BAFCB
6085,europejczyk,1,-
6086,japonię,1,-
6087,koreę,1,-
6088,tajwan,1,-
6089,jednonarodowe,1,-
6090,odrzucający,1,BDA
6091,sojusz,1,ACACACB
6092,złudzenie,1,AEBAA
6093,dwójka,1,ADAB
6094,mecenas,1,AAADAA
6095,ujawniany,1,BDA
6096,rewelacja,1,ADACBAA
6097,abdykacja,1,ADACBAA
6098,udzielony,1,BBCA
6099,dwojaki,1,ACABBA
6100,nierealistyczny,1,CAB
6101,fotoreporter,1,AAACAAAB
6102,pozdrowić,1,BBCA
6103,niedoszły,1,CAB
6104,kieszeń,1,ADCAAA
6105,samochódpułapkę,1,-
6106,wsiąść,1,BAFCAA
6107,lipcowy,1,CAB
6108,dopuszczający,1,BDA
6109,etniczności,1,-
6110,obalenie,1,AEBAA
6111,zastąpienie,1,AEBAA
6112,kilkusetstronicowy,1,CAB
6113,rzecznik,1,AAACBA
6114,koordynator,1,AAACAAAB
6115,dobrzyński,1,-
6116,lubelskiego,1,-
6117,mateusza,1,-
6118,przekazany,1,BAAFA
6119,pozyskiwać,1,BAAC
6120,konstruowanie,1,AEBAA
6121,zastraszenie,1,AEBAA
6122,wstąpienie,1,AEBAA
6123,przeszukanie,1,AEBAA
6124,zabezpieczyć,1,BCCA
6125,nośnik,1,ACABBA
6126,tymczasowo,1,FC
6127,małe,1,ADACCBA
6128,ustawiony,1,BBCA
6129,zabezpieczać,1,BDA
6130,dorożka,1,ADAB
6131,plenerowy,1,CAB
6132,wiać,1,BAFBD
6133,zbliżać,1,BDA
6134,odnawialnych,1,-
6135,ciemno,1,AEAAAB
6136,wietrzność,1,-
6137,elektrociepłownia,1,ADACBAA
6138,zapotrzebowanie,1,AEBAA
6139,turbina,1,ADAAA
6140,instalowany,1,BAAA
6141,wyposażony,1,CAB
6142,powstrzymujący,1,CAA
6143,osadzanie,1,AEBAA
6144,lód,1,ABABAAA
6145,umożliwiający,1,BDA
6146,rozmrażanie,1,AEBAA
6147,sięgający,1,BDA
6148,montowany,1,BAAA
6149,kąt,1,ACAABAA
6150,topnienie,1,AEBAA
6151,gw,1,-
6152,opracowanie,1,AEBAA
6153,alpejski,1,CBA
6154,cenny,1,CAB
6155,rezerwuar,1,ACAAAAA
6156,kontynentalny,1,CAB
6157,wiosennoletnim,1,-
6158,zamieć,1,ADCAAA
6159,dystrybucja,1,ADACBAA
6160,warmii,1,-
6161,Mazur,1,AAACAAAB
6162,awaria,1,ADACBAA
6163,wichura,1,ADAAA
6164,dystrybucyjny,1,CAB
6165,przewracać,1,BDA
6166,zaśnieżony,1,CAB
6167,trudniejszy,1,CAB
6168,spadający,1,BDA
6169,osłabienie,1,AEBAA
6170,współczynnik,1,ACABBA
6171,procentowy,1,CAB
6172,stulecie,1,AEBAC
6173,emisyjny,1,CAB
6174,zaopatrzenie,1,AEBAA
6175,elektryfikacja,1,ADACBAA
6176,pompa,1,ADAAA
6177,efektywny,1,CAB
6178,ekologiczny,1,CAB
6179,rozpowszechnienie,1,AEBAA
6180,szczytowy,1,CAB
6181,zabezpieczony,1,CAB
6182,zmniejszać,1,BDA
6183,termiczny,1,CAB
6184,pv,1,-
6185,bateryjny,1,CAB
6186,funkcjonalność,1,ADCCA
6187,offgrid,1,-
6188,odosobniony,1,BBCB
6189,kominek,1,ACABBA
6190,agregat,1,ACAAAAA
6191,prądotwórczy,1,CAA
6192,pluslidze,1,-
6193,balcerzak,1,-
6194,pozyskanie,1,AEBAA
6195,hitów,1,-
6196,fakiele,1,-
6197,urengoj,1,-
6198,uchodzić,1,BBCA
6199,czołówka,1,ADAB
6200,klubowy,1,CAB
6201,włoch,1,-
6202,gas,1,-
6203,sales,1,-
6204,bluenergy,1,-
6205,piacenza,1,-
6206,odnosić,1,BBCA
6207,mundialu,1,-
6208,przekazywany,1,BAAB
6209,balcerzaka,1,-
6210,la,1,AEE
6211,gazzetta,1,-
6212,dello,1,-
6213,warszawski,1,-
6214,siatkarz,1,AAABD
6215,ambitny,1,CAB
6216,włochami,1,-
6217,aktualny,1,CAB
6218,wicelider,1,-
6219,plusligi,1,-
6220,intensywnie,1,FB
6221,sfinalizować,1,BAAA
6222,plusliga,1,-
6223,mur,1,ACAAAAA
6224,dołączać,1,BDA
6225,pojmanie,1,-
6226,niespodziewanie,1,AEBAA
6227,caracas,1,-
6228,dyktator,1,AAACAAAB
6229,ekspresowy,1,CAB
6230,przetransportować,1,BAAA
6231,nowojorskim,1,-
6232,trzask,1,ACABA
6233,zamykany,1,BDA
6234,oczekujący,1,BAAC
6235,przeniesienie,1,AEBAA
6236,krótszy,1,CAB
6237,sean,1,-
6238,diddy,1,-
6239,raper,1,-
6240,uniewinnić,1,BBCB
6241,przemyt,1,ACAAAAA
6242,prostytutka,1,ADAB
6243,spędzony,1,BBCA
6244,symboliczny,1,CAB
6245,brytyjka,1,-
6246,ghislaine,1,-
6247,maxwell,1,-
6248,otoczenie,1,AEBAA
6249,przestępca,1,AABCBB
6250,jeffreya,1,-
6251,wykorzystywanie,1,AEBAA
6252,przeniesiony,1,CAB
6253,meksykański,1,-
6254,kartel,1,ACACAA
6255,sinaloa,1,-
6256,plus,1,ACAAAAA
6257,narkotykowego,1,-
6258,nieuzbrojoną,1,-
6259,stwarzać,1,BDA
6260,celnoimigracyjnego,1,-
6261,us,1,-
6262,zastrzelony,1,BBCA
6263,wpoprzek,1,-
6264,odjechać,1,BAAFA
6265,maska,1,ADAB
6266,funcjonariusz,1,-
6267,ruszenie,1,AEBAA
6268,parkować,1,BAAA
6269,axios,1,-
6270,donaldem,1,-
6271,trumpem,1,-
6272,samoobrona,1,ADAAA
6273,nieporządnie,1,FB
6274,brutalnie,1,FB
6275,społecznościowej,1,-
6276,truth,1,-
6277,social,1,-
6278,bzdura,1,ADAAA
6279,wypierdalać,1,-
6280,biran,1,-
6281,ohara,1,-
6282,nieuzbrojonej,1,-
6283,masowo,1,FC
6284,niejednoznaczny,1,CAB
6285,aktywista,1,AABDAA
6286,propalestyńskie,1,-
6287,represje,1,AGCC
6288,przekraczać,1,BDA
6289,deportowany,1,BAAA
6290,kristi,1,-
6291,wczorajszy,1,CAB
6292,ukrainę,1,-
6293,nieuzbrojona,1,-
6294,antena,1,ADAAA
6295,voice,1,-
6296,nv,1,-
6297,kreml,1,ACACBAA
6298,twierdzenie,1,AEBAA
6299,kyryły,1,-
6300,budanowa,1,-
6301,wystrzelony,1,BBCA
6302,powstrzymywać,1,BAAB
6303,rosję,1,-
6304,głowica,1,ADACABB
6305,anatolij,1,-
6306,chrapczyński,1,-
6307,kyiv,1,-
6308,okupant,1,AAADAA
6309,niszczycielski,1,CBA
6310,wyrządzić,1,BBCA
6311,federacja,1,ADACBAA
6312,wołodymyr,1,-
6313,zełenski,1,-
6314,słyszalny,1,CAB
6315,kijowa,1,-
6316,lwowa,1,-
6317,dronów,1,-
6318,szczątki,1,AGBB
6319,obwód,1,ACAAAAA
6320,lwowski,1,-
6321,położony,1,CAB
6322,kwalifikować,1,BAAA
6323,zmasowany,1,BAAA
6324,superpucharu,1,-
6325,rozgromić,1,BBCA
6326,rywalizacja,1,ADACBAA
6327,superpuchar,1,-
6328,arabii,1,-
6329,saudyjskiej,1,-
6330,zdobywca,1,AABCBB
6331,athletikiem,1,-
6332,hansi,1,-
6333,flick,1,-
6334,jedenastka,1,ADAB
6335,szczęsnego,1,-
6336,gol,1,ABAABA
6337,roberta,1,-
6338,lewandowskiego,1,-
6339,ferran,1,-
6340,torres,1,-
6341,wprawdzie,1,GBBBA
6342,ambitnie,1,FB
6343,blaugrana,1,-
6344,strzelanie,1,AEBAA
6345,fermin,1,-
6346,lopez,1,-
6347,skiksować,1,BAAA
6348,spadły,1,CAB
6349,ferrana,1,-
6350,torresa,1,-
6351,barcelony,1,-
6352,kwadrans,1,ACACACAA
6353,flicka,1,-
6354,ruszyć,1,BCCA
6355,nadbiegający,1,BDA
6356,fermina,1,-
6357,lopeza,1,-
6358,huknąć,1,BAEAA
6359,płasko,1,FC
6360,roony,1,-
6361,bardghji,1,-
6362,popisać,1,BAAFA
6363,przepuszczać,1,BDA
6364,bezradny,1,CAB
6365,bramkowy,1,CAB
6366,przepiękny,1,CAB
6367,sekunda,1,ADAAA
6368,wybić,1,AEBAA
6369,rzut,1,ACAAAAA
6370,rożen,1,ACAABAA
6371,daniego,1,-
6372,viviana,1,-
6373,oihana,1,-
6374,sanceta,1,-
6375,zamieszanie,1,AEBAA
6376,blaugrany,1,-
6377,blokowany,1,BAAA
6378,dopaść,1,BAFAAAB
6379,wpakować,1,BAAA
6380,alejandro,1,-
6381,berenguer,1,-
6382,przestrzelić,1,BBCA
6383,zwolnili,1,-
6384,boisko,1,AEAAAA
6385,komplet,1,ACAAAAA
6386,końcowy,1,CAB
6387,gomez,1,-
6388,joana,1,-
6389,garcii,1,-
6390,basek,1,ACABA
6391,wykreować,1,BAAA
6392,finałowy,1,CAB
6393,atletico,1,-
6394,realem,1,-
6395,wskrzeszać,1,BDA
6396,nowocześniejszy,1,CAB
6397,wyraźny,1,CAB
6398,zwrot,1,ACAAAAA
6399,jednogłośnie,1,FB
6400,oś,1,ADCAAA
6401,reddit,1,-
6402,wyróżnienie,1,AEBAA
6403,zerwanie,1,AEBAA
6404,wszechobecnym,1,-
6405,nastrojowy,1,CAB
6406,ikona,1,ADAAA
6407,tasiemka,1,ADAB
6408,bogato,1,FA
6409,zdobiony,1,BBCA
6410,satynowy,1,CAB
6411,halkowe,1,-
6412,slip,1,-
6413,dress,1,-
6414,crop,1,-
6415,wyraźnie,1,FB
6416,brokat,1,ACAAAAA
6417,glam,1,-
6418,wypierać,1,BDA
6419,quiet,1,-
6420,luxury,1,-
6421,subtelność,1,ADCCA
6422,wyrazistość,1,ADCCA
6423,dominujący,1,BAAA
6424,chłodny,1,CAB
6425,błękit,1,ACAAAAA
6426,blue,1,-
6427,makijaż,1,ACACAB
6428,wnętrze,1,AEBAA
6429,vibe,1,-
6430,młodzieńczy,1,CAA
6431,marzycielski,1,CBA
6432,glamoratti,1,-
6433,koronka,1,ADAB
6434,reinterpretacją,1,-
6435,bogatszy,1,CAB
6436,akcesorium,1,AED
6437,broszka,1,ADAB
6438,zoomersi,1,-
6439,zachwycić,1,BBCA
6440,aesthetic,1,-
6441,dyktować,1,BAAA
6442,odświeżony,1,CAB
6443,podarty,1,CAB
6444,kabaretki,1,-
6445,łączony,1,CAB
6446,designerskimi,1,-
6447,unisex,1,-
6448,autowyrazu,1,-
6449,wzmocniony,1,BBCB
6450,niepokoić,1,BBCA
6451,ukojenie,1,AEBAA
6452,eskapizm,1,ACAAAAA
6453,prostszy,1,CAB
6454,buntować,1,BAAA
6455,sterylny,1,CAB
6456,wyciszony,1,CAB
6457,pozbawiony,1,BBCA
6458,kolorowy,1,CAB
6459,olą,1,-
6460,mikołajem,1,-
6461,borysem,1,-
6462,brzozowskim,1,-
6463,interpretacja,1,ADACBAA
6464,dostrzec,1,BAFCAB
6465,wstęp,1,ACAAAAA
6466,zaczynający,1,BDA
6467,litera,1,ADAAA
6468,drogi,1,ADAB
6469,fikuśny,1,CAB
6470,okładka,1,ADAB
6471,format,1,ACAAAAA
6472,kafelek,1,ACABBA
6473,skrin,1,-
6474,tekstowy,1,CAB
6475,niezrozumiały,1,CAB
6476,recytacja,1,ADACBAA
6477,wczucie się,1,-
6478,czytany,1,BDA
6479,fraza,1,ADAAA
6480,natłok,1,ACABA
6481,skleić,1,BBCA
6482,mijany,1,BDA
6483,billboardzie,1,-
6484,zowąd,1,-
6485,intrygujący,1,BAAA
6486,pomyślany,1,CAB
6487,przełożenie,1,AEBAA
6488,alternatywny,1,CAB
6489,zapraszany,1,BDA
6490,dzielenie,1,AEBAA
6491,przykładowy,1,CAB
6492,grupowy,1,CAB
6493,metoda,1,ADAAA
6494,blackout,1,-
6495,poetry,1,-
6496,zakreślany,1,BDA
6497,wykorzystany,1,BDA
6498,przyniesiony,1,CAB
6499,mikołaj,1,-
6500,borys,1,-
6501,brzozowski,1,-
6502,kuratorskoartystyczny,1,-
6503,styk,1,ACABA
6504,performansu,1,-
6505,wspólnotowy,1,-
6506,postartystycznych,1,-
6507,różnorodny,1,CAB
6508,sąsiedzki,1,CBA
6509,dotychczas,1,FC
6510,azyl,1,ACACAA
6511,pawilon,1,ACAAAAA
6512,staromiejski,1,CBA
6513,zębu,1,-
6514,stoch,1,-
6515,najwybitniejszy,1,CAB
6516,chluba,1,ADAAA
6517,legendarny,1,CAB
6518,giewontem,1,-
6519,soczi,1,-
6520,pjongczang,1,-
6521,mistrzostwa,1,AGDAA
6522,drużynowa,1,ADACCBA
6523,kryształowy,1,CAB
6524,planica,1,-
6525,profesjonalista,1,AABDAA
6526,fach,1,ACAAAB
6527,życzliwy,1,CAB
6528,zawdzięczać,1,BDA
6529,stochu,1,-
6530,tatrami,1,-
6531,tatrzańskiego,1,-
6532,generacja,1,ADACBAA
6533,trener,1,AAACAAAB
6534,fenomenalny,1,CAB
6535,narciarstwo,1,AEAAAB
6536,sprowadzać,1,BDA
6537,całokształt,1,ACAAAAA
6538,skromność,1,ADCCA
6539,cecha,1,ADAAA
6540,portugalii,1,-
6541,piłkarz,1,AAABD
6542,osiedlić,1,BBCA
6543,portugalskiej,1,-
6544,zamieszkanie,1,AEBAA
6545,posiadłości,1,AGBC
6546,rodrguez,1,-
6547,najgorętszy,1,CAB
6548,showbiznesu,1,-
6549,butików,1,-
6550,modowych,1,-
6551,madrycie,1,-
6552,oświadczyny,1,AGAAA
6553,zakochany,1,BDA
6554,kobierzec,1,ACACBC
6555,quinta,1,-
6556,marinha,1,-
6557,lizbony,1,-
6558,rezydencja,1,ADACBAA
6559,posiadłość,1,ADCCA
6560,piłkarski,1,CBA
6561,portugalski,1,-
6562,fama,1,ADAAA
6563,luksusowy,1,CAB
6564,rezygnacja,1,ADACBAA
6565,działka,1,ADAB
6566,oitavos,1,-
6567,transakcja,1,ADACBAA
6568,napotykać,1,BDA
6569,zaprojektować,1,BAAA
6570,architekt,1,AAADAA
6571,vitora,1,-
6572,vitorino,1,-
6573,kurz,1,ACACACB
6574,faraon,1,AAAAAA
6575,piramida,1,ADAAA
6576,portugalskim,1,-
6577,wyczekiwać,1,BAAC
6578,niezwykły,1,CAB
6579,odkrycie,1,AEBAA
6580,wiktora,1,-
6581,sceniczny,1,CAB
6582,rozdział,1,ACAAAAA
6583,wyruszać,1,BDA
6584,konfrontować,1,BAAA
6585,gotycki,1,CBA
6586,człowieczeństwo,1,AEAAAB
6587,pierwotny,1,CAB
6588,mara,1,ADAAA
6589,wollstonecraft,1,-
6590,przybliżenie,1,AEBAA
6591,oryginalny,1,CAB
6592,groza,1,ADAAA
6593,widowisko,1,AEAAAA
6594,j,1,-
6595,przyboś,1,-
6596,wiktorze,1,-
6597,mętlik,1,ACABA
6598,popkulturowe,1,-
6599,mrok,1,ACABA
6600,przeplatać,1,BDA
6601,tematycznie,1,FB
6602,charakterystyczny,1,CAB
6603,taniec,1,ACACBC
6604,akrobatyka,1,ADAB
6605,przesłaniać,1,BDA
6606,bogactwo,1,AEAAAB
6607,nadawać,1,BAAE
6608,głębia,1,ADACBAA
6609,rozbudowany,1,BAAA
6610,choreograficznie,1,FB
6611,przerzucać,1,BDA
6612,ciężkość,1,ADCCA
6613,burleskowy,1,CAB
6614,groteskowy,1,CAB
6615,wkraczać,1,BDA
6616,zastąpić,1,BBCA
6617,neutralność,1,ADCCA
6618,fakultatywny,1,CAB
6619,począć,1,BAFCB
6620,rozporządzenie,1,AEBAA
6621,realizować,1,BAAA
6622,teoretyczny,1,CAB
6623,wpływanie,1,AEBAA
6624,załatwianie,1,AEBAA
6625,mechanizm,1,ACAAAAA
6626,równoważny,1,CAB
6627,monaster,1,ACAAAAA
6628,pustelnia,1,ADACBAA
6629,gołosiejewska,1,-
6630,moskiewskiego,1,-
6631,regularny,1,CAB
6632,slidstvoinfo,1,-
6633,przykrywka,1,ADAB
6634,zapisanie,1,AEBAA
6635,szkółka,1,ADAB
6636,popołudniowy,1,CAB
6637,zatrudniony,1,BBCB
6638,rytm,1,ACAAAAA
6639,harmonogram,1,ACAAAAA
6640,tygodniowy,1,CAB
6641,typowy,1,CAB
6642,określany,1,BDA
6643,słowiański,1,CBA
6644,ukraińsku,1,-
6645,rosyjsku,1,-
6646,organizowany,1,BAAA
6647,pieśń,1,ADCCA
6648,dokumentacja,1,ADACBAA
6649,licencjonowany,1,BAAA
6650,przyklasztorny,1,CAB
6651,trwający,1,BDA
6652,zgodność,1,ADCCA
6653,przejaw,1,ACAAAAA
6654,równolegle,1,FB
6655,klasztor,1,ACAAAAA
6656,okoliczność,1,ADCCA
6657,powstanie,1,BAFABD
6658,zarejestrowan,1,-
6659,portfolio,1,-
6660,elektronika,1,AAACBA
6661,wyróżniać,1,BDA
6662,tło,1,AEAAAB
6663,konkurencja,1,ADACBAA
6664,gen,1,ACAAAAA
6665,skrywać,1,BDA
6666,naprzeciw,1,GBBAA
6667,frustrować,1,BAAA
6668,rozgrywka,1,ADAB
6669,ogarnąć,1,BAEAA
6670,przetworzyć,1,BCCA
6671,nudny,1,CAB
6672,słownictwo,1,AEAAAB
6673,żargon,1,ACAAAAA
6674,niespotykanym,1,-
6675,asystent,1,AAADAA
6676,głosowy,1,CAB
6677,kraken,1,-
6678,pro,1,-
6679,rozwikłać,1,BDA
6680,żartobliwy,1,CAB
6681,obrażający,1,BDA
6682,wyrażenie,1,AEBAA
6683,zasilać,1,BDA
6684,gamer,1,-
6685,copilot,1,-
6686,unikalny,1,CAB
6687,przetwarzanie,1,AEBAA
6688,nlp,1,-
6689,przycisnąć,1,BAEAA
6690,przycisk,1,ACABA
6691,wyszukiwanie,1,AEBAA
6692,google,1,-
6693,wgląd,1,ACAAAAA
6694,niecodzienny,1,CAB
6695,bełkot,1,ACAAAAA
6696,multiplayer,1,-
6697,twoi,1,AFFC
6698,wiekowy,1,CAB
6699,diablo,1,FC
6700,innowacja,1,ADACBAA
6701,topce,1,-
6702,powiększenie,1,AEBAA
6703,erasmus,1,-
6704,obszar,1,ACAAAAA
6705,integracja,1,ADACBAA
6706,cypru,1,-
6707,uwzględnienie,1,AEBAA
6708,odpady,1,AGAB
6709,uniidziesięć,1,-
6710,surowszy,1,CAB
6711,dziedzina,1,ADAAA
6712,czystszy,1,CAB
6713,objęty,1,BAFCB
6714,malty,1,-
6715,słowacka,1,-
6716,rozszerzenie,1,AEBAA
6717,hiszpański,1,ACD
6718,eksport,1,ACAAAAA
6719,włosek,1,ACABBA
6720,zacieśnić,1,BBCB
6721,litwą,1,-
6722,szwecją,1,-
6723,dwudziestolecie,1,AEBAC
6724,przepływ,1,ACAAAAA
6725,przesada,1,ADAAA
6726,ujemny,1,CAB
6727,wiązać,1,BAAFA
6728,sercowy,1,CAB
6729,kardiolog,1,AAACBA
6730,n,1,-
6731,med,1,-
6732,american,1,-
6733,heart,1,-
6734,association,1,-
6735,zabójczy,1,CAA
6736,umierać,1,BDA
6737,palenie,1,AEBAA
6738,nadciśnienie,1,AEBAA
6739,dojście,1,AEBAA
6740,nasilenie,1,AEBAA
6741,lekarka,1,ADAB
6742,najszybciej,1,FC
6743,górny,1,CAB
6744,najkrótszy,1,CAB
6745,abczdrowie,1,-
6746,grabowski,1,-
6747,warszawskiego,1,-
6748,spopularyzować,1,BAAA
6749,skandynawki,1,-
6750,odzieżowy,1,CAB
6751,modowym,1,-
6752,twist,1,ABABAAA
6753,wielowarstwowy,1,CAB
6754,minusowy,1,CAB
6755,ubieranie,1,AEBAA
6756,ubiór,1,ACAAAAA
6757,wizualny,1,CAB
6758,modowej,1,-
6759,fakturowo,1,-
6760,przykuwać,1,BDA
6761,nieoczywistymi,1,-
6762,łączenie,1,AEBAA
6763,jeansów,1,-
6764,midi,1,AEE
6765,wystający,1,CAA
6766,nonszalancko,1,FC
6767,tyć,1,AEBAA
6768,chusta,1,ADAAA
6769,przewiązany,1,BAAFA
6770,layeringu,1,-
6771,ocieplajace,1,-
6772,fantazyjny,1,CAB
6773,dozwolony,1,BBCA
6774,szafa,1,ADAAA
6775,bawełniany,1,CAB
6776,obcisły,1,CAB
6777,rękaw,1,ACAABAA
6778,golf,1,ABABAAA
6779,leginsy,1,-
6780,wełna,1,ADAAA
6781,merino,1,-
6782,najmodniejszy,1,CAB
6783,tunika,1,ADAB
6784,spodnie,1,CBB
6785,okrycie,1,AEBAA
6786,fason,1,ACAAAAA
6787,komponować,1,BAAA
6788,stroić,1,BBCA
6789,kolorystyczny,1,CAB
6790,spójny,1,CAB
6791,acz,1,-
6792,una,1,-
6793,cabeza,1,-
6794,skomponować,1,BAAA
6795,carlosa,1,-
6796,gardela,1,-
6797,tańczyć,1,BCCA
6798,pacino,1,-
6799,slade,1,-
6800,gabrielle,1,-
6801,anwar,1,-
6802,donna,1,ADAAA
6803,zacny,1,CAB
6804,kaszuby,1,-
6805,administracyjny,1,CAB
6806,okolicznościowy,1,CAB
6807,gratulacyjny,1,CAB
6808,wiązanka,1,ADAB
6809,kaszubie,1,-
6810,maestro,1,AACABAB
6811,naczelny,1,AAEC
6812,dziekan,1,AAADAA
6813,dyrygentura,1,ADAAA
6814,symfonicznooperowej,1,-
6815,fryderyka,1,-
6816,chopina,1,-
6817,kaszubę,1,-
6818,meloman,1,AAADAA
6819,sympatyczny,1,CAB
6820,kudyba,1,-
6821,witać,1,BDA
6822,obdarzać,1,BDA
6823,wprawiać,1,BDA
6824,nastroić,1,BBCA
6825,szacowny,1,CAB
6826,łomżynianki,1,-
6827,malinowska,1,-
6828,absolwentka,1,ADAB
6829,adama,1,-
6830,mickiewicza,1,-
6831,tadeusza,1,-
6832,kościuszki,1,-
6833,lo,1,-
6834,danuta,1,-
6835,gosk,1,-
6836,kadrowa,1,ADACCAA
6837,łok,1,-
6838,fkwl,1,-
6839,namówić,1,BBCA
6840,łomżyńskiej,1,-
6841,zastępstwo,1,AEAAAB
6842,urlop,1,ACAAAAA
6843,macierzyński,1,CBA
6844,nieodżałowany,1,CAB
6845,szwedo,1,-
6846,chachaj,1,-
6847,profesjonalizm,1,ACAAAAA
6848,pracowitość,1,ADCCA
6849,miano,1,AEAAAB
6850,czterdziestoletni,1,CBB
6851,mila,1,ADACBABA
6852,solistka,1,ADAB
6853,solista,1,AABDAA
6854,dyrygent,1,AAADAA
6855,wiesław,1,-
6856,ochman,1,-
6857,paleczny,1,-
6858,konstanta,1,ADAAA
6859,kulka,1,ADAB
6860,jakowicz,1,-
6861,łomżyńską,1,-
6862,przechowywać,1,BAAB
6863,podziękowanie,1,AEBAA
6864,logistyczny,1,CAB
6865,wozić,1,BBCA
6866,systematyczny,1,CAB
6867,wczesnoprzedszkolnej,1,-
6868,półgodzinny,1,CAB
6869,uwrażliwianie,1,AEBAA
6870,wprowadzanie,1,AEBAA
6871,coroczny,1,CAB
6872,et,1,GAB
6873,musica,1,-
6874,proboszcz,1,AAAAB
6875,pijana,1,ADACCBA
6876,szkockich,1,-
6877,drogowiec,1,AAACBA
6878,mph,1,-
6879,uspokajanie,1,AEBAA
6880,ostrzegawczy,1,CAA
6881,wiodący,1,BAFCAA
6882,miejscowość,1,ADCCA
6883,dróżka,1,ADAB
6884,rozdzielający,1,BDA
6885,zygzak,1,ACABBA
6886,uzupełniać,1,BDA
6887,leeds,1,-
6888,university,1,-
6889,pionowy,1,CAB
6890,przesunięcie,1,AEBAA
6891,zwężenie,1,AEBAA
6892,iluzoryczny,1,CAB
6893,podzielony,1,BBCA
6894,przeznaczyć,1,BCCA
6895,załatanie,1,AEBAA
6896,kombinacja,1,ADACBAA
6897,daily,1,-
6898,record,1,-
6899,danny,1,-
6900,sformułowany,1,BAAA
6901,uchodźstwo,1,AEAAAB
6902,misleya,1,-
6903,mandarina,1,-
6904,conservativepost,1,-
6905,mandarin,1,-
6906,ostrzec,1,BAFCAB
6907,strategicznie,1,FB
6908,mauritius,1,-
6909,zależny,1,CAB
6910,chin,1,-
6911,namawiać,1,BDA
6912,zablokowanie,1,AEBAA
6913,chiński,1,CBA
6914,ingerencja,1,ADACBAA
6915,nieodzowny,1,CAB
6916,pozostawienie,1,AEBAA
6917,brytyjskoamerykańską,1,-
6918,brytyjskim,1,-
6919,dzierżawiony,1,BBCA
6920,maurytyjskim,1,-
6921,lexpress,1,-
6922,wypłacony,1,BBCA
6923,funt,1,ABABAAA
6924,londyński,1,-
6925,ścinać,1,BDA
6926,choinka,1,ADAB
6927,dojrzeć,1,BAD
6928,ustawiany,1,BDA
6929,nieustawiane,1,-
6930,ściąć,1,BAFCB
6931,wnieść,1,BAFCAA
6932,przesłanie,1,AEBAA
6933,grzegorza,1,-
6934,podium,1,AED
6935,zajączkowskiejhernik,1,-
6936,bogdana,1,-
6937,rymanowskiego,1,-
6938,zachęcający,1,BDA
6939,polexitu,1,-
6940,społecznościowe,1,-
6941,analizujący,1,BAAA
6942,ubiec,1,BAFAAB
6943,reprezentant,1,AAADAA
6944,analityk,1,AAACBA
6945,mentzen,1,-
6946,indywidualnie,1,FB
6947,bezkonkurencyjnie,1,FB
6948,zdominowania,1,-
6949,tiktoka,1,-
6950,pula,1,ADACBABA
6951,ekosystem,1,ACAAAAA
6952,ranking,1,-
6953,oglądany,1,BDA
6954,jaszczur,1,ABABAAA
6955,ludwiczek,1,-
6956,kontra,1,ADAAA
6957,bartosiak,1,-
6958,bosak,1,ACABBA
6959,sylwester,1,ABABAAA
6960,bąkiewicz,1,-
6961,karać,1,BAAFA
6962,wenezuelę,1,-
6963,wywieźć,1,BAFCAA
6964,olszański,1,-
6965,jaruzelska,1,-
6966,przekąsem,1,-
6967,stanowskiego,1,-
6968,przybywać,1,BDA
6969,wiec,1,ACACACB
6970,ubrany,1,BAAFA
6971,udostępniany,1,BDA
6972,patriotyzm,1,ACAAAAA
6973,normalność,1,ADCCA
6974,eurokołchozu,1,-
6975,bruksela,1,-
6976,płacz,1,ACACACB
6977,rozlany,1,BAFBD
6978,mleko,1,AEAAAA
6979,zezwalać,1,BDA
6980,rozpowszechnianie,1,AEBAA
6981,wyrządzać,1,BDA
6982,wprowadzający,1,BDA
6983,skopiowany,1,BAAA
6984,smycz,1,ADCAB
6985,gęba,1,ADAAA
6986,białoruś,1,-
6987,prawilnymi,1,-
6988,akcjaz,1,-
6989,precyzyjnie,1,FB
6990,anglojęzycznego,1,-
6991,obserwujący,1,BAAA
6992,ominięcie,1,AEBAA
6993,blokada,1,ADAAA
6994,rozkręcony,1,BBCA
6995,kontrowersyjny,1,CAB
6996,zdwojony,1,BBCA
6997,wygenerować,1,-
6998,dotarcie,1,AEBAA
6999,gawkowski,1,-
7000,wpisanie,1,AEBAA
7001,eurokołchoz,1,-
7002,wygenerowało,1,-
7003,polubienie,1,AEBAA
7004,prowokacyjny,1,CAB
7005,owsiak,1,-
7006,owsiaka,1,-
7007,lęborku,1,-
7008,kant,1,ACAAAAA
7009,bankructwo,1,AEAAAB
7010,wywłaszczenie,1,AEBAA
7011,polexitem,1,-
7012,roić,1,BBCA
7013,wygenerowanych,1,-
7014,realnie,1,FB
7015,komentujący,1,BAAA
7016,podłapać,1,BAAFA
7017,parioduje,1,-
7018,tiktokowy,1,-
7019,hej,1,GAB
7020,kiełbasa,1,ADAAA
7021,niemców,1,-
7022,wygenerowany,1,-
7023,jonathana,1,-
7024,wyminąć,1,BAEAB
7025,krążący,1,CAA
7026,staranować,1,BAAA
7027,najnowsze,1,-
7028,uśmiechający się,1,-
7029,kanapa,1,ADAAA
7030,zidentyfikować,1,BAAA
7031,jonathan,1,-
7032,potrącić,1,BBCA
7033,beccę,1,-
7034,obchodzący,1,CAA
7035,zaczepiać,1,BDA
7036,byś,1,-
7037,lunch,1,-
7038,chwytać,1,BDA
7039,pasażer,1,AAAAAA
7040,podniesiony,1,CAB
7041,jo,1,-
7042,szarpać,1,BAAFA
7043,tył,1,BAFB
7044,przód,1,ACAAAAA
7045,kochanie,1,AEBAA
7046,lusterko,1,AEAAAA
7047,odjeżdżający,1,BDA
7048,jęknięcie,1,AEBAA
7049,wystrzał,1,ACAAAAA
7050,piera,1,-
7051,suka,1,ADAB
7052,kirsti,1,-
7053,suvem,1,-
7054,immunitet,1,ACAAAAA
7055,hospitalizować,1,BAAA
7056,rozbity,1,BAFB
7057,tim,1,-
7058,walz,1,-
7059,gubernator,1,AAACAAAB
7060,użyć,1,AEBAA
7061,gwardia,1,ADACBAA
7062,wyłączność,1,ADCCA
7063,sprzeciw,1,ACAAAAA
7064,chicago,1,-
7065,protestujący,1,BAAA
7066,ułożyć,1,BCCA
7067,znicz,1,ACACBBA
7068,trąbić,1,BBCA
7069,klakson,1,ACAAAAA
7070,hampton,1,-
7071,hill,1,-
7072,zakwaterowanie,1,AEBAA
7073,złośliwość,1,ADCCA
7074,pożalić się,1,-
7075,reutersangelina,1,-
7076,katsanis,1,-
7077,świadczenia,1,AGDAA
7078,zarezerwować,1,BAAA
7079,email,1,-
7080,stawek,1,ACABA
7081,złośliwie,1,FB
7082,anulować,1,BAAA
7083,niedopuszczalny,1,CAB
7084,gwałciciel,1,AAABCA
7085,podważać,1,BDA
7086,egzekwowanie,1,AEBAA
7087,eskalacja,1,ADACBAA
7088,wycofać,1,BDA
7089,usprawiedliwienie,1,AEBAA
7090,promieniować,1,BAAA
7091,pielęgnować,1,BAAA
7092,chrześcijanka,1,ADAB
7093,nauczać,1,BDA
7094,troszczyć się,1,-
7095,integralność,1,ADCCA
7096,appla,1,-
7097,aplikacja,1,ADACBAA
7098,ostrzegający,1,BDA
7099,usatrumpmigrationice,1,-
7100,przystać,1,BAFABD
7101,zabrany,1,BAAFA
7102,gwizdek,1,ACABBA
7103,uczcić,1,BBCB
7104,odwracać,1,BDA
7105,jarosławem,1,-
7106,chlebdą,1,-
7107,dna,1,ADAAA
7108,szlak,1,ACABA
7109,dwanaście,1,DBCA
7110,czternaście,1,DBCA
7111,wszędzie,1,GBABB
7112,podpisywać,1,BAAB
7113,niepołomic,1,-
7114,przejmować,1,BAAA
7115,wypijać,1,BDA
7116,głupio,1,FA
7117,espresso,1,-
7118,gdybym,1,-
7119,wypić,1,AEBAA
7120,niebezpiecznie,1,FB
7121,posprowadzali,1,-
7122,szeregowiec,1,AAACBA
7123,tańszy,1,CAB
7124,nastawienie,1,AEBAA
7125,tradycyjnie,1,FB
7126,wręczany,1,BDA
7127,umowny,1,CAB
7128,wkładać,1,BDA
7129,gotówka,1,ADAB
7130,upierać się,1,-
7131,negocjować,1,BAAA
7132,całoroczny,1,CAB
7133,posługę,1,-
7134,libiąża,1,-
7135,synek,1,AAAAB
7136,gnębiony,1,BBCA
7137,naoglądał,1,-
7138,odnowiony,1,BBCA
7139,schodowy,1,CAB
7140,marmur,1,ACAAAAA
7141,apartament,1,ACAAAAA
7142,turysta,1,AABDAA
7143,skromniejszy,1,CAB
7144,błoto,1,AEAAAB
7145,oficyna,1,ADAAA
7146,xxi,1,-
7147,xixwiecznych,1,-
7148,urządzić,1,BBCA
7149,hostel,1,-
7150,wyjmować,1,BAAA
7151,bezradność,1,ADCCA
7152,kolędowanie,1,AEBAA
7153,przysiółek,1,ACABBA
7154,dosłownie,1,FB
7155,niepołomickiej,1,-
7156,rozplanować,1,BAAA
7157,religijnie,1,FB
7158,praktykować,1,BAAA
7159,podpowiadać,1,BDA
7160,chlebdzie,1,-
7161,podstolic,1,-
7162,święcenia,1,AGDAA
7163,kapłański,1,CBA
7164,franciszka,1,-
7165,macharskiego,1,-
7166,wawelskiej,1,-
7167,musicalowy,1,CAB
7168,rapować,1,-
7169,widzki,1,-
7170,szyngiery,1,-
7171,webbera,1,-
7172,mikosza,1,-
7173,gdański,1,CBA
7174,szekspirowskim,1,-
7175,wyprzedać,1,BDC
7176,afisz,1,ACACBC
7177,zagościć,1,BBCA
7178,repertuar,1,ACAAAAA
7179,fryderyk,1,-
7180,nakład,1,ACAAAAA
7181,universal,1,-
7182,music,1,-
7183,bisza,1,-
7184,zatem,1,GBBAB
7185,atmosfera,1,ADAAA
7186,podkręcać,1,BDA
7187,zimowlę,1,-
7188,dominiki,1,-
7189,słowik,1,ABAC
7190,smok,1,ABAC
7191,adaptacja,1,ADACBAA
7192,gatsbyego,1,-
7193,francisa,1,-
7194,scotta,1,-
7195,fitzgeralda,1,-
7196,michała,1,-
7197,najciekawszy,1,CAB
7198,raperów,1,-
7199,tekściarzy,1,-
7200,antygonie,1,-
7201,duet,1,ACAAAAA
7202,rapowanym,1,-
7203,pomost,1,ACAAAAA
7204,antyczny,1,CAB
7205,żyjący,1,BAFB
7206,bohaterstwo,1,AEAAAB
7207,zagubienie,1,AEBAA
7208,bratobójczy,1,CAA
7209,niesprawny,1,CAB
7210,odbudować,1,BAAA
7211,kreować,1,BAAA
7212,miecz,1,ACACBBA
7213,pojednanie,1,AEBAA
7214,rozliczać,1,BDA
7215,kazana,1,-
7216,ast,1,-
7217,kościelniak,1,-
7218,dominika,1,-
7219,kozłowska,1,-
7220,anna,1,-
7221,tomaszewska,1,-
7222,dolatowski,1,-
7223,maciej,1,-
7224,jackowski,1,-
7225,łukawski,1,-
7226,malchar,1,-
7227,sławomir,1,-
7228,rokita,1,ADAAA
7229,dominik,1,-
7230,stroka,1,-
7231,zięba,1,ADAAA
7232,wanda,1,-
7233,skorny,1,-
7234,kubasiewicz,1,-
7235,michałem,1,-
7236,scenografia,1,ADACBAA
7237,kostium,1,ACAAAAA
7238,opracować,1,BAAA
7239,mirek,1,-
7240,kaczmarek,1,-
7241,choreografia,1,ADACBAA
7242,maćko,1,-
7243,Prusak,1,AAACBA
7244,natan,1,-
7245,zuzanna,1,-
7246,skoliaspakuła,1,-
7247,szkic,1,ACACACB
7248,oliwia,1,-
7249,kuc,1,ABAAAB
7250,inspicjent,1,AAADAA
7251,bartłomiej,1,-
7252,oskarbski,1,-
7253,rajski,1,CBA
7254,teatrwkrakowiepl,1,-
7255,zachcianka,1,ADAB
7256,zapowiedź,1,ADCCA
7257,sobotni,1,CBB
7258,policzyć,1,BCCA
7259,podsumowujący,1,CAA
7260,wyłączenie,1,AEBAA
7261,huta,1,ADAAA
7262,swoszowic,1,-
7263,wjeżdżać,1,BDA
7264,spełniający,1,BDA
7265,kryterium,1,AED
7266,zanieczyszczenie,1,AEBAA
7267,emitować,1,BAAA
7268,cennik,1,ACABBA
7269,usuwanie,1,AEBAA
7270,czysta,1,ADACCBA
7271,stc,1,-
7272,tlenek,1,ACABA
7273,azot,1,ACAAAAA
7274,stężenie,1,AEBAA
7275,ciągle,1,FC
7276,przekraczany,1,BDA
7277,zechcieć,1,BACA
7278,abonament,1,ACAAAAA
7279,zabarwiony,1,BBCA
7280,niszczący,1,CAA
7281,uświadomić,1,BBCA
7282,zakopianka,1,-
7283,elektromobilności,1,-
7284,zeroemisyjnych,1,-
7285,złotówka,1,ADAB
7286,łata,1,ADAAA
7287,zaprzeczać,1,BDA
7288,zameldowany,1,BAAA
7289,płacący,1,CAA
7290,wyłączony,1,CAB
7291,płacenie,1,AEBAA
7292,krakowem,1,-
7293,rozliczenie,1,AEBAA
7294,podatkowy,1,CAB
7295,obaj,1,DABAA
7296,zadowolony,1,BBCA
7297,zdementować,1,BAAA
7298,fakenews,1,-
7299,ukarać,1,BAAFA
7300,notoryczny,1,CAB
7301,ukarany,1,BAAFA
7302,wojtacha,1,-
7303,aktualnie,1,FB
7304,kontrolujący,1,BAAA
7305,zamontowany,1,BAAA
7306,docelowo,1,FC
7307,oznakować,1,BAAA
7308,strefomatów,1,-
7309,skraść,1,BAFAAAA
7310,lokalizacja,1,ADACBAA
7311,rów,1,ACAAAAA
7312,pomalowany,1,BAAA
7313,sprayem,1,-
7314,skradziony,1,CAB
7315,zakupowej,1,-
7316,pyclik,1,-
7317,niszczony,1,CAB
7318,zamalować,1,BAAA
7319,poprawiać,1,BDA
7320,trzepak,1,ACABBA
7321,niepochlebny,1,CAB
7322,ekologia,1,ADACBAA
7323,naszą,1,-
7324,najsłabszy,1,CAB
7325,zamożny,1,CAB
7326,małopolski,1,-
7327,korek,1,ACABBA
7328,miast,1,FC
7329,katowicach,1,-
7330,katowic,1,-
7331,zobowiązywać,1,BAAB
7332,śląska,1,-
7333,przekraczanie,1,AEBAA
7334,milowy,1,CAB
7335,odbudowa,1,ADAAA
7336,unijnych,1,-
7337,niedotrzymanie,1,-
7338,zobowiązanie,1,AEBAA
7339,wdrożyć,1,BCCA
7340,opracowywanie,1,AEBAA
7341,zwierzak,1,ABAC
7342,prognoza,1,ADAAA
7343,zapewniający,1,BDA
7344,komfort,1,ACAAAAA
7345,przypięty,1,BAFCB
7346,buda,1,ADAAA
7347,okienko,1,AEAAAA
7348,piwniczny,1,CAB
7349,dokarmianie,1,AEBAA
7350,alarmować,1,BAAA
7351,czyjś,1,EAD
7352,ktoz,1,-
7353,rybny,1,CAB
7354,odzew,1,ACAAAAA
7355,przygarnąć,1,BAEAA
7356,mombaja,1,-
7357,vogt,1,-
7358,pexels,1,-
7359,rzezawa,1,-
7360,powiat,1,ACAAAAA
7361,bocheński,1,-
7362,waszą,1,-
7363,załoga,1,ADAB
7364,komfortowo,1,FC
7365,zmarzły,1,CAB
7366,józefa,1,-
7367,chełmońskiego,1,-
7368,kalendarz,1,ACACBBA
7369,pękać,1,BDA
7370,szew,1,ACAAAAA
7371,summer,1,-
7372,unsound,1,-
7373,misteria,1,AGDB
7374,paschalia,1,-
7375,profanum,1,-
7376,juniors,1,-
7377,mastercard,1,-
7378,camera,1,-
7379,kinobranie,1,-
7380,literacki,1,CBA
7381,miłosza,1,-
7382,conrada,1,-
7383,patchlab,1,-
7384,robbiego,1,-
7385,williamsa,1,-
7386,bryana,1,-
7387,adamsa,1,-
7388,roda,1,-
7389,stewarta,1,-
7390,marcusa,1,-
7391,millera,1,-
7392,wzruszać,1,BDA
7393,zobrazować,1,BAAA
7394,prestiż,1,ACACACB
7395,mapa,1,ADAAA
7396,włodek,1,-
7397,pendereckiego,1,-
7398,duma,1,ADAAA
7399,mirosława,1,-
7400,herbowskiego,1,-
7401,mileny,1,-
7402,kędry,1,-
7403,xix,1,-
7404,tauron,1,-
7405,cisza,1,ADACABB
7406,ballada,1,ADAAA
7407,przylecieć,1,BBBA
7408,hard,1,-
7409,soft,1,-
7410,fanami,1,-
7411,puszczany,1,BDA
7412,serdecznie,1,FB
7413,oczarować,1,BAAA
7414,szczerość,1,ADCCA
7415,dystans,1,ACACACA
7416,józefie,1,-
7417,chełmońskim,1,-
7418,oldze,1,-
7419,portretujący,1,BAAA
7420,majestatyczny,1,CAB
7421,przedstawiający,1,BDA
7422,bocian,1,ABABAAA
7423,chełmoński,1,-
7424,kilkuletni,1,CBB
7425,badawczoekspozycyjny,1,-
7426,zwiedzać,1,BDA
7427,artystka,1,ADAB
7428,boznańska,1,-
7429,kameralnie,1,FB
7430,skan,1,-
7431,gulis,1,-
7432,potraktować,1,BAAA
7433,stworzenie,1,AEBAA
7434,pełnoprawny,1,CAB
7435,zwierzkańców,1,-
7436,mamut,1,ABABAAA
7437,dzik,1,AAADBA
7438,gołąb,1,ABAABA
7439,aligatorzycą,1,-
7440,wzruszający,1,BDA
7441,powstały,1,BAFABD
7442,bednarski,1,CBA
7443,spacerować,1,BAAA
7444,most,1,ACAAAAA
7445,podmokły,1,CAB
7446,multimedialną,1,-
7447,międzymurze,1,-
7448,zbrojownia,1,ADACBAA
7449,bunkier,1,ACAABAA
7450,świętować,1,BAAA
7451,grafiozbiór,1,-
7452,migotliwy,1,CAB
7453,konfiguracja,1,ADACBAA
7454,zapachowy,1,CAB
7455,mocak,1,-
7456,janickiego,1,-
7457,dzienny,1,CAB
7458,nocny,1,CAB
7459,kolekcja,1,ADACBAA
7460,radosława,1,-
7461,kotarskiego,1,-
7462,youtubera,1,-
7463,podcastera,1,-
7464,obiecywać,1,BAAB
7465,szczegółowo,1,FA
7466,raportować,1,BAAA
7467,aleksandrowi,1,-
7468,plebiscyt,1,ACAAAAA
7469,bombardowany,1,BAAA
7470,skrzyknąć,1,BAEAA
7471,włączyć,1,BCCA
7472,zapaść,1,ADCCA
7473,dowiadywać się,1,-
7474,zagłosować,1,-
7475,badany,1,BDA
7476,zagadkowo,1,FC
7477,odnoga,1,ADAB
7478,zadłużenie,1,AEBAA
7479,skumulować,1,BAAA
7480,miliard,1,ACAABAA
7481,przeliczenie,1,AEBAA
7482,niespełna,1,GBBBBBA
7483,odziedziczony,1,CAB
7484,poprzednik,1,AAACBA
7485,majchrowski,1,-
7486,zadłużyć,1,BCCA
7487,przebić,1,AEBAA
7488,starobrat,1,-
7489,zadowolenie,1,AEBAA
7490,alarm,1,ACAAAAA
7491,smogowego,1,-
7492,ankietowany,1,BAAA
7493,poprzeć,1,BABA
7494,nieprzepisowy,1,CAB
7495,aut,1,ACAAAAA
7496,zwolniony,1,BBCB
7497,restrykcyjny,1,CAB
7498,uchwalony,1,BBCA
7499,zobowiązany,1,BAAFA
7500,sejmik,1,ACABA
7501,małopolskiego,1,-
7502,wieloletni,1,CBB
7503,wywóz,1,ACAAAAA
7504,śmiecić,1,BBCA
7505,odpłatny,1,CAB
7506,odpłatność,1,ADCCA
7507,podstrefie,1,-
7508,wydłużyć,1,BCCA
7509,obowiązywanie,1,AEBAA
7510,przeciętna,1,ADACCBA
7511,rocznie,1,FC
7512,dzielony,1,BBCA
7513,intratny,1,CAB
7514,posada,1,ADAAA
7515,brutto,1,CD
7516,wypłacany,1,BDA
7517,odchodne,1,-
7518,zgarnąć,1,BAEAA
7519,bogusław,1,-
7520,kośmider,1,-
7521,holding,1,ACABA
7522,dorzucać,1,BDA
7523,mianowicie,1,GBBAB
7524,wywieszanie,1,AEBAA
7525,flaga,1,ADAB
7526,eksponowanie,1,AEBAA
7527,patronat,1,ACAAAAA
7528,wołyńskiej,1,-
7529,obchody,1,AGAB
7530,pochód,1,ACAAAAA
7531,hipokryzja,1,ADACBAA
7532,wyprawiać,1,BDA
7533,trzaskowski,1,-
7534,przypodobać się,1,-
7535,święcie,1,FC
7536,skrytykować,1,BAAA
7537,tfu,1,GAB
7538,moralnie,1,FB
7539,społecznościowym,1,-
7540,antykościelnych,1,-
7541,lansować,1,BAAA
7542,odwoławczy,1,CAA
7543,zaglądać,1,BDA
7544,konkludować,1,BAAA
7545,słabszy,1,CAB
7546,pesel,1,-
7547,średnio,1,FC
7548,głosować,1,BAAA
7549,mądrze,1,FB
7550,hurra,1,GAB
7551,zirytowany,1,BAAA
7552,zdeterminowany,1,BAAA
7553,filipowicza,1,-
7554,częstochowie,1,-
7555,mamprawowiedziećpl,1,-
7556,doprowadzenie,1,AEBAA
7557,zbieranie,1,AEBAA
7558,samorządowców,1,-
7559,odwołany,1,BDA
7560,obronić,1,BBCA
7561,sopotu,1,-
7562,karnowski,1,-
7563,wiążący,1,BAAFA
7564,prezydentka,1,-
7565,zabrza,1,-
7566,inicjator,1,AAACAAAB
7567,szum,1,ACAAAAA
7568,rozpoznawalność,1,-
7569,karta,1,ABABAAA
7570,wizerunkowy,1,-
7571,socjolog,1,AAACBA
7572,jagiellońskiego,1,-
7573,gonić,1,BBCA
7574,króliczek,1,ABAC
7575,obrazowo,1,FC
7576,skromny,1,CAB
7577,zerowy,1,CAB
7578,skapitalizować,1,-
7579,wizerunkowym,1,-
7580,kmita,1,-
7581,wassermann,1,-
7582,jackiem,1,-
7583,majchrowskim,1,-
7584,konrad,1,-
7585,wybryk,1,ACABA
7586,ikei,1,-
7587,wygrana,1,ADACCBA
7588,rządzić,1,BBCA
7589,zaangażować,1,BAAA
7590,prawdziwie,1,FB
7591,limit,1,ACAAAAA
7592,klapa,1,ADAAA
7593,nadużycie,1,AEBAA
7594,sporządzanie,1,AEBAA
7595,umorzony,1,CAB
7596,szkodliwość,1,ADCCA
7597,cięcie,1,AEBAA
7598,rozczarowany,1,BAAA
7599,najgłośniej,1,FC
7600,referendalnej,1,-
7601,nieprzychylny,1,CAB
7602,kolejność,1,ADCCA
7603,wywołanie,1,AEBAA
7604,dostawać,1,BAAE
7605,populistyczne,1,-
7606,podnoszony,1,BBCA
7607,oponent,1,AAADAA
7608,niespójny,1,CAB
7609,zastać,1,BAFABD
7610,wprowadzany,1,BDA
7611,ratować,1,BAAA
7612,uzdrawiać,1,BDA
7613,skonstruować,1,BAAA
7614,zarządzać,1,BDA
7615,odpierać,1,BDA
7616,kolesiostwo,1,-
7617,kolesi,1,-
7618,populistyczny,1,-
7619,zatrudniać,1,BDA
7620,przejrzysty,1,CAB
7621,nabór,1,ACAAAAA
7622,przyjęty,1,BAFCB
7623,złożenie,1,AEBAA
7624,zawiadomienie,1,AEBAA
7625,komisarz,1,AAABD
7626,startujący,1,BAAA
7627,załamany,1,BAAFA
7628,zjadać,1,BDA
7629,kajzerka,1,ADAB
7630,przekąska,1,ADAB
7631,spożywanie,1,AEBAA
7632,pełnoziarnistych,1,-
7633,błonnik,1,ACABBA
7634,razowy,1,CAB
7635,przemiał,1,ACAAAAA
7636,dostarczać,1,BDA
7637,witamina,1,ADAAA
7638,grypa,1,ADAAA
7639,cynk,1,ACABA
7640,magnez,1,ACAAAAA
7641,owsiany,1,CAB
7642,górski,1,CBA
7643,f,1,-
7644,pełnoziarniste,1,-
7645,wspomagać,1,BDA
7646,perystaltyka,1,ADAB
7647,jelito,1,AEAAAB
7648,niewiedza,1,ADACABB
7649,małopolskich,1,-
7650,negatywnie,1,FB
7651,wpływający,1,BDA
7652,higieniczny,1,CAB
7653,mycie,1,AEBAA
7654,odzież,1,ADCAB
7655,bielizna,1,ADAAA
7656,żywienie,1,AEBAA
7657,etykieta,1,ADAAA
7658,odżywczy,1,CAA
7659,alergen,1,ACAAAAA
7660,zbilansować,1,BAAA
7661,nadwaga,1,ADAB
7662,insulinooporność,1,-
7663,uzależnienie,1,AEBAA
7664,rozpoznawać,1,BAAE
7665,chorobowe,1,AEBBB
7666,skórny,1,CAB
7667,brzuch,1,ACAABB
7668,wymioty,1,AGAB
7669,stolec,1,ACACBC
7670,zakaźny,1,CAB
7671,szczepienie,1,AEBAA
7672,zinterpretować,1,BAAA
7673,parametr,1,ACAAAAA
7674,bmi,1,-
7675,ciśnienie,1,AEBAA
7676,tętno,1,AEAAAB
7677,glukoza,1,ADAAA
7678,piszący,1,BAAFA
7679,jakoby,1,GBBBA
7680,przewodniczący,1,AAEB
7681,przyrodniczy,1,CAA
7682,konkursowy,1,CAB
7683,zaznaczanie,1,AEBAA
7684,wyręczać,1,BDA
7685,przekazywanie,1,AEBAA
7686,rozsypany,1,BAAFA
7687,fiasko,1,AEAAAA
7688,ustąpić,1,BBCA
7689,antyrodzinną,1,-
7690,permisywną,1,-
7691,systemowy,1,CAB
7692,deprawacja,1,ADACBAA
7693,abyście,1,-
7694,wyznaczanie,1,AEBAA
7695,władysław,1,-
7696,kosiniakkamysz,1,-
7697,barbara,1,-
7698,nowacka,1,-
7699,mon,1,-
7700,wiceministry,1,-
7701,lubnauer,1,-
7702,karola,1,-
7703,nawrockiego,1,-
7704,publicznie,1,FB
7705,przemycać,1,BDA
7706,rozwiewać,1,BDA
7707,narosłe,1,-
7708,archiwalny,1,CAB
7709,kazanie,1,AEBAA
7710,arcybiskup,1,AAADAA
7711,jędraszewskiego,1,-
7712,dialog,1,ACABA
7713,zadecydować,1,BAAA
7714,promować,1,BAAA
7715,wojewódzki,1,CBA
7716,krzysztofem,1,-
7717,komanderem,1,-
7718,kicz,1,ACACACB
7719,przystawać,1,BAAE
7720,obiegowy,1,CAB
7721,zrobienie,1,AEBAA
7722,wesele,1,AEBAA
7723,wojtka,1,-
7724,scenarzysta,1,AABDAA
7725,debiutować,1,BAAA
7726,producentka,1,-
7727,oświetlenie,1,AEBAA
7728,scenografka,1,-
7729,zgraja,1,ADACBABA
7730,dzieciak,1,AAADBB
7731,filmowiec,1,AAACBA
7732,cinekid,1,-
7733,amsterdamie,1,-
7734,sekcja,1,ADACBAA
7735,wstać,1,BAFABD
7736,wypalić,1,BBCA
7737,nuda,1,ADAAA
7738,owijać,1,BDA
7739,kurtuazyjny,1,CAB
7740,popracować,1,BAAA
7741,przyzwyczaić,1,BBCA
7742,rozsypać,1,BAAFA
7743,załatwić,1,BBCA
7744,przygodowy,1,CAB
7745,indianę,1,-
7746,jonesa,1,-
7747,stereotypowo,1,-
7748,napakowany,1,BAAA
7749,bodziec,1,ACACBC
7750,dopytać,1,BDA
7751,ogarniać,1,BDA
7752,siedmiolatek,1,AAADBA
7753,jedenastoletni,1,CBB
7754,spytać,1,BDA
7755,przestraszyć,1,BCCA
7756,zanudzić,1,BBCA
7757,pogrzeb,1,ACAAAAA
7758,dopełnić,1,BBCB
7759,tracić,1,BBCA
7760,kalkulacja,1,ADACBAA
7761,obliczony,1,CAB
7762,san,1,-
7763,sebastian,1,-
7764,sundance,1,-
7765,kurczę,1,AECA
7766,opowiadanie,1,AEBAA
7767,walor,1,ACAAAAA
7768,cynicznie,1,FB
7769,arkiem,1,-
7770,jakubikiem,1,-
7771,pogadać,1,BDA
7772,nieudolnie,1,FB
7773,emocjonalnie,1,FB
7774,dziesięcioletni,1,CBB
7775,obciążać,1,BDA
7776,nocleg,1,ACABA
7777,darmo,1,FC
7778,uprawniać,1,BDA
7779,bydło,1,AEAAAB
7780,branża,1,ADACABB
7781,przesiąknięty,1,BAEAA
7782,pić,1,AEBAA
7783,obrażać,1,BDA
7784,wyzyskiwać,1,BAAC
7785,uformowanie,1,AEBAA
7786,kółeczko,1,AEAAAA
7787,bezpieczniej,1,FC
7788,ciasteczko,1,AEAAAA
7789,przepadać,1,BDA
7790,pająk,1,ABAC
7791,zapewnić,1,BBCB
7792,struna,1,ADAAA
7793,obojętnie,1,FB
7794,tłuc,1,BAFCAB
7795,patyk,1,ACABBA
7796,kałuża,1,ADACABB
7797,wybrnąć,1,BAEAA
7798,urazić,1,BBCA
7799,wypowiedzieć,1,BDC
7800,rączka,1,ADAB
7801,stawać,1,BAAE
7802,mądrzejszy,1,CAB
7803,przekroczenie,1,AEBAA
7804,genialny,1,CAB
7805,groźnie,1,FB
7806,krzywdzić,1,BBCA
7807,znęcać,1,BDA
7808,bydgoszczy,1,-
7809,lucky,1,-
7810,bob,1,-
7811,janusz,1,-
7812,hetman,1,AAADAA
7813,gostomczyk,1,-
7814,zamurować,1,BAAA
7815,rozłożyć,1,BCCA
7816,intuicyjny,1,CAB
7817,amelią,1,-
7818,goldą,1,-
7819,odeprzeć,1,BABA
7820,cringe,1,-
7821,kompletnie,1,FB
7822,passa,1,ADAAA
7823,wstydzić się,1,-
7824,przewaga,1,ADAB
7825,peszyć,1,BCCA
7826,przyzwyczajony,1,BBCA
7827,nagrywanie,1,AEBAA
7828,ustawienie,1,AEBAA
7829,odgrywanie,1,AEBAA
7830,scenka,1,ADAB
7831,obiektyw,1,ACAAAAA
7832,testowy,1,CAB
7833,research,1,-
7834,wojtek,1,-
7835,poświęcać,1,BDA
7836,zgłębianie,1,AEBAA
7837,rzadkość,1,ADCCA
7838,opowiedzenie,1,AEBAA
7839,konsultować,1,BAAA
7840,zmontowanie,1,AEBAA
7841,nieznajoma,1,ADACCBA
7842,balans,1,ACACACA
7843,fabuła,1,ADAAA
7844,realizm,1,ACAAAAA
7845,przygoda,1,ADAAA
7846,troszkę,1,DF
7847,podrosnąć,1,BAEB
7848,obejrzenie,1,AEBAA
7849,płytka,1,ADAB
7850,szturchać,1,BDA
7851,wygadywać,1,BAAB
7852,nabity,1,BAFB
7853,spóźnić się,1,-
7854,najfajniejszy,1,CAB
7855,podskoczyć,1,BCCA
7856,pobeczeć,1,BCBA
7857,wartościowy,1,CAB
7858,usta,1,AGDAA
7859,spowodować,1,BAAA
7860,schlingel,1,-
7861,gala,1,ACACBAA
7862,moderator,1,ACAABAA
7863,amelce,1,-
7864,łańcuszek,1,ACABBA
7865,uzmysłowić,1,BBCA
7866,gal,1,ACACAA
7867,sms,1,-
7868,krzychu,1,-
7869,zakłuć,1,AEBAA
7870,amelkę,1,-
7871,wypchnąć,1,BAEAA
7872,savanny,1,-
7873,zamordowana,1,ADACCBA
7874,zastępczyni,1,ADBB
7875,szeryf,1,AAAAAA
7876,telefonować,1,BAAA
7877,alarmowy,1,CAB
7878,james,1,-
7879,jackson,1,-
7880,podpalić,1,BBCA
7881,dopuszczanie,1,AEBAA
7882,stalkingu,1,-
7883,przewrócić,1,BBCA
7884,prześladować,1,BAAA
7885,kontaktowanie,1,AEBAA
7886,savannę,1,-
7887,udusić,1,BBCA
7888,recydywista,1,AABDAA
7889,rządzony,1,BBCA
7890,uchwalić,1,BBCA
7891,przemocowców,1,-
7892,tama,1,ADAAA
7893,feminotece,1,-
7894,feminoteki,1,-
7895,novum,1,AEE
7896,gwałt,1,ACAAAAA
7897,molestowanie,1,AEBAA
7898,recydywa,1,ADAAA
7899,opisujący,1,CAA
7900,guardian,1,-
7901,uratowany,1,BAAA
7902,grochowskiej,1,-
7903,papierowy,1,CAB
7904,łapanie,1,AEBAA
7905,kozioł,1,ABABAAA
7906,zapłakać,1,BAAFA
7907,czysto,1,FA
7908,pisany,1,BAAFA
7909,jakubowskie,1,-
7910,białostocczyźnie,1,-
7911,niezapłacenie,1,-
7912,świerzb,1,ACAAAAA
7913,kraść,1,BAFAAAA
7914,guru,1,AAI
7915,dwuletni,1,CBB
7916,radkiem,1,-
7917,błogosławić,1,BBCA
7918,kapliczka,1,ADAB
7919,inkrustowany,1,BAAA
7920,szkiełko,1,AEAAAA
7921,właścicielka,1,ADAB
7922,wieść,1,BBCA
7923,firanka,1,ADAB
7924,obora,1,ADAAA
7925,nakarmić,1,BBCA
7926,inwentarz,1,ACACBBA
7927,studnia,1,ADACBAA
7928,mętny,1,CAB
7929,naczynia,1,AGDAA
7930,napomknąć,1,BAEAA
7931,siennik,1,ACABBA
7932,rozchylić,1,BBCA
7933,zanieść,1,BAFCAA
7934,płot,1,ACAAAAA
7935,uprzejmie,1,FB
7936,podziękować,1,BAAA
7937,zazdrosny,1,CAB
7938,uszyć,1,AEBAA
7939,przeciętny,1,CAB
7940,dzielnicowy,1,AAEC
7941,zdolny,1,CAB
7942,jasełka,1,AGDAA
7943,kosmos,1,ACAAAAA
7944,ogólniak,1,ACABBA
7945,małgosię,1,-
7946,cera,1,ADAAA
7947,lalka,1,ADAB
7948,wpadać,1,BDA
7949,okręcać,1,BDA
7950,pulchny,1,CAB
7951,pizzę,1,-
7952,kochana,1,ADACCBA
7953,żartować,1,BAAA
7954,dyplom,1,ACAAAAA
7955,niepotrzebny,1,CAB
7956,magisterium,1,AED
7957,marynarka,1,ADAB
7958,kobiecy,1,CAA
7959,lok,1,ACABBA
7960,przerzucony,1,BBCA
7961,druhna,1,ADAAA
7962,zawodówka,1,ADAB
7963,porcelana,1,ADAAA
7964,henryka,1,-
7965,dyskoteka,1,ADAB
7966,pobrać,1,BAAFA
7967,zazdrosnyjak,1,-
7968,obrazek,1,ACABBA
7969,pracownik,1,AAACBA
7970,płażyńskiego,1,-
7971,gdańsk,1,-
7972,intelektualny,1,CAB
7973,sajnóg,1,-
7974,kacprem,1,-
7975,płażyńskim,1,-
7976,spojrzenie,1,AEBAA
7977,altana,1,ADAAA
7978,mechanik,1,AAACBA
7979,poród,1,ACAAAAA
7980,wygrzewać,1,BDA
7981,rumuni,1,-
7982,armeńcy,1,-
7983,sercowo,1,-
7984,mącić,1,BBCA
7985,wyganiać,1,BDA
7986,komorne,1,AEBBB
7987,babcin,1,CCBBA
7988,obejście,1,AEBAA
7989,uporządkować,1,BAAA
7990,ubikacja,1,ADACBAA
7991,obudować,1,BAAA
7992,wysypisko,1,AEAAAA
7993,wykopać,1,BAAFA
7994,dołek,1,ACABBA
7995,obierki,1,AGBA
7996,fajerka,1,ADAB
7997,naliczyć,1,BCCA
7998,dziewięcioro,1,DDB
7999,pomyśleć,1,BBBA
8000,woreczek,1,ACABBA
8001,aura,1,ADAAA
8002,małgosią,1,-
8003,uzdrowiciela,1,-
8004,prać,1,BAAFA
8005,mózg,1,ACABA
8006,lubartowem,1,-
8007,synowa,1,ADACCAA
8008,obracać,1,BDA
8009,pierzchający,1,BDA
8010,sionka,1,ADAB
8011,szorty,1,AGAB
8012,gumowiec,1,ACACBC
8013,błyskać,1,BDA
8014,goły,1,CAB
8015,zdziwiony,1,BBCA
8016,fachowy,1,CAB
8017,sekretarka,1,ADAB
8018,warga,1,ADAB
8019,blond,1,CD
8020,chudy,1,CAB
8021,pędzelek,1,ACABBA
8022,mianować,1,BAAA
8023,wyprany,1,BAAFA
8024,kobiecość,1,ADCCA
8025,wolniutko,1,FC
8026,sień,1,ADCAAA
8027,opał,1,ACAAAAA
8028,izba,1,ADAAA
8029,chłopski,1,CBA
8030,ława,1,ADAAA
8031,wiklinowy,1,CAB
8032,koszyk,1,ACABBA
8033,kredka,1,ADAB
8034,klocek,1,ACABBA
8035,róg,1,ACABA
8036,posłanie,1,AEBAA
8037,foliowy,1,CAB
8038,wypchać,1,BDA
8039,siano,1,BAFBD
8040,śpiwór,1,ACAABAA
8041,koc,1,ACACBC
8042,gdzieniegdzie,1,GBABB
8043,posłać,1,BAAFA
8044,zwinięty,1,BAEAB
8045,tapeta,1,ADAAA
8046,wieszak,1,ACABBA
8047,korzenić się,1,-
8048,szmatka,1,ADAB
8049,tenisówka,1,ADAB
8050,przymocowany,1,BAAA
8051,gumka,1,ADAB
8052,skórzany,1,CAB
8053,rodzący,1,CAA
8054,krąg,1,ACABA
8055,jadać,1,BDA
8056,popijać,1,BDA
8057,apostolski,1,CBA
8058,spuchnąć,1,BAEB
8059,kredens,1,ACAAAAA
8060,masować,1,BAAA
8061,olejek,1,ACABA
8062,przesłuchać,1,BDA
8063,dawniej,1,FC
8064,kacmajorem,1,-
8065,pościągać,1,BDA
8066,bohomaz,1,ACAAAAA
8067,półsłówko,1,AEAAAA
8068,krzyżówka,1,ADAB
8069,wyłączać,1,BDA
8070,telewizor,1,ACAABAA
8071,zdenerwować,1,BAAA
8072,dezodorant,1,ACAAAAA
8073,basen,1,ACAAAAA
8074,wycieczka,1,ADAB
8075,czech,1,-
8076,luizie,1,-
8077,zabawka,1,ADAB
8078,śmierdzieć,1,BBBA
8079,wersalka,1,ADAB
8080,opłatek,1,ACABBA
8081,ciąża,1,ADACABB
8082,wyrodny,1,CAB
8083,wyplucie,1,AEBAA
8084,bałagan,1,ACAAAAA
8085,święty,1,AAEC
8086,nawiedzić,1,BBCA
8087,niepozorny,1,CAB
8088,otwarło,1,-
8089,samochodowy,1,CAB
8090,tynkować,1,BAAA
8091,sklepowa,1,ADACCBA
8092,marchew,1,ADCAAA
8093,proszek,1,ACABA
8094,urzędniczka,1,ADAB
8095,wylegitymować,1,BAAA
8096,świeżutki,1,CBA
8097,komendant,1,AAADAA
8098,wołkowycki,1,-
8099,wójt,1,AAAAAA
8100,juliana,1,-
8101,baran,1,ABABAAA
8102,lut,1,ACAAAAA
8103,werbunek,1,ACABA
8104,przynęta,1,ADAAA
8105,lazurowy,1,CAB
8106,najdroższa,1,ADACCBA
8107,wyjazd,1,ACAAAAA
8108,krzyknąć,1,BAEAA
8109,listonosz,1,AAABD
8110,żebyś,1,-
8111,pognać,1,BDA
8112,maluch,1,AAACBB
8113,wstawać,1,BAAE
8114,ciuch,1,ACAABB
8115,terlikowskiemu,1,-
8116,terlikowski,1,-
8117,osiłek,1,AAADBA
8118,pomieścić,1,BBCA
8119,polonez,1,ABABAAA
8120,wódka,1,ADAB
8121,zbroić,1,BBCA
8122,drzazga,1,ADAB
8123,ukryć,1,AEBAA
8124,strych,1,ACAAAB
8125,osłona,1,ADAAA
8126,jadwiga,1,-
8127,jabłuszewska,1,-
8128,teść,1,AAAAB
8129,roztrzaskać,1,BDA
8130,usiąść,1,BAFCAA
8131,kolonia,1,ADACBAA
8132,odtąd,1,GBABB
8133,zawisły,1,CAB
8134,heniek,1,-
8135,przywieźć,1,BAFCAA
8136,bosy,1,CAB
8137,ode,1,-
8138,balkon,1,ACAAAAA
8139,heńka,1,-
8140,pierś,1,ADCCA
8141,targ,1,ACABA
8142,odstępować,1,BAAA
8143,kawiarnia,1,ADACBAA
8144,mamusia,1,ADACBBB
8145,uśpić,1,BBCB
8146,czujność,1,ADCCA
8147,chrystusa,1,-
8148,prześwietlanie,1,AEBAA
8149,połykać,1,BDA
8150,ohydny,1,CAB
8151,nałożyć,1,BCCA
8152,koniak,1,ACABA
8153,wasz,1,EAABA
8154,kostkowski,1,-
8155,goświnowic,1,-
8156,pochłonąć,1,BAEAB
8157,zmartwychwstać,1,BAFABD
8158,bezpłodny,1,CAB
8159,oliwny,1,CAB
8160,żerdka,1,ADAB
8161,kolejno,1,FC
8162,wybujać,1,BDA
8163,żądza,1,ADACABB
8164,manipulator,1,AAACAAAB
8165,zbór,1,ACAAAAA
8166,posyłać,1,BDA
8167,jezus,1,-
8168,najinteligentniejszy,1,CAB
8169,plasować,1,BAAA
8170,hermetyczny,1,CAB
8171,głoszony,1,BBCA
8172,apostoł,1,AAAAAA
8173,podnóżek,1,ACABBA
8174,psalm,1,ACAAAAA
8175,dawidowych,1,-
8176,izajasza,1,-
8177,testament,1,ACAAAAA
8178,ateista,1,AABDAA
8179,lublina,1,-
8180,puławy,1,-
8181,kielce,1,-
8182,pekaes,1,ACAAAAA
8183,taksówka,1,ADAB
8184,pieszo,1,FC
8185,wygnać,1,BDA
8186,baba,1,ADAAA
8187,wrzeszczeć,1,BCBA
8188,przepędzać,1,BDA
8189,rynsztok,1,ACABBA
8190,chustka,1,ADAB
8191,kij,1,ACACBC
8192,okrążać,1,BDA
8193,wykręcić,1,BBCA
8194,ogrodzenie,1,AEBAA
8195,notes,1,ACAAAAA
8196,wstąpić,1,BBCA
8197,zrzeszający,1,BDA
8198,wnuczka,1,AAAAB
8199,nakazać,1,BAAFA
8200,komornik,1,AAACBA
8201,wyegzekwować,1,BAAA
8202,pluton,1,ACAAAAA
8203,razdwa,1,-
8204,hełm,1,ACAAAAA
8205,pałka,1,ADAB
8206,szpaler,1,ACAAAAA
8207,agalliasis,1,-
8208,podporządkować,1,BAAA
8209,bajan,1,ACAABAA
8210,senator,1,AAACAAAB
8211,marii,1,-
8212,łopatkowy,1,CAB
8213,ryszarda,1,-
8214,interpelacja,1,ADACBAA
8215,niepowodzenie,1,AEBAA
8216,podinspektor,1,-
8217,czerwiński,1,-
8218,współżyć,1,AEBAA
8219,seksualnie,1,FB
8220,marianowi,1,-
8221,szósty,1,CAB
8222,stryj,1,AAAAB
8223,radka,1,-
8224,krępować,1,BAAA
8225,ożenek,1,ACABA
8226,doniesienie,1,AEBAA
8227,załatwiać,1,BDA
8228,adopcyjny,1,CAB
8229,opętana,1,ADACCBA
8230,psychika,1,ADAB
8231,opieszałość,1,ADCCA
8232,leszek,1,-
8233,miller,1,-
8234,urm,1,-
8235,małoletni,1,CBB
8236,czasowo,1,FC
8237,przetrzymywany,1,BAAB
8238,obowiązany,1,CAB
8239,przeszkoda,1,ADAAA
8240,natrafiać,1,BDA
8241,eliminacja,1,ADACBAA
8242,niedostatek,1,ACABA
8243,sumienie,1,AEBAA
8244,tworzony,1,CAB
8245,wyznaniowy,1,CAB
8246,poselski,1,CBA
8247,ryszard,1,-
8248,nowak,1,-
8249,odcedzać,1,BDA
8250,pierog,1,ABAC
8251,tajemniczy,1,CAA
8252,nelson,1,ABABAAA
8253,martę,1,-
8254,opiec,1,BAFCAB
8255,zastępczy,1,CAA
8256,bochenek,1,ACABBA
8257,kąpiel,1,ADCAAA
8258,kąpać,1,BAAFA
8259,zasiadły,1,CAB
8260,cegła,1,ADAAA
8261,sprawnie,1,FB
8262,obrać,1,BAAFA
8263,kiwi,1,ACF
8264,skrobać,1,BAAFA
8265,ziemniak,1,ABAC
8266,pochwalić,1,BBCA
8267,osobny,1,CAB
8268,pokora,1,ADAAA
8269,przetrzymywanie,1,AEBAA
8270,tok,1,ACABA
8271,hajnówce,1,-
8272,łosoś,1,ABAABA
8273,sprzedawczyni,1,ADBB
8274,zaległy,1,BAFAAB
8275,odsiedzieć,1,BBBA
8276,kolegium,1,AED
8277,niebianin,1,AAABBA
8278,meldunkowy,1,CAB
8279,wrocławskiej,1,-
8280,oblatów,1,-
8281,umiłować,1,BAAA
8282,umiłowany,1,BAAA
8283,małgorzaty,1,-
8284,zerówki,1,-
8285,czynsz,1,ACACACB
8286,ps,1,-
8287,wynająć,1,BAFCB
8288,zmieniony,1,BBCA
8289,sebastiana,1,-
8290,kellera,1,-
8291,odcinek,1,ACABBA
8292,agnieszką,1,-
8293,pilip,1,-
8294,intuicja,1,ADACBAA
8295,inkluzywność,1,-
8296,żebyśmy,1,-
8297,twórczy,1,CAA
8298,pchać,1,BDA
8299,przemek,1,-
8300,kossakowski,1,-
8301,zagadać,1,BDA
8302,odwrotnie,1,FC
8303,ekscytacja,1,ADACBAA
8304,idiots,1,-
8305,zaskoczenie,1,AEBAA
8306,uśmiechnąć się,1,-
8307,bezwzględny,1,CAB
8308,zastanawianie się,1,-
8309,zwodniczy,1,CAA
8310,wnosić,1,BBCA
8311,łucznik,1,AAACBA
8312,ukąszenie,1,AEBAA
8313,kompan,1,AAADAA
8314,konstytuować,1,BAAA
8315,współczesność,1,ADCCA
8316,powodować,1,BAAA
8317,czynić,1,BBCA
8318,inspirowany,1,BAAA
8319,przetrwanie,1,AEBAA
8320,nieunikniony,1,CAB
8321,wypowiedź,1,ADCCA
8322,niedosłownym,1,-
8323,przymierzać,1,BDA
8324,parafrazować,1,BAAA
8325,filoktetem,1,-
8326,traf,1,ACAAAAA
8327,mieścić,1,BBCA
8328,filoktecie,1,-
8329,fetyszyzować,1,BAAA
8330,fajnie,1,FB
8331,demonizować,1,BAAA
8332,ciekawić,1,BBCA
8333,kąsać,1,BDA
8334,boleśnie,1,FB
8335,założycielka,1,ADAB
8336,zarazić,1,BBCA
8337,zaobserwować,1,BAAA
8338,uwidaczniać,1,BDA
8339,humor,1,ACAAAAA
8340,warsztatowy,1,CAB
8341,przytulić,1,BBCA
8342,powitanie,1,AEBAA
8343,uściskać,1,BDA
8344,runda,1,ADAAA
8345,herbata,1,ADAAA
8346,poczuć,1,AEBAA
8347,porozumieć się,1,-
8348,koleżeński,1,CBA
8349,bezpośredniość,1,ADCCA
8350,onieśmielać,1,BDA
8351,definiować,1,BAAA
8352,wyzwalający,1,BDA
8353,treściwy,1,CAB
8354,komunikatywny,1,CAB
8355,przejrzenie,1,AEBAA
8356,taryfa,1,ADAAA
8357,ulgowy,1,CAB
8358,podpowiedzieć,1,BDC
8359,reżyserka,1,ADAB
8360,wielgus,1,-
8361,empatyczni,1,-
8362,ktokolwiek,1,EFE
8363,wyczuć,1,AEBAA
8364,dziwnie,1,FB
8365,pobłażliwość,1,ADCCA
8366,improwizować,1,BAAA
8367,improwizacja,1,ADACBAA
8368,niepoprawnie,1,FB
8369,nieprzewidywalne,1,-
8370,siadać,1,BDA
8371,nieznane,1,AEBBB
8372,niepostrzeżenie,1,FC
8373,rozwój,1,ACACACB
8374,filokteją,1,-
8375,serialowa,1,-
8376,rozmaitość,1,ADCCA
8377,kowalczykiem,1,-
8378,psychoterapeuta,1,AABDAA
8379,jurek,1,-
8380,stereotyp,1,ACAAAAA
8381,ochota,1,ADAAA
8382,przytaczać,1,BDA
8383,piotrem,1,-
8384,p,1,-
8385,świniarskim,1,-
8386,krawczykiem,1,-
8387,płonąć,1,BAEAB
8388,unieważniać,1,BDA
8389,narzucać,1,BDA
8390,wzorzec,1,ACACBC
8391,marią,1,-
8392,beisert,1,-
8393,zaspokajać,1,BDA
8394,ejakulacja,1,ADACBAA
8395,mianownik,1,ACABBA
8396,unikanie,1,AEBAA
8397,rozpaczliwy,1,CAB
8398,odmowa,1,ADAAA
8399,odrzucenie,1,AEBAA
8400,widoczny,1,CAB
8401,wierzchołek,1,ACABBA
8402,lodowej,1,-
8403,spód,1,ACAAAAA
8404,zmęczenie,1,AEBAA
8405,hormon,1,ACAAAAA
8406,mozaika,1,ADAB
8407,uwarunkowanie,1,AEBAA
8408,sercowonaczyniowe,1,-
8409,schorzenie,1,AEBAA
8410,uboczny,1,CAB
8411,przyjmowany,1,BAAA
8412,niebagatelny,1,CAB
8413,wyhamować,1,BAAA
8414,przemęczenie,1,AEBAA
8415,wyczerpanie,1,AEBAA
8416,wypalony,1,BBCA
8417,zawodowo,1,FC
8418,akurat,1,FC
8419,silnie,1,FB
8420,przyjrzenie się,1,-
8421,biseksualny,1,CAB
8422,wiązanie,1,AEBAA
8423,nasuwać,1,BDA
8424,spontaniczny,1,CAB
8425,responsywne,1,-
8426,czułość,1,ADCCA
8427,spieszyć,1,BCCA
8428,spirala,1,ADACBABA
8429,ironia,1,ADACBAA
8430,skuteczność,1,ADCCA
8431,testowanie,1,AEBAA
8432,przenoszenie,1,AEBAA
8433,dotyk,1,ACABA
8434,obniżać,1,BDA
8435,personalizacji,1,-
8436,wymsknąć,1,-
8437,zacytować,1,BAAA
8438,intencja,1,ADACBAA
8439,zapamiętać,1,BDA
8440,zbliżenie,1,AEBAA
8441,dudnić,1,BBCB
8442,zdrada,1,ADAAA
8443,udawanie,1,AEBAA
8444,zrazić,1,BBCA
8445,ignorowanie,1,AEBAA
8446,utrwalać,1,BDA
8447,rozróżnić,1,BBCB
8448,długotrwały,1,CAB
8449,powodujący,1,BAAA
8450,dojmujący,1,BAAA
8451,zasugerować,1,BAAA
8452,martwić,1,BBCA
8453,defekt,1,ACAAAAA
8454,udanie,1,AEBAA
8455,psychologa,1,-
8456,leczenie,1,AEBAA
8457,rozpoznanie,1,AEBAA
8458,zniechęcić,1,BBCA
8459,poszukanie,1,AEBAA
8460,wyprzedzać,1,BDA
8461,mecz,1,ACACACB
8462,zapłon,1,ACAAAAA
8463,suplement,1,ACAAAAA
8464,kuszący,1,BBCA
8465,ambicja,1,ADACBAA
8466,intymny,1,CAB
8467,przeciętnie,1,FB
8468,wykształcony,1,BBCA
8469,psychoaktywnych,1,-
8470,stuprocentowy,1,CAB
8471,wyleczyć,1,BCCA
8472,całkowity,1,CAB
8473,adekwatny,1,CAB
8474,dojrzałość,1,ADCCA
8475,seksualności,1,-
8476,skłonny,1,CAB
8477,sprawczość,1,-
8478,miernik,1,ACABBA
8479,rozładowanie,1,AEBAA
8480,zauważony,1,CAB
8481,nieoceniający,1,-
8482,operować,1,BAAA
8483,zaciekawienie,1,AEBAA
8484,bazować,1,BAAA
8485,preferencja,1,ADACBAA
8486,słuchanie,1,AEBAA
8487,gorączka,1,ADAB
8488,wahać,1,BDA
8489,trójka,1,ADAB
8490,pilność,1,ADCCA
8491,przykładać,1,BDA
8492,regulować,1,BAAA
8493,podwyższyć,1,BCCB
8494,obniżyć,1,BCCA
8495,demotywuje,1,-
8496,stresować,1,BAAA
8497,kuśmierz,1,-
8498,praworządność,1,ADCCA
8499,popularnie,1,FB
8500,zatwierdzić,1,BBCA
8501,przeprowadzanie,1,AEBAA
8502,bożena,1,-
8503,kuratorium,1,AED
8504,ekspertka,1,-
8505,zbieg,1,AAAAB
8506,rozpoczynać,1,BDA
8507,określenie,1,AEBAA
8508,pytający,1,BDA
8509,chętny,1,CAB
8510,upłynąć,1,BAEAB
8511,polonistka,1,ADAB
8512,katowickich,1,-
8513,uczniowski,1,CBA
8514,wzmożony,1,CAB
8515,motywacja,1,ADACBAA
8516,odprawiać,1,BDA
8517,kwitek,1,ACABBA
8518,wywierać,1,BDA
8519,zasypywać,1,BAAB
8520,julka,1,-
8521,kuba,1,-
8522,podsumowanie,1,AEBAA
8523,przyłożyć,1,BCCA
8524,kontynuowanie,1,AEBAA
8525,uzupełnienie,1,AEBAA
8526,rzeczniczka,1,ADAB
8527,pełnoletni,1,CBB
8528,uzyskanie,1,AEBAA
8529,zaliczenie,1,AEBAA
8530,korzystający,1,BDA
8531,gorący,1,CAA
8532,kalkulator,1,AAACAAAB
8533,uzyskany,1,BDA
8534,automatycznie,1,FB
8535,ania,1,-
8536,pomimo,1,GBBAA
8537,uczennica,1,ADACABB
8538,śródroczną,1,-
8539,opanowanie,1,AEBAA
8540,pomagający,1,BDA
8541,marzena,1,-
8542,metodyczka,1,ADAB
8543,niezgodny,1,CAB
8544,wpisać,1,BAAFA
8545,czasownik,1,ACABBA
8546,odmienić,1,BBCA
8547,zaimek,1,ACABBA
8548,palec,1,ACACBC
8549,gramatyka,1,AAACBA
8550,leksyka,1,ADAB
8551,wymowa,1,ADAAA
8552,intonacja,1,ADACBAA
8553,rozmówca,1,AABCBB
8554,adekwatnie,1,FB
8555,wyuczenie,1,AEBAA
8556,faktyczny,1,CAB
8557,komunikacyjny,1,CAB
8558,demotywująco,1,-
8559,obiektywniej,1,-
8560,stronniczość,1,ADCCA
8561,zżymać się,1,-
8562,autonomia,1,ADACBAA
8563,hopla,1,GAB
8564,cisnąć,1,BAEAA
8565,rankingi,1,-
8566,janina,1,-
8567,sabat,1,ACAAAAA
8568,nauczycielka,1,ADAB
8569,chorzowa,1,-
8570,opisowy,1,CAB
8571,uosobienie,1,AEBAA
8572,porzucenie,1,AEBAA
8573,korporacyjny,1,CAB
8574,szczur,1,ABABAAA
8575,zatłoczony,1,CAB
8576,bezosobowy,1,CAB
8577,biurowiec,1,ACACBC
8578,sytuowany,1,BAAA
8579,brytyjskiej,1,-
8580,eton,1,-
8581,college,1,-
8582,brighton,1,-
8583,zatrudnić,1,BBCB
8584,zapleczu,1,-
8585,awansować,1,BAAA
8586,kucharz,1,AAABD
8587,nobel,1,ACACBAA
8588,rota,1,ADAAA
8589,wyczerpujący,1,CAA
8590,napój,1,BBCA
8591,energetyczny,1,CAB
8592,adrenalina,1,ADAAA
8593,skraj,1,ACACACB
8594,jasny,1,CAB
8595,dostawca,1,AABCBB
8596,hodowany,1,BAAA
8597,oddalać,1,BDA
8598,zrozumieć,1,BDBA
8599,londyn,1,-
8600,zamieszkać,1,BDA
8601,suffolk,1,-
8602,zmuszać,1,BDA
8603,wątróbka,1,ADAB
8604,ozór,1,ACAABAA
8605,podroby,1,AGAB
8606,dorset,1,-
8607,mroźny,1,CAB
8608,ogrzewać,1,BDA
8609,narodzony,1,BBCA
8610,jagnić się,1,-
8611,ogródek,1,ACABBA
8612,doglądać,1,BDA
8613,odżywiać,1,BDA
8614,filozofia,1,ADACBAA
8615,zabiegany,1,BDA
8616,kucharski,1,CBA
8617,table,1,-
8618,niedostępny,1,CAB
8619,zmarnować,1,BAAA
8620,dynia,1,ADACBABA
8621,szałwia,1,ADACBAA
8622,orzech,1,ABABAAB
8623,laskowy,1,CAB
8624,serwować,1,BAAA
8625,malowniczy,1,CAA
8626,sophie,1,-
8627,dahl,1,-
8628,etycznie,1,FB
8629,wegetarianin,1,AAABAA
8630,weganinem,1,-
8631,orędownik,1,AAACBA
8632,etyczny,1,CAB
8633,spożycie,1,AEBAA
8634,produkowany,1,BAAA
8635,dobrostanu,1,-
8636,owczy,1,CAA
8637,importować,1,BAAA
8638,irracjonalny,1,CAB
8639,sensowny,1,CAB
8640,biznesowo,1,-
8641,świnia,1,ADACBABA
8642,british,1,-
8643,primitive,1,-
8644,hebridean,1,-
8645,pszczoła,1,ADAAA
8646,hodować,1,BAAA
8647,swobodny,1,CAB
8648,instynkt,1,ACAAAAA
8649,obrazować,1,BAAA
8650,złożoność,1,ADCCA
8651,supermarkecie,1,-
8652,anonimowość,1,ADCCA
8653,fenomen,1,AAACAAAB
8654,arcydzieło,1,AEAAAB
8655,rustykalny,1,CAB
8656,truskawka,1,ADAB
8657,cyfrową,1,-
8658,fast,1,-
8659,foodu,1,-
8660,wynos,1,-
8661,wiejski,1,CBA
8662,buchmann,1,-
8663,puttanesca,1,-
8664,filecików,1,-
8665,kalamata,1,-
8666,wlać,1,BAFBD
8667,rozgniatać,1,BDA
8668,fileciki,1,-
8669,opłukać,1,BAAFA
8670,kran,1,ACAAAAA
8671,otrząsnąć,1,BAEAA
8672,starannie,1,FB
8673,ostrożeń,1,ACACBAA
8674,dosalać,1,BDA
8675,słony,1,CAB
8676,zrównoważyć,1,BCCA
8677,kwasowość,1,ADCCA
8678,rozdrobnić,1,BBCB
8679,palnik,1,ACABBA
8680,zagotować,1,BAAA
8681,osolony,1,BBCA
8682,wrzątek,1,ACABA
8683,ugotować,1,BAAA
8684,kubek,1,ACABBA
8685,posypać,1,BAAFA
8686,buraczany,1,CAB
8687,jabłkowy,1,CAB
8688,śmietana,1,ADAAA
8689,kremówka,1,ADAB
8690,węgorz,1,ABAAC
8691,chrzan,1,ACAAAAA
8692,kozi,1,CBB
8693,ser,1,ACAABAA
8694,jogurt,1,ACAAAAA
8695,prażony,1,CAB
8696,wyszorować,1,BAAA
8697,zlew,1,ACAAAAA
8698,piasek,1,ACABA
8699,obierać,1,BDA
8700,przycinać,1,BDA
8701,wrzenie,1,AEBAA
8702,ostrze,1,AEBAB
8703,ostygły,1,CAB
8704,zejście,1,AEBAA
8705,naciśnięcie,1,AEBAA
8706,satysfakcjonujący,1,BAAA
8707,rękawica,1,ADACABB
8708,różowy,1,CAB
8709,wysokoobrotowy,1,CAB
8710,blendera,1,-
8711,gęsty,1,CAB
8712,lać,1,BAFBD
8713,octowy,1,CAB
8714,przełamywać,1,BAAB
8715,nadmierny,1,CAB
8716,ziemistość,1,-
8717,rozjaśniać,1,BDA
8718,napowietrzać,1,BDA
8719,cudownie,1,FB
8720,aksamitny,1,CAB
8721,konsystencja,1,ADACBAA
8722,doprawiać,1,BDA
8723,przybrać,1,BAAFA
8724,przechować,1,BDA
8725,lodówka,1,ADAB
8726,zamrozić,1,BBCA
8727,deszczowy,1,CAB
8728,pikantny,1,CAB
8729,papryka,1,ADAB
8730,uprażyć,1,BCCA
8731,rozetrzeć,1,BABA
8732,moździerz,1,ACACBBA
8733,suszony,1,CAB
8734,filet,1,ACAABAA
8735,dzwonek,1,ACABBA
8736,morszczuk,1,ABAC
8737,rdzawiec,1,-
8738,halibut,1,ABABAAA
8739,okoń,1,ABAABA
8740,itp,1,-
8741,patelnia,1,ADACBAA
8742,rozgrzać,1,BAFBD
8743,zmiękły,1,CAB
8744,pachnieć,1,BACC
8745,przywrzeć,1,BABA
8746,rozgnieść,1,BAFCAA
8747,dodanie,1,AEBAA
8748,zetrzeć,1,BABA
8749,wycisnąć,1,BAEAA
8750,odstawa,1,ADAAA
8751,cytryna,1,ADAAA
8752,gęstnieć,1,BAD
8753,trzepaczka,1,ADAB
8754,rzadki,1,CBA
8755,posmakować,1,BAAA
8756,ewentualnie,1,FB
8757,sola,1,ABAABA
8758,ilub,1,-
8759,posolić,1,BBCA
8760,zanurzyć,1,BCCA
8761,grubość,1,ADCCA
8762,rozpadać się,1,-
8763,pity,1,BAFB
8764,kuskusem,1,-
8765,okrasz,1,-
8766,kości,1,AGBC
8767,tarty,1,CAB
8768,żółtko,1,AEAAAA
8769,estragon,1,ACAAAAA
8770,otarty,1,CAB
8771,niewoskowanej,1,-
8772,pieprz,1,ABAAC
8773,smażenie,1,AEBAA
8774,łodyga,1,ADAB
8775,naciowy,1,CAB
8776,cienko,1,FA
8777,przekrojony,1,BBCA
8778,wzdłuż,1,FC
8779,śmietanka,1,ADAB
8780,malaksera,1,-
8781,pasta,1,ADAAA
8782,olej,1,BAFBD
8783,kotlecik,1,ABAC
8784,żeliwny,1,CAB
8785,zrumienić,1,BBCA
8786,zaczekać,1,BDA
8787,przestygnąć,1,BAEB
8788,skosztować,1,BAAA
8789,utoczyć,1,BCCA
8790,rumiano,1,FC
8791,przepełniać,1,BDA
8792,odłożyć,1,BCCA
8793,wytopiony,1,BBCA
8794,tłuszcz,1,ACACACB
8795,niezrumieniona,1,-
8796,hollywoodzki,1,-
8797,richarda,1,-
8798,linklatera,1,-
8799,transparent,1,ACAAAAA
8800,glena,1,-
8801,tytułowy,1,CAB
8802,szelmowsko,1,FC
8803,ściskać,1,BDA
8804,pozować,1,BAAA
8805,fotka,1,ADAB
8806,rozpromienić,1,BBCA
8807,zasilić,1,BBCA
8808,chutsky,1,-
8809,Tatar,1,AAACAAAB
8810,cyndy,1,-
8811,powellowie,1,-
8812,zadrwili,1,-
8813,podbić,1,AEBAA
8814,postawny,1,CAB
8815,szczęka,1,ADAB
8816,timothe,1,-
8817,chalameta,1,-
8818,antagonista,1,AABDAA
8819,udowodnić,1,BBCB
8820,futbolowy,1,CAB
8821,siódemka,1,ADAB
8822,ryzykowny,1,CAB
8823,wujek,1,AAAAB
8824,nastoletni,1,CBB
8825,opona,1,ADAAA
8826,traktor,1,ACAABAA
8827,ujarzmiać,1,BDA
8828,gq,1,-
8829,strzelnica,1,ADACABB
8830,wystawiać,1,BDA
8831,rozstawać się,1,-
8832,denzela,1,-
8833,washingtona,1,-
8834,perfekcyjnie,1,-
8835,elegancko,1,FA
8836,harvardu,1,-
8837,edowi,1,-
8838,richard,1,-
8839,gere,1,-
8840,powellem,1,-
8841,mylny,1,CAB
8842,młodzieniec,1,AAACAAAA
8843,angeles,1,-
8844,castingi,1,-
8845,wiotki,1,CBA
8846,blady,1,CAB
8847,wielkooki,1,CBA
8848,zbudowany,1,BAAA
8849,opalony,1,BBCA
8850,wyświetlać,1,BDA
8851,iron,1,ACAAAAA
8852,mana,1,-
8853,wygodny,1,CAB
8854,garaż,1,ACACAB
8855,zaprzyjaźniony,1,BBCA
8856,nadsyłany,1,BDA
8857,desperacja,1,ADACBAA
8858,sylvestra,1,-
8859,stallonea,1,-
8860,kompletować,1,BAAA
8861,obsada,1,ADAAA
8862,niezniszczalny,1,CAB
8863,głupi,1,CBB
8864,najemnik,1,AAACBA
8865,składający,1,BDA
8866,arnold,1,-
8867,schwarzenegger,1,-
8868,harrison,1,-
8869,ford,1,ABABAAA
8870,dolph,1,-
8871,lundgren,1,-
8872,jet,1,-
8873,li,1,-
8874,statham,1,-
8875,teksańczykiem,1,-
8876,ryan,1,-
8877,murphy,1,-
8878,obsadzać,1,BDA
8879,krzyk,1,ACABA
8880,jama,1,ADAAA
8881,lee,1,-
8882,curtis,1,-
8883,drgnąć,1,BAEAA
8884,astronauta,1,AABDAA
8885,glenna,1,-
8886,nominowanym,1,-
8887,oscara,1,-
8888,ukryty,1,BAFB
8889,swatać,1,BDA
8890,próbny,1,CAB
8891,startować,1,BAAA
8892,roostera,1,-
8893,goosea,1,-
8894,mavericka,1,-
8895,pragnąć,1,BAEAAD
8896,butler,1,-
8897,miles,1,-
8898,nicholas,1,-
8899,hoult,1,-
8900,załamać,1,BAAFA
8901,joseph,1,-
8902,kosinski,1,-
8903,postprodukcji,1,-
8904,godzić,1,BBCA
8905,streamingowych,1,-
8906,richardem,1,-
8907,linklaterem,1,-
8908,wykładowca,1,AABCBB
8909,łapać,1,BAAFA
8910,prześmiewcze,1,-
8911,topnieć,1,BAD
8912,oszczędności,1,AGBC
8913,przebojem,1,FC
8914,logo,1,-
8915,jon,1,ACAAAAA
8916,hamm,1,-
8917,opalenizna,1,ADAAA
8918,muskulatura,1,ADAAA
8919,niegrzeczny,1,CAB
8920,sydney,1,-
8921,niespodzianka,1,ADAB
8922,zakochiwać się,1,-
8923,marnie,1,FB
8924,poczta,1,ADAAA
8925,pantoflowy,1,CAB
8926,plotkować,1,BAAA
8927,monolog,1,ACABA
8928,zasiany,1,BAFBD
8929,entuzjastyczny,1,CAB
8930,wenecji,1,-
8931,wyświetlanie,1,AEBAA
8932,netflix,1,-
8933,ugruntować,1,BAAA
8934,przebranie,1,AEBAA
8935,żałosny,1,CAB
8936,twisters,1,-
8937,zrobiony,1,BBCA
8938,rozmach,1,ACAAAB
8939,katastroficzny,1,CAB
8940,łowca,1,AABCBB
8941,południowiec,1,AAACBA
8942,kowbojski,1,CBA
8943,kapelusz,1,ACACBBA
8944,poklask,1,ACABA
8945,fajerwerk,1,ACABA
8946,wyważyć,1,BCCA
8947,teksańczyk,1,-
8948,mcconaughey,1,-
8949,matrix,1,-
8950,podłączać,1,BDA
8951,akwarium,1,AED
8952,rybka,1,ADAB
8953,pływać,1,BDA
8954,kółko,1,AEAAAA
8955,wystawiony,1,BBCA
8956,konkurować,1,BAAA
8957,brisket,1,-
8958,obserwator,1,AAACAAAB
8959,weterynarz,1,AAABD
8960,uciekinier,1,AAACAAAB
8961,powieść,1,ADCCA
8962,stephena,1,-
8963,kinga,1,-
8964,schwarzeneggerem,1,-
8965,edgara,1,-
8966,wrighta,1,-
8967,komediowy,1,CAB
8968,chad,1,-
8969,powers,1,-
8970,zdyskredytowany,1,BAAA
8971,huntington,1,-
8972,fantasy,1,-
8973,ghostwriter,1,-
8974,jj,1,-
8975,abrams,1,-
8976,idol,1,AAABCA
8977,tom,1,ACAAAAA
8978,magia,1,ADACBAA
8979,przyciągnąć,1,BAEAA
8980,dopasowywanie,1,AEBAA
8981,nieautentyczny,1,CAB
8982,rozdawać,1,BAAE
8983,mr,1,-
8984,niemęski,1,CBA
8985,kumpel,1,AAABCA
8986,piwo,1,AEAAAB
8987,sauna,1,ADAAA
8988,istotnie,1,FB
8989,jasona,1,-
8990,park,1,ACABA
8991,jurajski,1,CBA
8992,kowboj,1,AAABAB
8993,westchnienie,1,AEBAA
8994,twoje,1,EDAB
8995,piesek,1,ABAC
8996,pacha,1,ADAAA
8997,determinacja,1,ADACBAA
8998,podziw,1,ACAAAAA
8999,niechęć,1,ADCCA
9000,oldskulowym,1,-
9001,rozbłysnąć,1,BAEAA
9002,mocniej,1,FC
9003,łatwizna,1,ADAAA
9004,toksyczny,1,CAB
9005,krążyć,1,BCCA
9006,maraton,1,ACAAAAA
9007,dwaj,1,DABAA
9008,pogubiony,1,BBCA
9009,niezdolny,1,CAB
9010,dryfujący,1,BAAA
9011,autodestrukcją,1,-
9012,odkupienie,1,AEBAA
9013,uczynić,1,BBCA
9014,perfekcjonizm,1,ACAAAAA
9015,bystrzejszy,1,CAB
9016,hazard,1,ACAAAAA
9017,charyzmatyczny,1,CAB
9018,pięknie,1,FB
9019,opakowany,1,BAAA
9020,fikcja,1,ADACBAA
9021,wypożyczony,1,CAB
9022,stolik,1,ACABBA
9023,przykrywać,1,BDA
9024,kredyt,1,ACAAAAA
9025,splatać,1,BDA
9026,klaseru,1,-
9027,parking,1,ACABA
9028,oznajmiać,1,BDA
9029,znoszący,1,BBCA
9030,jajka,1,AGDAA
9031,słać,1,BAAFA
9032,gęsto,1,FA
9033,kiepski,1,CBA
9034,przemilczany,1,BDA
9035,pragnienie,1,AEBAA
9036,misternie,1,FB
9037,kruszyć,1,BCCA
9038,krasomówczy,1,CAA
9039,przemowa,1,ADAAA
9040,blichtr,1,ACAAAAA
9041,zawalić,1,BBCA
9042,napadać,1,BDA
9043,vincem,1,-
9044,jakeem,1,-
9045,cofać,1,BDA
9046,napad,1,ACAAAAA
9047,wierzyciel,1,AAABCA
9048,zainwestować,1,BAAA
9049,głębiej,1,FC
9050,nowojorski,1,-
9051,półświatek,1,ACABBA
9052,pociągać,1,BDA
9053,oczyszczenie,1,AEBAA
9054,szczelina,1,ADAAA
9055,wypływać,1,BDA
9056,tłumiony,1,BBCA
9057,jork,1,-
9058,blask,1,ACABA
9059,neon,1,ACAAAAA
9060,wilgotny,1,CAB
9061,zakurzony,1,CAB
9062,trafnie,1,FB
9063,sensacja,1,ADACBAA
9064,bum,1,ACAAAAA
9065,subtelny,1,CAB
9066,meandrować,1,BAAA
9067,zmierzać,1,BDA
9068,spłycony,1,BBCA
9069,odsłonić,1,BBCA
9070,intryga,1,ADAB
9071,uroda,1,ADAAA
9072,dumbledore,1,-
9073,drażnić,1,BBCB
9074,dłużny,1,CAB
9075,pętla,1,ADACBAA
9076,lojalność,1,ADCCA
9077,popękany,1,BDA
9078,domyślać,1,BDA
9079,alkoholik,1,AAACBA
9080,odciskać,1,BDA
9081,samoczyszczące,1,-
9082,filtr,1,ACAAAAA
9083,neutralizować,1,BAAA
9084,przykry,1,CAA
9085,zaleta,1,ADAAA
9086,pojawienie się,1,-
9087,zatroszczyć się,1,-
9088,wyprawka,1,ADAB
9089,ułatwiać,1,BDA
9090,pupil,1,AAABAB
9091,dostosować,1,BAAA
9092,narożny,1,CAB
9093,najtańszy,1,CAB
9094,zwierzęcy,1,CAA
9095,zoologiczny,1,CAB
9096,rozprzestrzeniać,1,BDA
9097,wysypywać,1,BAAB
9098,zalegać,1,BDA
9099,mat,1,AAADAA
9100,ścianka,1,ADAB
9101,boczny,1,CAB
9102,zadaszenie,1,-
9103,prostokąt,1,ACAABAA
9104,drzwiczki,1,AGBA
9105,odgradzać,1,BDA
9106,zamykający,1,BDA
9107,użyteczny,1,CAB
9108,ozdoba,1,ADAAA
9109,pozłacany,1,BDA
9110,bransoleta,1,ADAAA
9111,cyrkoniami,1,-
9112,traktowany,1,BAAA
9113,współgrający,1,BDA
9114,garsonka,1,ADAB
9115,rzucający,1,BDA
9116,dobrać,1,BAAFA
9117,proporcjonalnie,1,FB
9118,żakiet,1,ACAAAAA
9119,okrągły,1,CAB
9120,owalny,1,CAB
9121,ośmiokątny,1,CAB
9122,stonowany,1,BAAA
9123,ecru,1,-
9124,srebrnoszary,1,CAA
9125,granatowy,1,CAB
9126,grafitowy,1,CAB
9127,spotykany,1,BDA
9128,okaz,1,ACAAAAA
9129,oszlifowanie,1,AEBAA
9130,obserwowanie,1,AEBAA
9131,docenianie,1,AEBAA
9132,czerwienić,1,BBCA
9133,zielenić się,1,-
9134,żółcić,1,BBCA
9135,symbolika,1,ADAB
9136,przezroczysty,1,CAB
9137,oszlifowany,1,BAAA
9138,przypisywać,1,BAAB
9139,niewinność,1,ADCCA
9140,wierność,1,ADCCA
9141,harmonia,1,ADACBAA
9142,szmaragd,1,ACAAAAA
9143,płodność,1,ADCCA
9144,witalny,1,CAB
9145,rubin,1,ACAAAAA
9146,turmalin,1,ACAAAAA
9147,odwaga,1,ADAB
9148,szafir,1,ACAAAAA
9149,turkus,1,ACAAAAA
9150,akwamaryn,1,ACAAAAA
9151,rzadszy,1,CAB
9152,żółty,1,CAB
9153,nazywany,1,BDA
9154,ciekawostka,1,ADAB
9155,charakterystyka,1,ADAB
9156,najtwardszy,1,CAB
9157,jubilerstwo,1,AEAAAB
9158,przyozdabianie,1,AEBAA
9159,pierścionek,1,ACABBA
9160,zaręczynowy,1,CAB
9161,wyrób,1,BBCA
9162,prezent,1,ACAAAAA
9163,ślub,1,ACAAAAA
9164,wkrukpl,1,-
9165,odmiana,1,ADAAA
9166,surfing,1,ACABA
9167,żagiel,1,ACACBAA
9168,latawiec,1,AAACBA
9169,paralotnia,1,-
9170,kite,1,-
9171,dyscyplina,1,ADAAA
9172,akwen,1,ACAAAAA
9173,wskakiwać,1,BAAC
9174,alp,1,-
9175,tyrolu,1,-
9176,bałtykiem,1,-
9177,motorówka,1,ADAB
9178,skonstruowany,1,BAAA
9179,przystosowany,1,BAAA
9180,wakeparkach,1,-
9181,znajdujący,1,BAAA
9182,wyciąg,1,ACABA
9183,uprawianie,1,AEBAA
9184,wakeboardingu,1,-
9185,koordynacja,1,ADACBAA
9186,ruchowy,1,CAB
9187,akrobacja,1,ADACBAA
9188,wyskok,1,ACABA
9189,lights,1,-
9190,up,1,-
9191,zadebiutować,1,BAAA
9192,jamesa,1,-
9193,cordena,1,-
9194,kendal,1,-
9195,jenner,1,-
9196,show,1,ACF
9197,jamesem,1,-
9198,cordenem,1,-
9199,shangrila,1,-
9200,malibu,1,-
9201,kalifornii,1,-
9202,produkcyjny,1,CAB
9203,grammy,1,-
9204,brzmienie,1,AEBAA
9205,funku,1,-
9206,soulu,1,-
9207,rolling,1,-
9208,stone,1,-
9209,wszech,1,-
9210,watermelon,1,-
9211,sugar,1,-
9212,dziesiątka,1,ACABBA
9213,osiągać,1,BDA
9214,love,1,-
9215,sarscov,1,-
9216,występ,1,ACAAAAA
9217,płeć,1,ADCAAA
9218,marka,1,ACABBA
9219,pielęgnacja,1,ADACBAA
9220,paznokieć,1,ACACBAA
9221,pleasing,1,-
9222,najnowszej,1,-
9223,śmielej,1,FC
9224,popową,1,-
9225,powstawać,1,BAAE
9226,kuby,1,-
9227,galińskiego,1,-
9228,rozwaga,1,ADAB
9229,stylistyczny,1,CAB
9230,niemalże,1,GBBBA
9231,otwierający,1,BDA
9232,pierwotnie,1,FC
9233,powtarzany,1,BDA
9234,kilkukrotniesyntezatory,1,-
9235,pobrzmiewający,1,BDA
9236,parę,1,ADAAA
9237,dyskotekowa,1,-
9238,wątpić,1,BBCA
9239,nośnie,1,-
9240,tazosy,1,-
9241,nawiązanie,1,AEBAA
9242,kolekcjonowany,1,BAAA
9243,dodawany,1,BAAE
9244,chipsów,1,-
9245,maniera,1,ADAAA
9246,zwrotka,1,ADAB
9247,fisza,1,-
9248,zaśpiewany,1,BDA
9249,falset,1,ACAAAAA
9250,wypadać,1,BDA
9251,traktujący,1,BAAA
9252,wyczekiwanie,1,AEBAA
9253,pewniak,1,AAADBA
9254,remiksu,1,-
9255,spory,1,ADAAA
9256,zadatek,1,ACABA
9257,zanurzony,1,CAB
9258,zgrabnie,1,FB
9259,śnić,1,BBCB
9260,gościnnie,1,FB
9261,shows,1,-
9262,syntezatorowy,1,-
9263,blant,1,-
9264,liryczny,1,CAB
9265,używka,1,ADAB
9266,biegun,1,ACAABAA
9267,daftpunkowy,1,-
9268,wydźwięk,1,ACABA
9269,stylistycznie,1,FB
9270,rytmika,1,ADAB
9271,udany,1,BDC
9272,mori,1,-
9273,ponury,1,CAA
9274,przejmujący,1,BAAA
9275,wsłuchać się,1,-
9276,millenium,1,-
9277,zasadzać,1,BDA
9278,podnieść,1,BAFCAA
9279,coldplayowa,1,-
9280,miłosna,1,ADACCBA
9281,najsilniejszy,1,CAB
9282,ajewniaku,1,-
9283,nosowska,1,-
9284,okołogitarowa,1,-
9285,łagodny,1,CAB
9286,płynący,1,CAA
9287,naznaczony,1,CAB
9288,tematyka,1,ADAB
9289,ulotny,1,CAB
9290,niepewien,1,CCBBA
9291,beatlesowska,1,-
9292,końcówka,1,ADAB
9293,wariacki,1,CBA
9294,przaśny,1,CAB
9295,trąba,1,ADAAA
9296,smyk,1,AAADBA
9297,obstawiać,1,BDA
9298,pewnik,1,ACABBA
9299,bis,1,ACAAAAA
9300,pop,1,AAADAA
9301,syntezatorowa,1,-
9302,ładnie,1,FB
9303,domówkach,1,-
9304,stadionowych,1,-
9305,blanty,1,-
9306,diabeł,1,AAADAB
9307,żegnać,1,BDA
9308,concept,1,-
9309,dekoracja,1,ADACBAA
9310,pobić,1,AEBAA
9311,chorzowie,1,-
9312,małomiasteczkowy,1,CAB
9313,podwójnie,1,FC
9314,przekroczyć,1,BCCA
9315,ekwiwalent,1,ACAAAAA
9316,streamingu,1,-
9317,nagrodzony,1,BBCA
9318,egzemplarz,1,ACACBBA
9319,urodzony,1,BBCA
9320,trzydziesty,1,CAB
9321,gitarowy,1,CAB
9322,curly,1,-
9323,heads,1,-
9324,bartosza,1,-
9325,dziedzic,1,AAABAB
9326,jakubem,1,-
9327,galińskim,1,-
9328,współpracujący,1,BAAA
9329,odliczać,1,BDA
9330,czterdziesty,1,CAB
9331,odmłodzić,1,BBCA
9332,wyszaleć się,1,-
9333,nawiązujący,1,CAA
9334,electropopu,1,-
9335,dance,1,-
9336,opatrywać,1,BAAB
9337,autoironiczny,1,CAB
9338,posmak,1,ACABA
9339,początkowy,1,CAB
9340,zachęta,1,ADAAA
9341,świrować,1,BAAA
9342,wirować,1,BAAA
9343,skandowany,1,BAAA
9344,modnie,1,FB
9345,wrs,1,-
9346,falsetowy,1,CAB
9347,everybody,1,-
9348,backstreet,1,-
9349,boys,1,-
9350,wywijać,1,BDA
9351,syntezatorowymi,1,-
9352,akord,1,ACAAAAA
9353,klawiszowy,1,CAB
9354,zagrywka,1,ADAB
9355,tazosach,1,-
9356,gadżety,1,-
9357,wzdychać,1,BDA
9358,prościej,1,FC
9359,ukochana,1,ADACCBA
9360,śmiech,1,ACAAAB
9361,rwać,1,BAAFB
9362,smsowej,1,-
9363,zaczepka,1,ADAB
9364,portretować,1,BAAA
9365,narastający,1,BDA
9366,radykalizm,1,ACAAAAA
9367,kadr,1,ACAAAAA
9368,hipokryta,1,AABDAA
9369,pottery,1,-
9370,pluć,1,AEBAA
9371,rzekomo,1,FC
9372,pościć,1,BBCA
9373,pstrąg,1,ABAC
9374,barabara,1,-
9375,twarznic,1,-
9376,wieszać,1,BDA
9377,st,1,-
9378,sopran,1,ACAAAAA
9379,alt,1,ACAAAAA
9380,tenor,1,AAACAAAB
9381,bas,1,AAACAAAB
9382,menadżera,1,-
9383,amatorski,1,CBA
9384,dwóchtrzech,1,-
9385,beata,1,-
9386,koordynatorka,1,-
9387,dziewiętnastoosobowy,1,-
9388,zabrzmieć,1,BBBB
9389,niesamowity,1,CAB
9390,skupienie,1,AEBAA
9391,wpatrywać się,1,-
9392,stojący,1,BBD
9393,niżej,1,FC
9394,ćwiczyć,1,BCCA
9395,nieznajomy,1,AAEC
9396,dołączyć,1,BCCA
9397,zabrzmiały,1,CAB
9398,wyczuwać,1,BDA
9399,konsternacja,1,ADACBAA
9400,niedowierzanie,1,AEBAA
9401,wybrzmiał,1,-
9402,śpiewany,1,BDA
9403,poderwać,1,BAAFB
9404,owacja,1,ADACBAA
9405,stojąco,1,FC
9406,doceniony,1,BBCA
9407,kurzynazarzecka,1,-
9408,białymstoku,1,-
9409,wspaniale,1,FB
9410,szałkiewicz,1,-
9411,rewelacyjny,1,CAB
9412,gratulować,1,BAAA
9413,ponadczasowy,1,CAB
9414,klasyka,1,AAACBA
9415,cenić,1,BBCA
9416,orsay,1,-
9417,zasługiwać,1,BAAC
9418,rozcięcie,1,AEBAA
9419,dekolt,1,ACAAAAA
9420,klepsydra,1,ADAAA
9421,talia,1,ADACBAA
9422,zestawienie,1,AEBAA
9423,czernić,1,BBCA
9424,woleć,1,BBBA
9425,delikatniejszy,1,CAB
9426,karczek,1,ACABBA
9427,rozkloszowany,1,BAAA
9428,dół,1,ACAAAAA
9429,rozkloszować,1,BAAA
9430,zamaskować,1,BAAA
9431,masywny,1,CAB
9432,biodro,1,AEAAAB
9433,któraś,1,-
9434,kupon,1,ACAAAAA
9435,aktywa,1,AGDB
9436,kryptografia,1,ADACBAA
9437,specyficzny,1,CAB
9438,wirtualnymi,1,-
9439,cyfrowymi,1,-
9440,sprzedawca,1,AABCBB
9441,płatność,1,ADCCA
9442,kryptowalucie,1,-
9443,fiducjarną,1,-
9444,fiat,1,ABABAAA
9445,pominięcie,1,AEBAA
9446,pośrednik,1,AAACBA
9447,przelać,1,BAFBD
9448,dowolny,1,CAB
9449,wydatek,1,ACABA
9450,płatniczy,1,CAA
9451,słusznie,1,FB
9452,wycena,1,ADAAA
9453,inwestycyjny,1,CAB
9454,wypracowanie,1,AEBAA
9455,obligacja,1,ADACBAA
9456,surowiec,1,ACACBC
9457,bitcoin,1,-
9458,raptem,1,FC
9459,cent,1,ABABAAA
9460,szczyt,1,ACAAAAA
9461,notować,1,BAAA
9462,kryptowalutę,1,-
9463,krach,1,ADAAA
9464,rockowy,1,CAB
9465,grosz,1,ACACBBA
9466,bal,1,ACACACB
9467,muzykówa,1,-
9468,łączący,1,CAA
9469,zeliszewski,1,-
9470,pełniący,1,CAA
9471,menedżera,1,-
9472,zm,1,-
9473,przełom,1,ACAAAAA
9474,xx,1,-
9475,anną,1,-
9476,jantar,1,ACAAAAA
9477,izabelą,1,-
9478,trojanowską,1,-
9479,urszulą,1,-
9480,alabama,1,-
9481,pay,1,-
9482,reaktywować,1,BAAA
9483,licealista,1,AABDAA
9484,gitarzysta,1,AABDAA
9485,brozi,1,-
9486,janusza,1,-
9487,pędzisza,1,-
9488,grna,1,-
9489,prompters,1,-
9490,box,1,-
9491,słownik,1,ACABBA
9492,angielskopolskiego,1,-
9493,spolszczenie,1,AEBAA
9494,lubelskim,1,-
9495,arcus,1,-
9496,kres,1,ACAAAAA
9497,stały,1,BAFABD
9498,umcs,1,-
9499,klawiszowiec,1,-
9500,witold,1,-
9501,odorowicz,1,-
9502,giżycku,1,-
9503,coverów,1,-
9504,zagraniczny,1,CAB
9505,wiosna,1,ADAAA
9506,nagraniowej,1,-
9507,lublin,1,-
9508,instrumentalny,1,CAB
9509,kazimierz,1,-
9510,łojan,1,-
9511,początkujący,1,AAEB
9512,poeta,1,AABDAA
9513,migo,1,-
