lp,słowo,liczba,etykieta
1,w,2202,GBBAA
2,i,1217,GBBAB
3,się,1108,EJB
4,na,1108,GBBAA
5,z,1057,GBBAA
6,być,1004,AEBAA
7,nie,785,GBBBA
8,że,683,GBBBBAB
9,do,659,G
10,on,652,EAAA
11,to,493,EEAAA
12,który,433,EAB
13,o,364,GBBAA
14,a,310,GBBAB
15,ta,289,EDAAA
16,breivik,269,-
17,po,255,GBBAA
18,jak,232,ABAC
19,od,229,GBBAA
20,co,219,EGB
21,osoba,214,ADAAA
22,przez,198,GBBAA
23,ten,195,EAABA
24,za,195,GBBAA
25,ale,189,GBBBBAB
26,dla,188,GBBAA
27,lata,184,AGDAA
28,czy,183,EK
29,rok,181,ACEA
30,zostać,145,BAFABD
31,ma,142,EDAAB
32,człowiek,142,AAHA
33,zamach,134,ACAAAB
34,mówić,133,BBCA
35,wyspa,129,ADAAA
36,norwegii,126,-
37,przed,122,GBBAA
38,jeden,122,CCBA
39,norweski,120,CBA
40,może,117,GBBBA
41,inny,115,CAB
42,oraz,112,GBBAB
43,oslo,111,-
44,taż,109,EDCA
45,móc,106,BAFCABD
46,bycie,104,AEBAA
47,chcieć,103,BACA
48,czas,103,ACAAAAA
49,swoja,103,EDAB
50,dziecko,103,AEADB
51,utøya,99,-
52,breivika,99,-
53,ja,98,AEE
54,jednak,98,GBBBA
55,anders,98,-
56,ze,98,GBBBBBA
57,tylko,97,GBBBA
58,tak,96,EK
59,bo,96,G
60,już,93,GBBBA
61,taki,92,EAC
62,mieć,91,BDC
63,my,89,EIA
64,r,89,-
65,wiele,88,DEBA
66,więzienie,87,AEBAA
67,praca,86,ADACABB
68,pod,84,GBBAA
69,by,82,GBBAB
70,ona,82,EDAB
71,sąd,81,ACAAAAA
72,kilka,80,ADAB
73,raz,78,ACAAAAA
74,jako,78,GBBAB
75,nowy,77,CAB
76,sam,74,ACAAAAA
77,lub,71,GBBAB
78,życie,70,AEBAA
79,jej,70,GAB
80,miasto,69,AEAAAB
81,partia,68,ADACBAA
82,m,68,-
83,również,67,GBBBA
84,także,66,GBBBA
85,gdy,65,GBBAB
86,pierwsza,64,ADACCBA
87,wszystek,64,CCA
88,świat,63,ACAABAB
89,policja,63,ADACBAA
90,polski,62,ACD
91,powiedzieć,61,BDC
92,jeśli,60,GBBAB
93,miał,60,ACAAAAA
94,mężczyzna,59,AABDAB
95,kraj,58,ACACACB
96,strona,58,ADAAA
97,film,58,ACAAAAA
98,jeszcze,58,GBABB
99,ofiara,58,ADAAA
100,dwa,57,DABB
101,nawet,57,GBBBA
102,ocena,57,ADAAA
103,bardzo,57,FA
104,sprawa,57,ADAAA
105,zamachowiec,57,AAACBA
106,cały,56,CAB
107,maić,56,BBCA
108,bez,56,ACAAAAA
109,premier,56,AAACAAAB
110,dzień,56,ACABBB
111,atak,56,ACABA
112,podczas,55,GBBAA
113,drugi,54,CBA
114,europ,54,ACAAAAA
115,bronić,54,BBCA
116,prezydent,54,AAADAA
117,można,53,BFBA
118,żeby,53,GBBBBAA
119,która,53,-
120,musieć,51,BBBA
121,prawicowy,51,CAB
122,ponad,51,GBBAA
123,zginąć,51,BAEAB
124,in,51,-
125,ostatni,50,CBB
126,bezpieczeństwo,50,AEAAAB
127,polityczny,50,CAB
128,choć,49,GBBBA
129,wszyscy,48,AFEC
130,coś,48,EGC
131,letni,48,CBB
132,gdzie,48,GBABB
133,21,48,-
134,77,47,-
135,europejski,47,CBA
136,kiedy,46,GBABB
137,uważać,46,BDA
138,alba,46,ADAAA
139,historia,46,ADACBAA
140,masakra,46,ADAAA
141,kobieta,45,ADAAA
142,nizać,45,BAAFA
143,wyrok,45,ACABA
144,szkoła,45,ADAAA
145,kolejny,44,CAB
146,przy,44,GBBAA
147,więc,44,GBBAB
148,lipiec,44,ACACBC
149,krakowie,44,-
150,każdy,43,AAEC
151,władza,43,ADACABB
152,służba,42,ADAAA
153,dom,42,ACAAAB
154,10,42,-
155,trzeba,41,BFBA
156,2011,41,-
157,wielki,40,CBA
158,wiedzieć,40,BDC
159,mieszkaniec,40,AAACBA
160,tam,40,GBABB
161,pisać,39,BAAFA
162,zabić,39,AEBAA
163,obóz,39,ACAAAAA
164,godzina,39,ADAAA
165,miejsce,39,AEBAA
166,rząd,39,ACAAAAA
167,powinien,39,BFCA
168,stać się,38,-
169,później,38,FC
170,problem,38,ACAAAAA
171,kara,38,ADAAA
172,według,38,GBBAA
173,grupa,38,ADAAA
174,22,37,-
175,zacząć,37,BAFCB
176,zrobić,37,BBCA
177,duży,37,CAB
178,prawo,37,AEAAAB
179,teraz,36,FC
180,chodzić,36,BBCA
181,wtedy,36,GBABB
182,samochód,36,ACAAAAA
183,rodzina,36,ADAAA
184,proces,36,ACAAAAA
185,państwo,36,AEAAAB
186,warunek,36,ACABA
187,bomba,36,ADAAA
188,zdanie,35,AEBAA
189,bardziej,35,FC
190,napisać,35,BAAFA
191,pot,35,ACAAAAA
192,twierdzić,35,BBCA
193,tragedia,35,ADACBAA
194,jeść,35,BDD
195,niebo,35,AEAAAB
196,1,35,-
197,wojna,35,ADAAA
198,rola,34,ADACBABA
199,znaleźć,34,BAFCAA
200,trzy,34,DBAA
201,nad,33,GBBAA
202,stan,33,ACAAAAA
203,agent,33,AAADAA
204,żaden,33,CCBBA
205,więcej,33,FC
206,uczeń,33,AEBAA
207,minuta,32,ADAAA
208,nic,32,EGA
209,rozmowa,32,ADAAA
210,często,32,FA
211,społeczeństwo,32,AEAAAB
212,uznać,32,BDA
213,manifest,32,ACAAAAA
214,mama,32,ADAAA
215,teatr,32,ACAAAAA
216,koniec,31,ACACBC
217,zespół,31,ACAAAAA
218,początek,31,ACABA
219,ważny,31,CAB
220,ręka,31,ADACBABB
221,terrorysta,31,AABDAA
222,opowiadać,31,BDA
223,medium,31,AED
224,ani,31,GBBBA
225,której,31,-
226,sprawca,31,AABCBB
227,krakowa,31,-
228,strefa,31,ADAAA
229,aby,30,GBBBBAB
230,uwaga,30,ADAB
231,informacja,30,ADACBAA
232,jaki,30,ABAC
233,styczeń,30,ACACBAA
234,organizacja,30,ADACBAA
235,rodzic,30,AAABAB
236,gra,29,ADAAA
237,próba,29,ADAAA
238,słowo,29,AEAAAB
239,dać,29,BDC
240,sposobić,29,BBCA
241,wydarzenie,29,AEBAA
242,tysiąc,29,ABAAC
243,Internet,29,ACAAAAA
244,dodać,29,BDC
245,2026,29,-
246,ksiądz,29,AAAEB
247,własny,28,CAB
248,cel,28,ACACACB
249,droga,28,ADAB
250,zmiana,27,ADAAA
251,właśnie,27,GBBBA
252,wcześniej,27,FC
253,czyli,27,GBBAB
254,między,27,GBBAA
255,śmierć,27,ADCCA
256,młoda,27,ADACCBA
257,udział,27,ACAAAAA
258,2025,27,-
259,pracować,27,BAAA
260,we,27,GBBAA
261,np,27,-
262,edukacja,27,ADACBAA
263,wydawać,26,BAAE
264,temat,26,ACAAAAA
265,jakiś,26,EAF
266,aż,26,GBBBA
267,skazać,26,BAAFA
268,15,26,-
269,30,26,-
270,próbować,26,BAAA
271,wolność,26,ADCCA
272,członek,26,AAAAB
273,największy,26,CAB
274,główny,26,CAB
275,krakowski,26,CBA
276,przypadek,25,ACABA
277,różny,25,CAB
278,okazać,25,BAAFA
279,przebywać,25,BDA
280,pieniądz,25,ACACBBB
281,polityk,25,AAACBA
282,prawić,25,BBCA
283,znać,25,BDA
284,najbardziej,25,FC
285,20,25,-
286,policjant,25,AAADAA
287,nigdy,25,GBABB
288,brak,24,ACABA
289,u,24,GBBAA
290,widzieć,24,BBBA
291,zwierzę,24,AECA
292,głównie,24,FC
293,behring,24,-
294,centrum,24,AED
295,rządowy,24,CAB
296,brać,24,ADCAAA
297,nikt,24,EFA
298,izolacja,24,ADACBAA
299,usa,24,-
300,scena,24,ADAAA
301,terrorystyczny,24,CAB
302,sekta,24,ADAAA
303,uczestnik,23,AAACBA
304,dlatego,23,G
305,kto,23,EFB
306,kontakt,23,ACAAAAA
307,kar,23,ACAAAAA
308,którą,23,-
309,dziś,23,ACF
310,robić,23,BBCA
311,odbywać,23,BDA
312,przyznać,23,BDA
313,traktowanie,23,AEBAA
314,przedmiot,23,ACAAAAA
315,prawica,23,ADACABB
316,5,22,-
317,strzał,22,ACAAAAA
318,prowadzić,22,BBCA
319,głowa,22,ADAAA
320,dziać,22,BAFBD
321,zawsze,22,GBABB
322,czuć,22,AEBAA
323,zagrożenie,22,AEBAA
324,należeć,22,BCBA
325,część,22,ADCCA
326,oko,22,AEAAAA
327,list,22,ACAAAAA
328,możliwość,22,ADCCA
329,najwyższy,22,CAB
330,ice,22,-
331,przepis,22,ACAAAAA
332,polsce,22,-
333,andersa,22,-
334,moment,22,ACAAAAA
335,spotkanie,22,AEBAA
336,koncert,22,ACAAAAA
337,seks,21,ACAAAAA
338,książka,21,ADAB
339,rzecz,21,ADCB
340,pan,21,AAAAAB
341,ciało,21,AEAAAB
342,nasz,21,EAABA
343,wynikać,21,BDA
344,2,21,-
345,budynek,21,ACABA
346,nim,21,GBBAB
347,związek,21,ACABA
348,strzelać,21,BDA
349,dwie,21,DABCA
350,stwierdzić,21,BBCA
351,7,21,-
352,imigrant,21,AAADAA
353,zdjęcie,21,AEBAA
354,przemoc,21,ADCAB
355,wzgląd,21,ACAAAAAB
356,tydzień,21,ACACBAA
357,ekspert,21,AAADAA
358,pojawić się,20,-
359,sytuacja,20,ADACBAA
360,seksualny,20,CAB
361,natomiast,20,GBBAB
362,morderca,20,AABCBB
363,większość,20,ADCCA
364,środek,20,ACABBA
365,powód,20,AAAAAA
366,wymiar,20,ACAAAAA
367,dobro,20,AEAAAA
368,wniosek,20,ACABA
369,stracić,20,BBCA
370,ojciec,20,AAAAAB
371,jedynie,20,GBBBA
372,skarżyć,20,BCCA
373,adwokat,20,AAADAA
374,swa,20,EDAAB
375,kamień,20,ACACBAA
376,polityka,20,AAACBA
377,nauczyciel,20,AAABCA
378,materiał,20,ACAAAAA
379,dzielnica,20,ADACABB
380,wynik,19,ACABA
381,3,19,-
382,pokazywać,19,BAAB
383,lecz,19,GBBAB
384,relacja,19,ADACBAA
385,ty,19,EIA
386,tłumaczyć,19,BCCA
387,ktoś,19,EFC
388,dzięki,19,AGBB
389,ile,19,EHBA
390,szukać,19,BDA
391,dostęp,19,ACAAAAA
392,69,19,-
393,piątek,19,ACABA
394,ruch,19,ACAAAB
395,wybuch,19,ACAAAB
396,pomoc,19,ADCAB
397,otwarty,19,CAB
398,głos,19,ACAAAAA
399,narodowy,19,CAB
400,postać,19,ADCAAA
401,syn,19,AAAAB
402,norwegia,19,-
403,forma,19,ADAAA
404,zbrodnia,19,ADACBAA
405,przeciwko,19,GBBAA
406,aktor,19,AAACAAAB
407,miesiąc,19,ACACBBA
408,wówczas,18,FC
409,prawdziwy,18,CAB
410,wartość,18,ADCCA
411,dlaczego,18,G
412,wyjść,18,AEBAA
413,istnieć,18,BAD
414,większy,18,CAB
415,tyle,18,EHBA
416,prostu,18,-
417,więzienny,18,CAB
418,osiem,18,DBBA
419,młody,18,AAEC
420,woda,18,ADAAA
421,telefon,18,ACAAAAA
422,telewizja,18,ADACBAA
423,swój,18,EAABA
424,imię,18,AECB
425,minneapolis,18,-
426,widać,18,BFB
427,pies,18,ABABAB
428,plan,18,ACAAAAA
429,nasi,18,AFFB
430,strach,18,ABABAAB
431,dodatek,18,ACABA
432,projekt,18,ACAAAAA
433,przecież,18,GBBBA
434,skrzat,18,AAACAAAB
435,pierwszy,18,CAB
436,referendum,18,AED
437,czyn,18,ACAAAAA
438,nieludzki,18,CBA
439,kościół,18,ACAABAA
440,spektakl,18,ACACAA
441,zdrowy,18,AAEC
442,matka,18,ADAB
443,powell,18,-
444,schronisko,18,AEAAAA
445,obrona,17,ADAAA
446,kontrola,17,ADACBAA
447,częsty,17,CAB
448,najważniejszy,17,CAB
449,tuż,17,GBBBBBB
450,doświadczenie,17,AEBAA
451,najmniej,17,FC
452,nadal,17,FC
453,wśród,17,GBBAA
454,wybuchowy,17,CAB
455,niektóry,17,AAEB
456,dojść,17,AEBAA
457,trwać,17,BDA
458,good,17,-
459,obywatelski,17,CBA
460,punkt,17,ACAAAAA
461,młodzieżówki,17,-
462,odrzucić,17,BBCA
463,liczba,17,ADAAA
464,kino,17,AEAAAB
465,6,17,-
466,tekst,17,ACAAAAA
467,klasa,17,ADAAA
468,14,17,-
469,transport,17,ACAAAAA
470,tys,17,-
471,2016,17,-
472,ideologia,17,ADACBAA
473,kolor,17,ACAAAAA
474,kuweta,17,ADAAA
475,otworzyć,16,BCCA
476,zatrzymać,16,BDA
477,potrzebować,16,BAAA
478,siła,16,ADAAA
479,źródło,16,AEAAAB
480,proca,16,ADACABB
481,potrzeba,16,ADAAA
482,kwestia,16,ADACBAA
483,zdrowie,16,AEBAC
484,pojawiać się,16,-
485,pytanie,16,AEBAA
486,naprawdę,16,GBBBA
487,przykład,16,ACAAAAA
488,dużo,16,DF
489,grać,16,BDA
490,działania,16,AGDAA
491,korespondencja,16,ADACBAA
492,zastrzelić,16,BBCA
493,sztuczny,16,CAB
494,sieć,16,ADCCA
495,zachód,16,ACAAAAA
496,lewicowy,16,CAB
497,wiedza,16,ADACABB
498,strzelanina,16,ADAAA
499,przekonywać,16,BAAB
500,zbyt,16,ACAAAAA
501,działać,16,BDA
502,akcja,16,ADACBAA
503,terroryzm,16,ACAAAAA
504,wrócić,16,BBCA
505,8,16,-
506,zmienić,16,BBCA
507,obecnie,16,GBABB
508,raport,16,ACAAAAA
509,święta,16,ADACCBA
510,ówczesny,16,CAB
511,kolej,16,ADCAAA
512,następnie,16,FC
513,reżyser,16,AAACAAAB
514,powstać,16,BAFABD
515,podobny,16,CAB
516,specjalny,16,CAB
517,warszawa,16,ADAAA
518,tu,16,GBABB
519,mała,16,ADACCBA
520,serial,16,ACACAA
521,artysta,16,AABDAA
522,konkurs,16,ACAAAAA
523,społeczny,16,CAB
524,płyta,16,ADAAA
525,islam,16,ACAAAAA
526,mln,16,-
527,mąż,16,AAAAB
528,styl,16,ACACACB
529,kanał,16,ACAAAAA
530,zegarek,16,ACABBA
531,andrzej,16,-
532,ewa,16,-
533,kacmajor,16,-
534,rozpocząć,15,BAFCB
535,trafić,15,BBCA
536,pięcie się,15,-
537,badanie,15,AEBAA
538,system,15,ACAAAAA
539,zobaczyć,15,BCCA
540,fakt,15,ACAAAAA
541,jednocześnie,15,FB
542,dorosły,15,AAEC
543,ekstremista,15,AABDAA
544,skończyć,15,BCCA
545,walka,15,ADABA
546,około,15,GBBBBBB
547,stoltenberg,15,-
548,młodzież,15,ADCAB
549,publiczny,15,CAB
550,nienawiść,15,ADCCA
551,podstawa,15,ADAAA
552,mijać,15,BDA
553,oddać,15,BDC
554,rocznica,15,ADACABB
555,zarówno,15,FC
556,granica,15,ADACABB
557,udać,15,BDC
558,widz,15,AAAAB
559,chłopiec,15,AAACAB
560,mimo,15,GBBAA
561,80,15,-
562,decyzja,15,ADACBAA
563,skrajny,15,CAB
564,muzułmański,15,CBA
565,radykalny,15,CAB
566,dokonać,15,BDA
567,kultura,15,ADAAA
568,terror,15,ACAAAAA
569,majdan,15,ACAAAAA
570,ilska,15,-
571,g,15,-
572,król,14,AAAAB
573,poznać,14,BDA
574,tworzyć,14,BCCA
575,element,14,ACAAAAA
576,ochrona,14,ADAAA
577,znaczenie,14,AEBAA
578,zamiast,14,GBBAA
579,skrajnie,14,FB
580,więzień,14,AEBAA
581,sobota,14,ADAAA
582,świadek,14,AAAAB
583,przeżyć,14,AEBAA
584,wyglądać,14,BDA
585,myśl,14,ADCCA
586,dobre,14,AEBBB
587,chwila,14,ADACBABA
588,czarny,14,CAB
589,żona,14,ADAAA
590,dodawać,14,BAAE
591,odpowiedni,14,CBB
592,dostać,14,BAFABD
593,klub,14,ACAAAAA
594,wiadomo,14,BFBA
595,gazeta,14,ADAAA
596,nagroda,14,ADAAA
597,wybrać,14,BAAFA
598,masowy,14,CAB
599,utwór,14,ACAAAAA
600,złoty,14,ABC
601,szansa,14,ADACABA
602,moja,14,EDAB
603,podkreślić,14,BBCA
604,ii,14,-
605,ue,14,-
606,koperta,14,ADAAA
607,prosta,14,ADACCBA
608,konto,14,AEAAAB
609,rosyjski,14,ACD
610,sos,14,ACAAAAA
611,oczywiście,13,GBBBA
612,szybka,13,ADAB
613,dobry,13,CAA
614,dodatkowy,13,CAB
615,lęk,13,ACABA
616,stać,13,BAFABD
617,skutek,13,ACABA
618,typ,13,AAACAAAB
619,zmieniać,13,BDA
620,rozmawiać,13,BDA
621,lepiej,13,FC
622,wybór,13,ACAAAAA
623,oglądać,13,BDA
624,wierzyć,13,BCCA
625,możliwości,13,AGBC
626,dyskusja,13,ADACBAA
627,model,13,AAABCA
628,osobisty,13,CAB
629,sierpień,13,ACACBAA
630,ulica,13,ADACABB
631,siedziba,13,ADAAA
632,ranna,13,ADACCBA
633,stolica,13,ADACABB
634,poła,13,ADAAA
635,16,13,-
636,myśleć,13,BBBA
637,zwrócić,13,BBCA
638,przestępstwo,13,AEAAAB
639,trumpa,13,-
640,amerykański,13,CBA
641,nagranie,13,AEBAA
642,kupić,13,BBCA
643,dostępny,13,CAB
644,podkreślać,13,BDA
645,zabrać,13,BAAFA
646,podstawowy,13,CAB
647,sztuka,13,ADAB
648,wziąć,13,BAFCAC
649,norweg,13,-
650,domagać się,13,-
651,wskazywać,13,BAAB
652,luty,13,ACAAAAA
653,por,13,ABABAAA
654,obecny,13,AAEC
655,filmowy,13,CAB
656,gdyby,13,GBBAB
657,zajęcie,13,AEBAA
658,zapisać,13,BAAFA
659,przypominać,13,BDA
660,odbyć,13,AEBAA
661,muzyczny,13,CAB
662,nauka,13,ADAB
663,odpowiedź,13,ADCCA
664,przygotować,13,BAAA
665,miszalskiego,13,-
666,procent,13,ACAAAAA
667,kraków,13,-
668,wobec,13,G
669,podpis,13,ACAAAAA
670,czysty,13,CAB
671,miejski,13,CBA
672,nazwisko,13,AEAAAA
673,łukasz,13,-
674,wielokulturowości,13,-
675,wersja,13,ADACBAA
676,muzułmanin,13,AAABAA
677,unia,13,ADACBAA
678,godz,13,-
679,kolęda,13,ADAAA
680,abw,13,-
681,ekstremizm,13,ACAAAAA
682,kot,13,ABABAB
683,łyżka,13,ADAB
684,szlachetny,13,CAB
685,4,12,-
686,kilkadziesiąt,12,DBFA
687,wychodzić,12,BBCA
688,ogromny,12,CAB
689,długo,12,FA
690,wraz,12,FC
691,emocja,12,ADACBAA
692,choroba,12,ADAAA
693,psychiczny,12,CAB
694,potrafić,12,BBCA
695,przede,12,-
696,coraz,12,GBABB
697,grozić,12,BBCA
698,bombowy,12,CAB
699,2012,12,-
700,napastnik,12,AAACBA
701,rodzaj,12,ACACACB
702,najpierw,12,FC
703,bać się,12,-
704,zjednoczony,12,CAB
705,biały,12,CAB
706,dziennik,12,ACABBA
707,trzymać,12,BDA
708,drzwi,12,AGBC
709,kierowca,12,AABCBB
710,poza,12,ADAAA
711,ubiegły,12,BAFAAB
712,sama,12,EDAAB
713,przyjąć,12,BAFCB
714,funkcjonariusz,12,AAABD
715,znany,12,BDA
716,przeprowadzić,12,BBCA
717,prawda,12,ADAAA
718,znajdować,12,BAAA
719,lepszy,12,CAB
720,temperatura,12,ADAAA
721,skarga,12,ADAB
722,grudzień,12,ACACBAA
723,domowy,12,CAB
724,podać,12,BDC
725,tłumacz,12,AAABD
726,pracoń,12,-
727,60,12,-
728,ogół,12,ACAAAAA
729,uniwersytet,12,ACAAAAA
730,czerwony,12,CAB
731,dawać,12,BAAE
732,pamiętać,12,BDA
733,powrót,12,ACAAAAA
734,wielokrotnie,12,FC
735,średni,12,CBB
736,zasada,12,ADAAA
737,ciąg,12,ACABA
738,opowieść,12,ADCCA
739,wyborczy,12,CAA
740,możliwy,12,CAB
741,jedzenie,12,AEBAA
742,światowy,12,CAB
743,chrześcijański,12,CBA
744,współczesny,12,AAEC
745,chór,12,ACAAAAA
746,poinformować,12,BAAA
747,sprawdzić,12,BBCA
748,podsiąść,12,BAFCAA
749,pani,12,ADBAA
750,islamski,12,CBA
751,wyświetlenie,12,AEBAA
752,muzeum,12,AED
753,felicja,12,-
754,pole,11,AEBAA
755,dość,11,GBABB
756,skoro,11,GBBAB
757,poziom,11,ACAAAAA
758,wpływ,11,ACAAAAA
759,jakość,11,ADCCA
760,wsparcie,11,AEBAA
761,warta,11,CCBBA
762,zapewne,11,GBBBA
763,pomysł,11,ACAAAAA
764,wystarczyć,11,BCCA
765,język,11,ACABBA
766,moi,11,AFFC
767,zabijać,11,BDA
768,minister,11,AAAAAA
769,traktować,11,BAAA
770,prosić,11,BBCA
771,teren,11,ACAAAAA
772,rządzący,11,AAEB
773,jens,11,-
774,czekać,11,BDA
775,eksplozja,11,ADACBAA
776,mundur,11,ACAAAAA
777,siedzieć,11,BBBA
778,niestety,11,GBBBA
779,13,11,-
780,przegrać,11,BDA
781,norwegię,11,-
782,12,11,-
783,związany,11,BAAFA
784,przyjść,11,AEBAA
785,zapewniać,11,BDA
786,sukienka,11,ADAB
787,występować,11,BAAA
788,pojechać,11,BAAFA
789,ogień,11,ACACBAA
790,pozbawienie,11,AEBAA
791,prawie,11,GBBBA
792,klient,11,AAADAA
793,lippestad,11,-
794,wciąż,11,FC
795,mróz,11,ACAAAAA
796,radny,11,AAEC
797,zachowanie,11,AEBAA
798,mój,11,EAABA
799,lubić,11,BBCA
800,bliski,11,CBA
801,zapraszać,11,BDA
802,muzyk,11,AAACBA
803,album,11,ACAAAAA
804,działalność,11,ADCCA
805,postęp,11,ACAAAAA
806,odwołać,11,BDA
807,jake,11,-
808,dopiero,11,GBBBA
809,odpowiedzialny,11,CAB
810,miszalski,11,-
811,działacz,11,AAABD
812,wprowadzenie,11,AEBAA
813,sct,11,-
814,zarzut,11,ACAAAAA
815,kwiecień,11,ACACBAA
816,gotowy,11,CAB
817,muzyka,11,AAACBA
818,przygotowanie,11,AEBAA
819,młodzieżowy,11,CAB
820,okres,11,ACAAAAA
821,ks,11,-
822,oznaczać,11,BDA
823,ewy,11,-
824,sklep,11,ACAAAAA
825,zdrowotny,11,CAB
826,babcia,11,ADACBBB
827,podobnie,10,FB
828,drużyna,10,ADAAA
829,starać się,10,-
830,karny,10,ABC
831,cztery,10,DBAA
832,zaczynać,10,BDA
833,wspólny,10,CAB
834,poczucie,10,AEBAA
835,obawa,10,ADAAA
836,partner,10,AAACAAAB
837,przyczyna,10,ADAAA
838,raczej,10,GBBBA
839,iść,10,BAFCAA
840,zły,10,ABC
841,połowa,10,ADAAA
842,pokazać,10,BAAFA
843,rozwiązanie,10,AEBAA
844,takiej,10,-
845,wiek,10,ACABA
846,ponieważ,10,GBBAB
847,nazywać,10,BDA
848,nastolatek,10,AAADBA
849,poddać,10,BDC
850,dotrzeć,10,BABA
851,ładunek,10,ACABA
852,pistolet,10,ACAAAAA
853,podobać się,10,-
854,przebywający,10,BDA
855,agencja,10,ADACBAA
856,odsiadywać,10,BAAB
857,opublikowany,10,BAAA
858,wspomnienie,10,AEBAA
859,d,10,-
860,krajowy,10,CAB
861,wewnętrzny,10,CAB
862,prasowy,10,CAB
863,przeciw,10,GBBAA
864,noc,10,ADCAB
865,protest,10,ACAAAAA
866,fot,10,ACAABAA
867,czytać,10,BDA
868,tutaj,10,GBABB
869,trend,10,ACAAAAA
870,pewien,10,CCBBA
871,wprowadzić,10,BBCA
872,zależeć,10,BCBA
873,wyższy,10,CAB
874,ograniczenie,10,AEBAA
875,prokuratura,10,ADAAA
876,stara,10,ADACCBA
877,pochodzenie,10,AEBAA
878,pułapka,10,ADAB
879,wysoki,10,CBA
880,rad,10,ACAAAAA
881,opinia,10,ADACBAA
882,festiwal,10,ACACAA
883,najlepszy,10,CAB
884,samo,10,EEAAA
885,warsztat,10,ACAAAAA
886,trzeci,10,CBB
887,angielski,10,ACD
888,nazwa,10,ADAAA
889,brat,10,AAAEA
890,sukces,10,ACAAAAA
891,gościć,10,BBCA
892,pis,10,-
893,odwołanie,10,AEBAA
894,marzec,10,ACACBC
895,numer,10,ACAAAAA
896,2024,10,-
897,dokładnie,10,FB
898,wyjście,10,AEBAA
899,poprzez,10,GBBAA
900,pozwolić,10,BBCA
901,akt,10,ACAAAAA
902,ziemia,10,ADACBABA
903,pogląd,10,ACAAAAA
904,2004,10,-
905,produkcja,10,ADACBAA
906,demokracja,10,ADACBAA
907,zwolennik,10,AAACBA
908,szalony,10,AAEC
909,produkt,10,ACAAAAA
910,zwolnienie,10,AEBAA
911,energia,10,ADACBAA
912,tiktoku,10,-
913,świąteczny,10,CAB
914,polka,10,ADAB
915,henryk,10,-
916,jakubowskich,10,-
917,czwartek,9,ACABA
918,walczyć,9,BCCA
919,uderzyć,9,BCCA
920,ostatecznie,9,FC
921,okazja,9,ADACBAA
922,prof,9,-
923,kluczowy,9,CAB
924,funkcjonowanie,9,AEBAA
925,partnerka,9,ADAB
926,tymczasem,9,GBABB
927,zwłaszcza,9,GBBBA
928,bliskość,9,ADCCA
929,trudny,9,CAB
930,reakcja,9,ADACBAA
931,wracać,9,BDA
932,wymagać,9,BDA
933,wyzwanie,9,AEBAA
934,niezwykle,9,FB
935,znów,9,GBBBA
936,znacznie,9,FB
937,pytać,9,BDA
938,narzekać,9,BDA
939,zapowiadać,9,BDA
940,sprawiedliwość,9,ADCCA
941,handlowy,9,CAB
942,szpital,9,ACACBAA
943,spokojny,9,CAB
944,uciec,9,BAFAAB
945,łódź,9,ADCAAA
946,pobyt,9,ACAAAAA
947,zakończyć,9,BCCA
948,poniedziałek,9,ACABA
949,propozycja,9,ADACBAA
950,brytanii,9,-
951,utrzymywać,9,BAAB
952,opublikować,9,BAAA
953,kolega,9,AABCA
954,37,9,-
955,wieczorem,9,FC
956,chłopak,9,AAACBA
957,śledztwo,9,AEAAAB
958,konferencja,9,ADACBAA
959,odmówić,9,BBCA
960,zgodnie,9,FB
961,przyjaciel,9,AAABBB
962,serce,9,AEBAA
963,szczególnie,9,FB
964,dziwny,9,CAB
965,dzisiaj,9,ACF
966,tragiczny,9,CAB
967,szef,9,AAAAAA
968,dekada,9,ADAAA
969,dotyczący,9,CAA
970,geir,9,-
971,poważny,9,CAB
972,boży,9,CAA
973,tytuł,9,ACAAAAA
974,pójść,9,BAFCAA
975,postanowić,9,BBCA
976,znak,9,ACABA
977,trasa,9,ADAAA
978,zapytać,9,BDA
979,interesować,9,BAAA
980,opowiedzieć,9,BDC
981,etap,9,ACAAAAA
982,krzysztof,9,-
983,złe,9,AEBBB
984,premiera,9,AAACAAAB
985,publiczność,9,ADCCA
986,zgoda,9,ADAAA
987,pozostały,9,BAFABD
988,przewidywany,9,BAAB
989,bowiem,9,GBBAB
990,wyłącznie,9,GBBBA
991,umiejętność,9,ADCCA
992,obcy,9,AAEB
993,liceum,9,AED
994,ku,9,GBBAA
995,dalej,9,FC
996,informować,9,BAAA
997,pozwalać,9,BDA
998,hollywood,9,-
999,mieszkanie,9,AEBAA
1000,mieszkać,9,BDA
1001,opisywać,9,BAAB
1002,program,9,ACAAAAA
1003,królewski,9,CBA
1004,inicjatywa,9,ADAAA
1005,zł,9,-
1006,dyrektor,9,AAACAAAB
1007,wydać,9,BDC
1008,urząd,9,ACAAAAAB
1009,ukraiński,9,CBA
1010,marsz,9,ABAAAB
1011,wtorek,9,ACABA
1012,konwencja,9,ADACBAA
1013,18,9,-
1014,uznawać,9,BAAE
1015,przejść,9,AEBAA
1016,popełnić,9,BBCA
1017,2083,9,-
1018,100,9,-
1019,stopień,9,AEBAA
1020,musical,9,ACACAA
1021,autor,9,AAACAAAB
1022,al,9,-
1023,południe,9,AEBAC
1024,dana,9,ADACCBA
1025,placówka,9,ADAB
1026,przedterminowy,9,CAB
1027,gwiazda,9,ADAAA
1028,łatwo,9,FA
1029,zakup,9,ACAAAAA
1030,wystawa,9,ADAAA
1031,moda,9,ADAAA
1032,świeży,9,CAA
1033,kuchnia,9,ADACBAA
1034,cebula,9,ADACBABA
1035,oliwa,9,ADAAA
1036,cytryn,9,ACAAAAA
1037,mistrz,8,AAAAB
1038,liga,8,ADAB
1039,zagrać,8,BBCA
1040,uderzać,8,BDA
1041,okolica,8,ADACABB
1042,uratować,8,BAAA
1043,przerwa,8,ADAAA
1044,stajać,8,BAAFC
1045,męskość,8,ADCCA
1046,hasło,8,AEAAAB
1047,znaczyć,8,BCCA
1048,pewnie,8,FB
1049,kochać,8,BDA
1050,scenariusz,8,ACACBBA
1051,kategoria,8,ADACBAA
1052,obowiązek,8,ACABA
1053,zdarzać,8,BDA
1054,praktyczny,8,CAB
1055,pewność,8,ADCCA
1056,przestać,8,BAFABD
1057,moc,8,ADCAB
1058,rozumieć,8,BDBA
1059,możliwe,8,GBABA
1060,lekarz,8,AAABD
1061,rodzinny,8,CAB
1062,ryzyko,8,AEAAAA
1063,używać,8,BDA
1064,przekonanie,8,AEBAA
1065,otwartość,8,ADCCA
1066,sens,8,ACAAAAA
1067,komunikacja,8,ADACBAA
1068,tortura,8,ADAAA
1069,zakład,8,ACAAAAA
1070,zewnętrzny,8,CAB
1071,ostrzegać,8,BDA
1072,nawóz,8,ACAAAAA
1073,silny,8,CAB
1074,policyjny,8,CAB
1075,przyjechać,8,BAAFA
1076,bezpieczny,8,CAB
1077,poprosić,8,BBCA
1078,uciekać,8,BDA
1079,wejść,8,AEBAA
1080,słychać,8,BFB
1081,radzić,8,BBCA
1082,prawnik,8,AAACBA
1083,portal,8,ACACAA
1084,maj,8,BBCA
1085,kamera,8,ADAAA
1086,zupełnie,8,FB
1087,patrzyć,8,BCCA
1088,dziesięć,8,DBBA
1089,zanim,8,GBBAB
1090,protestować,8,BAAA
1091,środa,8,ADAAA
1092,rama,8,ADAAA
1093,kwiat,8,ACAAAAA
1094,hotel,8,ACACAA
1095,korzystać,8,BDA
1096,adres,8,ACAAAAA
1097,federalny,8,CAB
1098,zaledwie,8,GBBBA
1099,zbudować,8,BAAA
1100,pamięć,8,ADCCA
1101,klasyczny,8,CAB
1102,ciekawy,8,CAB
1103,zabity,8,BAFB
1104,mowa,8,ADAAA
1105,wysłać,8,BAAFA
1106,zdobyć,8,AEBAA
1107,chociaż,8,GBBBA
1108,zabójca,8,AABCBB
1109,narodzenie,8,AEBAA
1110,adrian,8,-
1111,doprowadzić,8,BBCA
1112,wywiad,8,ACAAAAA
1113,gdyż,8,GBBAB
1114,tworzenie,8,AEBAA
1115,groźny,8,CAB
1116,zatrzymanie,8,AEBAA
1117,jeżeli,8,GBBAB
1118,taka,8,-
1119,potrzebny,8,CAB
1120,spodziewać się,8,-
1121,zwykły,8,CAB
1122,nieco,8,FC
1123,edukacyjny,8,CAB
1124,aktorka,8,ADAB
1125,wrażenie,8,AEBAA
1126,25,8,-
1127,szkolny,8,CAB
1128,podjąć,8,BAFCB
1129,wyjątkowy,8,CAB
1130,statut,8,ACAAAAA
1131,podejście,8,AEBAA
1132,spełniać,8,BDA
1133,skala,8,ADACBABA
1134,twarz,8,ADCAB
1135,hit,8,-
1136,milion,8,ACAABAA
1137,pełny,8,CAB
1138,konfederacja,8,ADACBAA
1139,obywatel,8,AAABCA
1140,piotr,8,-
1141,michał,8,-
1142,wjazd,8,ACAAAAA
1143,niepodległość,8,ADCCA
1144,przyznawać,8,BAAE
1145,środowisko,8,AEAAAA
1146,apelacyjny,8,CAB
1147,neonazista,8,AABDAA
1148,2021,8,-
1149,symbol,8,ACACAA
1150,dokument,8,ACAAAAA
1151,wrzesień,8,ACACBAA
1152,słowackiego,8,-
1153,potwierdzić,8,BBCA
1154,40,8,-
1155,zamknięty,8,BAEAA
1156,piątkowy,8,CAB
1157,powstrzymać,8,BDA
1158,wspominać,8,BDA
1159,studiować,8,BAAA
1160,spędzić,8,BBCA
1161,24,8,-
1162,senior,8,AAACAAAB
1163,dziennikarz,8,AAABD
1164,top,8,ACAAAAA
1165,90,8,-
1166,inspirować,8,BAAA
1167,chlebda,8,-
1168,parafia,8,ADACBAA
1169,gdzieś,8,GBABB
1170,zostawić,8,BBCA
1171,islamista,8,AABDAA
1172,wspólnota,8,ADAAA
1173,zero,8,AEAAAB
1174,rosji,8,-
1175,treść,8,ADCCA
1176,chleb,8,ACAABAA
1177,sport,8,ACAAAAA
1178,downa,8,-
1179,teatralny,8,CAB
1180,aresztować,8,BAAA
1181,razer,8,-
1182,wskazać,8,BAAFA
1183,smak,8,ACABA
1184,areszt,8,ACAAAAA
1185,nysa,8,ADAAA
1186,garnek,8,ACABBA
1187,julius,8,-
1188,roberts,8,-
1189,składnik,8,ACABBA
1190,czosnek,8,ACABA
1191,smażyć,8,BCCA
1192,poezja,8,ADACBAA
1193,poprzedni,7,CBB
1194,sezon,7,ACAAAAA
1195,obrońca,7,AABCBB
1196,oba,7,DABB
1197,obie,7,DABCA
1198,presja,7,ADACBAA
1199,spotykać,7,BDA
1200,najczęściej,7,FC
1201,efekt,7,ACAAAAA
1202,specjalista,7,AABDAA
1203,pomóc,7,BAFCAB
1204,zaproponować,7,BAAA
1205,błąd,7,ACAAAAAB
1206,substancja,7,ADACBAA
1207,krytyczny,7,CAB
1208,młodość,7,ADCCA
1209,obawiać się,7,-
1210,praktyka,7,AAACBA
1211,strajk,7,ACABA
1212,głodowy,7,CAB
1213,wyrazić,7,BBCA
1214,przechodzić,7,BBCA
1215,zabicie,7,AEBAA
1216,26,7,-
1217,mniejszy,7,CAB
1218,center,7,AAACAAAB
1219,okno,7,AEAAAB
1220,przyjeżdżać,7,BDA
1221,siedem,7,DBBA
1222,km,7,-
1223,półtorej,7,DF
1224,27,7,-
1225,przekazanie,7,AEBAA
1226,udawać,7,BAAE
1227,siostra,7,ADAAA
1228,jednostka,7,ADAB
1229,kłopot,7,ACAAAAA
1230,sala,7,ADACBABA
1231,zapowiedzieć,7,BDC
1232,storrvik,7,-
1233,otrzymać,7,BDA
1234,oświadczenie,7,AEBAA
1235,przekazać,7,BAAFA
1236,zapobiec,7,BAFAAB
1237,operacja,7,ADACBAA
1238,ujawnić,7,BBCB
1239,pochodzić,7,BBCA
1240,renee,7,-
1241,wcześniejszy,7,CAB
1242,administracja,7,ADACBAA
1243,powoływać,7,BAAB
1244,9,7,-
1245,ds,7,-
1246,taką,7,-
1247,posiadać,7,BDA
1248,zaatakować,7,BAAA
1249,misja,7,ADACBAA
1250,odpowiedzieć,7,BDC
1251,właściciel,7,AAABCA
1252,żyć,7,AEBAA
1253,wybierać,7,BDA
1254,layering,7,-
1255,strój,7,BBCA
1256,niski,7,CBA
1257,zima,7,ADAAA
1258,pozostać,7,BAFABD
1259,rozprawa,7,ADAAA
1260,sześć,7,DBBA
1261,rzekomy,7,CAB
1262,poseł,7,AAAAAA
1263,psychicznie,7,FB
1264,reszta,7,ADAAA
1265,dotyczyć,7,BCCA
1266,ponownie,7,FB
1267,jaką,7,-
1268,instancja,7,ADACBAA
1269,marta,7,-
1270,starszy,7,CAB
1271,zwracać,7,BDA
1272,wywołać,7,BDA
1273,gmin,7,ACAAAAA
1274,wpływać,7,BDA
1275,the,7,-
1276,dzieciństwo,7,AEAAAB
1277,dowiedzieć się,7,-
1278,koszt,7,ACAAAAA
1279,rzeczywistość,7,ADCCA
1280,wejście,7,AEBAA
1281,inaczej,7,FC
1282,zauważyć,7,BCCA
1283,nasza,7,-
1284,no,7,GBBBBAB
1285,lublinie,7,-
1286,jedyne,7,AEBBB
1287,współpracować,7,BAAA
1288,jesień,7,ADCAAA
1289,współpraca,7,ADACABB
1290,student,7,AAADAA
1291,lato,7,AEAAAB
1292,aleksander,7,-
1293,straż,7,ADCAB
1294,listopad,7,ACAABAA
1295,półrocze,7,AEBAB
1296,sprawdzian,7,ACAAAAA
1297,dramat,7,ACAAAAA
1298,frekwencja,7,ADACBAA
1299,wyliczać,7,BDA
1300,założyć,7,BCCA
1301,wyrzucić,7,BBCA
1302,300,7,-
1303,ugrupowanie,7,AEBAA
1304,konsekwencja,7,ADACBAA
1305,vince,7,-
1306,narkotyk,7,ACABA
1307,obraz,7,ACAAAAA
1308,sprzedaż,7,ADCAB
1309,wokół,7,GBBAA
1310,głośny,7,CAB
1311,odpowiadać,7,BDA
1312,ryś,7,ABAABA
1313,bartosz,7,-
1314,wzrosły,7,CAB
1315,konserwatywny,7,CAB
1316,drewnicki,7,-
1317,łączeń,7,AEBAA
1318,gibała,7,-
1319,jasne,7,FC
1320,poszanowanie,7,AEBAA
1321,nazwać,7,BAAFB
1322,konieczny,7,CAB
1323,500,7,-
1324,2022,7,-
1325,ideologiczny,7,CAB
1326,ubrać,7,BAAFA
1327,internetowych,7,-
1328,deklaracja,7,ADACBAA
1329,liberalny,7,CAB
1330,farma,7,ADAAA
1331,demokratyczny,7,CAB
1332,wymierzony,7,CAB
1333,planować,7,BAAA
1334,spotkać,7,BDA
1335,odnotować,7,BAAA
1336,krwawy,7,CAB
1337,wyraz,7,ACAAAAA
1338,swoje,7,EDAB
1339,pasować,7,BAAA
1340,śmiać się,7,-
1341,instytut,7,ACAAAAA
1342,naśladowca,7,AABCBB
1343,europa,7,-
1344,pokolenie,7,AEBAA
1345,inteligencja,7,ADACBAA
1346,filmik,7,ACABA
1347,billie,7,-
1348,biżuteria,7,ADACBAA
1349,tarcza,7,ADACABB
1350,odrobina,7,ADAAA
1351,płatek,7,ACABBA
1352,lekcja,7,ADACBAA
1353,obowiązkowy,7,CAB
1354,apelować,7,BAAA
1355,luiza,7,-
1356,ewę,7,-
1357,dolać,7,BAFBD
1358,oze,7,-
1359,bezdomny,7,AAEC
1360,pomidor,7,ABABAAA
1361,puszek,7,ACABA
1362,makaron,7,ACAAAAA
1363,drobno,7,FA
1364,burak,7,ABAC
1365,klopsik,7,ACABBA
1366,niedziela,6,ADACBABA
1367,minąć,6,BAEAB
1368,zatrzymywać,6,BAAB
1369,niewiele,6,DEBA
1370,wykorzystać,6,BDA
1371,obok,6,GBABB
1372,porażka,6,ADAB
1373,reklama,6,ADAAA
1374,napięcie,6,AEBAA
1375,test,6,ACAAAAA
1376,facet,6,AAADAA
1377,sugerować,6,BAAA
1378,gabinet,6,ACAAAAA
1379,oczekiwania,6,AGDAA
1380,konflikt,6,ACAAAAA
1381,sum,6,ABABAAA
1382,słyszeć,6,BCBA
1383,motywować,6,BAAA
1384,bywać,6,BDA
1385,kręcić,6,BBCA
1386,częściej,6,FC
1387,wizyta,6,ADAAA
1388,kierować,6,BAAA
1389,bóg,6,AAAAAB
1390,zadanie,6,AEBAA
1391,sięgać,6,BDA
1392,mniej,6,FC
1393,para,6,AAAAAA
1394,zyskać,6,BDA
1395,założenie,6,AEBAA
1396,cud,6,ACAAAAA
1397,playstation,6,-
1398,zamordować,6,BAAA
1399,piec,6,ACACBC
1400,młodzieżówka,6,-
1401,zdołać,6,BDA
1402,biuro,6,AEAAAB
1403,17,6,-
1404,pojazd,6,ACAAAAA
1405,sięgnąć,6,BAEAA
1406,wyciągnąć,6,BAEAA
1407,ląd,6,ACAAAAA
1408,zdążyć,6,BCCA
1409,martwy,6,AAEC
1410,ukrywać,6,BDA
1411,chyba,6,GBBBA
1412,natychmiast,6,FC
1413,zadzwonić,6,BBCA
1414,85,6,-
1415,pozwać,6,BAAFB
1416,podawać,6,BAAE
1417,samobójczy,6,CAA
1418,prośba,6,ADAAA
1419,złożyć,6,BCCA
1420,wykonać,6,BDA
1421,archipelag,6,ACABA
1422,baza,6,ADAAA
1423,parlament,6,ACAAAAA
1424,najpewniej,6,FC
1425,suv,6,-
1426,serwis,6,ACAAAAA
1427,porządek,6,ACABA
1428,j,6,-
1429,podchodzić,6,BBCA
1430,kampania,6,ADACBAA
1431,utrudniać,6,BDA
1432,post,6,ACAAAAA
1433,komentować,6,BAAA
1434,wątpliwość,6,ADCCA
1435,wzrost,6,ACAAAAA
1436,2023,6,-
1437,warstwa,6,ADAAA
1438,kompozycja,6,ADACBAA
1439,krótki,6,CBA
1440,wyobraźnia,6,ADACBAA
1441,zorganizować,6,BAAA
1442,podłożyć,6,BCCA
1443,uroczystość,6,ADCCA
1444,rasa,6,ADAAA
1445,uzbroić,6,BBCA
1446,ministerstwo,6,AEAAAB
1447,przygotowywać,6,BAAB
1448,2010,6,-
1449,strzelecki,6,CBA
1450,chory,6,AAEB
1451,uczestniczyć,6,BCCA
1452,sądzić,6,BBCA
1453,psychiatra,6,AABCBAB
1454,wystąpić,6,BBCA
1455,niebezpieczny,6,CAB
1456,polak,6,-
1457,dzwonić,6,BBCA
1458,poradzić,6,BBCA
1459,studia,6,AGDB
1460,obserwować,6,BAAA
1461,fizyczny,6,AAEC
1462,twórca,6,AABCBB
1463,dotąd,6,GBABB
1464,producent,6,AAADAA
1465,krytyka,6,AAACBA
1466,tata,6,AABABA
1467,zgodzić,6,BBCA
1468,dwudziesta,6,ADACCBA
1469,ocenić,6,BBCA
1470,narzędzie,6,AEBAC
1471,zgadzać się,6,-
1472,amelka,6,-
1473,światło,6,AEAAAB
1474,psychologiczny,6,CAB
1475,usłyszeć,6,BCBA
1476,niemczech,6,-
1477,zaplanowany,6,BAAA
1478,niemiecki,6,ACD
1479,rower,6,ACAAAAA
1480,krzysztofa,6,-
1481,lider,6,AAACAAAB
1482,piosenka,6,ADAB
1483,nr,6,-
1484,termin,6,ACAAAAA
1485,ostateczny,6,CAB
1486,określać,6,BDA
1487,data,6,ADAAA
1488,ciągnąć,6,BAEAA
1489,wprost,6,GBABB
1490,trochę,6,DF
1491,najlepiej,6,FC
1492,lawa,6,ADAAA
1493,grunt,6,ACAAAAA
1494,wygrać,6,BDA
1495,doskonały,6,CAB
1496,finansowy,6,CAB
1497,zostawiać,6,BDA
1498,wszelki,6,CBA
1499,cena,6,ADAAA
1500,wchodzić,6,BBCA
1501,twierdza,6,ADACABB
1502,niemal,6,FC
1503,najbliższy,6,CAB
1504,szczegół,6,ACAAAAA
1505,powietrze,6,AEBAB
1506,zasięg,6,ACABA
1507,najgorszy,6,AEBAB
1508,zapłacić,6,BBCA
1509,ogłosić,6,BBCA
1510,zebrać,6,BAAFA
1511,ewentualny,6,CAB
1512,kandydat,6,AAADAA
1513,włos,6,ACAABAA
1514,październik,6,ACABBA
1515,organizator,6,AAACAAAB
1516,sprzeczny,6,CAB
1517,poniżający,6,BDA
1518,swoboda,6,ADAAA
1519,osadzić,6,BBCA
1520,dokonany,6,BDA
1521,32,6,-
1522,150,6,-
1523,artykuł,6,ACAAAAA
1524,2017,6,-
1525,firma,6,ADAAA
1526,odwiedzić,6,BBCA
1527,templariusz,6,AAABD
1528,karabin,6,ACAAAAA
1529,wróg,6,AAAAB
1530,wykonanie,6,AEBAA
1531,youtube,6,-
1532,inspiracja,6,ADACBAA
1533,czerpać,6,BAAFA
1534,juliusza,6,-
1535,sofoklesa,6,-
1536,andrzeja,6,-
1537,zastanawiać,6,BDA
1538,daniel,6,ABAABA
1539,zdetonować,6,BAAA
1540,sędzia,6,AABAA
1541,niewinny,6,CAB
1542,opór,6,ACAAAAA
1543,komisja,6,ADACBAA
1544,żądać,6,BDA
1545,prokurator,6,AAACAAAB
1546,norwegów,6,-
1547,blisko,6,FA
1548,zdecydować,6,BAAA
1549,wzrosnąć,6,BAEB
1550,stworzyć,6,BCCA
1551,b,6,-
1552,uczyć,6,BCCA
1553,pobliże,6,AEBAB
1554,200,6,-
1555,urzędnik,6,AAACBA
1556,niedaleko,6,FC
1557,rasizm,6,ACAAAAA
1558,glen,6,-
1559,idealnie,6,FB
1560,wreszcie,6,GBBBA
1561,zresztą,6,GBBBA
1562,dorobek,6,ACABA
1563,drewniany,6,CAB
1564,spora,6,ADAAA
1565,przychodzić,6,BBCA
1566,facebooku,6,-
1567,chemiczny,6,CAB
1568,użytkownik,6,AAACBA
1569,ilość,6,ADCCA
1570,dawida,6,-
1571,śnieg,6,ACABA
1572,zachodni,6,CBB
1573,wola,6,ADACBAA
1574,ośrodek,6,ACABBA
1575,użycie,6,AEBAA
1576,analiza,6,ADAAA
1577,popularność,6,ADCCA
1578,kawałek,6,ACABBA
1579,miłość,6,ADCCA
1580,stół,6,ACAAAAA
1581,szwedzki,6,CBA
1582,sprzed,6,GBBAA
1583,ukrainy,6,-
1584,kazać,6,BAAFA
1585,wy,6,EIA
1586,boski,6,CBA
1587,damski,6,CBA
1588,dawid,6,-
1589,klimat,6,ACAAAAA
1590,duch,6,ABABAAB
1591,rejestr,6,ACAAAAA
1592,dołożyć,6,BCCA
1593,koza,6,ADAAA
1594,kulinarny,6,CAB
1595,juliusa,6,-
1596,mięso,6,AEAAAB
1597,kurczak,6,ABAC
1598,pomidorowy,6,CAB
1599,szczypta,6,ADAAA
1600,sol,6,ABAABA
1601,tahini,6,-
1602,barcelona,5,-
1603,athletic,5,-
1604,puchar,5,ACAAAAA
1605,polaków,5,-
1606,zaskakiwać,5,BAAC
1607,nadziać,5,BAFBD
1608,skład,5,ACAAAAA
1609,atakować,5,BAAA
1610,metr,5,AAAAAA
1611,uderzenie,5,AEBAA
1612,mocny,5,CAB
1613,seria,5,ADACBAA
1614,tempo,5,AEAAAB
1615,odmawiać,5,BDA
1616,sprawność,5,ADCCA
1617,unikać,5,BDA
1618,zaburzenia,5,AGDAA
1619,zawód,5,ACAAAAA
1620,lek,5,ACABAB
1621,nastrój,5,BBCA
1622,dochodzić,5,BBCA
1623,ogólny,5,CAB
1624,diagnoza,5,ADAAA
1625,dziwić się,5,-
1626,sfera,5,ADAAA
1627,rzeczywiście,5,FC
1628,wygląd,5,ACAAAAA
1629,emocjonalny,5,CAB
1630,ciepło,5,AEAAAB
1631,komunikat,5,ACAAAAA
1632,porównanie,5,AEBAA
1633,zainteresowanie,5,AEBAA
1634,ćwiczenia,5,AGDAA
1635,par,5,AAAAAA
1636,skupić,5,BBCA
1637,zapach,5,ACAAAB
1638,budować,5,BAAA
1639,teza,5,ADAAA
1640,otwarcie,5,AEBAA
1641,choćby,5,GBBBA
1642,funkcja,5,ADACBAA
1643,zawał,5,ACAAAAA
1644,nawiązywać,5,BAAB
1645,ostatnio,5,FC
1646,natychmiastowy,5,CAB
1647,stanąć,5,BAEAB
1648,absolutny,5,CAB
1649,naturalny,5,CAB
1650,przedstawiać,5,BDA
1651,oczekiwać,5,BAAC
1652,dopóki,5,GBAA
1653,przedłużenie,5,AEBAA
1654,panować,5,BAAA
1655,nagle,5,FC
1656,jensa,5,-
1657,stoltenberga,5,-
1658,eksplodować,5,BAAA
1659,promień,5,ACACBAA
1660,odłamek,5,ACABBA
1661,uwięziony,5,CAB
1662,zamknąć,5,BAEAA
1663,wysepka,5,ADAB
1664,jakby,5,GBABB
1665,przerażony,5,BBCA
1666,chować,5,BDA
1667,leżeć,5,BCBA
1668,przeżycie,5,AEBAA
1669,apel,5,ACACAA
1670,kontaktować,5,BAAA
1671,dźwięk,5,ACABA
1672,łamać,5,BAAFA
1673,wytoczyć,5,BCCA
1674,codziennie,5,FC
1675,dyspozycja,5,ADACBAA
1676,andreas,5,-
1677,planowany,5,BAAA
1678,zamiana,5,ADAAA
1679,oficjalnie,5,FB
1680,interes,5,ACAAAAA
1681,wojskowy,5,AAEC
1682,wyjątek,5,ACABA
1683,nicole,5,-
1684,imigracyjny,5,CAB
1685,trump,5,-
1686,alpha,5,-
1687,zło,5,AEAAAA
1688,zastrzelenie,5,AEBAA
1689,oskarżać,5,BDA
1690,rana,5,ADAAA
1691,uniknąć,5,BAEAA
1692,krzyczeć,5,BCBA
1693,przejechać,5,BAAFA
1694,jorku,5,-
1695,hilton,5,-
1696,departament,5,ACAAAAA
1697,pokój,5,ACACAA
1698,niezależny,5,CAB
1699,morderstwo,5,AEAAAB
1700,wyrażać,5,BDA
1701,wystarczająco,5,FC
1702,dokąd,5,GBAA
1703,zimowy,5,CAB
1704,kształt,5,ACAAAAA
1705,zarzucić,5,BBCA
1706,połączenie,5,AEBAA
1707,zabawa,5,ADAAA
1708,wierny,5,AAEC
1709,dzisiejszy,5,CAB
1710,nato,5,-
1711,faszystowski,5,CBA
1712,gest,5,ACAAAAA
1713,trybunał,5,ACAAAAA
1714,posiadanie,5,AEBAA
1715,pozwolenie,5,AEBAA
1716,odebrać,5,BAAFA
1717,wyjaśniać,5,BDA
1718,pewny,5,CAB
1719,stawiać,5,BDA
1720,wymagania,5,AGDAA
1721,ustawa,5,ADAAA
1722,rozważać,5,BDA
1723,prawny,5,CAB
1724,pogodzić,5,BBCA
1725,niby,5,GBBBA
1726,wybuchnąć,5,BAEAA
1727,ponieść,5,BAFCAA
1728,jedyny,5,CAB
1729,wydarzyć się,5,-
1730,zrezygnować,5,BAAA
1731,odejść,5,AEBAA
1732,niedawno,5,FC
1733,kardiologiczny,5,CAB
1734,dr,5,-
1735,papieros,5,ABABAAA
1736,zaangażowanie,5,AEBAA
1737,klatka,5,ADAB
1738,zaskoczyć,5,BCCA
1739,linia,5,ADACBAA
1740,prowadzony,5,BBCA
1741,kosztować,5,BAAA
1742,familijny,5,CAB
1743,szok,5,ACABA
1744,dziewczynka,5,ADAB
1745,określić,5,BBCA
1746,znajomy,5,AAEC
1747,zaprezentować,5,BAAA
1748,słuchać,5,BDA
1749,uśmiechać się,5,-
1750,bohaterka,5,ADAB
1751,reż,5,-
1752,różnić,5,BBCB
1753,stosunek,5,ACABA
1754,dzielić,5,BBCA
1755,naród,5,ACAAAAA
1756,wytłumaczyć,5,BCCA
1757,równia,5,ADACBAA
1758,wiara,5,ADAAA
1759,zniszczyć,5,BCCA
1760,zaś,5,GBBAB
1761,zapomnieć,5,BBBB
1762,11,5,-
1763,ponadto,5,GBBBA
1764,koncertowy,5,CAB
1765,2019,5,-
1766,dotychczasowy,5,CAB
1767,zająć,5,BAFCB
1768,kameralny,5,CAB
1769,budzić,5,BBCA
1770,zebranie,5,AEBAA
1771,czwórka,5,ADAB
1772,uczenie,5,AEBAA
1773,stowarzyszenie,5,AEBAA
1774,klasyfikacja,5,ADACBAA
1775,konkretny,5,CAB
1776,określony,5,BBCA
1777,ustalenie,5,AEBAA
1778,rozpoczęcie,5,AEBAA
1779,osiągnięcie,5,AEBAA
1780,indywidualny,5,CAB
1781,waga,5,ADAB
1782,wiadomości,5,AGBC
1783,marzenie,5,AEBAA
1784,lippestadt,5,-
1785,las,5,ACAAAAA
1786,2005,5,-
1787,posłużyć,5,BCCA
1788,kiedyś,5,GBABB
1789,wspólnie,5,FC
1790,restauracja,5,ADACBAA
1791,idealny,5,CAB
1792,uśmiech,5,ACAAAB
1793,ściana,5,ADAAA
1794,ton,5,ACAAAAA
1795,wolno,5,BFBA
1796,były,5,BEA
1797,zostawać,5,BAAE
1798,prowadzenie,5,AEBAA
1799,najmłodszy,5,CAB
1800,mnóstwo,5,AEAAAB
1801,kardynał,5,AAAAAA
1802,przeprowadzenie,5,AEBAA
1803,związać,5,BAAFA
1804,fala,5,ADACBABA
1805,niewielki,5,CBA
1806,łukasza,5,-
1807,podwyżka,5,ADAB
1808,liczyć,5,BCCA
1809,państwowy,5,CAB
1810,zastępca,5,AABCBB
1811,barwa,5,ADAAA
1812,doskonale,5,FB
1813,realny,5,CAB
1814,zauważać,5,BDA
1815,rzeplińska,5,-
1816,pl,5,-
1817,zaznaczać,5,BDA
1818,najprawdopodobniej,5,FC
1819,zachować,5,BDA
1820,jarosław,5,-
1821,spróbować,5,BAAA
1822,mało,5,DF
1823,szeroki,5,CBA
1824,krytykować,5,BAAA
1825,funkcjonować,5,BAAA
1826,trzymanie,5,AEBAA
1827,prywatny,5,CAB
1828,deklarować,5,BAAA
1829,wideo,5,-
1830,zaplanować,5,BAAA
1831,znieść,5,BAFCAA
1832,1971,5,-
1833,utożsamiać,5,BDA
1834,zarzucany,5,BDA
1835,inwazja,5,ADACBAA
1836,orzec,5,BAFAABA
1837,skazany,5,BAAFA
1838,dalszy,5,CAB
1839,wydanie,5,AEBAA
1840,towarzyszyć,5,BCCA
1841,nominacja,5,ADACBAA
1842,osiągnąć,5,BAEAA
1843,rekord,5,ACAAAAA
1844,magazyn,5,ACAAAAA
1845,rynek,5,ACABA
1846,skóra,5,ADAAA
1847,wzór,5,ACAAAAA
1848,rycerz,5,AAABD
1849,islamizacja,5,ADACBAA
1850,imigracja,5,ADACBAA
1851,zimny,5,CAB
1852,for,5,ACAABAA
1853,poprawność,5,ADCCA
1854,chęć,5,ADCCA
1855,jakikolwiek,5,EAL
1856,nowoczesny,5,CAB
1857,glock,5,-
1858,uprawiać,5,BDA
1859,wstrząsnąć,5,BAEAA
1860,kształtowanie,5,AEBAA
1861,iii,5,-
1862,rozumienie,5,AEBAA
1863,reżyseria,5,ADACBAA
1864,jakuba,5,-
1865,roszkowskiego,5,-
1866,mieszać,5,BDA
1867,iż,5,GBBAB
1868,usunąć,5,BAEAB
1869,tolerancja,5,ADACBAA
1870,przesłuchanie,5,AEBAA
1871,setka,5,ADAB
1872,pozbyć się,5,-
1873,prawdopodobnie,5,FB
1874,tłum,5,ACAAAAA
1875,komórka,5,ADAB
1876,kawa,5,ADAAA
1877,gospodarka,5,ADAB
1878,powiązanie,5,AEBAA
1879,londynie,5,-
1880,mieszek,5,ACABBA
1881,wynikający,5,BDA
1882,dzieło,5,AEAAAB
1883,powella,5,-
1884,kariera,5,ADAAA
1885,limato,5,-
1886,oceniać,5,BDA
1887,sprzedać,5,BDC
1888,wkrótce,5,GBABB
1889,gun,5,-
1890,przyszłość,5,ADCCA
1891,dolar,5,ABABAAA
1892,połączyć,5,BCCA
1893,cytować,5,BAAA
1894,pozostawać,5,BAAE
1895,kontynent,5,ACAAAAA
1896,charakter,5,ACAAAAA
1897,wiadomość,5,ADCCA
1898,doświadczyć,5,BCCA
1899,relacjonować,5,BAAA
1900,papa,5,AABABA
1901,przetłumaczyć,5,BCCA
1902,oferta,5,ADAAA
1903,nielegalny,5,CAB
1904,wyjechać,5,BAAFA
1905,filharmonia,5,ADACBAA
1906,znajda,5,AABCBAA
1907,homogeniczny,5,CAB
1908,ograniczać,5,BDA
1909,natura,5,ADAAA
1910,wolny,5,AAEC
1911,bezpośredni,5,CBB
1912,prawilne,5,-
1913,platforma,5,ADAAA
1914,mazurek,5,ABAC
1915,czynienie,5,AEBAA
1916,ronaldo,5,-
1917,wyjątkowość,5,ADCCA
1918,stąd,5,GBABB
1919,radość,5,ADCCA
1920,łącze,5,AEBAB
1921,międzynarodowy,5,CAB
1922,kanapka,5,ADAB
1923,wpłynąć,5,BAEAB
1924,zdarzenie,5,AEBAA
1925,szefowa,5,ADACCAA
1926,eilish,5,-
1927,chopinowski,5,CBA
1928,zbiory,5,AGAB
1929,wielkość,5,ADCCA
1930,złoto,5,AEAAAB
1931,stylizacja,5,ADACBAA
1932,wrocławiu,5,-
1933,1993,5,-
1934,odcień,5,ACACBAA
1935,skibidi,5,-
1936,tennessee,5,-
1937,olszowska,5,-
1938,porcja,5,ADACBAA
1939,rejonowy,5,CAB
1940,małopolsce,5,-
1941,dworzec,5,ACACBC
1942,mdc,5,-
1943,tymczasowy,5,CAB
1944,medal,5,ACACAA
1945,osobowość,5,ADCCA
1946,urodzić,5,BBCA
1947,bogdan,5,-
1948,luizy,5,-
1949,piekło,5,BAFCAB
1950,słońce,5,AEBAA
1951,zięć,5,AAAAB
1952,kacmajora,5,-
1953,ws,5,-
1954,postawa,5,ADAAA
1955,gotowanie,5,AEBAA
1956,rondel,5,ACACBAA
1957,doprawić,5,BBCA
1958,posiekany,5,BDA
1959,zbierać,4,BDA
1960,półfinał,4,ACAAAAA
1961,bilbao,4,-
1962,toczyć,4,BCCA
1963,postawić,4,BBCA
1964,piłka,4,ADAB
1965,noga,4,ADAB
1966,siatka,4,ADAB
1967,honor,4,ACAAAAA
1968,61,4,-
1969,potknięcie,4,AEBAA
1970,preparat,4,ACAAAAA
1971,erekcja,4,ADACBAA
1972,wystarczający,4,BDA
1973,dawidem,4,-
1974,realizacja,4,ADACBAA
1975,spadek,4,ACABA
1976,libido,4,AEE
1977,wstyd,4,ACAAAAA
1978,objaw,4,ACAAAAA
1979,góra,4,ADAAA
1980,stres,4,ACAAAAA
1981,trudność,4,ADCCA
1982,codzienny,4,CAB
1983,miara,4,ADAAA
1984,organizm,4,ACAAAAA
1985,zagubiony,4,BBCA
1986,ujęcie,4,AEBAA
1987,bądź,4,GBBAB
1988,przyjemność,4,ADCCA
1989,krytyk,4,AAACBA
1990,pomagać,4,BDA
1991,zrozumienie,4,AEBAA
1992,pacjent,4,AAADAA
1993,spokojnie,4,FB
1994,cierpienie,4,AEBAA
1995,delikatnie,4,FB
1996,zdecydowanie,4,AEBAA
1997,poprawić,4,BBCA
1998,działanie,4,AEBAA
1999,spektakularny,4,CAB
2000,wysokość,4,ADCCA
2001,czynnik,4,ACABBA
2002,nauczyć,4,BCCA
2003,wyobrażenie,4,AEBAA
2004,świadomość,4,ADCCA
2005,dłużej,4,FC
2006,wcale,4,GBBBA
2007,opierać,4,BDA
2008,wymiana,4,ADAAA
2009,konsola,4,ADACBAA
2010,35,4,-
2011,konkretnie,4,FB
2012,dobijać,4,BDA
2013,egzekucja,4,ADACBAA
2014,koszmar,4,ACAAAAA
2015,zazwyczaj,4,FC
2016,usiłować,4,BAAA
2017,harlem,4,-
2018,brundtland,4,-
2019,zaniepokojony,4,BBCA
2020,srebrny,4,CAB
2021,powtarzać,4,BDA
2022,automatyczny,4,CAB
2023,amunicja,4,ADACBAA
2024,jezioro,4,AEAAAB
2025,rozbić,4,AEBAA
2026,zdradzić,4,BBCA
2027,zdradzać,4,BDA
2028,łza,4,ADAAA
2029,telewizyjny,4,CAB
2030,jasno,4,FA
2031,samopoczucie,4,AEBAA
2032,przedłużony,4,CAB
2033,reprezentować,4,BAAA
2034,mauritiusowi,4,-
2035,przywódca,4,AABCBB
2036,interwencja,4,ADACBAA
2037,przesłać,4,BAAFA
2038,x,4,-
2039,stanowić,4,BBCA
2040,region,4,ACAAAAA
2041,traktat,4,ACAAAAA
2042,argumentować,4,BAAA
2043,następny,4,CAB
2044,znaczący,4,CAA
2045,formalnie,4,FB
2046,rossa,4,-
2047,bordowy,4,CAB
2048,dziewiąty,4,CAB
2049,ilustracyjny,4,CAB
2050,wiceprezydent,4,AAADAA
2051,tamta,4,EDAAB
2052,twoja,4,EDAB
2053,przejąć,4,BAFCB
2054,koło,4,AEAAAB
2055,narracja,4,ADACBAA
2056,postrzelić,4,BBCA
2057,kierunek,4,ACABA
2058,obiecać,4,BDA
2059,badać,4,BDA
2060,dopuścić,4,BBCA
2061,należący,4,CAA
2062,e,4,-
2063,instagramie,4,-
2064,kłamać,4,BAAFA
2065,swe,4,EDAAB
2066,wspólnik,4,AAACBA
2067,zdać,4,BDC
2068,znaczny,4,CAB
2069,becca,4,-
2070,naszej,4,-
2071,religia,4,ADACBAA
2072,szczęście,4,AEBAA
2073,wesprzeć,4,BABA
2074,sąsiad,4,AAADAA
2075,sześcioletni,4,CBB
2076,współczucie,4,AEBAA
2077,dążyć,4,BCCA
2078,okazywać,4,BAAB
2079,odpuścić,4,BBCA
2080,ubranie,4,AEBAA
2081,zakładać,4,BDA
2082,pas,4,ACAAAAA
2083,długi,4,ACABA
2084,ciepły,4,CAB
2085,koszula,4,ADACBABA
2086,oddawać,4,BAAE
2087,odkąd,4,GBAA
2088,pobliski,4,CBA
2089,żałoba,4,ADAAA
2090,maszynowy,4,CAB
2091,przedstawić,4,BBCA
2092,zdobycie,4,AEBAA
2093,zapis,4,ACAAAAA
2094,umożliwić,4,BBCA
2095,legalnie,4,FB
2096,przedstawiony,4,BBCA
2097,zawieść,4,BAFCAA
2098,szwecji,4,-
2099,wczoraj,4,ACF
2100,izolować,4,BAAA
2101,wystąpienie,4,AEBAA
2102,długoletni,4,CBB
2103,wymieniony,4,BBCA
2104,stosowanie,4,AEBAA
2105,ono,4,EEAAB
2106,załamanie,4,AEBAA
2107,kula,4,ADACBABA
2108,ramia,4,ADACBAA
2109,2013,4,-
2110,przeciwny,4,CAB
2111,najstarszy,4,CAB
2112,szacować,4,BAAA
2113,potwierdzać,4,BDA
2114,nagły,4,CAB
2115,intensywny,4,CAB
2116,marcin,4,-
2117,oznakowanie,4,AEBAA
2118,zamienić,4,BBCA
2119,bok,4,ACABA
2120,skłaniać,4,BDA
2121,wypaść,4,BAFAAAB
2122,lokalny,4,CAB
2123,zabierać,4,BDA
2124,opowiadający,4,BDA
2125,brzmieć,4,BBBB
2126,przekonać,4,BDA
2127,strata,4,ADAAA
2128,zdziwić,4,BBCA
2129,zorientować,4,BAAA
2130,żal,4,ACACACB
2131,konsultacja,4,ADACBAA
2132,trauma,4,ADAAA
2133,fascynacja,4,ADACBAA
2134,wcielać,4,BDA
2135,komander,4,-
2136,późniejszy,4,CAB
2137,kojarzyć,4,BCCA
2138,forum,4,AEE
2139,światopoglądowy,4,CAB
2140,przejście,4,AEBAA
2141,zaznaczyć,4,BCCA
2142,dziecięcy,4,CAA
2143,bić,4,AEBAA
2144,granie,4,AEBAA
2145,wojciech,4,-
2146,wyjaśnić,4,BBCB
2147,zarazem,4,FC
2148,zaprzeczyć,4,BCCA
2149,trudno,4,FA
2150,zaprosić,4,BBCA
2151,pokaz,4,ACAAAAA
2152,złapać,4,BAAFA
2153,wyznanie,4,AEBAA
2154,niemiec,4,-
2155,sto,4,DBGA
2156,budka,4,ADAB
2157,sufler,4,AAACAAAB
2158,tomasz,4,-
2159,2020,4,-
2160,70,4,-
2161,s,4,-
2162,śródrocznych,4,-
2163,rodzić,4,BBCA
2164,śródroczne,4,-
2165,wykazać,4,BAAFA
2166,klasyfikacyjny,4,CAB
2167,kryzys,4,ACAAAAA
2168,śródrocznej,4,-
2169,dyrektorka,4,ADAB
2170,oświata,4,ADAAA
2171,rozwiązać,4,BAAFA
2172,podstawówka,4,ADAB
2173,pozytywny,4,CAB
2174,negatywny,4,CAB
2175,nauczanie,4,AEBAA
2176,istotny,4,CAB
2177,ważony,4,CAB
2178,ola,4,-
2179,ustalić,4,BBCA
2180,prowadzący,4,AAEB
2181,uniwersalny,4,CAB
2182,porzucić,4,BBCA
2183,czerwiec,4,ABAAAB
2184,odciąć,4,BAFCB
2185,rozpaść się,4,-
2186,recenzja,4,ADACBAA
2187,trup,4,AAACAAAB
2188,powoli,4,FC
2189,wina,4,ADAAA
2190,rozwijać,4,BDA
2191,przeszkadzać,4,BDA
2192,złościć,4,BBCA
2193,wisieć,4,BBBA
2194,ślad,4,ACAAAAA
2195,36,4,-
2196,śnieżny,4,CAB
2197,19,4,-
2198,przybyć,4,AEBAA
2199,iraku,4,-
2200,kancelaria,4,ADACBAA
2201,spółka,4,ADAB
2202,orszak,4,ACABA
2203,bocheńczak,4,-
2204,nadzieja,4,ADACBAA
2205,rosnący,4,CAA
2206,kadencja,4,ADACBAA
2207,przeprowadzony,4,BBCA
2208,uchwała,4,ADAAA
2209,przyjęcie,4,AEBAA
2210,podatek,4,ACABA
2211,dziennie,4,FB
2212,partyjny,4,AAEC
2213,argument,4,ACAAAAA
2214,ostro,4,FA
2215,usunięcie,4,AEBAA
2216,stanowisko,4,AEAAAA
2217,podpisać,4,BAAFA
2218,zakopany,4,BAAFA
2219,róża,4,ADACABB
2220,2006,4,-
2221,naukowiec,4,AAACBA
2222,2018,4,-
2223,samorządowy,4,CAB
2224,wspierać,4,BDA
2225,angażować,4,BAAA
2226,wynosić,4,BBCA
2227,organizować,4,BAAA
2228,odbić,4,AEBAA
2229,skien,4,-
2230,odbywanie,4,AEBAA
2231,breivikowi,4,-
2232,art,4,-
2233,karanie,4,AEBAA
2234,dopuszczać,4,BDA
2235,plastikowy,4,CAB
2236,potrwać,4,BDA
2237,sportowy,4,CAB
2238,zamordowanie,4,AEBAA
2239,przedłużanie,4,AEBAA
2240,głęboki,4,CBA
2241,v,4,-
2242,wzywać,4,BDA
2243,milczenie,4,AEBAA
2244,pismo,4,AEAAAB
2245,sprawiać,4,BDA
2246,cierpieć,4,BBBA
2247,styles,4,-
2248,45,4,-
2249,live,4,-
2250,47,4,-
2251,przynieść,4,BAFCAA
2252,zawierać,4,BDA
2253,wirus,4,ABABAAA
2254,churchilla,4,-
2255,miłośnik,4,AAACBA
2256,zdrajca,4,AABCBB
2257,kulturowy,4,CAB
2258,dbać,4,BDA
2259,krew,4,ADCAAA
2260,93,4,-
2261,liczący,4,CAA
2262,karykatura,4,ADAAA
2263,marksizm,4,ACAAAAA
2264,elita,4,ADAAA
2265,koń,4,AAABCA
2266,radziecki,4,CBA
2267,przypominający,4,BDA
2268,1999,4,-
2269,poprawny,4,CAB
2270,of,4,-
2271,wildersa,4,-
2272,warzywo,4,AEAAAB
2273,owoc,4,ACACACB
2274,wschód,4,ACAAAAA
2275,kilkanaście,4,DBCA
2276,teraźniejszość,4,ADCCA
2277,nacisk,4,ACABA
2278,szczegółowy,4,CAB
2279,branżowy,4,CAB
2280,tygodniowo,4,FC
2281,stała,4,BAFABD
2282,jakub,4,-
2283,znakomity,4,CAB
2284,zamek,4,ACABA
2285,wawelu,4,-
2286,artystyczny,4,CAB
2287,stary,4,CAA
2288,wrogi,4,CBA
2289,agnieszka,4,-
2290,grzegorz,4,-
2291,karol,4,-
2292,potworny,4,CAB
2293,lewica,4,ADACABB
2294,1995,4,-
2295,wysadzić,4,BBCA
2296,oklahoma,4,-
2297,city,4,-
2298,miękki,4,CBA
2299,spekulować,4,BAAA
2300,katedra,4,ADAAA
2301,winien,4,BFCA
2302,psychiatryczny,4,CAB
2303,dumny,4,CAB
2304,szczególny,4,CAB
2305,humanitarny,4,CAB
2306,euro,4,-
2307,600,4,-
2308,spośród,4,GBBAA
2309,zakres,4,ACAAAAA
2310,norma,4,ADAAA
2311,dynamiczny,4,CAB
2312,odwiedzać,4,BDA
2313,sprawić,4,BBCA
2314,łatwy,4,CAB
2315,biznes,4,ACAAAAA
2316,bogaty,4,AAEC
2317,dokonanie,4,AEBAA
2318,stanowczo,4,FC
2319,austin,4,-
2320,dłoń,4,ADCAAB
2321,talent,4,ACAAAAA
2322,dywan,4,ACAAAAA
2323,elegancki,4,CBA
2324,umieć,4,BDBA
2325,komedia,4,ADACBAA
2326,cruise,4,-
2327,maverick,4,-
2328,bohater,4,AAAAAA
2329,przygotowany,4,BAAA
2330,spędzać,4,BDA
2331,zajmować,4,BAAA
2332,wysyłać,4,BDA
2333,śniadanie,4,AEBAA
2334,posiłek,4,ACABA
2335,piękny,4,CAB
2336,profil,4,ACACAA
2337,sprzedawać,4,BAAE
2338,wszcząć,4,BAFCBDD
2339,mówiący,4,CAA
2340,handel,4,ACACACB
2341,rozmiar,4,ACAAAAA
2342,zaraz,4,FC
2343,paweł,4,-
2344,udostępnić,4,BBCB
2345,czeski,4,CBA
2346,podlaskiego,4,-
2347,generalny,4,CAB
2348,cieszyć,4,BCCA
2349,fundamentalizm,4,-
2350,zdarzyć,4,BCCA
2351,akceptować,4,BAAA
2352,religijny,4,CAB
2353,obowiązywać,4,BAAB
2354,jakiejś,4,-
2355,mniejszość,4,ADCCA
2356,decydowany,4,BAAA
2357,działający,4,BDA
2358,swoisty,4,CAB
2359,republika,4,ADAB
2360,rymanowski,4,-
2361,stanowski,4,-
2362,komentarz,4,ACACBBA
2363,ai,4,-
2364,prawilnych,4,-
2365,dziewczyna,4,ADAAA
2366,opis,4,ACAAAAA
2367,polexit,4,-
2368,rozwiązywać,4,BAAB
2369,taca,4,ADACABB
2370,pełen,4,CCBBA
2371,sprzęt,4,ACAAAAA
2372,donosić,4,BBCA
2373,kupować,4,BAAA
2374,tr,4,-
2375,mierzyć,4,BCCA
2376,figura,4,ADAAA
2377,przedstawiciel,4,AAABCA
2378,cela,4,ADACBABA
2379,obejmować,4,BAAA
2380,lotnictwo,4,AEAAAB
2381,moskwa,4,-
2382,pocisk,4,ACABA
2383,elektryczny,4,CAB
2384,pianista,4,AABDAA
2385,yehuda,4,-
2386,prokopowicz,4,-
2387,wieś,4,ADCAAA
2388,400,4,-
2389,rzeźba,4,ADAAA
2390,kreacja,4,ADACBAA
2391,rzucić,4,BBCA
2392,nosić,4,BBCA
2393,tumblr,4,-
2394,slang,4,ACABA
2395,mord,4,ACAAAAA
2396,putin,4,-
2397,leże,4,AEBAB
2398,krem,4,ACAAAAA
2399,pieczywo,4,AEAAAB
2400,słodki,4,CBA
2401,przynajmniej,4,FC
2402,ząb,4,ACAABAA
2403,men,4,-
2404,biskup,4,AAADAA
2405,laureat,4,AAADAA
2406,avatar,4,-
2407,nowo,4,FC
2408,wątek,4,ACABA
2409,dowód,4,ACAAAAA
2410,koci,4,CBB
2411,żwirek,4,ACABA
2412,baron,4,AAAAAA
2413,oto,4,GBBBA
2414,najsurowszy,4,CAB
2415,debata,4,ADAAA
2416,behringa,4,-
2417,zagrozić,4,BBCA
2418,deportacja,4,ADACBAA
2419,jarmark,4,ACABA
2420,narciarski,4,CBA
2421,but,4,ACAABAA
2422,hbo,4,-
2423,felicji,4,-
2424,owca,4,ADACABB
2425,kradzież,4,ADCAB
2426,zatrzymana,4,ADACCBA
2427,głosić,4,BBCA
2428,zdjąć,4,BAFCB
2429,małgosia,4,-
2430,rolnictwo,4,AEAAAB
2431,zbigniew,4,-
2432,1996,4,-
2433,marian,4,-
2434,kowalski,4,CBA
2435,eugenii,4,-
2436,rak,4,ABAC
2437,kryptowalut,4,-
2438,leczyć,4,BCCA
2439,resztka,4,ADAB
2440,1992,4,-
2441,luizę,4,-
2442,doktor,4,AAACAAAB
2443,rzecki,4,-
2444,deska,4,ADAB
2445,kryptowaluty,4,-
2446,waluta,4,ADAAA
2447,viljar,4,-
2448,wiatr,4,ACAAAAA
2449,spaść,4,BAFAAAB
2450,geller,4,-
2451,łomży,4,-
2452,orkiestra,4,ADAAA
2453,gotować,4,BAAA
2454,chili,4,-
2455,koncentrat,4,ACAAAAA
2456,natka,4,ADAB
2457,pietruszka,4,ADAB
2458,pokroić,4,BBCA
2459,wymieszać,4,BDA
2460,creme,4,-
2461,fraiche,4,-
2462,kmin,4,ACAAAAA
2463,zmiksować,4,BAAA
2464,pokrojony,4,BBCA
2465,fahre,4,-
2466,wiersz,4,ACACBBA
2467,minerał,4,ACAAAAA
2468,diament,4,ACAAAAA
2469,hiszpanii,3,-
2470,fc,3,-
2471,0,3,-
2472,reprezentacja,3,ADACBAA
2473,raphinha,3,-
2474,lewa,3,ABABAAA
2475,prosty,3,CAB
2476,czwarty,3,CAB
2477,lewy,3,ABABAAA
2478,świetny,3,CAB
2479,oszczędzać,3,BDA
2480,niedzielny,3,CAB
2481,lewandowski,3,-
2482,72,3,-
2483,seksuolog,3,AAACBA
2484,wywoływać,3,BAAB
2485,kowalczyk,3,-
2486,męski,3,CBA
2487,aktywnie,3,FB
2488,wrażliwość,3,ADCCA
2489,zgłaszać,3,BDA
2490,utrata,3,ADAAA
2491,uczucie,3,AEBAA
2492,niewystarczający,3,CAA
2493,składać,3,BDA
2494,kondycja,3,ADACBAA
2495,cukrzyca,3,ADACABB
2496,skutecznie,3,FB
2497,pożądanie,3,AEBAA
2498,rodzicielski,3,CBA
2499,rzadko,3,FA
2500,zwykle,3,FB
2501,trakt,3,ACAAAAA
2502,wspomnieć,3,BBBB
2503,potencjał,3,ACAAAAA
2504,przestawać,3,BAAE
2505,przyjaźnić się,3,-
2506,zaufanie,3,AEBAA
2507,egzamin,3,ACAAAAA
2508,troska,3,ADABA
2509,porozmawiać,3,BDA
2510,świadomy,3,CAB
2511,obecność,3,ADCCA
2512,oczekiwany,3,BAAC
2513,znowu,3,GBBBA
2514,przyjmować,3,BAAA
2515,pójście,3,-
2516,zachęcać,3,BDA
2517,nieść,3,BAFCAA
2518,samotny,3,CAB
2519,uwolnienie,3,AEBAA
2520,terapia,3,ADACBAA
2521,karmić,3,BBCA
2522,ocenianie,3,AEBAA
2523,odejście,3,AEBAA
2524,życiowy,3,CAB
2525,klucz,3,ACACBBA
2526,różnica,3,ADACABB
2527,szczery,3,CAA
2528,absolutnie,3,FB
2529,torturować,3,BAAA
2530,liczny,3,CAB
2531,nowszy,3,-
2532,współwięzień,3,AAAAB
2533,sprawdzany,3,BDA
2534,znaczek,3,ACABBA
2535,komputer,3,ACAABAA
2536,wytrzymać,3,BDA
2537,umrzeć,3,BABA
2538,zagrażać,3,BDA
2539,dokonywać,3,BAAB
2540,kilometr,3,ACAABAA
2541,zniszczony,3,CAB
2542,internetowe,3,-
2543,ułatwić,3,BBCA
2544,żołnierz,3,AAABD
2545,leżący,3,CAA
2546,północny,3,CAB
2547,50,3,-
2548,strażnik,3,AAACBA
2549,mortensen,3,-
2550,skontrolować,3,BAAA
2551,zgromadzić,3,BBCA
2552,podejść,3,AEBAA
2553,wyjąć,3,BAFCB
2554,przerażająco,3,FC
2555,metodyczny,3,CAB
2556,kończyć,3,BCCA
2557,zwłoka,3,ADAB
2558,horror,3,ACAAAAA
2559,magnus,3,-
2560,łóżko,3,AEAAAA
2561,panika,3,ADAB
2562,skontaktować,3,BAAA
2563,żywy,3,AAEC
2564,szybki,3,ADAB
2565,helikopter,3,ACAABAA
2566,łamanie,3,AEBAA
2567,wielokrotny,3,CAB
2568,fanatyk,3,AAACBA
2569,zeznać,3,BDA
2570,reuters,3,-
2571,uciążliwy,3,CAB
2572,pozywać,3,BDA
2573,zakończenie,3,AEBAA
2574,naruszenie,3,AEBAA
2575,złagodzenie,3,AEBAA
2576,niezbędny,3,CAB
2577,breivikiem,3,-
2578,solidny,3,CAB
2579,profesjonalny,3,CAB
2580,donalda,3,-
2581,wystosować,3,BAAA
2582,czagos,3,-
2583,ocean,3,ACAAAAA
2584,indyjski,3,CBA
2585,brytanię,3,-
2586,nietypowy,3,CAB
2587,diego,3,-
2588,garcia,3,-
2589,potencjalny,3,CAB
2590,przewidywać,3,BAAB
2591,l,3,-
2592,mld,3,-
2593,brytyjskiego,3,-
2594,odbycie,3,AEBAA
2595,inwestycja,3,ADACBAA
2596,and,3,-
2597,filmować,3,BAAA
2598,donald,3,-
2599,czele,3,-
2600,news,3,-
2601,minnesoty,3,-
2602,kierownica,3,ADACABB
2603,ross,3,-
2604,vance,3,-
2605,tablica,3,ADACABB
2606,rejestracyjny,3,CAB
2607,proponować,3,BAAA
2608,fbi,3,-
2609,skręcać,3,BDA
2610,zaparkowany,3,BAAA
2611,kłamstwo,3,AEAAAB
2612,burmistrz,3,AAAAB
2613,krótko,3,FA
2614,amerykan,3,ABABAAA
2615,dhs,3,-
2616,organ,3,ACAAAAA
2617,oficjalny,3,CAB
2618,timothy,3,-
2619,snyder,3,-
2620,zwrotny,3,CAB
2621,daleko,3,FA
2622,ulec,3,BAFAAB
2623,poprawa,3,ADAAA
2624,dobroć,3,ADCAAA
2625,odrzucać,3,BDA
2626,silniejszy,3,CAB
2627,skupiać,3,BDA
2628,interesujący,3,BAAA
2629,sylwetka,3,ADAB
2630,pasek,3,ACABBA
2631,odsłonie,3,-
2632,całość,3,ADCCA
2633,hołd,3,ACAAAAA
2634,erna,3,-
2635,solberg,3,-
2636,cześć,3,ADCCA
2637,upamiętniający,3,BDA
2638,umocnić,3,BBCB
2639,oddalić,3,BBCA
2640,trudniej,3,FC
2641,miniony,3,CAB
2642,zaostrzenie,3,AEBAA
2643,szaleniec,3,AAACBA
2644,cudzoziemiec,3,AAACAAAA
2645,półautomatyczny,3,CAB
2646,zezwolenie,3,AEBAA
2647,rolnik,3,AAACBA
2648,rozum,3,ACAAAAA
2649,cywilny,3,CAB
2650,pozbawić,3,BBCA
2651,spoza,3,GBBAA
2652,podanie,3,AEBAA
2653,ila,3,-
2654,przeznaczony,3,CAB
2655,publikacja,3,ADACBAA
2656,ukazać,3,BAAFA
2657,trafiać,3,BDA
2658,pogoda,3,ADAAA
2659,towarzystwo,3,AEAAAB
2660,odśnieżanie,3,AEBAA
2661,krążenie,3,AEBAA
2662,kilkaset,3,DBJ
2663,podwyższony,3,CAB
2664,przeważnie,3,FB
2665,boleć,3,BAD
2666,poważniejszy,3,CAB
2667,ekstremalny,3,CAB
2668,konieczność,3,ADCCA
2669,medyczny,3,CAB
2670,malowanie,3,AEBAA
2671,prędkość,3,ADCCA
2672,centralny,3,CAB
2673,dowodzić,3,BBCA
2674,zmniejszenie,3,AEBAA
2675,nabrać,3,BAAFA
2676,prosto,3,FA
2677,gibson,3,-
2678,gatunek,3,ACABA
2679,wbrew,3,GBBAA
2680,wpaść,3,BAFAAAB
2681,debiut,3,ACAAAAA
2682,zachowywać,3,BAAB
2683,odbiorca,3,AABCBB
2684,wyobrazić,3,BBCA
2685,dwoje,3,DDA
2686,pisanie,3,AEBAA
2687,zemrzeć,3,BABA
2688,dziadek,3,AAAAB
2689,mina,3,ADAAA
2690,córka,3,ADAB
2691,casting,3,-
2692,roczny,3,CAB
2693,odpowiedzialność,3,ADCCA
2694,wymarzony,3,CAB
2695,alkohol,3,ACACAA
2696,czucie,3,AEBAA
2697,mocno,3,FA
2698,docenić,3,BBCA
2699,niech,3,GBBBBAA
2700,koleżanka,3,ADAB
2701,zmierzyć,3,BCCA
2702,agresywny,3,CAB
2703,spojrzeć,3,BCBA
2704,szerszy,3,CAB
2705,wada,3,ADAAA
2706,grono,3,AEAAAB
2707,widzenie,3,AEBAA
2708,zabraknąć,3,BGE
2709,marzyć,3,BCCA
2710,ważniejszy,3,CAB
2711,cugowskiego,3,-
2712,przebój,3,ACACACB
2713,sen,3,ACAAAAA
2714,przewinąć,3,BAEAB
2715,wykorzystywany,3,BAAB
2716,off,3,-
2717,2014,3,-
2718,1969,3,-
2719,wokalista,3,AABDAA
2720,basista,3,AABDAA
2721,jacka,3,-
2722,studencki,3,CBA
2723,położyć,3,BCCA
2724,przygotowywanie,3,AEBAA
2725,radio,3,AEAABA
2726,wystawianie,3,AEBAA
2727,będzinie,3,-
2728,piątka,3,ADAB
2729,sp,3,-
2730,niedostateczny,3,CAB
2731,niższy,3,CAB
2732,aleksandra,3,-
2733,zwany,3,BAAFB
2734,pedagogiczny,3,CAB
2735,ustalenia,3,AGDAA
2736,wydział,3,ACAAAAA
2737,wychowanie,3,AEBAA
2738,kształcenie,3,AEBAA
2739,ustalać,3,BDA
2740,ustalanie,3,AEBAA
2741,nieobowiązkowy,3,CAB
2742,różnie,3,FB
2743,śródroczna,3,-
2744,promocja,3,ADACBAA
2745,monika,3,-
2746,horna,3,-
2747,cieślak,3,-
2748,reguła,3,ADAAA
2749,formalny,3,CAB
2750,bieżący,3,CAA
2751,elektroniczny,3,CAB
2752,poszczególny,3,CAB
2753,ustny,3,CAB
2754,identyczny,3,CAB
2755,podjęcie,3,AEBAA
2756,fundacja,3,ADACBAA
2757,osobowy,3,ACC
2758,reagować,3,BAAA
2759,układać,3,BDA
2760,matura,3,ADAAA
2761,jakiej,3,-
2762,anonimowy,3,CAB
2763,dowódca,3,AABCBB
2764,przebieg,3,ACABA
2765,południowy,3,CAB
2766,dwukrotnie,3,FC
2767,internetowej,3,-
2768,masoński,3,CBA
2769,właściwie,3,FB
2770,black,3,-
2771,rabbit,3,-
2772,jude,3,-
2773,wiecznie,3,FB
2774,sposób,3,BBCA
2775,knajpa,3,ADAAA
2776,jawić się,3,-
2777,modny,3,CAB
2778,najpiękniejszy,3,CAB
2779,netflixa,3,-
2780,szczać,3,BCA
2781,błędny,3,CAB
2782,otwierać,3,BDA
2783,melancholijny,3,CAB
2784,papież,3,AAABD
2785,pasja,3,ADACBAA
2786,krok,3,ACABA
2787,53,3,-
2788,51,3,-
2789,grzegorzem,3,-
2790,urna,3,ADAAA
2791,oddział,3,ACAAAAA
2792,sławomira,3,-
2793,mentzena,3,-
2794,grzech,3,ACAAAB
2795,wymieniać,3,BDA
2796,dług,3,ACABA
2797,wynieść,3,BAFCAA
2798,jacek,3,-
2799,majchrowskiego,3,-
2800,opłata,3,ADAAA
2801,staranie,3,AEBAA
2802,kpo,3,-
2803,dymisja,3,ADACBAA
2804,zarząd,3,ACAAAAA
2805,szereg,3,ACABA
2806,parkowanie,3,AEBAA
2807,nowelizacja,3,ADACBAA
2808,instytucja,3,ADACBAA
2809,38,3,-
2810,łączny,3,CAB
2811,najwięcej,3,FC
2812,rzeź,3,ADCAAA
2813,obrzydliwy,3,CAB
2814,metropolita,3,AABDAA
2815,prezydencki,3,CBA
2816,tęczowy,3,CAB
2817,wyborca,3,AABCBB
2818,polacy,3,-
2819,propagować,3,BAAA
2820,słaby,3,CAB
2821,kuria,3,ADACBAA
2822,katolicki,3,CBA
2823,procedura,3,ADAAA
2824,wymagany,3,BDA
2825,wzmocnić,3,BBCB
2826,znikomy,3,CAB
2827,struktura,3,ADAAA
2828,2009,3,-
2829,2027,3,-
2830,flis,3,-
2831,opozycja,3,ADACBAA
2832,wykorzystywać,3,BAAB
2833,prawdopodobny,3,CAB
2834,świetnie,3,FB
2835,zdawać,3,BAAE
2836,walc,3,ABAAAB
2837,rozsądny,3,CAB
2838,dostarczyć,3,BCCA
2839,39,3,-
2840,postępowanie,3,AEBAA
2841,echo,3,AEAAAA
2842,budżet,3,ACAAAAA
2843,ciężki,3,CBA
2844,częściowo,3,FC
2845,racja,3,ADACBAA
2846,korespondowanie,3,AEBAA
2847,zgodny,3,CAB
2848,tajemnica,3,ADACABB
2849,zapobieganie,3,AEBAA
2850,humanitarnie,3,FB
2851,posługiwać,3,BAAC
2852,hala,3,ADACBABA
2853,współrządzący,3,CAA
2854,jedności,3,AGBC
2855,przetrzymywać,3,BAAB
2856,rygorystyczny,3,CAB
2857,właściwy,3,CAB
2858,skrucha,3,ADAAA
2859,wykluczać,3,BDA
2860,mandat,3,ACAAAAA
2861,zarejestrowany,3,BAAA
2862,budowa,3,ADAAA
2863,show,3,ACF
2864,49,3,-
2865,wydawnictwo,3,AEAAAB
2866,pozycja,3,ADACBAA
2867,umieścić,3,BBCA
2868,55,3,-
2869,przenieść,3,BAFCAA
2870,arena,3,ADAAA
2871,stadion,3,ACAAAAA
2872,neutralny,3,CAB
2873,powodzenie,3,AEBAA
2874,wznieść,3,BAFCAA
2875,toast,3,ACAAAAA
2876,rocznik,3,ACABBA
2877,rozprawić się,3,-
2878,całkowicie,3,FC
2879,zakon,3,ACAAAAA
2880,męczennik,3,AAACBA
2881,poświęcić,3,BBCA
2882,przedsiębiorca,3,AABCBB
2883,uczęszczać,3,BDA
2884,breiviku,3,-
2885,znajoma,3,ADACCBA
2886,społecznościowych,3,-
2887,niedługo,3,FC
2888,oskarżyć,3,BCCA
2889,dominować,3,BAAA
2890,konserwatysta,3,AABDAA
2891,poparcie,3,AEBAA
2892,zbiorowy,3,CAB
2893,nurt,3,ACAAAAA
2894,członkostwo,3,AEAAAB
2895,politycznie,3,FB
2896,stop,3,ACAAAAA
2897,holenderski,3,CBA
2898,gospodarstwo,3,AEAAAB
2899,kulturystyka,3,ADAB
2900,mający,3,BBCA
2901,fanów,3,-
2902,mieszkający,3,BDA
2903,francji,3,-
2904,całkiem,3,FC
2905,ponadpodstawowy,3,CAB
2906,świadom,3,CCBBA
2907,odróżnienie,3,AEBAA
2908,programowy,3,CAB
2909,technikum,3,AED
2910,zjawisko,3,AEAAAA
2911,wykorzystanie,3,AEBAA
2912,zawarty,3,CAB
2913,antygonę,3,-
2914,mos,3,-
2915,worek,3,ACABBA
2916,grecki,3,CBA
2917,antygony,3,-
2918,wystawiany,3,BDA
2919,przypomnieć,3,BBBB
2920,wojować,3,BAAA
2921,normalnie,3,FB
2922,autorka,3,ADAB
2923,mini,3,AEE
2924,wojsko,3,AEAAAA
2925,społeczność,3,ADCCA
2926,ranić,3,BBCA
2927,kaidy,3,-
2928,przebrać,3,BAAFA
2929,oddalony,3,BBCA
2930,lodowaty,3,CAB
2931,toaleta,3,ADAAA
2932,techniczny,3,CAB
2933,pomocnik,3,AAACBA
2934,królowa,3,ADACCAA
2935,kartka,3,ADAB
2936,notatka,3,ADAB
2937,stawiany,3,BDA
2938,niszczenie,3,AEBAA
2939,latka,3,AGDAA
2940,przedłużany,3,BDA
2941,niepoczytalność,3,ADCCA
2942,zakaz,3,ACAAAAA
2943,fundamentalny,3,CAB
2944,decydować,3,BAAA
2945,zaskoczony,3,CAB
2946,odwoływać,3,BAAB
2947,korona,3,ADAAA
2948,przystąpić,3,BBCA
2949,dziewięć,3,DBBA
2950,schengen,3,-
2951,sprawny,3,CAB
2952,podróż,3,BCCA
2953,gospodarczy,3,CAA
2954,zwiększyć,3,BCCA
2955,niecały,3,CAB
2956,pielęgniarka,3,ADAB
2957,hip,3,-
2958,pseudonim,3,ACAAAAA
2959,rozesłać,3,BAAFA
2960,76,3,-
2961,paryżu,3,-
2962,opieka,3,ADAB
2963,zerwać,3,BAAFB
2964,zniknąć,3,BAEAA
2965,podobno,3,GBBBA
2966,zbrodniczy,3,CAA
2967,pogodzenie,3,AEBAA
2968,romans,3,ACAAAAA
2969,status,3,ACAAAAA
2970,urok,3,ACABA
2971,uszkodzić,3,BBCA
2972,międzyczas,3,ACAAAAA
2973,zareagować,3,BAAA
2974,wezwanie,3,AEBAA
2975,superbohaterów,3,-
2976,man,3,-
2977,przeczytać,3,BDA
2978,karton,3,ACAAAAA
2979,karier,3,ACAAAAA
2980,spełnić,3,BBCA
2981,brakować,3,BAAA
2982,kwadratowy,3,CAB
2983,kuzyn,3,AAADAA
2984,jeździć,3,BBCA
2985,zawieźć,3,BAFCAA
2986,rozwinąć,3,BAEAB
2987,powellowi,3,-
2988,stallone,3,-
2989,kontynuacja,3,ADACBAA
2990,ameryce,3,-
2991,zarobić,3,BBCA
2992,definicja,3,ADACBAA
2993,znosić,3,BBCA
2994,weekend,3,ACAAAAA
2995,ekran,3,ACAAAAA
2996,akcent,3,ACAAAAA
2997,wystrzelić,3,BBCA
2998,zainspirować,3,BAAA
2999,towarzysz,3,AAABD
3000,autentyczny,3,CAB
3001,zagranie,3,AEBAA
3002,przyjście,3,AEBAA
3003,kamienica,3,ADACABB
3004,wyprowadzić,3,BBCA
3005,wieczór,3,ACAAAAA
3006,koga,3,ADAB
3007,kolacja,3,ADACBAA
3008,tutejszy,3,AAEC
3009,bezpośrednio,3,FC
3010,schować,3,BDA
3011,skomentować,3,BAAA
3012,małżeństwo,3,AEAAAB
3013,lokator,3,AAACAAAB
3014,kryć,3,AEBAA
3015,mroczny,3,CAB
3016,łaska,3,ADABA
3017,nieprzyjemny,3,CAB
3018,wrocławia,3,-
3019,amator,3,AAACAAAB
3020,urządzenie,3,AEBAA
3021,odbiór,3,ACAAAAA
3022,przestrzegać,3,BDA
3023,legalny,3,CAB
3024,chętnie,3,FB
3025,pradze,3,-
3026,sprawdzać,3,BDA
3027,pyta,3,ADAAA
3028,chwalić,3,BBCA
3029,moniuszki,3,-
3030,śpiewać,3,BDA
3031,pik,3,ABAC
3032,nagrodzić,3,BBCA
3033,obejrzeć,3,BCBB
3034,sprzyjać,3,BDA
3035,michael,3,-
3036,wolffsohn,3,-
3037,prorok,3,AAACBA
3038,podejmować,3,BAAA
3039,europejczycy,3,-
3040,śledczy,3,AAEB
3041,szaleństwo,3,AEAAAB
3042,armia,3,ADACBAA
3043,pozór,3,ACAAAAA
3044,europejczyków,3,-
3045,wymysł,3,ACAAAAA
3046,przemysłowy,3,CAB
3047,ekonomiczny,3,CAB
3048,obyczaj,3,ACACACB
3049,rzeczywisty,3,CAB
3050,złagodzić,3,BBCA
3051,norwegowie,3,-
3052,powszechny,3,CAB
3053,nienawidzący,3,CAA
3054,lewak,3,AAACBA
3055,mułła,3,AABABA
3056,niebawem,3,FC
3057,plecak,3,ACABBA
3058,izrael,3,-
3059,oblicze,3,AEBAB
3060,ograniczyć,3,BCCA
3061,kształcić,3,BBCA
3062,publicysta,3,AABDAA
3063,brauna,3,-
3064,życzenie,3,AEBAA
3065,królować,3,BAAA
3066,wygenerowane,3,-
3067,fedorowicz,3,-
3068,res,3,-
3069,futura,3,ADAAA
3070,kolektyw,3,ACAAAAA
3071,tiktok,3,-
3072,zbadać,3,BDA
3073,ukrainie,3,-
3074,zemsta,3,ADAAA
3075,pozostawiać,3,BDA
3076,wypowiadać,3,BDA
3077,cenzura,3,ADAAA
3078,istniejący,3,BAD
3079,bawić,3,BBCA
3080,wośp,3,-
3081,impreza,3,ADAAA
3082,najpopularniejszy,3,CAB
3083,dobrobyt,3,ACAAAAA
3084,willa,3,ADACBAA
3085,ślubna,3,ADACCBA
3086,posesja,3,ADACBAA
3087,chronić,3,BBCA
3088,ogród,3,ACAAAAA
3089,niepełnosprawnością,3,-
3090,podsiadlik,3,-
3091,filokteja,3,-
3092,analizować,3,BAAA
3093,justyna,3,-
3094,sobczyk,3,-
3095,twórczość,3,ADCCA
3096,ścieżka,3,ADAB
3097,powierzchnia,3,ADACBAA
3098,gotowość,3,ADCCA
3099,odkryć,3,AEBAA
3100,podejrzana,3,ADACCBA
3101,technik,3,AAACBA
3102,obserwacja,3,ADACBAA
3103,przyzwolenie,3,AEBAA
3104,wielokulturowością,3,-
3105,wymóg,3,ACABA
3106,odosobnienie,3,AEBAA
3107,personel,3,ACACAA
3108,przyszły,3,BAFCAA
3109,galeria,3,ADACBAA
3110,romanenko,3,-
3111,rosjanie,3,-
3112,rakieta,3,ADAAA
3113,oresznika,3,-
3114,jądrowy,3,CAB
3115,zniszczenie,3,AEBAA
3116,potężny,3,CAB
3117,reda,3,ADAAA
3118,przebierać,3,BDA
3119,jednoznacznie,3,FB
3120,niepokojący,3,BBCA
3121,deportować,3,BAAA
3122,regularnie,3,FB
3123,boznańskiej,3,-
3124,festival,3,-
3125,mateusz,3,-
3126,utalentowany,3,CAB
3127,zakwalifikować,3,BAAA
3128,śledzić,3,BBCA
3129,amerykanka,3,ADAB
3130,ból,3,BBB
3131,portret,3,ACAAAAA
3132,ptak,3,ABAC
3133,zamykać,3,BDA
3134,poznanie,3,AEBAA
3135,marek,3,ACABBA
3136,trud,3,ACAAAAA
3137,dopasować,3,BAAA
3138,szary,3,CAA
3139,taneczny,3,CAB
3140,samotność,3,ADCCA
3141,internetowym,3,-
3142,trop,3,ACAAAAA
3143,podejrzany,3,AAEC
3144,talerz,3,ACACBBA
3145,minimalizm,3,ACAAAAA
3146,estetyk,3,AAACBA
3147,glamour,3,-
3148,nostalgiczny,3,CAB
3149,gładki,3,CBA
3150,pinterest,3,-
3151,luksus,3,ACAAAAA
3152,globalny,3,CAB
3153,brainrot,3,-
3154,zaawansowany,3,CAB
3155,otrzymywać,3,BAAB
3156,sprawowanie,3,AEBAA
3157,uznanie,3,AEBAA
3158,oystein,3,-
3159,gwarancja,3,ADACBAA
3160,powiesić,3,BBCA
3161,katastrofa,3,ADAAA
3162,kommiersant,3,-
3163,1516,3,-
3164,szacunek,3,ACABA
3165,księga,3,ADAB
3166,zabezpieczenie,3,AEBAA
3167,agresor,3,AAACAAAB
3168,conn,3,-
3169,podwórko,3,AEAAAA
3170,dożywocie,3,AEBAC
3171,niemniej,3,FC
3172,względnie,3,GBABB
3173,tv,3,-
3174,stronicowym,3,-
3175,nakładać,3,BDA
3176,czekoladowy,3,CAB
3177,kuratorka,3,ADAB
3178,czystość,3,ADCCA
3179,odżywianie,3,AEBAA
3180,minimum,3,AED
3181,kurator,3,AAACAAAB
3182,wasi,3,AFFB
3183,tzw,3,-
3184,wypisać,3,BAAFA
3185,przeciwnik,3,AAACBA
3186,frankenstein,3,-
3187,frankensteina,3,-
3188,oczywisty,3,CAB
3189,kamil,3,-
3190,żądanie,3,AEBAA
3191,japoński,3,CBA
3192,krucjata,3,ADAAA
3193,kristiansen,3,-
3194,chora,3,ADACCBA
3195,węglowy,3,CAB
3196,maxi,3,-
3197,zoo,3,AEE
3198,payback,3,-
3199,podwójny,3,CAB
3200,dno,3,ADAAA
3201,wykonany,3,BDA
3202,pomieszczenie,3,AEBAA
3203,zawartość,3,ADCCA
3204,brooklynie,3,-
3205,guzman,3,-
3206,cofnąć,3,BAEAA
3207,gazowy,3,CAB
3208,czytanie,3,AEBAA
3209,politolog,3,AAACBA
3210,szukanie,3,AEBAA
3211,twitterze,3,-
3212,mahometa,3,-
3213,nacjonalista,3,AABDAA
3214,betonowy,3,CAB
3215,stosowany,3,BAAA
3216,krokiew,3,ADCAAA
3217,skocznia,3,ADACBAA
3218,stocha,3,-
3219,zawodnik,3,AAACBA
3220,skoczek,3,AAAAB
3221,kozak,3,AAACBA
3222,1997,3,-
3223,ilskiej,3,-
3224,kozłowieckim,3,-
3225,rachela,3,-
3226,lubartowie,3,-
3227,radek,3,-
3228,kępa,3,ADAAA
3229,sosna,3,ADAAA
3230,chałupa,3,ADAAA
3231,troje,3,DDA
3232,bociek,3,ABAC
3233,sztacheta,3,ADAAA
3234,kołdra,3,ADAAA
3235,malować,3,BAAA
3236,max,3,-
3237,podłoga,3,ADAB
3238,andrzejem,3,-
3239,kostka,3,ADAB
3240,spadać,3,BDA
3241,jechać,3,BAAFA
3242,chrystus,3,-
3243,drzewo,3,AEAAAB
3244,kościelny,3,AAEC
3245,zastrzyk,3,ACABA
3246,oliwka,3,ADAB
3247,charakteryzować,3,BAAA
3248,kierownictwo,3,AEAAAB
3249,raić,3,BBCA
3250,kracik,3,-
3251,zdmk,3,-
3252,demonstracja,3,ADACBAA
3253,szczecina,3,ADAAA
3254,początkowo,3,FC
3255,mcveigh,3,-
3256,fundamentalistą,3,-
3257,złamanie,3,AEBAA
3258,pst,3,GAB
3259,gość,3,BBCA
3260,boniecki,3,-
3261,jan,3,-
3262,dobra,3,AGDAA
3263,elegancja,3,ADACBAA
3264,spacer,3,ACAAAAA
3265,mestad,3,-
3266,wysłany,3,BAAFA
3267,hanssen,3,-
3268,nordycki,3,CBA
3269,flauta,3,ADAAA
3270,pie,3,-
3271,elektrownia,3,ADACBAA
3272,minus,3,ACAAAAA
3273,celsjusza,3,-
3274,schronienie,3,AEBAA
3275,opiekun,3,AAAAAA
3276,łańcuch,3,ACAABB
3277,borek,3,ACABA
3278,smarować,3,BAAA
3279,łapa,3,ADAAA
3280,blogerów,3,-
3281,kitesurfing,3,-
3282,zaliczać,3,BDA
3283,wakeboarding,3,-
3284,robertsa,3,-
3285,dorodny,3,CAB
3286,sardynka,3,ADAB
3287,ząbek,3,ACABBA
3288,posiekać,3,BDA
3289,dusić,3,BBCA
3290,odcedzić,3,BBCA
3291,miska,3,ADAB
3292,ocet,3,ACAAAAA
3293,plasterek,3,ACABBA
3294,koperek,3,ACABA
3295,zupa,3,ADAAA
3296,ryba,3,ADAAA
3297,cienki,3,CBA
3298,mielony,3,CAB
3299,kiszony,3,BBCA
3300,bulion,3,ACAAAAA
3301,orzo,3,-
3302,wczuwanie się,3,-
3303,poetycki,3,CBA
3304,jeddah,2,-
3305,finał,2,ACAAAAA
3306,wyjściowy,2,CAB
3307,rezerwowy,2,CAB
3308,wojciecha,2,-
3309,kapitan,2,AAAAAA
3310,opanować,2,BAAA
3311,snajper,2,AAACAAAB
3312,źle,2,FB
3313,poprzeczka,2,ADAB
3314,unai,2,-
3315,simon,2,-
3316,zamierzać,2,BDA
3317,rywal,2,AAABCA
3318,zdziałać,2,BDA
3319,bramkarz,2,AAABD
3320,42,2,-
3321,słupek,2,ACABBA
3322,piąty,2,CAB
3323,gracz,2,AAABD
3324,57,2,-
3325,robert,2,-
3326,odpowiednio,2,FA
3327,korzystniejszy,2,CAB
3328,starcie,2,AEBAA
3329,madryt,2,-
3330,seksualność,2,-
3331,certyfikat,2,ACAAAAA
3332,pornograficzny,2,CAB
3333,robertem,2,-
3334,małgorzata,2,-
3335,niewidzialny,2,CAB
3336,p,2,-
3337,konar,2,ACAABAA
3338,odbierać,2,BDA
3339,zaburzony,2,CAB
3340,złożony,2,CAB
3341,wahanie,2,AEBAA
3342,relacyjny,2,CAB
3343,wspominany,2,BDA
3344,przeciążenie,2,AEBAA
3345,somatyczny,2,CAB
3346,sercowo,2,-
3347,przewlekły,2,CAB
3348,testosteron,2,ACAAAAA
3349,wypalenie,2,AEBAA
3350,filar,2,ACAAAAA
3351,start,2,ACAAAAA
3352,atrakcyjny,2,CAB
3353,atrakcyjność,2,ADCCA
3354,skojarzenie,2,AEBAA
3355,budowany,2,BAAA
3356,intymność,2,ADCCA
3357,doświadczanie,2,AEBAA
3358,połączony,2,CAB
3359,paliwo,2,AEAAAB
3360,urządzać,2,BDA
3361,wypowiedziany,2,CAB
3362,równowaga,2,ADAB
3363,pobudzenie,2,AEBAA
3364,hamowanie,2,AEBAA
3365,podbijać,2,BDA
3366,zalecać,2,BDA
3367,przywracać,2,BDA
3368,gorąco,2,AEAABA
3369,żart,2,ACAAAAA
3370,zadawać,2,BAAE
3371,przeprosić,2,BBCA
3372,strategia,2,ADACBAA
3373,chwilowy,2,CAB
3374,faktycznie,2,FB
3375,naprawa,2,ADAAA
3376,zadziałać,2,BDA
3377,męczyć,2,BCCA
3378,poszukać,2,BDA
3379,trafiony,2,BBCA
3380,samodzielny,2,CAB
3381,sięgnięcie,2,AEBAA
3382,cudowny,2,CAB
3383,obietnica,2,ADACABB
3384,tabletka,2,ADAB
3385,zadać,2,BDC
3386,nieszczęśliwy,2,CAB
3387,myślenie,2,AEBAA
3388,wczesny,2,CAB
3389,nabierać,2,BDA
3390,przyglądać się,2,-
3391,przypuszczać,2,BDA
3392,priorytet,2,ACAAAAA
3393,radzenie,2,AEBAA
3394,poznawać,2,BAAE
3395,fantazja,2,ADACBAA
3396,poruszać,2,BDA
3397,nawzajem,2,FC
3398,odczucie,2,AEBAA
3399,czterostronicowym,2,-
3400,przestarzały,2,CAB
3401,uskarżać się,2,-
3402,spowalniać,2,BDA
3403,kwota,2,ADAAA
3404,przeznaczać,2,BDA
3405,pocztowy,2,CAB
3406,pc,2,-
3407,przybycie,2,AEBAA
3408,pracownica,2,ADACABB
3409,wakacje,2,AGCC
3410,gruz,2,ACAAAAA
3411,uszkodzony,2,BBCA
3412,karetka,2,ADAB
3413,otoczony,2,CAB
3414,wieścić,2,BBCA
3415,dramatyczny,2,CAB
3416,namiotowy,2,CAB
3417,wakacyjny,2,CAB
3418,zorganizowany,2,BAAA
3419,młodzieżówkę,2,-
3420,simen,2,-
3421,braenden,2,-
3422,siedzący,2,CAA
3423,legitymacja,2,ADACBAA
3424,stine,2,-
3425,renate,2,-
3426,haheim,2,-
3427,bliżej,2,FC
3428,torba,2,ADAAA
3429,stos,2,ACAAAAA
3430,upewnić,2,BBCB
3431,stenseth,2,-
3432,skoczyć,2,BCCA
3433,odpłynąć,2,BAEAB
3434,najdalej,2,FC
3435,przybrzeżny,2,CAB
3436,celować,2,BAAA
3437,elise,2,-
3438,emilie,2,-
3439,bersaas,2,-
3440,niclas,2,-
3441,tokerud,2,-
3442,sms,2,-
3443,brzeg,2,ACABA
3444,przykro,2,FC
3445,zalać,2,BAFBD
3446,samobójstwo,2,AEAAAB
3447,współautor,2,AAACAAAB
3448,podsumowywać,2,BAAB
3449,nieproporcjonalnie,2,FB
3450,okręgowy,2,CAB
3451,apelacja,2,ADACBAA
3452,oeystein,2,-
3453,zabójstwo,2,AEAAAB
3454,popełnienie,2,AEBAA
3455,umieszczony,2,CAB
3456,hjetland,2,-
3457,prawidłowy,2,CAB
3458,powstrzymanie,2,AEBAA
3459,zaoferować,2,BAAA
3460,nazwany,2,BAAFB
3461,głosowanie,2,AEBAA
3462,terytorium,2,AED
3463,kontrowersja,2,ADACBAA
3464,wbicie,2,AEBAA
3465,migracyjny,2,CAB
3466,immigration,2,-
3467,customs,2,-
3468,enforcement,2,-
3469,obchodzić,2,BBCA
3470,przedni,2,CBB
3471,szyba,2,ADAAA
3472,strzelający,2,BDA
3473,traumatyczny,2,CAB
3474,informacyjny,2,CAB
3475,tylny,2,CAB
3476,minnesocie,2,-
3477,latkę,2,-
3478,udostępniony,2,BBCB
3479,wysiąść,2,BAFCAA
3480,klamka,2,ADAB
3481,ruszać,2,BDA
3482,potrącenie,2,AEBAA
3483,auto,2,AEAAAB
3484,noem,2,-
3485,sekretarz,2,AAABD
3486,kierujący,2,BAAA
3487,em,2,-
3488,mieszkanka,2,ADAB
3489,śmiertelnie,2,FB
3490,tłumaczenie,2,AEBAA
3491,jacob,2,-
3492,frey,2,-
3493,stanowy,2,CAB
3494,nocować,2,BAAA
3495,latki,2,-
3496,skoordynowany,2,BAAA
3497,usługa,2,ADAB
3498,ściganie,2,AEBAA
3499,hotels,2,-
3500,rezerwacja,2,ADACBAA
3501,celowo,2,FC
3502,zatytułowany,2,BAAA
3503,historyk,2,AAACBA
3504,potępiać,2,BDA
3505,dochodzenie,2,AEBAA
3506,oby,2,GBBBBAA
3507,popierać,2,BDA
3508,zajść,2,AEBAA
3509,nadejść,2,AEBAA
3510,nadrzędny,2,CAB
3511,odnaleźć,2,BAFCAA
3512,usuwać,2,BDA
3513,wychować,2,BDA
3514,gniew,2,ACAAAAA
3515,noszenie,2,AEBAA
3516,cebulka,2,ADAB
3517,polegać,2,BDA
3518,przeciwieństwo,2,AEAAAB
3519,podkoszulek,2,ACABBA
3520,kamizelka,2,ADAB
3521,puchowy,2,CAB
3522,kurtka,2,ADAB
3523,aspekt,2,ACAAAAA
3524,kolorystycznie,2,FB
3525,rozmaity,2,CAB
3526,tkanina,2,ADAAA
3527,spódnica,2,ADACABB
3528,mankiet,2,ACAAAAA
3529,płaszcz,2,ACACBBA
3530,sweter,2,ACAABAA
3531,spodni,2,CBB
3532,garderoba,2,ADAAA
3533,przykryć,2,AEBAA
3534,długość,2,ADCCA
3535,paleta,2,ADAAA
3536,faktura,2,ADAAA
3537,upamiętnić,2,BBCB
3538,neofaszystowski,2,CBA
3539,mette,2,-
3540,marit,2,-
3541,haakon,2,-
3542,ceremonia,2,ADACBAA
3543,sądowych,2,-
3544,wznosić,2,BBCA
3545,naruszanie,2,AEBAA
3546,szwecja,2,-
3547,rz,2,-
3548,lorange,2,-
3549,łatwiej,2,FC
3550,przyznany,2,BDA
3551,powołany,2,BDA
3552,knut,2,ACAABAA
3553,ubiegający,2,BDA
3554,sesja,2,ADACBAA
3555,ubiegać,2,BDA
3556,szkoda,2,ADAAA
3557,finlandii,2,-
3558,skandynawskich,2,-
3559,niepoczytalny,2,CAB
3560,oskarżony,2,AAEC
3561,ludzkość,2,ADCCA
3562,wojenny,2,CAB
3563,skierowany,2,BAAA
3564,odebranie,2,AEBAA
3565,zarzucać,2,BDA
3566,bezprawnie,2,FB
3567,wymierzyć,2,BCCA
3568,bezprawny,2,CAB
3569,represją,2,-
3570,przesyłać,2,BDA
3571,normalny,2,CAB
3572,praconia,2,-
3573,dobić,2,AEBAA
3574,oszczędzić,2,BBCA
3575,wytłumaczenie,2,AEBAA
3576,lotnisko,2,AEAAAA
3577,przeszukiwać,2,BAAC
3578,zjazd,2,ACAAAAA
3579,dobrowolnie,2,FB
3580,info,2,-
3581,dziennikarski,2,CBA
3582,ukończyć,2,BCCA
3583,lgbt,2,-
3584,mięsień,2,ACACBAA
3585,wieńcowy,2,CAB
3586,wp,2,-
3587,abc,2,-
3588,hab,2,-
3589,kałużna,2,-
3590,oleksy,2,-
3591,gwałtowny,2,CAB
3592,wysiłek,2,ACABA
3593,statystyka,2,AAACBA
3594,pozornie,2,FB
3595,niegroźny,2,CAB
3596,tryb,2,ACAAAAA
3597,otyłość,2,ADCCA
3598,czynność,2,ADCCA
3599,piersiowy,2,CAB
3600,najgorsze,2,AEBAB
3601,ekspozycja,2,ADACBAA
3602,arnprior,2,-
3603,szkockiej,2,-
3604,zastosować,2,BAAA
3605,poziomy,2,ACAAAAA
3606,kręty,2,ACAAAAA
3607,szosa,2,ADAAA
3608,jezdnia,2,ADACBAA
3609,radna,2,ADACCBA
3610,dziura,2,ADAAA
3611,lot,2,ACAAAAA
3612,ryzykować,2,BAAA
3613,montażysta,2,AABDAA
3614,smarzowskiego,2,-
3615,ekipa,2,ADAAA
3616,operator,2,AAACAAAB
3617,zajmujący,2,BAAA
3618,brutalny,2,CAB
3619,widownia,2,ADACBAA
3620,papier,2,ACAAAAA
3621,prezentacja,2,ADACBAA
3622,skorzystać,2,BDA
3623,wymienić,2,BBCA
3624,rysa,2,ADAAA
3625,umarły,2,AAEC
3626,uwierzyć,2,BCCA
3627,pakować,2,BAAA
3628,zepchnąć,2,BAEAA
3629,psychologów,2,-
3630,dojazd,2,ACAAAAA
3631,finansowanie,2,AEBAA
3632,poprowadzić,2,BBCA
3633,aktorski,2,CBA
3634,zbliżyć,2,BCCA
3635,przełożyć,2,BCCA
3636,podzielić,2,BBCA
3637,posłuchać,2,BDA
3638,wcielić,2,BBCA
3639,wczuć się,2,-
3640,gang,2,ACABA
3641,smarzowski,2,-
3642,łopatka,2,ADAB
3643,wypadek,2,ACABA
3644,dyskutować,2,BAAA
3645,niewłaściwy,2,CAB
3646,mały,2,CAB
3647,jakiejkolwiek,2,-
3648,kinowy,2,CAB
3649,wspaniały,2,CAB
3650,komplement,2,ACAAAAA
3651,logiczny,2,CAB
3652,upatrywać,2,BAAB
3653,młodszy,2,CAB
3654,wdzięczny,2,CAB
3655,premierowy,2,CAB
3656,horyzont,2,ACAAAAA
3657,producentką,2,-
3658,opłacać,2,BDA
3659,amelką,2,-
3660,producentki,2,-
3661,bank,2,ACABA
3662,wyczytać,2,BDA
3663,wręczyć,2,BCCA
3664,odwrócić,2,BBCA
3665,widok,2,ACABA
3666,cokolwiek,2,EGE
3667,założony,2,CAB
3668,1974,2,-
3669,romualda,2,-
3670,lipka,2,ADAB
3671,dolina,2,ADAAA
3672,jolka,2,ADAB
3673,tango,2,AEAAAA
3674,perkusista,2,AABDAA
3675,nagrać,2,BDA
3676,przepraszać,2,BDA
3677,1984,2,-
3678,pożegnalny,2,CAB
3679,zaczerpnąć,2,BAEAA
3680,1970,2,-
3681,znalezienie,2,AEBAA
3682,matematyka,2,AAACBA
3683,studio,2,AEAABA
3684,pomiędzy,2,GBBAA
3685,ustalony,2,BBCA
3686,przeciwnie,2,FB
3687,obniżony,2,CAB
3688,przykładowo,2,FC
3689,praktyk,2,AAACBA
3690,dopuszczalny,2,CAB
3691,zastanowić,2,BBCA
3692,prezeska,2,ADAB
3693,winczewska,2,-
3694,oświatowy,2,CAB
3695,pielgrzymka,2,ADAB
3696,ferie,2,AGCC
3697,województwo,2,AEAAAB
3698,zapisywać,2,BAAB
3699,przedstawienie,2,AEBAA
3700,systematycznie,2,FB
3701,uniemożliwiać,2,BDA
3702,programowo,2,FC
3703,uwzględniać,2,BDA
3704,zależność,2,ADCCA
3705,rosnąć,2,BAEB
3706,arytmetyczny,2,CAB
3707,przypisywany,2,BAAB
3708,ważyć,2,BCCA
3709,kartkówek,2,-
3710,skomplikowany,2,BAAA
3711,rachunek,2,ACABA
3712,żylińska,2,-
3713,budzący,2,CAA
3714,absurdalny,2,CAB
3715,fetysz,2,ACACBBA
3716,luk,2,ACABA
3717,ustalany,2,BDA
3718,przekonany,2,BDA
3719,wystawić,2,BBCA
3720,przepustka,2,ADAB
3721,surowy,2,CAB
3722,wyjawić,2,BBCA
3723,zażyć,2,AEBAA
3724,koncentracja,2,ADACBAA
3725,antyterroryści,2,-
3726,wylądować,2,BAAA
3727,350,2,-
3728,uzbrojony,2,BBCA
3729,2007,2,-
3730,ostrzeżenie,2,AEBAA
3731,uwolnić,2,BBCB
3732,jason,2,-
3733,bateman,2,-
3734,utrzymanie,2,AEBAA
3735,ciągły,2,CAB
3736,słabość,2,ADCCA
3737,rozejść się,2,-
3738,wynajmowany,2,BAAA
3739,kolejka,2,ADAB
3740,dojrzewanie,2,AEBAA
3741,nieudany,2,CAB
3742,zmarły,2,BABA
3743,kur,2,ABABAAA
3744,gangsterski,2,CBA
3745,thriller,2,-
3746,popis,2,ACAAAAA
3747,lokal,2,ACACAA
3748,gangster,2,AAACAAAB
3749,braterski,2,CBA
3750,przynosić,2,BBCA
3751,wręcz,2,GBBBA
3752,świecić,2,BBCA
3753,pęknięcie,2,AEBAA
3754,epizod,2,ACAAAAA
3755,współwinny,2,AAEC
3756,irytacja,2,ADACBAA
3757,krzywda,2,ADAAA
3758,klątwa,2,ADAAA
3759,idealizować,2,BAAA
3760,przeszłość,2,ADCCA
3761,bolesny,2,CAB
3762,oboje,2,DDA
3763,hanna,2,-
3764,orvik,2,-
3765,endresen,2,-
3766,41,2,-
3767,lista,2,ADAAA
3768,tv2,2,-
3769,polowanie,2,AEBAA
3770,krzyż,2,ACACBBA
3771,norwegom,2,-
3772,mo,2,-
3773,edycja,2,ADACBAA
3774,wytykać,2,BDA
3775,miszalskiemu,2,-
3776,prezes,2,AAADAA
3777,poważnie,2,FB
3778,niezadowolenie,2,AEBAA
3779,nieoficjalnie,2,FB
3780,referendalną,2,-
3781,zbiórka,2,ADAB
3782,krakowian,2,ACAABAA
3783,zlecenie,2,AEBAA
3784,ościenny,2,CAB
3785,frank,2,ABAC
3786,dotkliwy,2,CAB
3787,nieruchomość,2,ADCCA
3788,bilet,2,ACAAAAA
3789,płatny,2,CAB
3790,płacić,2,BBCA
3791,niedawny,2,CAB
3792,ścisły,2,CAB
3793,zatrudnianie,2,AEBAA
3794,kwalifikacja,2,ADACBAA
3795,stołek,2,ACABBA
3796,miszalskim,2,-
3797,158,2,-
3798,ko,2,-
3799,komunalny,2,CAB
3800,urzędowy,2,CAB
3801,równość,2,ADCCA
3802,maszerować,2,BAAA
3803,spodobać się,2,-
3804,rafał,2,-
3805,pal,2,ACACBAA
3806,rewolucyjny,2,CAB
3807,jarosława,2,-
3808,kaczyńskiego,2,-
3809,58,2,-
3810,odrzucony,2,BBCA
3811,tur,2,ABABAAA
3812,zasiać,2,BAFBD
3813,gospodarz,2,AAABD
3814,pewno,2,GBBBA
3815,referendalna,2,-
3816,uważnie,2,FB
3817,pouczać,2,BDA
3818,cierpliwość,2,ADCCA
3819,wyciągać,2,BDA
3820,wygranie,2,AEBAA
3821,fotel,2,ACACBAA
3822,berkowicz,2,-
3823,układ,2,ACAAAAA
3824,finansowo,2,FC
3825,oddolny,2,CAB
3826,alternatywa,2,ADAAA
3827,gibały,2,-
3828,nieprawidłowy,2,CAB
3829,wprowadzony,2,BBCA
3830,niezadowolony,2,CAB
3831,awantura,2,ADAAA
3832,utrudnienie,2,AEBAA
3833,ogólnopolski,2,CBA
3834,rozwiązywanie,2,AEBAA
3835,finanse,2,AGCB
3836,wybrana,2,ADACCBA
3837,zawodowy,2,CAB
3838,zamiar,2,ACAAAAA
3839,modlić się,2,-
3840,sympatyk,2,AAACBA
3841,odseparowanie,2,AEBAA
3842,podyktowany,2,BAAA
3843,zapewniony,2,BBCB
3844,sztućce,2,AGCB
3845,ogłoszenie,2,AEBAA
3846,pozdrowienie,2,AEBAA
3847,harald,2,-
3848,fjotolf,2,-
3849,hansen,2,-
3850,odizolowanie,2,AEBAA
3851,kieszonkowe,2,AEBBB
3852,wyznać,2,BDA
3853,żałować,2,BAAA
3854,biec,2,BAFAAB
3855,paranoidalny,2,CAB
3856,uchronić,2,BBCA
3857,oprócz,2,GBBAA
3858,palnąć,2,BAEAA
3859,harrego,2,-
3860,singiel,2,-
3861,saturday,2,-
3862,night,2,-
3863,late,2,-
3864,fine,2,-
3865,line,2,-
3866,wydany,2,BDC
3867,48,2,-
3868,la,2,AEE
3869,singlem,2,-
3870,56,2,-
3871,promujący,2,BAAA
3872,tour,2,-
3873,pandemia,2,ADACBAA
3874,europę,2,-
3875,francuski,2,ACD
3876,wino,2,ADAAA
3877,butelka,2,ADAB
3878,1979,2,-
3879,marksista,2,AABDAA
3880,opętać,2,BDA
3881,spadkobierca,2,AABCBB
3882,prezentować,2,BAAA
3883,chrześcijanin,2,AAABBA
3884,dżihadu,2,-
3885,obiec,2,BAFAAB
3886,przystojny,2,CAB
3887,wymordować,2,BAAA
3888,motyw,2,ACAAAAA
3889,półtora,2,DF
3890,piroman,2,AAADAA
3891,andrew,2,-
3892,berwick,2,-
3893,wrzucić,2,BBCA
3894,chwytliwy,2,CAB
3895,bbc,2,-
3896,nawoływać,2,BAAB
3897,czoło,2,AEAAAB
3898,śmiertelny,2,CAB
3899,komunizm,2,ACAAAAA
3900,prawicowiec,2,AAACBA
3901,winstona,2,-
3902,sympatyzować,2,BAAA
3903,trzydziestka,2,ADAB
3904,chrzest,2,ACAAAAA
3905,protestancki,2,CBA
3906,wyglądający,2,BDA
3907,minimalistyczny,2,CAB
3908,english,2,-
3909,defence,2,-
3910,league,2,-
3911,europe,2,-
3912,geerta,2,-
3913,wyprzeć,2,BABA
3914,skrupulatnie,2,FB
3915,produkować,2,BAAA
3916,zdetonowany,2,BAAA
3917,skąd,2,GBABB
3918,world,2,-
3919,kłaść,2,BAFCAA
3920,kompetencje,2,AGCC
3921,nauczany,2,BDA
3922,ogólnokształcący,2,CAA
3923,iv,2,-
3924,uzasadnienie,2,AEBAA
3925,wskazany,2,BAAFA
3926,interakcja,2,ADACBAA
3927,uczestnictwo,2,AEAAAB
3928,szykować,2,BAAA
3929,rap,2,ABABAAA
3930,1989,2,-
3931,upadek,2,ACABA
3932,katarzyny,2,-
3933,koprodukcja,2,ADACBAA
3934,krążek,2,ACABBA
3935,rapowego,2,-
3936,regina,2,-
3937,zawadzka,2,-
3938,bigaj,2,-
3939,roszkowski,2,-
3940,ego,2,-
3941,specjalnie,2,FB
3942,szlempo,2,-
3943,bisz,2,-
3944,antygona,2,-
3945,heros,2,AAADAA
3946,bunt,2,ACAAAAA
3947,niepewność,2,ADCCA
3948,mścić,2,BBCB
3949,nastąpić,2,BBCA
3950,julia,2,-
3951,tadeusz,2,-
3952,wokalnie,2,FB
3953,wokalny,2,CAB
3954,168,2,-
3955,używany,2,BDA
3956,getto,2,AEAAAB
3957,analogia,2,ADACBAA
3958,wpław,2,FC
3959,nabożeństwo,2,AEAAAB
3960,żałobny,2,CAB
3961,paść,2,BAFAAAB
3962,tradycyjny,2,CAB
3963,kwietniowy,2,CAB
3964,zażądać,2,BDA
3965,garnitur,2,ACAAAAA
3966,zaparkować,2,BAAA
3967,prewencyjny,2,CAB
3968,patriota,2,AABDAA
3969,zgnić,2,AEBAA
3970,schizofrenia,2,ADACBAA
3971,osadzony,2,BBCA
3972,zeszły,2,BAFCAA
3973,andersie,2,-
3974,zmęczony,2,CAB
3975,wyjątkowo,2,FC
3976,wykazywać,2,BAAB
3977,wojownik,2,AAACBA
3978,pobudzać,2,BDA
3979,nienawidzić,2,BBCA
3980,obiekt,2,ACAAAAA
3981,dodatkowo,2,FC
3982,afryki,2,-
3983,pojęcie,2,AEBAA
3984,marius,2,-
3985,emberland,2,-
3986,zabronić,2,BBCA
3987,pokrycie,2,AEBAA
3988,członkowski,2,CBA
3989,pełnia,2,ADACBAA
3990,gwarantować,2,BAAA
3991,socjalny,2,CAB
3992,konsument,2,AAADAA
3993,przyroda,2,ADAAA
3994,towar,2,ACAAAAA
3995,dyplomata,2,AABDAA
3996,hopu,2,-
3997,przerazić,2,BBCA
3998,przyrodni,2,CBB
3999,dyplomatka,2,ADAB
4000,ogólnie,2,FB
4001,patologia,2,ADACBAA
4002,rozpatrywany,2,BAAB
4003,emerytura,2,ADAAA
4004,lewicowiec,2,AAACBA
4005,patriarchat,2,ACAAAAA
4006,napaść,2,ADCCA
4007,miewać,2,BDA
4008,moje,2,EDAB
4009,przełomowy,2,CAB
4010,sprzeciwiać się,2,-
4011,rozwód,2,ACAAAAA
4012,saletrowy,2,CAB
4013,urzędować,2,BAAA
4014,przedsięwzięcie,2,AEBAA
4015,przerwać,2,BAAFB
4016,pobudka,2,ADAB
4017,ksenofobia,2,ADACBAA
4018,ruger,2,-
4019,34,2,-
4020,strzelić,2,BBCA
4021,ranny,2,AAEC
4022,nerwowy,2,CAB
4023,przesunąć,2,BAEAB
4024,wezwać,2,BAAFB
4025,okazanie,2,AEBAA
4026,solidarność,2,ADCCA
4027,tysięczny,2,CAB
4028,potępić,2,BBCA
4029,ubolewanie,2,AEBAA
4030,bronisław,2,-
4031,komorowski,2,-
4032,zakakującym,2,-
4033,odnośnie,2,-
4034,napływ,2,ACAAAAA
4035,wydłużany,2,BDA
4036,gwiazdor,2,AAACAAAB
4037,skrojony,2,BBCA
4038,oscarowe,2,-
4039,komiksowy,2,CAB
4040,teksas,2,ACAAAAA
4041,wypromować,2,BAAA
4042,ustawić,2,BBCA
4043,potomek,2,AAAAB
4044,dojrzały,2,CAB
4045,błysk,2,ACABA
4046,ranczo,2,AEAAAA
4047,bicie,2,AEBAA
4048,zdobywać,2,BDA
4049,dorastać,2,BDA
4050,dyskusyjny,2,CAB
4051,washington,2,-
4052,mel,2,-
4053,los,2,ACAAAAA
4054,lokum,2,AEE
4055,zmierzch,2,ACAAAB
4056,sportowiec,2,AAACBA
4057,epoka,2,ADAB
4058,przegrywać,2,BDA
4059,futbolista,2,AABDAA
4060,kręcony,2,BBCA
4061,dawny,2,CAB
4062,johna,2,-
4063,zaproszenie,2,AEBAA
4064,teller,2,-
4065,oparty,2,CAB
4066,koszulka,2,ADAB
4067,sława,2,ADAAA
4068,romantyczny,2,CAB
4069,sweeney,2,-
4070,roznosić,2,BBCA
4071,ziarno,2,AEAAAB
4072,wykupić,2,BBCA
4073,śmieszny,2,CAB
4074,tornado,2,AEAAAB
4075,lekki,2,CBA
4076,gotów,2,CCBBA
4077,wjechać,2,BAAFA
4078,matthew,2,-
4079,porównywać,2,BAAB
4080,glasgow,2,-
4081,ponosić,2,BBCA
4082,reporter,2,AAACAAAB
4083,ciężko,2,FA
4084,cool,2,-
4085,dbanie,2,AEBAA
4086,bourne,2,-
4087,miasteczko,2,AEAAAA
4088,lekko,2,FA
4089,świeca,2,ADACABB
4090,prąd,2,ACAAAAA
4091,parafianin,2,AAABBA
4092,kolędowy,2,CAB
4093,jarka,2,ADAB
4094,zjeść,2,BDD
4095,obiad,2,ACAAAAA
4096,23,2,-
4097,niepołomicach,2,-
4098,orientować,2,BAAA
4099,przydać,2,BDC
4100,wdzięczność,2,ADCCA
4101,składany,2,BDA
4102,dziękować,2,BAAA
4103,duszpasterski,2,CBA
4104,osobiście,2,FC
4105,maleńka,2,ADACCBB
4106,bieda,2,ADAAA
4107,służyć,2,BCCA
4108,lśnić,2,BBCB
4109,ministrant,2,AAADAA
4110,schody,2,AGAB
4111,xix,2,-
4112,puszcza,2,ADACABB
4113,ogrzewanie,2,AEBAA
4114,wychowywać,2,BAAB
4115,msza,2,ADACAA
4116,wizytówka,2,ADAB
4117,agresja,2,ADACBAA
4118,zadeklarować,2,BAAA
4119,zgłosić,2,BBCA
4120,aktywność,2,ADCCA
4121,oficer,2,AAAAAA
4122,chemik,2,AAACBA
4123,kodeks,2,ACAAAAA
4124,sprowadzić,2,BBCA
4125,niebezpieczeństwo,2,AEAAAB
4126,bang,2,-
4127,internetowy,2,-
4128,sprzedający,2,BDC
4129,dziesiątek,2,ACABBA
4130,świadczyć,2,BCCA
4131,posiadający,2,BDA
4132,chemikalia,2,AGDB
4133,kontrolować,2,BAAA
4134,polaka,2,-
4135,konstrukcja,2,ADACBAA
4136,norwegowi,2,-
4137,kg,2,-
4138,namiar,2,ACAAAAA
4139,wiceszef,2,-
4140,białka,2,AGDAA
4141,podmiot,2,ACAAAAA
4142,zszokować,2,BAAA
4143,przedsiębiorstwo,2,AEAAAB
4144,ak,2,-
4145,granat,2,ACAAAAA
4146,pragi,2,-
4147,mafia,2,ADACBAA
4148,norwegami,2,-
4149,klausa,2,-
4150,zsrr,2,-
4151,przywoływać,2,BAAB
4152,dekret,2,ACAAAAA
4153,benesza,2,-
4154,niemcy,2,-
4155,stanisława,2,-
4156,zaśpiewać,2,BDA
4157,opera,2,ADAAA
4158,podlaskiej,2,-
4159,znakomicie,2,FB
4160,dyrygentka,2,ADAB
4161,szarość,2,ADCCA
4162,róż,2,ACACACB
4163,dawidowi,2,-
4164,brawo,2,AEAAAB
4165,schodzić,2,BBCA
4166,szczęśliwy,2,CAB
4167,opuścić,2,BBCA
4168,koncertować,2,BAAA
4169,wnioskować,2,BAAA
4170,przeżywać,2,BDA
4171,dostrzegać,2,BDA
4172,zderzenie,2,AEBAA
4173,nieszczęście,2,AEBAA
4174,zamieniać,2,BDA
4175,heterogeniczny,2,CAB
4176,tradycja,2,ADACBAA
4177,narodowość,2,ADCCA
4178,przeciwdziałanie,2,AEBAA
4179,emigrant,2,AAADAA
4180,przejawiać,2,BDA
4181,szanować,2,BAAA
4182,teda,2,-
4183,przytulać,2,BDA
4184,faszyzujący,2,BAAA
4185,wymyślić,2,BBCA
4186,paneuropejski,2,CBA
4187,wariat,2,AAADAA
4188,baader,2,-
4189,meinhof,2,-
4190,frakcja,2,ADACBAA
4191,cywilizacyjny,2,CAB
4192,kapitalizm,2,ACAAAAA
4193,rewolucja,2,ADACBAA
4194,biblioteka,2,ADAB
4195,północ,2,ADCAB
4196,kiepsko,2,FC
4197,Anglik,2,AAACBA
4198,Holender,2,AAACAAAB
4199,doraźny,2,CAB
4200,multikulturalizmu,2,-
4201,ratunek,2,ACABA
4202,teoria,2,ADACBAA
4203,frustracja,2,ADACBAA
4204,wielokulturowego,2,-
4205,antyimigrancką,2,-
4206,retoryka,2,ADAB
4207,finów,2,-
4208,umowa,2,ADAAA
4209,najmniejszy,2,CAB
4210,dziad,2,AAAAAA
4211,pradziad,2,AAAAAA
4212,fizycznie,2,FB
4213,ekstremistyczny,2,CAB
4214,umówić,2,BBCA
4215,faszysta,2,AABDAA
4216,jakoś,2,EK
4217,rodzimy,2,BBCA
4218,sztab,2,ACAAAAA
4219,skuteczniejszy,2,CAB
4220,dłuższy,2,CAB
4221,twardy,2,CAB
4222,doczekać,2,BDA
4223,monitoringu,2,-
4224,beztroski,2,ADABA
4225,brytania,2,-
4226,bezpański,2,CBA
4227,izraelu,2,-
4228,nieprzyjazny,2,CAB
4229,cenzurowanie,2,AEBAA
4230,zbiór,2,ACAAAAA
4231,ściśle,2,FB
4232,strzeżony,2,BAFCAB
4233,założyciel,2,AAABCA
4234,najchętniej,2,FC
4235,nawrocki,2,-
4236,detal,2,ACACAA
4237,pałac,2,ACACACB
4238,bitwa,2,ADAAA
4239,house,2,-
4240,wygrywać,2,BDA
4241,propaganda,2,ADAAA
4242,prawy,2,CAB
4243,braun,2,-
4244,przekaz,2,ACAAAAA
4245,najnowszym,2,-
4246,82,2,-
4247,120,2,-
4248,nicolasa,2,-
4249,maduro,2,-
4250,311,2,-
4251,algorytm,2,ACAAAAA
4252,afera,2,ADAAA
4253,głośno,2,FA
4254,migrant,2,AAADAA
4255,wieczna_krucjata,2,-
4256,suwerenność,2,ADCCA
4257,zachwycać,2,BDA
4258,usunięty,2,BAEAB
4259,dezinformacja,2,ADACBAA
4260,generowany,2,BAAA
4261,cyfryzacji,2,-
4262,patriotyczny,2,CAB
4263,przejęcie,2,AEBAA
4264,propagandowy,2,CAB
4265,wypełniać,2,BDA
4266,niewygodny,2,CAB
4267,schemat,2,ACAAAAA
4268,pośrednictwo,2,AEAAAB
4269,odliczenie,2,AEBAA
4270,samorząd,2,ACAAAAA
4271,śmietnik,2,ACABBA
4272,polskę,2,-
4273,cristiano,2,-
4274,cr7,2,-
4275,georgina,2,-
4276,stabilny,2,CAB
4277,przeprowadzka,2,ADAB
4278,prywatności,2,-
4279,sąsiedni,2,CBB
4280,słynny,2,CAB
4281,budowlany,2,AAEC
4282,wzbudzać,2,BDA
4283,ogrom,2,ACAAAAA
4284,alek,2,-
4285,komunikowanie,2,AEBAA
4286,prywatnie,2,FB
4287,niegdyś,2,GBABB
4288,różnorodność,2,ADCCA
4289,filoktei,2,-
4290,miły,2,AAEC
4291,pomyłka,2,ADAB
4292,niepełnosprawność,2,-
4293,niepełnosprawności,2,-
4294,istnienie,2,AEBAA
4295,nieznany,2,CAB
4296,podrożyć,2,BCCA
4297,filokteta,2,-
4298,mit,2,ACAAAAA
4299,żmija,2,ADACBABA
4300,przenosić,2,BBCA
4301,przetrwać,2,BDA
4302,budowanie,2,AEBAA
4303,ukąsić,2,BBCA
4304,odgrywać,2,BDA
4305,ciężar,2,ACAAAAA
4306,dookoła,2,GBBAA
4307,przestrzeń,2,ADCAAA
4308,uważny,2,CAB
4309,powtórzyć,2,BCCA
4310,jutro,2,AEAAAB
4311,zapominać,2,BDA
4312,instrument,2,ACAAAAA
4313,uprawnienie,2,AEBAA
4314,radar,2,ACAAAAA
4315,afganistanie,2,-
4316,domniemany,2,BDA
4317,zwiastun,2,AAADAA
4318,mobilizacja,2,ADACBAA
4319,antyimigranckiej,2,-
4320,ksenofobicznej,2,-
4321,romów,2,-
4322,rejon,2,ACAAAAA
4323,astrid,2,-
4324,rektor,2,AAACAAAB
4325,petter,2,-
4326,ottersen,2,-
4327,wykształcenie,2,AEBAA
4328,krewny,2,AAEC
4329,oresznikiem,2,-
4330,walerij,2,-
4331,ponowny,2,CAB
4332,zastraszyć,2,BCCA
4333,negocjacje,2,AGCC
4334,zmasować,2,BAAA
4335,hipersoniczny,2,CAB
4336,oresznik,2,-
4337,resort,2,ACAAAAA
4338,new,2,-
4339,arsenał,2,ACAAAAA
4340,infrastruktura,2,ADAAA
4341,załączyć,2,BCCA
4342,sbu,2,-
4343,moskwy,2,-
4344,dostawa,2,ADAAA
4345,aresztowanie,2,AEBAA
4346,blokować,2,BAAA
4347,przejazd,2,ACAAAAA
4348,gwałtownie,2,FB
4349,uzasadniony,2,BBCB
4350,odwrotny,2,CAB
4351,kontekst,2,ACAAAAA
4352,nalot,2,ACAAAAA
4353,teoretycznie,2,FB
4354,mopsiczka,2,-
4355,gypsia,2,-
4356,gęś,2,ADCCA
4357,pipa,2,-
4358,dżok,2,-
4359,olgi,2,-
4360,kulturalny,2,CAB
4361,autorski,2,CBA
4362,jazz,2,ACAAAAA
4363,sacrum,2,-
4364,tan,2,ACAAAAA
4365,cyfrowej,2,-
4366,serdeczny,2,CAB
4367,dubiel,2,-
4368,optymistyczny,2,CAB
4369,akademia,2,ADACBAA
4370,prestiżowy,2,CAB
4371,amkp,2,-
4372,fortepian,2,ACAAAAA
4373,kciuk,2,ACABBA
4374,kompletny,2,CAB
4375,magiczny,2,CAB
4376,płynnie,2,FB
4377,płakać,2,BAAFA
4378,tramwaj,2,ACACACB
4379,pamiątka,2,ADAB
4380,zwiedzający,2,BDA
4381,karolczyk,2,-
4382,inw,2,-
4383,mhk,2,-
4384,689,2,-
4385,xif,2,-
4386,podgórze,2,AEBAB
4387,abakanowicz,2,-
4388,dziedziniec,2,ACACBC
4389,kwitnący,2,CAA
4390,magnolia,2,ADACBAA
4391,magdaleny,2,-
4392,delikatny,2,CAB
4393,ozdobny,2,CAB
4394,srebro,2,AEAAAB
4395,tęsknota,2,ADAAA
4396,parkiet,2,ACAAAAA
4397,poniżej,2,FC
4398,gdańsku,2,-
4399,statystyk,2,AAACBA
4400,diamentowy,2,CAB
4401,urodziny,2,AGAAA
4402,nagrany,2,BDA
4403,sanah,2,-
4404,vintage,2,-
4405,pretekst,2,ACAAAAA
4406,spać,2,BBA
4407,powracać,2,BDA
4408,chokery,2,-
4409,bomberki,2,-
4410,maksymalizm,2,ACAAAAA
4411,nostalgia,2,ADACBAA
4412,kojarzony,2,CAB
4413,autentyczność,2,ADCCA
4414,predicts,2,-
4415,nadchodzić,2,BBCA
4416,era,2,ADAAA
4417,wpisywać,2,BAAB
4418,wyrazisty,2,CAB
4419,estetyka,2,AAACBA
4420,rajstopy,2,AGAAA
4421,pastelowy,2,CAB
4422,krata,2,ADAAA
4423,technologia,2,ADACBAA
4424,tożsamość,2,ADCCA
4425,potoczny,2,CAB
4426,online,2,-
4427,międzypokoleniowy,2,CAB
4428,słuchawka,2,ADAB
4429,niesamowicie,2,FC
4430,przemawiać,2,BDA
4431,nietolerancja,2,ADACBAA
4432,przemówienie,2,AEBAA
4433,nieokreślony,2,CAB
4434,rozliczyć,2,BCCA
4435,nadawca,2,AABCBB
4436,nrk,2,-
4437,sypialnia,2,ADACBAA
4438,siłownia,2,ADACBAA
4439,zastosowany,2,BAAA
4440,rygor,2,ACAAAAA
4441,pozew,2,ACAAAAA
4442,socjaldemokratyczny,2,CAB
4443,oberwać,2,BAAFB
4444,reczkałow,2,-
4445,demoralizujący,2,BAAA
4446,idea,2,ADACBAA
4447,otoczyć,2,BCCA
4448,reczkałowa,2,-
4449,stado,2,AEAAAB
4450,krzesło,2,AEAAAB
4451,bandyta,2,AABDAA
4452,strzelec,2,AAACAAAA
4453,zmotoryzowany,2,BAAA
4454,internautów,2,-
4455,sterowany,2,BAAA
4456,władimir,2,-
4457,masa,2,ADAAA
4458,ambasada,2,ADAAA
4459,plama,2,ADAAA
4460,zaradzić,2,BBCA
4461,savanna,2,-
4462,puckett,2,-
4463,demokrata,2,AABDAA
4464,republikanin,2,AAABAA
4465,zgłoszony,2,BBCA
4466,oskarżona,2,ADACCBA
4467,pojawiający się,2,-
4468,pamiętliwy,2,CAB
4469,refren,2,ACAAAAA
4470,mienić się,2,-
4471,wyżej,2,FC
4472,pogodny,2,CAB
4473,singla,2,-
4474,codzienność,2,ADCCA
4475,zbliżony,2,CAB
4476,doceniać,2,BDA
4477,najpoważniejszy,2,CAB
4478,melodia,2,ADACBAA
4479,podany,2,BDC
4480,przyjmowanie,2,AEBAA
4481,znacząco,2,FC
4482,nieznacznie,2,FB
4483,kuratoryjny,2,CAB
4484,elementarny,2,CAB
4485,wcinać,2,BDA
4486,hot,2,-
4487,dog,2,ABAC
4488,małopolska,2,-
4489,gabriela,2,-
4490,bułka,2,ADAB
4491,dieta,2,ADAAA
4492,c,2,-
4493,wystartować,2,BAAA
4494,regulamin,2,ACAAAAA
4495,pozytywnie,2,FB
4496,oznaczenie,2,AEBAA
4497,spożywczy,2,CAA
4498,zainteresowany,2,BAAA
4499,dudek,2,ABAC
4500,różycki,2,-
4501,biologia,2,ADACBAA
4502,najwyraźniej,2,FC
4503,wystarczać,2,BDA
4504,pomylić,2,BBCA
4505,zniechęcać,2,BDA
4506,finalista,2,AABDAA
4507,uzyskać,2,BDA
4508,świadectwo,2,AEAAAB
4509,shelley,2,-
4510,oddanie,2,AEBAA
4511,potwora,2,ADAAA
4512,niezły,2,CAB
4513,ludzki,2,CBA
4514,piękno,2,AEAAAB
4515,poczet,2,ACAAAAA
4516,zażyczyć,2,BCCA
4517,japonią,2,-
4518,maksymalny,2,CAB
4519,udowodnienie,2,AEBAA
4520,utracić,2,BBCA
4521,janne,2,-
4522,normalna,2,ADACCBA
4523,kolejowy,2,CAB
4524,ewakuować,2,BAAA
4525,walizka,2,ADAB
4526,autobus,2,ACAAAAA
4527,stopniowo,2,FC
4528,sprzątanie,2,AEBAA
4529,przestrzenny,2,CAB
4530,plastik,2,ACABA
4531,zakryty,2,BAFB
4532,praktycznie,2,FB
4533,wenezueli,2,-
4534,skierować,2,BAAA
4535,metropolitan,2,-
4536,detention,2,-
4537,skazana,2,ADACCBA
4538,combs,2,-
4539,epsteina,2,-
4540,joaquin,2,-
4541,el,2,-
4542,chapo,2,-
4543,narkotykowy,2,-
4544,smutek,2,ACABA
4545,przywrócić,2,BBCA
4546,czujny,2,CAB
4547,sydnes,2,-
4548,wzmocnienie,2,AEBAA
4549,zbudowanie,2,AEBAA
4550,brukseli,2,-
4551,geert,2,-
4552,wilders,2,-
4553,mein,2,-
4554,kampf,2,-
4555,roentgena,2,-
4556,napisany,2,BAAFA
4557,straszyć,2,BCCA
4558,straszliwy,2,CAB
4559,narodziny,2,AGAAA
4560,szczególność,2,ADCCA
4561,garść,2,ADCAAA
4562,rodak,2,AAACBA
4563,wyścig,2,ACABA
4564,prawdopodobieństwo,2,AEAAAB
4565,etniczny,2,CAB
4566,norwegiem,2,-
4567,brygada,2,ADAAA
4568,rdzenny,2,CAB
4569,wierzący,2,AAEB
4570,podsumować,2,BAAA
4571,wyjeżdżać,2,BDA
4572,komórkowy,2,CAB
4573,uspokajać,2,BDA
4574,rozgrywać,2,BDA
4575,zapanować,2,BAAA
4576,skakać,2,BAAFA
4577,iranu,2,-
4578,nakaz,2,ACAAAAA
4579,hipoteza,2,ADAAA
4580,zapora,2,ADAAA
4581,podejrzewany,2,BDA
4582,bariera,2,ADAAA
4583,skok,2,ACABA
4584,kamila,2,-
4585,kibic,2,AAABAB
4586,olimpijski,2,CBA
4587,zwycięstwo,2,AEAAAB
4588,turniej,2,ACACACB
4589,wzorcowy,2,CAB
4590,wzorowy,2,CAB
4591,reportaż,2,ACACAB
4592,izraela,2,-
4593,żerdź,2,ADCAAA
4594,córeczka,2,ADAB
4595,śliczny,2,CAB
4596,opuszczony,2,CAB
4597,współżycie,2,AEBAA
4598,grzywna,2,ADAAA
4599,luizą,2,-
4600,iwonką,2,-
4601,iwonka,2,-
4602,antoniego,2,-
4603,krowa,2,ADAAA
4604,antoni,2,-
4605,słoma,2,ADAAA
4606,zazdrosny,2,CAB
4607,przyrządzać,2,BDA
4608,felutka,2,-
4609,drobny,2,CAB
4610,1991,2,-
4611,makowski,2,-
4612,niechby,2,GBBBBAA
4613,eugenia,2,-
4614,zapukać,2,BDA
4615,bielsku,2,-
4616,podlaskim,2,-
4617,miesięcznie,2,FB
4618,ewą,2,-
4619,henrykiem,2,-
4620,przedpokój,2,ACACAA
4621,ilskich,2,-
4622,źdźbło,2,AEAAAB
4623,kolano,2,AEAAAB
4624,mydło,2,AEAAAB
4625,gałąź,2,ADCAAA
4626,poszwa,2,ADAAA
4627,palić,2,BBCA
4628,widocznie,2,GBBBA
4629,biblia,2,ADACBAA
4630,henrykowi,2,-
4631,milczeć,2,BCBA
4632,apokalipsa,2,ADAAA
4633,dusza,2,ADACABB
4634,jolanta,2,-
4635,paszka,2,ADAB
4636,pouczyć,2,BCCA
4637,zameldowanie,2,AEBAA
4638,audycja,2,ADACBAA
4639,odwrót,2,ACAAAAA
4640,agitować,2,BAAA
4641,czesać,2,BAAFA
4642,środowiskowy,2,CAB
4643,spokój,2,ACACACB
4644,wózek,2,ACABBA
4645,kochany,2,BDA
4646,odrastać,2,BDA
4647,potłuczony,2,BAFCAB
4648,olchowy,2,CAB
4649,lubartowa,2,-
4650,zielone,2,AEBBB
4651,dotknięty,2,BAEAA
4652,poszkodowana,2,ADACCBA
4653,ewie,2,-
4654,postanowienie,2,AEBAA
4655,operacyjny,2,CAB
4656,drewno,2,AEAAAB
4657,ul,2,ACACBAA
4658,nowaka,2,-
4659,komenda,2,ADAAA
4660,wyznawca,2,AABCBB
4661,wąski,2,CBA
4662,ograniczony,2,CAB
4663,świdnicy,2,-
4664,stanisław,2,-
4665,adopcja,2,ADACBAA
4666,opiekuńczy,2,CAA
4667,nóż,2,ACACBBA
4668,wykroczenie,2,AEBAA
4669,zaniedbanie,2,AEBAA
4670,podlegać,2,BDA
4671,opisany,2,BAAFA
4672,informujący,2,BAAA
4673,hejt,2,-
4674,wandalizm,2,ACAAAAA
4675,wpłata,2,ADAAA
4676,sęk,2,ACABBA
4677,strażnica,2,ADACABB
4678,maria,2,-
4679,własność,2,ADCCA
4680,katowice,2,-
4681,wypłata,2,ADAAA
4682,łączyć,2,BCCA
4683,skrócenie,2,AEBAA
4684,biegły,2,BAFAAB
4685,ringerike,2,-
4686,fengsel,2,-
4687,brevik,2,-
4688,używanie,2,AEBAA
4689,transferowy,2,CAB
4690,pge,2,-
4691,atakujący,2,BAAA
4692,dwukrotny,2,CAB
4693,transfer,2,ACAAAAA
4694,wątpienie,2,AEBAA
4695,romano,2,-
4696,włoski,2,ACABBA
4697,28,2,-
4698,historyczny,2,CAB
4699,portfel,2,ACACBAA
4700,zysk,2,ACABA
4701,giełda,2,ADAAA
4702,kurs,2,ACAAAAA
4703,000,2,-
4704,usd,2,-
4705,radykał,2,AAAAAA
4706,2008,2,-
4707,tajny,2,CAB
4708,aktywny,2,CAB
4709,mi5,2,-
4710,copeland,2,-
4711,londynu,2,-
4712,głupstwo,2,AEAAAB
4713,spór,2,ACAAAAA
4714,kasa,2,ADAAA
4715,szemrać,2,BAAFA
4716,skłonność,2,ADCCA
4717,tygodnik,2,ACABBA
4718,bodaj,2,GBBAB
4719,ósmy,2,CAB
4720,zelandii,2,-
4721,norwegią,2,-
4722,nieuzasadniony,2,CAB
4723,rejestracja,2,ADACBAA
4724,brenton,2,-
4725,tarrant,2,-
4726,christchurch,2,-
4727,wychwalać,2,BDA
4728,paul,2,-
4729,hasson,2,-
4730,fragment,2,ACAAAAA
4731,biznesowych,2,-
4732,oferować,2,BAAA
4733,ołówkowy,2,CAB
4734,dopasowany,2,BAAA
4735,zabudowany,2,BAAA
4736,kroić,2,BBCA
4737,krój,2,BBCA
4738,biel,2,ADCAAA
4739,kw,2,-
4740,przynależność,2,ADCCA
4741,przerosnąć,2,BAEB
4742,osłabić,2,BBCA
4743,ravik,2,-
4744,jupskas,2,-
4745,kristin,2,-
4746,zaprowadzić,2,BBCA
4747,ucieczka,2,ADAB
4748,ciemny,2,CAB
4749,netto,2,CD
4750,elektroenergetyczny,2,CAB
4751,pokrywa,2,ADAAA
4752,energetyka,2,AAACBA
4753,słoneczny,2,CAB
4754,panele,2,-
4755,opad,2,ACAAAAA
4756,wodny,2,CAB
4757,br,2,-
4758,harrich,2,-
4759,podopieczna,2,ADACCBA
4760,zgłaszanie,2,AEBAA
4761,przygarnięcie,2,AEBAA
4762,kocur,2,ABABAAA
4763,pegazus,2,-
4764,kochający,2,BDA
4765,błagać,2,BDA
4766,psiak,2,ABAC
4767,rosjanom,2,-
4768,dwór,2,ACAAAAA
4769,zapisek,2,ACABA
4770,zagrzewać,2,BDA
4771,blogu,2,-
4772,popularny,2,CAB
4773,jihadwatch,2,-
4774,org,2,-
4775,spencer,2,-
4776,dżihad,2,-
4777,unabombera,2,-
4778,wyłączyć,2,BCCA
4779,malkin,2,-
4780,miłosz,2,-
4781,zarzycki,2,-
4782,kaszuba,2,-
4783,napęd,2,ACAAAAA
4784,morski,2,CBA
4785,lina,2,ABABAAA
4786,jednomyślnie,2,FB
4787,warunkowy,2,CAB
4788,influencerem,2,-
4789,wypolerowany,2,BAAA
4790,ubrudzony,2,BBCA
4791,danie,2,AEBAA
4792,hrabstwo,2,AEAAAB
4793,uganiać,2,BDA
4794,uciekający,2,BDA
4795,brudny,2,CAB
4796,posiniaczony,2,CAB
4797,sielanka,2,ADAB
4798,nieustanny,2,CAB
4799,wyhodowanie,2,AEBAA
4800,instagramowym,2,-
4801,łyżeczka,2,ADAB
4802,anchois,2,AEE
4803,kapar,2,ACAABAA
4804,pestka,2,ADAB
4805,masło,2,AEAAAB
4806,cukier,2,ACAAAAA
4807,pęczek,2,ACABBA
4808,gruby,2,CAB
4809,usmażyć,2,BCCA
4810,przepłukać,2,BAAFA
4811,zgęstnieć,2,BAD
4812,podgrzewać,2,BDA
4813,porządnie,2,FB
4814,dente,2,-
4815,podgrzać,2,BAFBD
4816,dolewać,2,BDA
4817,ml,2,-
4818,wędzony,2,BBCA
4819,ostry,2,CAA
4820,nasienie,2,AEBAA
4821,pokrywka,2,ADAB
4822,zmięknąć,2,BAEB
4823,wywar,2,ACAAAAA
4824,skórka,2,ADAB
4825,ćwiartka,2,ADAB
4826,włożyć,2,BCCA
4827,przyprawa,2,ADAAA
4828,zrównoważony,2,CAB
4829,podłużny,2,CAB
4830,zależnie,2,FB
4831,kolendra,2,ADAAA
4832,sok,2,ACABA
4833,ricotty,2,-
4834,udko,2,AEAAAA
4835,seler,2,ABABAAA
4836,marchewka,2,ADAB
4837,poranny,2,CAB
4838,ciężarówka,2,ADAB
4839,kijowie,2,-
4840,podręcznik,2,ACABBA
4841,prawosławny,2,AAEC
4842,sprawdzenie,2,AEBAA
4843,płaszczyzna,2,ADAAA
4844,literatura,2,ADAAA
4845,osesi,2,-
4846,wewior,2,-
4847,słowny,2,CAB
4848,kropka,2,ADAB
4849,przecinek,2,ACABBA
4850,wers,2,ACAAAAA
4851,ni,2,GBBBA
4852,zaproponowanie,2,AEBAA
4853,kładący,2,CAA
4854,afektywny,2,CAB
4855,jubilerski,2,CBA
4856,niebieski,2,CBA
4857,właściwość,2,ADCCA
4858,brylant,2,ACAAAAA
4859,perła,2,ADAAA
4860,topaz,2,ACAAAAA
4861,superpucharu,1,-
4862,rozgromić,1,BBCA
4863,rywalizacja,1,ADACBAA
4864,superpuchar,1,-
4865,arabii,1,-
4866,saudyjskiej,1,-
4867,zdobywca,1,AABCBB
4868,athletikiem,1,-
4869,hansi,1,-
4870,flick,1,-
4871,jedenastka,1,ADAB
4872,szczęsnego,1,-
4873,gol,1,ABAABA
4874,roberta,1,-
4875,lewandowskiego,1,-
4876,ferran,1,-
4877,torres,1,-
4878,wprawdzie,1,GBBBA
4879,ambitnie,1,FB
4880,blaugrana,1,-
4881,strzelanie,1,AEBAA
4882,fermin,1,-
4883,lopez,1,-
4884,skiksować,1,BAAA
4885,spadły,1,CAB
4886,ferrana,1,-
4887,torresa,1,-
4888,barcelony,1,-
4889,kwadrans,1,ACACACAA
4890,flicka,1,-
4891,ruszyć,1,BCCA
4892,nadbiegający,1,BDA
4893,fermina,1,-
4894,lopeza,1,-
4895,huknąć,1,BAEAA
4896,płasko,1,FC
4897,roony,1,-
4898,bardghji,1,-
4899,popisać,1,BAAFA
4900,przepuszczać,1,BDA
4901,bezradny,1,CAB
4902,bramkowy,1,CAB
4903,przepiękny,1,CAB
4904,sekunda,1,ADAAA
4905,wybić,1,AEBAA
4906,rzut,1,ACAAAAA
4907,rożen,1,ACAABAA
4908,daniego,1,-
4909,viviana,1,-
4910,oihana,1,-
4911,sanceta,1,-
4912,zamieszanie,1,AEBAA
4913,blaugrany,1,-
4914,blokowany,1,BAAA
4915,dopaść,1,BAFAAAB
4916,wpakować,1,BAAA
4917,alejandro,1,-
4918,berenguer,1,-
4919,przestrzelić,1,BBCA
4920,zwolnili,1,-
4921,boisko,1,AEAAAA
4922,komplet,1,ACAAAAA
4923,końcowy,1,CAB
4924,78,1,-
4925,gomez,1,-
4926,joana,1,-
4927,garcii,1,-
4928,basek,1,ACABA
4929,wykreować,1,BAAA
4930,finałowy,1,CAB
4931,atletico,1,-
4932,realem,1,-
4933,kowalczykiem,1,-
4934,psychoterapeuta,1,AABDAA
4935,jurek,1,-
4936,stereotyp,1,ACAAAAA
4937,ochota,1,ADAAA
4938,przytaczać,1,BDA
4939,piotrem,1,-
4940,świniarskim,1,-
4941,krawczykiem,1,-
4942,83,1,-
4943,płonąć,1,BAEAB
4944,unieważniać,1,BDA
4945,narzucać,1,BDA
4946,wzorzec,1,ACACBC
4947,marią,1,-
4948,beisert,1,-
4949,zaspokajać,1,BDA
4950,ejakulacja,1,ADACBAA
4951,mianownik,1,ACABBA
4952,unikanie,1,AEBAA
4953,rozpaczliwy,1,CAB
4954,odmowa,1,ADAAA
4955,odrzucenie,1,AEBAA
4956,widoczny,1,CAB
4957,wierzchołek,1,ACABBA
4958,lodowej,1,-
4959,spód,1,ACAAAAA
4960,zmęczenie,1,AEBAA
4961,hormon,1,ACAAAAA
4962,mozaika,1,ADAB
4963,uwarunkowanie,1,AEBAA
4964,naczyniowy,1,CAB
4965,schorzenie,1,AEBAA
4966,uboczny,1,CAB
4967,przyjmowany,1,BAAA
4968,niebagatelny,1,CAB
4969,wyhamować,1,BAAA
4970,przemęczenie,1,AEBAA
4971,wyczerpanie,1,AEBAA
4972,wypalony,1,BBCA
4973,zawodowo,1,FC
4974,akurat,1,FC
4975,silnie,1,FB
4976,przyjrzenie się,1,-
4977,biseksualny,1,CAB
4978,wiązanie,1,AEBAA
4979,nasuwać,1,BDA
4980,spontaniczny,1,CAB
4981,responsywne,1,-
4982,czułość,1,ADCCA
4983,spieszyć,1,BCCA
4984,spirala,1,ADACBABA
4985,ironia,1,ADACBAA
4986,skuteczność,1,ADCCA
4987,testowanie,1,AEBAA
4988,przenoszenie,1,AEBAA
4989,dotyk,1,ACABA
4990,obniżać,1,BDA
4991,personalizacji,1,-
4992,wymsknąć,1,-
4993,zacytować,1,BAAA
4994,intencja,1,ADACBAA
4995,zapamiętać,1,BDA
4996,zbliżenie,1,AEBAA
4997,dudnić,1,BBCB
4998,zdrada,1,ADAAA
4999,udawanie,1,AEBAA
5000,zrazić,1,BBCA
5001,ignorowanie,1,AEBAA
5002,utrwalać,1,BDA
5003,rozróżnić,1,BBCB
5004,długotrwały,1,CAB
5005,powodujący,1,BAAA
5006,dojmujący,1,BAAA
5007,zasugerować,1,BAAA
5008,martwić,1,BBCA
5009,defekt,1,ACAAAAA
5010,udanie,1,AEBAA
5011,psychologa,1,-
5012,leczenie,1,AEBAA
5013,rozpoznanie,1,AEBAA
5014,zniechęcić,1,BBCA
5015,poszukanie,1,AEBAA
5016,wyprzedzać,1,BDA
5017,mecz,1,ACACACB
5018,zapłon,1,ACAAAAA
5019,suplement,1,ACAAAAA
5020,kuszący,1,BBCA
5021,ambicja,1,ADACBAA
5022,intymny,1,CAB
5023,przeciętnie,1,FB
5024,wykształcony,1,BBCA
5025,psychoaktywnych,1,-
5026,stuprocentowy,1,CAB
5027,wyleczyć,1,BCCA
5028,całkowity,1,CAB
5029,adekwatny,1,CAB
5030,dojrzałość,1,ADCCA
5031,seksualności,1,-
5032,skłonny,1,CAB
5033,sprawczość,1,-
5034,miernik,1,ACABBA
5035,rozładowanie,1,AEBAA
5036,zauważony,1,CAB
5037,nieoceniający,1,-
5038,operować,1,BAAA
5039,zaciekawienie,1,AEBAA
5040,bazować,1,BAAA
5041,preferencja,1,ADACBAA
5042,słuchanie,1,AEBAA
5043,życzyć,1,BCCA
5044,rozpaczać,1,BDA
5045,zamęczyć,1,BCCA
5046,anundsen,1,-
5047,gorzeć,1,BAD
5048,grubbegata,1,-
5049,okoliczny,1,CAB
5050,wypełnić,1,BBCA
5051,mieszanka,1,ADAB
5052,piętrowy,1,CAB
5053,wieżowiec,1,ACACBC
5054,wylecieć,1,BBBA
5055,walać,1,BDA
5056,biegać,1,BDA
5057,zdezorientowany,1,BAAA
5058,sanitariusz,1,AAABD
5059,przewieźć,1,BAFCAA
5060,strażak,1,AAACBA
5061,udostępnili,1,-
5062,ratownik,1,AAACBA
5063,docierać,1,BDA
5064,prom,1,ACAAAAA
5065,wpuścić,1,BBCA
5066,wypchany,1,BDA
5067,magazynek,1,ACABA
5068,700,1,-
5069,przeraźliwie,1,FB
5070,zimno,1,AEAAAB
5071,krzak,1,ACABBA
5072,skała,1,ADAAA
5073,skołowany,1,BAAA
5074,zaufać,1,BDA
5075,jorgen,1,-
5076,benone,1,-
5077,nasłuchiwać,1,BAAC
5078,ów,1,EAABA
5079,reagowanie,1,AEBAA
5080,swat,1,AAAAAA
5081,zgłoszenie,1,AEBAA
5082,dopływać,1,BDA
5083,sądowej,1,-
5084,psycholog,1,-
5085,depresja,1,ADACBAA
5086,skłonności,1,AGBC
5087,stwierdzać,1,BDA
5088,rozczarować,1,BAAA
5089,odsiadka,1,ADAB
5090,wielokrone,1,-
5091,robota,1,ABABAAA
5092,wykonywać,1,BAAB
5093,sformułowany,1,BAAA
5094,uchodźstwo,1,AEAAAB
5095,misleya,1,-
5096,mandarina,1,-
5097,conservativepost,1,-
5098,mandarin,1,-
5099,ostrzec,1,BAFCAB
5100,strategicznie,1,FB
5101,mauritius,1,-
5102,zależny,1,CAB
5103,chin,1,-
5104,namawiać,1,BDA
5105,zablokowanie,1,AEBAA
5106,chiński,1,CBA
5107,ingerencja,1,ADACBAA
5108,nieodzowny,1,CAB
5109,pozostawienie,1,AEBAA
5110,brytyjsko,1,-
5111,brytyjskim,1,-
5112,dzierżawiony,1,BBCA
5113,99,1,-
5114,maurytyjskim,1,-
5115,express,1,-
5116,wypłacony,1,BBCA
5117,funt,1,ABABAAA
5118,1965,1,-
5119,londyński,1,-
5120,jonathana,1,-
5121,wyminąć,1,BAEAB
5122,krążący,1,CAA
5123,staranować,1,BAAA
5124,najnowsze,1,-
5125,uśmiechający się,1,-
5126,kanapa,1,ADAAA
5127,zidentyfikować,1,BAAA
5128,jonathan,1,-
5129,potrącić,1,BBCA
5130,01,1,-
5131,beccę,1,-
5132,obchodzący,1,CAA
5133,zaczepiać,1,BDA
5134,byś,1,-
5135,lunch,1,-
5136,chwytać,1,BDA
5137,pasażer,1,AAAAAA
5138,podniesiony,1,CAB
5139,szarpać,1,BAAFA
5140,tył,1,BAFB
5141,przód,1,ACAAAAA
5142,kochanie,1,AEBAA
5143,lusterko,1,AEAAAA
5144,odjeżdżający,1,BDA
5145,jęknięcie,1,AEBAA
5146,wystrzał,1,ACAAAAA
5147,pier,1,-
5148,suka,1,ADAB
5149,kirsti,1,-
5150,immunitet,1,ACAAAAA
5151,hospitalizować,1,BAAA
5152,rozbity,1,BAFB
5153,tim,1,-
5154,walz,1,-
5155,gubernator,1,AAACAAAB
5156,użyć,1,AEBAA
5157,gwardia,1,ADACBAA
5158,wyłączność,1,ADCCA
5159,sprzeciw,1,ACAAAAA
5160,chicago,1,-
5161,protestujący,1,BAAA
5162,ułożyć,1,BCCA
5163,znicz,1,ACACBBA
5164,trąbić,1,BBCA
5165,klakson,1,ACAAAAA
5166,hampton,1,-
5167,hill,1,-
5168,zakwaterowanie,1,AEBAA
5169,złośliwość,1,ADCCA
5170,pożalić się,1,-
5171,angelina,1,-
5172,katsanis,1,-
5173,świadczenia,1,AGDAA
5174,zarezerwować,1,BAAA
5175,mail,1,-
5176,stawek,1,ACABA
5177,złośliwie,1,FB
5178,anulować,1,BAAA
5179,niedopuszczalny,1,CAB
5180,gwałciciel,1,AAABCA
5181,podważać,1,BDA
5182,egzekwowanie,1,AEBAA
5183,eskalacja,1,ADACBAA
5184,wycofać,1,BDA
5185,usprawiedliwienie,1,AEBAA
5186,promieniować,1,BAAA
5187,pielęgnować,1,BAAA
5188,chrześcijanka,1,ADAB
5189,nauczać,1,BDA
5190,troszczyć się,1,-
5191,integralność,1,ADCCA
5192,appla,1,-
5193,aplikacja,1,ADACBAA
5194,ostrzegający,1,BDA
5195,migration,1,-
5196,przystać,1,BAFABD
5197,zabrany,1,BAAFA
5198,gwizdek,1,ACABBA
5199,uczcić,1,BBCB
5200,odwracać,1,BDA
5201,spopularyzować,1,BAAA
5202,skandynawki,1,-
5203,odzieżowy,1,CAB
5204,modowym,1,-
5205,twist,1,ABABAAA
5206,wielowarstwowy,1,CAB
5207,minusowy,1,CAB
5208,ubieranie,1,AEBAA
5209,ubiór,1,ACAAAAA
5210,wizualny,1,CAB
5211,modowej,1,-
5212,fakturowo,1,-
5213,przykuwać,1,BDA
5214,nieoczywistymi,1,-
5215,łączenie,1,AEBAA
5216,jeansów,1,-
5217,midi,1,AEE
5218,wystający,1,CAA
5219,nonszalancko,1,FC
5220,tyć,1,AEBAA
5221,chusta,1,ADAAA
5222,przewiązany,1,BAAFA
5223,layeringu,1,-
5224,ocieplajace,1,-
5225,fantazyjny,1,CAB
5226,dozwolony,1,BBCA
5227,szafa,1,ADAAA
5228,bawełniany,1,CAB
5229,obcisły,1,CAB
5230,rękaw,1,ACAABAA
5231,golf,1,ABABAAA
5232,leginsy,1,-
5233,wełna,1,ADAAA
5234,merino,1,-
5235,najmodniejszy,1,CAB
5236,tunika,1,ADAB
5237,spodnie,1,CBB
5238,okrycie,1,AEBAA
5239,fason,1,ACAAAAA
5240,komponować,1,BAAA
5241,stroić,1,BBCA
5242,kolorystyczny,1,CAB
5243,spójny,1,CAB
5244,acz,1,-
5245,memoriał,1,ACAAAAA
5246,zaostrzać,1,BDA
5247,postąpić,1,BBCA
5248,finlandia,1,-
5249,sztokholmu,1,-
5250,utrudnić,1,BBCB
5251,niepowołany,1,CAB
5252,roboczy,1,CAA
5253,rozpatrywać,1,BAAB
5254,fosli,1,-
5255,dokładniejszy,1,CAB
5256,kontrolowanie,1,AEBAA
5257,beatrice,1,-
5258,ask,1,-
5259,posiadany,1,BDA
5260,jesienny,1,CAB
5261,malmö,1,-
5262,obydwaj,1,DABAA
5263,sankcjonować,1,BAAA
5264,chadecki,1,CBA
5265,tuve,1,-
5266,skaanberg,1,-
5267,ostrzejszy,1,CAB
5268,restrykcja,1,ADACBAA
5269,helsinek,1,-
5270,dolny,1,CAB
5271,azotan,1,ACAAAAA
5272,amon,1,ACAAAAA
5273,wyprodukować,1,BAAA
5274,przebadanie,1,AEBAA
5275,ludność,1,ADCCA
5276,skutkujący,1,BAAA
5277,uszkodzenie,1,AEBAA
5278,dagbladet,1,-
5279,odseparować,1,BAAA
5280,stronnicowe,1,-
5281,argumentacja,1,ADACBAA
5282,przyżył,1,-
5283,powrócić,1,BBCA
5284,strasznie,1,FB
5285,darować,1,BAAA
5286,newsweeka,1,-
5287,postrzał,1,ACAAAAA
5288,metalowy,1,CAB
5289,bramka,1,ADAB
5290,wykrywający,1,BDA
5291,metal,1,ACACAA
5292,współorganizator,1,AAACAAAB
5293,godizny,1,-
5294,breivi,1,-
5295,poświęcony,1,BBCA
5296,hjartet,1,-
5297,mot,1,-
5298,steinen,1,-
5299,dosł,1,-
5300,polsku,1,-
5301,tvp,1,-
5302,udzielać,1,BDA
5303,llh,1,-
5304,przesada,1,ADAAA
5305,ujemny,1,CAB
5306,wiązać,1,BAAFA
5307,sercowy,1,CAB
5308,kardiolog,1,AAACBA
5309,n,1,-
5310,med,1,-
5311,american,1,-
5312,heart,1,-
5313,association,1,-
5314,zabójczy,1,CAA
5315,umierać,1,BDA
5316,palenie,1,AEBAA
5317,nadciśnienie,1,AEBAA
5318,dojście,1,AEBAA
5319,nasilenie,1,AEBAA
5320,lekarka,1,ADAB
5321,najszybciej,1,FC
5322,górny,1,CAB
5323,najkrótszy,1,CAB
5324,abczdrowie,1,-
5325,grabowski,1,-
5326,warszawskiego,1,-
5327,pijana,1,ADACCBA
5328,szkockich,1,-
5329,drogowiec,1,AAACBA
5330,mph,1,-
5331,uspokajanie,1,AEBAA
5332,a811,1,-
5333,ostrzegawczy,1,CAA
5334,wiodący,1,BAFCAA
5335,miejscowość,1,ADCCA
5336,dróżka,1,ADAB
5337,rozdzielający,1,BDA
5338,zygzak,1,ACABBA
5339,uzupełniać,1,BDA
5340,leeds,1,-
5341,university,1,-
5342,pionowy,1,CAB
5343,przesunięcie,1,AEBAA
5344,zwężenie,1,AEBAA
5345,iluzoryczny,1,CAB
5346,podzielony,1,BBCA
5347,przeznaczyć,1,BCCA
5348,załatanie,1,AEBAA
5349,kombinacja,1,ADACBAA
5350,daily,1,-
5351,record,1,-
5352,danny,1,-
5353,krzysztofem,1,-
5354,komanderem,1,-
5355,kicz,1,ACACACB
5356,przystawać,1,BAAE
5357,obiegowy,1,CAB
5358,zrobienie,1,AEBAA
5359,wesele,1,AEBAA
5360,wojtka,1,-
5361,scenarzysta,1,AABDAA
5362,debiutować,1,BAAA
5363,producentka,1,-
5364,oświetlenie,1,AEBAA
5365,scenografka,1,-
5366,zgraja,1,ADACBABA
5367,dzieciak,1,AAADBB
5368,filmowiec,1,AAACBA
5369,cinekid,1,-
5370,amsterdamie,1,-
5371,sekcja,1,ADACBAA
5372,wstać,1,BAFABD
5373,wypalić,1,BBCA
5374,nuda,1,ADAAA
5375,owijać,1,BDA
5376,kurtuazyjny,1,CAB
5377,popracować,1,BAAA
5378,przyzwyczaić,1,BBCA
5379,rozsypać,1,BAAFA
5380,załatwić,1,BBCA
5381,przygodowy,1,CAB
5382,indianę,1,-
5383,jonesa,1,-
5384,stereotypowo,1,-
5385,napakowany,1,BAAA
5386,bodziec,1,ACACBC
5387,dopytać,1,BDA
5388,ogarniać,1,BDA
5389,siedmiolatek,1,AAADBA
5390,jedenastoletni,1,CBB
5391,spytać,1,BDA
5392,przestraszyć,1,BCCA
5393,zanudzić,1,BBCA
5394,pogrzeb,1,ACAAAAA
5395,dopełnić,1,BBCB
5396,tracić,1,BBCA
5397,kalkulacja,1,ADACBAA
5398,obliczony,1,CAB
5399,san,1,-
5400,sebastian,1,-
5401,sundance,1,-
5402,kurczę,1,AECA
5403,opowiadanie,1,AEBAA
5404,walor,1,ACAAAAA
5405,cynicznie,1,FB
5406,arkiem,1,-
5407,jakubikiem,1,-
5408,pogadać,1,BDA
5409,nieudolnie,1,FB
5410,emocjonalnie,1,FB
5411,dziesięcioletni,1,CBB
5412,obciążać,1,BDA
5413,nocleg,1,ACABA
5414,darmo,1,FC
5415,uprawniać,1,BDA
5416,bydło,1,AEAAAB
5417,branża,1,ADACABB
5418,przesiąknięty,1,BAEAA
5419,pić,1,AEBAA
5420,obrażać,1,BDA
5421,wyzyskiwać,1,BAAC
5422,uformowanie,1,AEBAA
5423,kółeczko,1,AEAAAA
5424,bezpieczniej,1,FC
5425,ciasteczko,1,AEAAAA
5426,przepadać,1,BDA
5427,pająk,1,ABAC
5428,zapewnić,1,BBCB
5429,struna,1,ADAAA
5430,obojętnie,1,FB
5431,tłuc,1,BAFCAB
5432,patyk,1,ACABBA
5433,kałuża,1,ADACABB
5434,wybrnąć,1,BAEAA
5435,urazić,1,BBCA
5436,wypowiedzieć,1,BDC
5437,rączka,1,ADAB
5438,stawać,1,BAAE
5439,mądrzejszy,1,CAB
5440,przekroczenie,1,AEBAA
5441,genialny,1,CAB
5442,groźnie,1,FB
5443,krzywdzić,1,BBCA
5444,znęcać,1,BDA
5445,bydgoszczy,1,-
5446,lucky,1,-
5447,bob,1,-
5448,janusz,1,-
5449,hetman,1,AAADAA
5450,gostomczyk,1,-
5451,zamurować,1,BAAA
5452,rozłożyć,1,BCCA
5453,intuicyjny,1,CAB
5454,amelią,1,-
5455,goldą,1,-
5456,odeprzeć,1,BABA
5457,cringe,1,-
5458,kompletnie,1,FB
5459,passé,1,-
5460,wstydzić się,1,-
5461,przewaga,1,ADAB
5462,peszyć,1,BCCA
5463,przyzwyczajony,1,BBCA
5464,nagrywanie,1,AEBAA
5465,ustawienie,1,AEBAA
5466,odgrywanie,1,AEBAA
5467,scenka,1,ADAB
5468,obiektyw,1,ACAAAAA
5469,testowy,1,CAB
5470,research,1,-
5471,wojtek,1,-
5472,poświęcać,1,BDA
5473,zgłębianie,1,AEBAA
5474,rzadkość,1,ADCCA
5475,opowiedzenie,1,AEBAA
5476,konsultować,1,BAAA
5477,zmontowanie,1,AEBAA
5478,nieznajoma,1,ADACCBA
5479,balans,1,ACACACA
5480,fabuła,1,ADAAA
5481,realizm,1,ACAAAAA
5482,przygoda,1,ADAAA
5483,troszkę,1,DF
5484,podrosnąć,1,BAEB
5485,obejrzenie,1,AEBAA
5486,płytka,1,ADAB
5487,szturchać,1,BDA
5488,wygadywać,1,BAAB
5489,nabity,1,BAFB
5490,spóźnić się,1,-
5491,najfajniejszy,1,CAB
5492,podskoczyć,1,BCCA
5493,pobeczeć,1,BCBA
5494,wartościowy,1,CAB
5495,usta,1,AGDAA
5496,spowodować,1,BAAA
5497,schlingel,1,-
5498,gala,1,ACACBAA
5499,moderator,1,ACAABAA
5500,amelce,1,-
5501,łańcuszek,1,ACABBA
5502,uzmysłowić,1,BBCA
5503,gal,1,ACACAA
5504,krzychu,1,-
5505,zakłuć,1,AEBAA
5506,amelkę,1,-
5507,wypchnąć,1,BAEAA
5508,rockowy,1,CAB
5509,grosz,1,ACACBBA
5510,bal,1,ACACACB
5511,łączący,1,CAA
5512,1975,1,-
5513,zeliszewski,1,-
5514,pełniący,1,CAA
5515,menedżera,1,-
5516,zm,1,-
5517,przełom,1,ACAAAAA
5518,xx,1,-
5519,anną,1,-
5520,jantar,1,ACAAAAA
5521,izabelą,1,-
5522,trojanowską,1,-
5523,urszulą,1,-
5524,1976,1,-
5525,alabama,1,-
5526,pay,1,-
5527,1987,1,-
5528,reaktywować,1,BAAA
5529,licealista,1,AABDAA
5530,gitarzysta,1,AABDAA
5531,brozi,1,-
5532,janusza,1,-
5533,pędzisza,1,-
5534,grüna,1,-
5535,prompter,1,-
5536,box,1,-
5537,słownik,1,ACABBA
5538,angielsko,1,-
5539,spolszczenie,1,AEBAA
5540,lubelskim,1,-
5541,arcus,1,-
5542,kres,1,ACAAAAA
5543,stały,1,BAFABD
5544,umcs,1,-
5545,klawiszowiec,1,-
5546,witold,1,-
5547,odorowicz,1,-
5548,giżycku,1,-
5549,coverów,1,-
5550,zagraniczny,1,CAB
5551,wiosna,1,ADAAA
5552,nagraniowej,1,-
5553,lublin,1,-
5554,instrumentalny,1,CAB
5555,kazimierz,1,-
5556,łojan,1,-
5557,początkujący,1,AAEB
5558,poeta,1,AABDAA
5559,migo,1,-
5560,gorączka,1,ADAB
5561,wahać,1,BDA
5562,trójka,1,ADAB
5563,pilność,1,ADCCA
5564,przykładać,1,BDA
5565,regulować,1,BAAA
5566,podwyższyć,1,BCCB
5567,obniżyć,1,BCCA
5568,demotywuje,1,-
5569,stresować,1,BAAA
5570,kuśmierz,1,-
5571,praworządność,1,ADCCA
5572,popularnie,1,FB
5573,zatwierdzić,1,BBCA
5574,przeprowadzanie,1,AEBAA
5575,bożena,1,-
5576,kuratorium,1,AED
5577,ekspertka,1,-
5578,zbieg,1,AAAAB
5579,rozpoczynać,1,BDA
5580,określenie,1,AEBAA
5581,pytający,1,BDA
5582,chętny,1,CAB
5583,upłynąć,1,BAEAB
5584,polonistka,1,ADAB
5585,katowickich,1,-
5586,uczniowski,1,CBA
5587,wzmożony,1,CAB
5588,motywacja,1,ADACBAA
5589,odprawiać,1,BDA
5590,kwitek,1,ACABBA
5591,wywierać,1,BDA
5592,zasypywać,1,BAAB
5593,julka,1,-
5594,kuba,1,-
5595,podsumowanie,1,AEBAA
5596,przyłożyć,1,BCCA
5597,kontynuowanie,1,AEBAA
5598,uzupełnienie,1,AEBAA
5599,rzeczniczka,1,ADAB
5600,pełnoletni,1,CBB
5601,uzyskanie,1,AEBAA
5602,zaliczenie,1,AEBAA
5603,korzystający,1,BDA
5604,gorący,1,CAA
5605,kalkulator,1,AAACAAAB
5606,uzyskany,1,BDA
5607,automatycznie,1,FB
5608,ania,1,-
5609,pomimo,1,GBBAA
5610,uczennica,1,ADACABB
5611,śródroczną,1,-
5612,opanowanie,1,AEBAA
5613,pomagający,1,BDA
5614,marzena,1,-
5615,metodyczka,1,ADAB
5616,niezgodny,1,CAB
5617,wpisać,1,BAAFA
5618,czasownik,1,ACABBA
5619,odmienić,1,BBCA
5620,zaimek,1,ACABBA
5621,palec,1,ACACBC
5622,gramatyka,1,AAACBA
5623,leksyka,1,ADAB
5624,wymowa,1,ADAAA
5625,intonacja,1,ADACBAA
5626,rozmówca,1,AABCBB
5627,adekwatnie,1,FB
5628,wyuczenie,1,AEBAA
5629,faktyczny,1,CAB
5630,komunikacyjny,1,CAB
5631,demotywująco,1,-
5632,obiektywniej,1,-
5633,stronniczość,1,ADCCA
5634,zżymać się,1,-
5635,autonomia,1,ADACBAA
5636,hopla,1,GAB
5637,cisnąć,1,BAEAA
5638,rankingi,1,-
5639,janina,1,-
5640,sabat,1,ACAAAAA
5641,nauczycielka,1,ADAB
5642,chorzowa,1,-
5643,opisowy,1,CAB
5644,tabloidu,1,-
5645,verdens,1,-
5646,stwierdzenie,1,AEBAA
5647,potok,1,ACABA
5648,wtorkowy,1,CAB
5649,utrzymać,1,BDA
5650,płynąć,1,BAEAB
5651,nieustający,1,CAA
5652,plaża,1,ADACABB
5653,pobiec,1,BAFAAB
5654,haavard,1,-
5655,gaasbakk,1,-
5656,pistolklubbu,1,-
5657,wydalić,1,BBCA
5658,loża,1,ADACABB
5659,szkolenie,1,AEBAA
5660,zastrzegać,1,BDA
5661,łatwizna,1,ADAAA
5662,toksyczny,1,CAB
5663,krążyć,1,BCCA
5664,maraton,1,ACAAAAA
5665,dwaj,1,DABAA
5666,pogubiony,1,BBCA
5667,niezdolny,1,CAB
5668,dryfujący,1,BAAA
5669,autodestrukcją,1,-
5670,odkupienie,1,AEBAA
5671,uczynić,1,BBCA
5672,perfekcjonizm,1,ACAAAAA
5673,bystrzejszy,1,CAB
5674,hazard,1,ACAAAAA
5675,charyzmatyczny,1,CAB
5676,pięknie,1,FB
5677,opakowany,1,BAAA
5678,fikcja,1,ADACBAA
5679,wypożyczony,1,CAB
5680,stolik,1,ACABBA
5681,przykrywać,1,BDA
5682,kredyt,1,ACAAAAA
5683,splatać,1,BDA
5684,klaseru,1,-
5685,parking,1,ACABA
5686,oznajmiać,1,BDA
5687,znoszący,1,BBCA
5688,jajka,1,AGDAA
5689,słać,1,BAAFA
5690,gęsto,1,FA
5691,kiepski,1,CBA
5692,przemilczany,1,BDA
5693,pragnienie,1,AEBAA
5694,misternie,1,FB
5695,kruszyć,1,BCCA
5696,krasomówczy,1,CAA
5697,przemowa,1,ADAAA
5698,blichtr,1,ACAAAAA
5699,zawalić,1,BBCA
5700,napadać,1,BDA
5701,vincem,1,-
5702,cofać,1,BDA
5703,napad,1,ACAAAAA
5704,wierzyciel,1,AAABCA
5705,zainwestować,1,BAAA
5706,głębiej,1,FC
5707,nowojorski,1,-
5708,półświatek,1,ACABBA
5709,pociągać,1,BDA
5710,oczyszczenie,1,AEBAA
5711,szczelina,1,ADAAA
5712,wypływać,1,BDA
5713,tłumiony,1,BBCA
5714,jork,1,-
5715,blask,1,ACABA
5716,neon,1,ACAAAAA
5717,wilgotny,1,CAB
5718,zakurzony,1,CAB
5719,trafnie,1,FB
5720,sensacja,1,ADACBAA
5721,bum,1,ACAAAAA
5722,subtelny,1,CAB
5723,meandrować,1,BAAA
5724,zmierzać,1,BDA
5725,spłycony,1,BBCA
5726,odsłonić,1,BBCA
5727,intryga,1,ADAB
5728,uroda,1,ADAAA
5729,dumbledore,1,-
5730,drażnić,1,BBCB
5731,dłużny,1,CAB
5732,pętla,1,ADACBAA
5733,lojalność,1,ADCCA
5734,popękany,1,BDA
5735,domyślać,1,BDA
5736,alkoholik,1,AAACBA
5737,odciskać,1,BDA
5738,sharidyn,1,-
5739,svebakk,1,-
5740,bohn,1,-
5741,rówieśnik,1,AAACBA
5742,johannes,1,-
5743,buo,1,-
5744,dziewczę,1,AECA
5745,buø,1,-
5746,daleki,1,CBA
5747,svalbard,1,-
5748,arktyce,1,-
5749,jazda,1,ADAAA
5750,skuter,1,ACAABAA
5751,wesoły,1,CAB
5752,aas,1,-
5753,eriksen,1,-
5754,karin,1,-
5755,elena,1,-
5756,holst,1,-
5757,powszechnie,1,FB
5758,lubiany,1,CAB
5759,uśmiechnięty,1,BAEAA
5760,pochodzący,1,CAA
5761,karar,1,-
5762,mustafa,1,-
5763,qasim,1,-
5764,ciemnoskóry,1,CAA
5765,ismail,1,-
5766,haji,1,-
5767,ahmed,1,-
5768,piosenkarz,1,AAABD
5769,isma,1,-
5770,brown,1,-
5771,abdim,1,-
5772,farahem,1,-
5773,tamtejszy,1,CAB
5774,factor,1,-
5775,recepcjonistka,1,ADAB
5776,stołeczny,1,CAB
5777,anne,1,-
5778,lise,1,-
5779,holter,1,-
5780,pasjonatka,1,ADAB
5781,baseballa,1,-
5782,trenować,1,BAAA
5783,zawodniczka,1,ADAB
5784,trond,1,-
5785,berntsen,1,-
5786,księżna,1,ADACAC
5787,aleksandrowi,1,-
5788,plebiscyt,1,ACAAAAA
5789,bombardowany,1,BAAA
5790,skrzyknąć,1,BAEAA
5791,włączyć,1,BCCA
5792,zapaść,1,ADCCA
5793,dowiadywać się,1,-
5794,zagłosować,1,-
5795,badany,1,BDA
5796,zagadkowo,1,FC
5797,odnoga,1,ADAB
5798,zadłużenie,1,AEBAA
5799,skumulować,1,BAAA
5800,miliard,1,ACAABAA
5801,przeliczenie,1,AEBAA
5802,niespełna,1,GBBBBBA
5803,odziedziczony,1,CAB
5804,poprzednik,1,AAACBA
5805,majchrowski,1,-
5806,zadłużyć,1,BCCA
5807,przebić,1,AEBAA
5808,starobrat,1,-
5809,zadowolenie,1,AEBAA
5810,alarm,1,ACAAAAA
5811,smogowego,1,-
5812,ankietowany,1,BAAA
5813,poprzeć,1,BABA
5814,nieprzepisowy,1,CAB
5815,aut,1,ACAAAAA
5816,zwolniony,1,BBCB
5817,restrykcyjny,1,CAB
5818,uchwalony,1,BBCA
5819,zobowiązany,1,BAAFA
5820,sejmik,1,ACABA
5821,małopolskiego,1,-
5822,wieloletni,1,CBB
5823,wywóz,1,ACAAAAA
5824,śmiecić,1,BBCA
5825,odpłatny,1,CAB
5826,odpłatność,1,ADCCA
5827,podstrefie,1,-
5828,wydłużyć,1,BCCA
5829,obowiązywanie,1,AEBAA
5830,przeciętna,1,ADACCBA
5831,rocznie,1,FC
5832,dzielony,1,BBCA
5833,intratny,1,CAB
5834,posada,1,ADAAA
5835,brutto,1,CD
5836,wypłacany,1,BDA
5837,odchodne,1,-
5838,239,1,-
5839,73,1,-
5840,zgarnąć,1,BAEAA
5841,bogusław,1,-
5842,kośmider,1,-
5843,holding,1,ACABA
5844,dorzucać,1,BDA
5845,mianowicie,1,GBBAB
5846,wywieszanie,1,AEBAA
5847,flaga,1,ADAB
5848,eksponowanie,1,AEBAA
5849,patronat,1,ACAAAAA
5850,wołyńskiej,1,-
5851,obchody,1,AGAB
5852,pochód,1,ACAAAAA
5853,hipokryzja,1,ADACBAA
5854,wyprawiać,1,BDA
5855,trzaskowski,1,-
5856,przypodobać się,1,-
5857,święcie,1,FC
5858,skrytykować,1,BAAA
5859,tfu,1,GAB
5860,moralnie,1,FB
5861,społecznościowym,1,-
5862,antykościelnych,1,-
5863,lansować,1,BAAA
5864,odwoławczy,1,CAA
5865,zaglądać,1,BDA
5866,konkludować,1,BAAA
5867,słabszy,1,CAB
5868,pesel,1,-
5869,średnio,1,FC
5870,głosować,1,BAAA
5871,264,1,-
5872,257,1,-
5873,mądrze,1,FB
5874,hurra,1,GAB
5875,zirytowany,1,BAAA
5876,zdeterminowany,1,BAAA
5877,filipowicza,1,-
5878,częstochowie,1,-
5879,mamprawowiedzieć,1,-
5880,doprowadzenie,1,AEBAA
5881,zbieranie,1,AEBAA
5882,284,1,-
5883,2479,1,-
5884,samorządowców,1,-
5885,odwołany,1,BDA
5886,obronić,1,BBCA
5887,sopotu,1,-
5888,karnowski,1,-
5889,wiążący,1,BAAFA
5890,prezydentka,1,-
5891,zabrza,1,-
5892,inicjator,1,AAACAAAB
5893,szum,1,ACAAAAA
5894,rozpoznawalność,1,-
5895,karta,1,ABABAAA
5896,wizerunkowy,1,-
5897,socjolog,1,AAACBA
5898,jagiellońskiego,1,-
5899,gonić,1,BBCA
5900,króliczek,1,ABAC
5901,obrazowo,1,FC
5902,skromny,1,CAB
5903,zerowy,1,CAB
5904,skapitalizować,1,-
5905,wizerunkowym,1,-
5906,kmita,1,-
5907,wassermann,1,-
5908,jackiem,1,-
5909,majchrowskim,1,-
5910,konrad,1,-
5911,wybryk,1,ACABA
5912,ikei,1,-
5913,wygrana,1,ADACCBA
5914,rządzić,1,BBCA
5915,5434,1,-
5916,zaangażować,1,BAAA
5917,prawdziwie,1,FB
5918,limit,1,ACAAAAA
5919,391,1,-
5920,778,1,-
5921,klapa,1,ADAAA
5922,87,1,-
5923,nadużycie,1,AEBAA
5924,sporządzanie,1,AEBAA
5925,umorzony,1,CAB
5926,szkodliwość,1,ADCCA
5927,cięcie,1,AEBAA
5928,rozczarowany,1,BAAA
5929,najgłośniej,1,FC
5930,referendalnej,1,-
5931,nieprzychylny,1,CAB
5932,kolejność,1,ADCCA
5933,wywołanie,1,AEBAA
5934,dostawać,1,BAAE
5935,populistyczne,1,-
5936,podnoszony,1,BBCA
5937,oponent,1,AAADAA
5938,niespójny,1,CAB
5939,zastać,1,BAFABD
5940,wprowadzany,1,BDA
5941,ratować,1,BAAA
5942,uzdrawiać,1,BDA
5943,skonstruować,1,BAAA
5944,zarządzać,1,BDA
5945,odpierać,1,BDA
5946,kolesiostwo,1,-
5947,kolesi,1,-
5948,populistyczny,1,-
5949,zatrudniać,1,BDA
5950,przejrzysty,1,CAB
5951,nabór,1,ACAAAAA
5952,przyjęty,1,BAFCB
5953,złożenie,1,AEBAA
5954,zawiadomienie,1,AEBAA
5955,komisarz,1,AAABD
5956,odyna,1,-
5957,wizytacja,1,ADACBAA
5958,fredrik,1,-
5959,sejersted,1,-
5960,spodziewane,1,-
5961,unieść,1,BAFCAA
5962,hitlerowski,1,CBA
5963,kondolencje,1,AGCC
5964,poczytalny,1,CAB
5965,przegrana,1,ADACCBA
5966,przyspieszony,1,CAB
5967,wolnego,1,GAB
5968,manipulacja,1,ADACBAA
5969,megalomania,1,ADACBAA
5970,psychoza,1,ADAAA
5971,drogowy,1,CAB
5972,rolniczy,1,CAA
5973,zawierający,1,BDA
5974,lights,1,-
5975,up,1,-
5976,44,1,-
5977,zadebiutować,1,BAAA
5978,jamesa,1,-
5979,corden,1,-
5980,kendal,1,-
5981,jenner,1,-
5982,46,1,-
5983,jamesem,1,-
5984,cordenem,1,-
5985,shangri,1,-
5986,malibu,1,-
5987,kalifornii,1,-
5988,produkcyjny,1,CAB
5989,grammy,1,-
5990,brzmienie,1,AEBAA
5991,funku,1,-
5992,soulu,1,-
5993,52,1,-
5994,rolling,1,-
5995,stone,1,-
5996,491,1,-
5997,wszech,1,-
5998,54,1,-
5999,watermelon,1,-
6000,sugar,1,-
6001,dziesiątka,1,ACABBA
6002,osiągać,1,BDA
6003,love,1,-
6004,sars,1,-
6005,cov,1,-
6006,59,1,-
6007,występ,1,ACAAAAA
6008,płeć,1,ADCAAA
6009,marka,1,ACABBA
6010,pielęgnacja,1,ADACBAA
6011,paznokieć,1,ACACBAA
6012,pleasing,1,-
6013,wielbiciel,1,AAABCA
6014,kafki,1,-
6015,orwella,1,-
6016,uznający,1,BDA
6017,zakonnica,1,ADACABB
6018,wyprawa,1,ADAAA
6019,krzyżowa,1,ADACCBA
6020,pątników,1,-
6021,niewierny,1,AAEC
6022,zamieszczony,1,CAB
6023,rynsztunek,1,ACABA
6024,krzyżowiec,1,AAACBA
6025,wycelowany,1,BAAA
6026,knights,1,-
6027,templar,1,-
6028,fundamentalistów,1,-
6029,wysadzający,1,BDA
6030,blondyn,1,AAADAA
6031,ot,1,GBBBA
6032,sąsiedztwo,1,AEAAAB
6033,uczący,1,CAA
6034,smestad,1,-
6035,następca,1,AABCBB
6036,tron,1,ACAAAAA
6037,książę,1,AAG
6038,wchodzący,1,CAA
6039,skąpy,1,CAB
6040,wpis,1,ACAAAAA
6041,facebook,1,-
6042,twitter,1,-
6043,document,1,-
6044,zatytułować,1,BAAA
6045,skrzyżowanie,1,AEBAA
6046,poradnik,1,ACABBA
6047,obrazkowy,1,CAB
6048,skrócony,1,BBCA
6049,medialny,1,CAB
6050,bastion,1,ACAAAAA
6051,brytyjską,1,-
6052,dominacja,1,ADACBAA
6053,wieszczył,1,-
6054,nadejście,1,AEBAA
6055,euroarabii,1,-
6056,turcję,1,-
6057,trojański,1,CBA
6058,wizja,1,ADACBAA
6059,eussr,1,-
6060,marksistowski,1,CBA
6061,sojusznik,1,AAACBA
6062,zbrojny,1,AAEC
6063,zwołanie,1,AEBAA
6064,kongres,1,ACAAAAA
6065,narodzić,1,BBCA
6066,jednolity,1,CAB
6067,stawić się,1,-
6068,izm,1,-
6069,historycznie,1,FB
6070,nazizm,1,ACAAAAA
6071,równo,1,FA
6072,nazista,1,AABDAA
6073,neonazistowski,1,CBA
6074,wygłaszać,1,BDA
6075,widywać,1,BAAB
6076,ponoć,1,GBBBA
6077,dobrowolny,1,CAB
6078,pastor,1,AAACAAAB
6079,dżinsy,1,AGAB
6080,palestyny,1,-
6081,konwersja,1,ADACBAA
6082,protestant,1,AAADAA
6083,katolicyzm,1,ACAAAAA
6084,mieszczący,1,CAA
6085,obniżka,1,ADAB
6086,deportowanie,1,AEBAA
6087,normalizacja,1,ADACBAA
6088,irytować,1,BAAA
6089,składka,1,ADAB
6090,karierowicz,1,AAABAB
6091,idealista,1,AABDAA
6092,idealistyczny,1,CAB
6093,antymuzułmańskimi,1,-
6094,islamification,1,-
6095,antyislamskiej,1,-
6096,podróżować,1,BAAA
6097,geofarm,1,-
6098,rolny,1,CAB
6099,asta,1,-
6100,nafaszerowanie,1,AEBAA
6101,nabyć,1,AEBAA
6102,cichy,1,CAB
6103,metamorfoza,1,ADAAA
6104,pijać,1,BDA
6105,grywać,1,BDA
6106,warcraft,1,-
6107,orka,1,ADAB
6108,przecierać,1,BDA
6109,zdumienie,1,AEBAA
6110,zwyczajny,1,CAB
6111,niezbyt,1,FC
6112,rozmowny,1,CAB
6113,wkraczać,1,BDA
6114,zastąpić,1,BBCA
6115,neutralność,1,ADCCA
6116,fakultatywny,1,CAB
6117,począć,1,BAFCB
6118,rozporządzenie,1,AEBAA
6119,realizować,1,BAAA
6120,teoretyczny,1,CAB
6121,wpływanie,1,AEBAA
6122,załatwianie,1,AEBAA
6123,mechanizm,1,ACAAAAA
6124,równoważny,1,CAB
6125,musicalowy,1,CAB
6126,rapować,1,-
6127,widzki,1,-
6128,szyngiery,1,-
6129,webbera,1,-
6130,mikosza,1,-
6131,gdański,1,CBA
6132,szekspirowskim,1,-
6133,wyprzedać,1,BDC
6134,afisz,1,ACACBC
6135,zagościć,1,BBCA
6136,repertuar,1,ACAAAAA
6137,fryderyk,1,-
6138,nakład,1,ACAAAAA
6139,universal,1,-
6140,music,1,-
6141,bisza,1,-
6142,zatem,1,GBBAB
6143,atmosfera,1,ADAAA
6144,podkręcać,1,BDA
6145,zimowlę,1,-
6146,dominiki,1,-
6147,słowik,1,ABAC
6148,smok,1,ABAC
6149,adaptacja,1,ADACBAA
6150,gatsby,1,-
6151,francisa,1,-
6152,scotta,1,-
6153,fitzgeralda,1,-
6154,michała,1,-
6155,najciekawszy,1,CAB
6156,raperów,1,-
6157,tekściarzy,1,-
6158,antygonie,1,-
6159,duet,1,ACAAAAA
6160,rapowanym,1,-
6161,pomost,1,ACAAAAA
6162,antyczny,1,CAB
6163,żyjący,1,BAFB
6164,bohaterstwo,1,AEAAAB
6165,zagubienie,1,AEBAA
6166,bratobójczy,1,CAA
6167,niesprawny,1,CAB
6168,odbudować,1,BAAA
6169,kreować,1,BAAA
6170,miecz,1,ACACBBA
6171,pojednanie,1,AEBAA
6172,rozliczać,1,BDA
6173,kazana,1,-
6174,ast,1,-
6175,kościelniak,1,-
6176,dominika,1,-
6177,kozłowska,1,-
6178,anna,1,-
6179,tomaszewska,1,-
6180,dolatowski,1,-
6181,maciej,1,-
6182,jackowski,1,-
6183,łukawski,1,-
6184,malchar,1,-
6185,sławomir,1,-
6186,rokita,1,ADAAA
6187,dominik,1,-
6188,stroka,1,-
6189,zięba,1,ADAAA
6190,wanda,1,-
6191,skorny,1,-
6192,kubasiewicz,1,-
6193,michałem,1,-
6194,scenografia,1,ADACBAA
6195,kostium,1,ACAAAAA
6196,opracować,1,BAAA
6197,mirek,1,-
6198,kaczmarek,1,-
6199,choreografia,1,ADACBAA
6200,maćko,1,-
6201,Prusak,1,AAACBA
6202,natan,1,-
6203,zuzanna,1,-
6204,skolias,1,-
6205,pakuła,1,-
6206,szkic,1,ACACACB
6207,oliwia,1,-
6208,kuc,1,ABAAAB
6209,inspicjent,1,AAADAA
6210,bartłomiej,1,-
6211,oskarbski,1,-
6212,rajski,1,CBA
6213,teatrwkrakowie,1,-
6214,podłożenie,1,AEBAA
6215,sveinung,1,-
6216,sponheim,1,-
6217,małomówny,1,CAB
6218,neurotyczny,1,CAB
6219,nasycić,1,BBCA
6220,antymuzułmańską,1,-
6221,ksenofobicznych,1,-
6222,holandii,1,-
6223,mcveigha,1,-
6224,pedantycznie,1,FB
6225,zamówienie,1,AEBAA
6226,rugera,1,-
6227,jeleni,1,CBB
6228,kusić,1,BBCA
6229,multikulturowych,1,-
6230,mniemanie,1,AEBAA
6231,osłabiać,1,BDA
6232,nina,1,-
6233,witoszek,1,-
6234,kulturoznawca,1,AABCBB
6235,wykładający,1,BDA
6236,rozstrzelać,1,BDA
6237,hitlerjugend,1,-
6238,pogardliwie,1,FB
6239,stoltenbergjugend,1,-
6240,potonąć,1,BAEAB
6241,86,1,-
6242,namiot,1,ACAAAAA
6243,wyszukiwać,1,BAAC
6244,zjawić się,1,-
6245,spóźniony,1,BBCB
6246,spóźnienie,1,AEBAA
6247,pojedynka,1,ADAB
6248,uczestniczący,1,CAA
6249,sonja,1,-
6250,zdruzgotany,1,BAAFA
6251,fotoreporter,1,AAACAAAB
6252,pozdrowić,1,BBCA
6253,niedoszły,1,CAB
6254,kieszeń,1,ADCAAA
6255,wsiąść,1,BAFCAA
6256,lipcowy,1,CAB
6257,dopuszczający,1,BDA
6258,etniczności,1,-
6259,obalenie,1,AEBAA
6260,zastąpienie,1,AEBAA
6261,kilkusetstronicowy,1,CAB
6262,panująca,1,ADACCBA
6263,popełniony,1,BBCA
6264,poniżać,1,BDA
6265,czterostronicowy,1,-
6266,niehumanitarne,1,-
6267,umożliwienie,1,AEBAA
6268,geira,1,-
6269,lippestadta,1,-
6270,zakłopotany,1,BAAFA
6271,oznaka,1,ADAB
6272,zasłynąć,1,BAEAB
6273,2002,1,-
6274,wiezienie,1,AEBAA
6275,benjamina,1,-
6276,hermansena,1,-
6277,helen,1,-
6278,andenaes,1,-
6279,sekulic,1,-
6280,obligować,1,BAAA
6281,niezapowiedzianych,1,-
6282,niesłusznie,1,FB
6283,wnoszenie,1,AEBAA
6284,zaskarżenie,1,AEBAA
6285,uprawomocnienie,1,AEBAA
6286,marcowy,1,CAB
6287,rozstrzelanie,1,AEBAA
6288,wykonywanie,1,AEBAA
6289,telefoniczny,1,CAB
6290,podłączenie,1,AEBAA
6291,nadanie,1,AEBAA
6292,matrymonialny,1,CAB
6293,zawarcie,1,AEBAA
6294,małżeński,1,CBA
6295,podawanie,1,AEBAA
6296,niesmaczny,1,CAB
6297,mikrofalówki,1,-
6298,wynoszący,1,BBCA
6299,330,1,-
6300,maskara,1,-
6301,powiększenie,1,AEBAA
6302,erasmus,1,-
6303,obszar,1,ACAAAAA
6304,integracja,1,ADACBAA
6305,cypru,1,-
6306,uwzględnienie,1,AEBAA
6307,odpady,1,AGAB
6308,surowszy,1,CAB
6309,dziedzina,1,ADAAA
6310,czystszy,1,CAB
6311,objęty,1,BAFCB
6312,malty,1,-
6313,słowacka,1,-
6314,rozszerzenie,1,AEBAA
6315,hiszpański,1,ACD
6316,eksport,1,ACAAAAA
6317,włosek,1,ACABBA
6318,zacieśnić,1,BBCB
6319,litwą,1,-
6320,szwecją,1,-
6321,dwudziestolecie,1,AEBAC
6322,przepływ,1,ACAAAAA
6323,przystojniak,1,AAACBA
6324,żenić,1,BBCA
6325,angielsku,1,-
6326,emerytowany,1,CAB
6327,davida,1,-
6328,teheranie,1,-
6329,oecd,1,-
6330,wenche,1,-
6331,rozwieść,1,BAFCAA
6332,ożenić,1,BBCA
6333,bezskutecznie,1,FB
6334,nieobecność,1,ADCCA
6335,uprzywilejowany,1,BAAA
6336,macocha,1,ADAAA
6337,tove,1,-
6338,ideologiczno,1,-
6339,wywód,1,ACAAAAA
6340,pogrupować,1,BAAA
6341,obyczajowy,1,CAB
6342,kosztowny,1,CAB
6343,weneryczny,1,CAB
6344,likwidacja,1,ADACBAA
6345,odzwierciedlać,1,BDA
6346,szczycić się,1,-
6347,czołowy,1,CAB
6348,grafficiarzy,1,-
6349,pokrywający,1,BDA
6350,przyjaźnie,1,FB
6351,pakistańskiego,1,-
6352,zintegrować,1,BAAA
6353,świadomie,1,FB
6354,chrzestna,1,ADACCBA
6355,uchodźczyni,1,-
6356,chile,1,-
6357,okraść,1,BAFAAAA
6358,hopowym,1,-
6359,zainteresować,1,BAAA
6360,ćpać,1,BDA
6361,ekonomia,1,ADACBAA
6362,zarządzanie,1,AEBAA
6363,towarzyski,1,CBA
6364,przelotny,1,CAB
6365,zapobiegliwość,1,ADCCA
6366,brytyjskich,1,-
6367,donieść,1,BAFCAA
6368,plastyczny,1,CAB
6369,przebudzenie,1,AEBAA
6370,serbii,1,-
6371,wypędzenie,1,AEBAA
6372,albańczyków,1,-
6373,kosowa,1,-
6374,kandydować,1,BAAA
6375,umiarkowany,1,CAB
6376,hollywoodzki,1,-
6377,richarda,1,-
6378,linklatera,1,-
6379,transparent,1,ACAAAAA
6380,glena,1,-
6381,tytułowy,1,CAB
6382,szelmowsko,1,FC
6383,ściskać,1,BDA
6384,pozować,1,BAAA
6385,fotka,1,ADAB
6386,rozpromienić,1,BBCA
6387,zasilić,1,BBCA
6388,chutsky,1,-
6389,Tatar,1,AAACAAAB
6390,cyndy,1,-
6391,powellowie,1,-
6392,zadrwili,1,-
6393,podbić,1,AEBAA
6394,postawny,1,CAB
6395,szczęka,1,ADAB
6396,timotheé,1,-
6397,chalameta,1,-
6398,antagonista,1,AABDAA
6399,udowodnić,1,BBCB
6400,futbolowy,1,CAB
6401,siódemka,1,ADAB
6402,ryzykowny,1,CAB
6403,wujek,1,AAAAB
6404,nastoletni,1,CBB
6405,opona,1,ADAAA
6406,traktor,1,ACAABAA
6407,ujarzmiać,1,BDA
6408,gq,1,-
6409,strzelnica,1,ADACABB
6410,wystawiać,1,BDA
6411,rozstawać się,1,-
6412,denzela,1,-
6413,washingtona,1,-
6414,perfekcyjnie,1,-
6415,elegancko,1,FA
6416,harvardu,1,-
6417,edowi,1,-
6418,richard,1,-
6419,gere,1,-
6420,powellem,1,-
6421,mylny,1,CAB
6422,młodzieniec,1,AAACAAAA
6423,angeles,1,-
6424,castingi,1,-
6425,wiotki,1,CBA
6426,blady,1,CAB
6427,wielkooki,1,CBA
6428,zbudowany,1,BAAA
6429,opalony,1,BBCA
6430,wyświetlać,1,BDA
6431,iron,1,ACAAAAA
6432,mana,1,-
6433,wygodny,1,CAB
6434,garaż,1,ACACAB
6435,zaprzyjaźniony,1,BBCA
6436,nadsyłany,1,BDA
6437,desperacja,1,ADACBAA
6438,sylvestra,1,-
6439,kompletować,1,BAAA
6440,obsada,1,ADAAA
6441,niezniszczalny,1,CAB
6442,głupi,1,CBB
6443,najemnik,1,AAACBA
6444,składający,1,BDA
6445,arnold,1,-
6446,schwarzenegger,1,-
6447,harrison,1,-
6448,ford,1,ABABAAA
6449,dolph,1,-
6450,lundgren,1,-
6451,jet,1,-
6452,li,1,-
6453,statham,1,-
6454,teksańczykiem,1,-
6455,ryan,1,-
6456,murphy,1,-
6457,obsadzać,1,BDA
6458,krzyk,1,ACABA
6459,jama,1,ADAAA
6460,lee,1,-
6461,curtis,1,-
6462,drgnąć,1,BAEAA
6463,astronauta,1,AABDAA
6464,glenna,1,-
6465,nominowanym,1,-
6466,oscara,1,-
6467,ukryty,1,BAFB
6468,swatać,1,BDA
6469,próbny,1,CAB
6470,startować,1,BAAA
6471,roostera,1,-
6472,goose,1,-
6473,mavericka,1,-
6474,pragnąć,1,BAEAAD
6475,butler,1,-
6476,miles,1,-
6477,nicholas,1,-
6478,hoult,1,-
6479,załamać,1,BAAFA
6480,joseph,1,-
6481,kosinski,1,-
6482,postprodukcji,1,-
6483,godzić,1,BBCA
6484,streamingowych,1,-
6485,richardem,1,-
6486,linklaterem,1,-
6487,wykładowca,1,AABCBB
6488,łapać,1,BAAFA
6489,prześmiewcze,1,-
6490,topnieć,1,BAD
6491,oszczędności,1,AGBC
6492,przebojem,1,FC
6493,logo,1,-
6494,jon,1,ACAAAAA
6495,hamm,1,-
6496,opalenizna,1,ADAAA
6497,muskulatura,1,ADAAA
6498,niegrzeczny,1,CAB
6499,sydney,1,-
6500,niespodzianka,1,ADAB
6501,zakochiwać się,1,-
6502,marnie,1,FB
6503,poczta,1,ADAAA
6504,pantoflowy,1,CAB
6505,plotkować,1,BAAA
6506,monolog,1,ACABA
6507,zasiany,1,BAFBD
6508,entuzjastyczny,1,CAB
6509,wenecji,1,-
6510,wyświetlanie,1,AEBAA
6511,netflix,1,-
6512,ugruntować,1,BAAA
6513,przebranie,1,AEBAA
6514,żałosny,1,CAB
6515,twisters,1,-
6516,zrobiony,1,BBCA
6517,rozmach,1,ACAAAB
6518,katastroficzny,1,CAB
6519,łowca,1,AABCBB
6520,południowiec,1,AAACBA
6521,kowbojski,1,CBA
6522,kapelusz,1,ACACBBA
6523,poklask,1,ACABA
6524,fajerwerk,1,ACABA
6525,wyważyć,1,BCCA
6526,teksańczyk,1,-
6527,mcconaughey,1,-
6528,matrix,1,-
6529,podłączać,1,BDA
6530,akwarium,1,AED
6531,rybka,1,ADAB
6532,pływać,1,BDA
6533,kółko,1,AEAAAA
6534,wystawiony,1,BBCA
6535,konkurować,1,BAAA
6536,brisket,1,-
6537,obserwator,1,AAACAAAB
6538,weterynarz,1,AAABD
6539,uciekinier,1,AAACAAAB
6540,powieść,1,ADCCA
6541,stephena,1,-
6542,kinga,1,-
6543,schwarzeneggerem,1,-
6544,edgara,1,-
6545,wrighta,1,-
6546,komediowy,1,CAB
6547,chad,1,-
6548,powers,1,-
6549,zdyskredytowany,1,BAAA
6550,huntington,1,-
6551,fantasy,1,-
6552,ghostwriter,1,-
6553,abrams,1,-
6554,idol,1,AAABCA
6555,tom,1,ACAAAAA
6556,magia,1,ADACBAA
6557,przyciągnąć,1,BAEAA
6558,dopasowywanie,1,AEBAA
6559,nieautentyczny,1,CAB
6560,rozdawać,1,BAAE
6561,mr,1,-
6562,niemęski,1,CBA
6563,kumpel,1,AAABCA
6564,piwo,1,AEAAAB
6565,sauna,1,ADAAA
6566,istotnie,1,FB
6567,jasona,1,-
6568,park,1,ACABA
6569,jurajski,1,CBA
6570,kowboj,1,AAABAB
6571,westchnienie,1,AEBAA
6572,twoje,1,EDAB
6573,piesek,1,ABAC
6574,pacha,1,ADAAA
6575,determinacja,1,ADACBAA
6576,podziw,1,ACAAAAA
6577,niechęć,1,ADCCA
6578,oldskulowym,1,-
6579,rozbłysnąć,1,BAEAA
6580,mocniej,1,FC
6581,jarosławem,1,-
6582,chlebdą,1,-
6583,dna,1,ADAAA
6584,szlak,1,ACABA
6585,dwanaście,1,DBCA
6586,czternaście,1,DBCA
6587,wszędzie,1,GBABB
6588,podpisywać,1,BAAB
6589,niepołomic,1,-
6590,przejmować,1,BAAA
6591,wypijać,1,BDA
6592,głupio,1,FA
6593,espresso,1,-
6594,gdybym,1,-
6595,wypić,1,AEBAA
6596,niebezpiecznie,1,FB
6597,posprowadzali,1,-
6598,szeregowiec,1,AAACBA
6599,tańszy,1,CAB
6600,nastawienie,1,AEBAA
6601,tradycyjnie,1,FB
6602,wręczany,1,BDA
6603,umowny,1,CAB
6604,wkładać,1,BDA
6605,gotówka,1,ADAB
6606,upierać się,1,-
6607,negocjować,1,BAAA
6608,całoroczny,1,CAB
6609,posługę,1,-
6610,libiąża,1,-
6611,synek,1,AAAAB
6612,gnębiony,1,BBCA
6613,naoglądał,1,-
6614,odnowiony,1,BBCA
6615,schodowy,1,CAB
6616,marmur,1,ACAAAAA
6617,apartament,1,ACAAAAA
6618,turysta,1,AABDAA
6619,skromniejszy,1,CAB
6620,błoto,1,AEAAAB
6621,oficyna,1,ADAAA
6622,xxi,1,-
6623,wieczny,1,CAB
6624,urządzić,1,BBCA
6625,hostel,1,-
6626,wyjmować,1,BAAA
6627,bezradność,1,ADCCA
6628,kolędowanie,1,AEBAA
6629,przysiółek,1,ACABBA
6630,dosłownie,1,FB
6631,niepołomickiej,1,-
6632,rozplanować,1,BAAA
6633,religijnie,1,FB
6634,praktykować,1,BAAA
6635,podpowiadać,1,BDA
6636,chlebdzie,1,-
6637,podstolic,1,-
6638,święcenia,1,AGDAA
6639,kapłański,1,CBA
6640,franciszka,1,-
6641,macharskiego,1,-
6642,wawelskiej,1,-
6643,hurtownia,1,ADACBAA
6644,odczynnik,1,ACABBA
6645,177,1,-
6646,przyrząd,1,ACAAAAA
6647,radioaktywny,1,CAB
6648,emitujący,1,BAAA
6649,jonizujący,1,BAAA
6650,mienie,1,AEBAA
6651,norsk,1,-
6652,freakforum,1,-
6653,pyroforum,1,-
6654,włączać,1,BDA
6655,pyro,1,-
6656,prat,1,-
6657,podpisujący,1,CAA
6658,pyromaniac,1,-
6659,zachwalać,1,BDA
6660,tani,1,CBB
6661,ostrożność,1,ADCCA
6662,przesyłka,1,ADAB
6663,samolot,1,ACAAAAA
6664,niemożliwy,1,CAB
6665,uznawany,1,BAAE
6666,dowieźć,1,BAFCAA
6667,gram,1,BDA
6668,płk,1,-
6669,dementować,1,BAAA
6670,pogłoska,1,ADAB
6671,zamawiać,1,BDA
6672,kamuflować,1,BAAA
6673,marginalny,1,CAB
6674,wskazujący,1,CAA
6675,przestraszony,1,CAB
6676,chcący,1,AAEB
6677,pobawić,1,BBCA
6678,ubezpieczeniowy,1,CAB
6679,spokrewnić się,1,-
6680,łukaszem,1,-
6681,kontaktowy,1,CAB
6682,nieporozumienie,1,AEBAA
6683,rusznica,1,ADACABB
6684,przeciwpancerny,1,CAB
6685,praga,1,-
6686,tranzytowy,1,CAB
6687,taksówkarz,1,AAABD
6688,nerw,1,ACAAAAA
6689,przebrany,1,BAAFA
6690,zdystansować,1,BAAA
6691,vaclav,1,-
6692,klaus,1,-
6693,sympatia,1,ADACBAA
6694,wschodni,1,CBB
6695,diabelski,1,CBA
6696,imperium,1,AED
6697,czechosłowacji,1,-
6698,wygnany,1,BDA
6699,sudeccy,1,-
6700,naśladować,1,BAAA
6701,odniesienie,1,AEBAA
6702,st,1,-
6703,sopran,1,ACAAAAA
6704,alt,1,ACAAAAA
6705,tenor,1,AAACAAAB
6706,bas,1,AAACAAAB
6707,menadżera,1,-
6708,amatorski,1,CBA
6709,beata,1,-
6710,koordynatorka,1,-
6711,dziewiętnastoosobowy,1,-
6712,zabrzmieć,1,BBBB
6713,niesamowity,1,CAB
6714,skupienie,1,AEBAA
6715,wpatrywać się,1,-
6716,stojący,1,BBD
6717,niżej,1,FC
6718,ćwiczyć,1,BCCA
6719,nieznajomy,1,AAEC
6720,dołączyć,1,BCCA
6721,zabrzmiały,1,CAB
6722,wyczuwać,1,BDA
6723,konsternacja,1,ADACBAA
6724,niedowierzanie,1,AEBAA
6725,wybrzmiał,1,-
6726,śpiewany,1,BDA
6727,poderwać,1,BAAFB
6728,owacja,1,ADACBAA
6729,stojąco,1,FC
6730,doceniony,1,BBCA
6731,kurzyna,1,-
6732,zarzecka,1,-
6733,białymstoku,1,-
6734,wspaniale,1,FB
6735,szałkiewicz,1,-
6736,rewelacyjny,1,CAB
6737,gratulować,1,BAAA
6738,smoleński,1,-
6739,sprzyjający,1,BDA
6740,wielokulturowej,1,-
6741,fundamentalista,1,-
6742,nadciągać,1,BDA
6743,przewidzieć,1,BBBA
6744,opisywanie,1,AEBAA
6745,symptom,1,ACAAAAA
6746,istota,1,ADAAA
6747,zlepek,1,ACABA
6748,dostosowanie,1,AEBAA
6749,asymilacyjny,1,CAB
6750,jedność,1,ADCCA
6751,wynalazek,1,ACABA
6752,wyrosły,1,CAB
6753,przybyły,1,BEB
6754,idący,1,CAA
6755,kakofonia,1,ADACBAA
6756,mitologia,1,ADACBAA
6757,wiking,1,AAAAB
6758,mason,1,AAADAA
6759,powołanie,1,AEBAA
6760,walczący,1,CAA
6761,niezrównoważony,1,CAB
6762,odklejać,1,BDA
6763,grupka,1,ADAB
6764,kupa,1,ADAAA
6765,inteligentny,1,CAB
6766,ubzdurać,1,BDA
6767,islamistyczny,1,CAB
6768,samobójca,1,AABCBB
6769,pokiereszowany,1,BAAA
6770,wyrastać,1,BDA
6771,urlike,1,-
6772,zmysł,1,ACAAAAA
6773,podkładanie,1,AEBAA
6774,supermarketach,1,-
6775,porywanie,1,AEBAA
6776,mordowanie,1,AEBAA
6777,przemysłowiec,1,AAACBA
6778,peryferyjny,1,CAB
6779,przyjazny,1,CAB
6780,bezproblemowy,1,CAB
6781,multikulturalizm,1,-
6782,teoretyk,1,AAACBA
6783,liberał,1,AAAAAA
6784,pięknoduch,1,AAACBA
6785,feudalizm,1,ACAAAAA
6786,nierówność,1,ADCCA
6787,emigracja,1,ADACBAA
6788,demografia,1,ADACBAA
6789,starzeć się,1,-
6790,schizofreniczny,1,CAB
6791,dostatek,1,ACABA
6792,islamizm,1,-
6793,islamizmem,1,-
6794,asymilacja,1,ADACBAA
6795,urągać,1,BDA
6796,polakom,1,-
6797,czechom,1,-
6798,rozpoznać,1,BDA
6799,algierii,1,-
6800,turcji,1,-
6801,wykorzenić,1,BBCA
6802,wpływowy,1,CAB
6803,niemodny,1,CAB
6804,świt,1,ACAAAAA
6805,ksenofob,1,AAADAA
6806,imigranckie,1,-
6807,osiedlać,1,BDA
6808,siak,1,-
6809,przywlec,1,BAFCAB
6810,homogeniczność,1,ADCCA
6811,racjonalnie,1,FB
6812,myć,1,AEBAA
6813,wymyślać,1,BDA
6814,skomplikować,1,BAAA
6815,mniejszościowy,1,CAB
6816,wielożeństwo,1,AEAAAB
6817,obrzezanie,1,AEBAA
6818,tolerować,1,BAAA
6819,podglebie,1,-
6820,asymilować,1,BAAA
6821,specyfik,1,ACABA
6822,prawidła,1,-
6823,specyfika,1,ADAB
6824,danii,1,-
6825,mówienie,1,AEBAA
6826,zadekretowanie,1,-
6827,wyprostować,1,BAAA
6828,wielokulturową,1,-
6829,byśmy,1,-
6830,ustawodawstwo,1,AEAAAB
6831,duńskiej,1,-
6832,ludowy,1,CAB
6833,nicolas,1,-
6834,sarkozy,1,-
6835,antyromskie,1,-
6836,heca,1,ADACABB
6837,zakamuflowany,1,BAAA
6838,nawoływanie,1,AEBAA
6839,niesmak,1,ACABA
6840,populizm,1,-
6841,pozyskiwanie,1,AEBAA
6842,integrować,1,BAAA
6843,socjalistyczny,1,CAB
6844,komunista,1,AABDAA
6845,grubszy,1,CAB
6846,pokrzywdzony,1,BBCA
6847,zagrożony,1,BBCA
6848,zamieszki,1,AGBA
6849,arabski,1,CBA
6850,podparyskich,1,-
6851,blokowiskach,1,-
6852,rewanż,1,ACACACB
6853,kilogram,1,ACAABAA
6854,przypadkowy,1,CAB
6855,kliniczny,1,CAB
6856,bezsporny,1,CAB
6857,fachowiec,1,AAACBA
6858,wypracowywać,1,BAAB
6859,zagubić,1,BBCA
6860,ufność,1,ADCCA
6861,taktyka,1,AAACBA
6862,meta,1,ADAAA
6863,niszczyć,1,BCCA
6864,maszyna,1,ADAAA
6865,islamizmu,1,-
6866,rozszerzyć,1,BCCA
6867,ufny,1,CAB
6868,nonszalancki,1,CBA
6869,irlandzkiej,1,-
6870,republikański,1,CBA
6871,pubie,1,-
6872,wagonik,1,ACABBA
6873,tabliczka,1,ADAB
6874,napis,1,ACAAAAA
6875,pakunek,1,ACABA
6876,siedzenie,1,AEBAA
6877,rozłożony,1,CAB
6878,cień,1,BBCA
6879,izraelskie,1,-
6880,standard,1,ACAAAAA
6881,torebka,1,ADAB
6882,koegzystować,1,BAAA
6883,zawiesić,1,BBCA
6884,padać,1,BDA
6885,skutkować,1,BAAA
6886,bezpieczniejszy,1,CAB
6887,drobiazgowy,1,CAB
6888,wyrywkowy,1,CAB
6889,lądowy,1,CAB
6890,zrzeszanie,1,AEBAA
6891,zaszokowany,1,BAAA
6892,sztywny,1,CAB
6893,dawno,1,FA
6894,trade,1,-
6895,miękkość,1,ADCCA
6896,udaremnić,1,BBCB
6897,ograniczanie,1,AEBAA
6898,przemiana,1,ADAAA
6899,perspektywa,1,ADAAA
6900,wahnięcie,1,AEBAA
6901,alert,1,ACAAAAA
6902,ur,1,-
6903,1947,1,-
6904,niemiecko,1,-
6905,żydowski,1,CBA
6906,bundeswehry,1,-
6907,monachium,1,-
6908,ścinać,1,BDA
6909,choinka,1,ADAB
6910,dojrzeć,1,BAD
6911,ustawiany,1,BDA
6912,nieustawiane,1,-
6913,ściąć,1,BAFCB
6914,wnieść,1,BAFCAA
6915,przesłanie,1,AEBAA
6916,grzegorza,1,-
6917,podium,1,AED
6918,zajączkowskiej,1,-
6919,hernik,1,-
6920,bogdana,1,-
6921,rymanowskiego,1,-
6922,zachęcający,1,BDA
6923,polexitu,1,-
6924,społecznościowe,1,-
6925,analizujący,1,BAAA
6926,ubiec,1,BAFAAB
6927,reprezentant,1,AAADAA
6928,analityk,1,AAACBA
6929,mentzen,1,-
6930,indywidualnie,1,FB
6931,bezkonkurencyjnie,1,FB
6932,zdominowania,1,-
6933,tiktoka,1,-
6934,pula,1,ADACBABA
6935,ekosystem,1,ACAAAAA
6936,ranking,1,-
6937,oglądany,1,BDA
6938,246,1,-
6939,231,1,-
6940,jaszczur,1,ABABAAA
6941,ludwiczek,1,-
6942,159,1,-
6943,597,1,-
6944,81,1,-
6945,621,1,-
6946,736,1,-
6947,kontra,1,ADAAA
6948,bartosiak,1,-
6949,bosak,1,ACABBA
6950,433,1,-
6951,897,1,-
6952,sylwester,1,ABABAAA
6953,356,1,-
6954,466,1,-
6955,bąkiewicz,1,-
6956,karać,1,BAAFA
6957,353,1,-
6958,386,1,-
6959,344,1,-
6960,wenezuelę,1,-
6961,wywieźć,1,BAFCAA
6962,377,1,-
6963,337,1,-
6964,olszański,1,-
6965,jaruzelska,1,-
6966,329,1,-
6967,636,1,-
6968,przekąsem,1,-
6969,stanowskiego,1,-
6970,przybywać,1,BDA
6971,wiec,1,ACACACB
6972,ubrany,1,BAAFA
6973,udostępniany,1,BDA
6974,patriotyzm,1,ACAAAAA
6975,normalność,1,ADCCA
6976,eurokołchozu,1,-
6977,bruksela,1,-
6978,płacz,1,ACACACB
6979,rozlany,1,BAFBD
6980,mleko,1,AEAAAA
6981,zezwalać,1,BDA
6982,rozpowszechnianie,1,AEBAA
6983,wyrządzać,1,BDA
6984,wprowadzający,1,BDA
6985,skopiowany,1,BAAA
6986,smycz,1,ADCAB
6987,gęba,1,ADAAA
6988,białoruś,1,-
6989,prawilnymi,1,-
6990,kontakt24,1,-
6991,akcjaz,1,-
6992,precyzyjnie,1,FB
6993,anglojęzycznego,1,-
6994,obserwujący,1,BAAA
6995,ominięcie,1,AEBAA
6996,blokada,1,ADAAA
6997,rozkręcony,1,BBCA
6998,kontrowersyjny,1,CAB
6999,zdwojony,1,BBCA
7000,wygenerować,1,-
7001,dotarcie,1,AEBAA
7002,gawkowski,1,-
7003,wpisanie,1,AEBAA
7004,eurokołchoz,1,-
7005,wygenerowało,1,-
7006,polubienie,1,AEBAA
7007,prowokacyjny,1,CAB
7008,owsiak,1,-
7009,owsiaka,1,-
7010,lęborku,1,-
7011,kant,1,ACAAAAA
7012,bankructwo,1,AEAAAB
7013,wywłaszczenie,1,AEBAA
7014,polexitem,1,-
7015,roić,1,BBCA
7016,wygenerowanych,1,-
7017,realnie,1,FB
7018,komentujący,1,BAAA
7019,podłapać,1,BAAFA
7020,parioduje,1,-
7021,tiktokowy,1,-
7022,hej,1,GAB
7023,kiełbasa,1,ADAAA
7024,niemców,1,-
7025,wygenerowany,1,-
7026,portugalii,1,-
7027,piłkarz,1,AAABD
7028,osiedlić,1,BBCA
7029,portugalskiej,1,-
7030,zamieszkanie,1,AEBAA
7031,posiadłości,1,AGBC
7032,rodríguez,1,-
7033,najgorętszy,1,CAB
7034,butików,1,-
7035,modowych,1,-
7036,madrycie,1,-
7037,oświadczyny,1,AGAAA
7038,zakochany,1,BDA
7039,kobierzec,1,ACACBC
7040,quinta,1,-
7041,marinha,1,-
7042,lizbony,1,-
7043,rezydencja,1,ADACBAA
7044,posiadłość,1,ADCCA
7045,piłkarski,1,CBA
7046,portugalski,1,-
7047,fama,1,ADAAA
7048,luksusowy,1,CAB
7049,rezygnacja,1,ADACBAA
7050,działka,1,ADAB
7051,oitavos,1,-
7052,transakcja,1,ADACBAA
7053,napotykać,1,BDA
7054,zaprojektować,1,BAAA
7055,architekt,1,AAADAA
7056,vitora,1,-
7057,vitorino,1,-
7058,kurz,1,ACACACB
7059,faraon,1,AAAAAA
7060,piramida,1,ADAAA
7061,portugalskim,1,-
7062,agnieszką,1,-
7063,pilip,1,-
7064,intuicja,1,ADACBAA
7065,inkluzywność,1,-
7066,żebyśmy,1,-
7067,twórczy,1,CAA
7068,pchać,1,BDA
7069,przemek,1,-
7070,kossakowski,1,-
7071,zagadać,1,BDA
7072,odwrotnie,1,FC
7073,ekscytacja,1,ADACBAA
7074,idiots,1,-
7075,zaskoczenie,1,AEBAA
7076,uśmiechnąć się,1,-
7077,bezwzględny,1,CAB
7078,zastanawianie się,1,-
7079,zwodniczy,1,CAA
7080,wnosić,1,BBCA
7081,łucznik,1,AAACBA
7082,ukąszenie,1,AEBAA
7083,kompan,1,AAADAA
7084,konstytuować,1,BAAA
7085,współczesność,1,ADCCA
7086,powodować,1,BAAA
7087,czynić,1,BBCA
7088,inspirowany,1,BAAA
7089,przetrwanie,1,AEBAA
7090,nieunikniony,1,CAB
7091,wypowiedź,1,ADCCA
7092,niedosłownym,1,-
7093,przymierzać,1,BDA
7094,parafrazować,1,BAAA
7095,filoktetem,1,-
7096,traf,1,ACAAAAA
7097,mieścić,1,BBCA
7098,filoktecie,1,-
7099,fetyszyzować,1,BAAA
7100,fajnie,1,FB
7101,demonizować,1,BAAA
7102,ciekawić,1,BBCA
7103,kąsać,1,BDA
7104,boleśnie,1,FB
7105,założycielka,1,ADAB
7106,zarazić,1,BBCA
7107,zaobserwować,1,BAAA
7108,uwidaczniać,1,BDA
7109,humor,1,ACAAAAA
7110,warsztatowy,1,CAB
7111,przytulić,1,BBCA
7112,powitanie,1,AEBAA
7113,uściskać,1,BDA
7114,runda,1,ADAAA
7115,herbata,1,ADAAA
7116,poczuć,1,AEBAA
7117,porozumieć się,1,-
7118,koleżeński,1,CBA
7119,bezpośredniość,1,ADCCA
7120,onieśmielać,1,BDA
7121,definiować,1,BAAA
7122,wyzwalający,1,BDA
7123,treściwy,1,CAB
7124,komunikatywny,1,CAB
7125,przejrzenie,1,AEBAA
7126,taryfa,1,ADAAA
7127,ulgowy,1,CAB
7128,podpowiedzieć,1,BDC
7129,reżyserka,1,ADAB
7130,wielgus,1,-
7131,empatyczni,1,-
7132,ktokolwiek,1,EFE
7133,wyczuć,1,AEBAA
7134,dziwnie,1,FB
7135,pobłażliwość,1,ADCCA
7136,improwizować,1,BAAA
7137,improwizacja,1,ADACBAA
7138,niepoprawnie,1,FB
7139,nieprzewidywalne,1,-
7140,siadać,1,BDA
7141,nieznane,1,AEBBB
7142,niepostrzeżenie,1,FC
7143,rozwój,1,ACACACB
7144,filokteją,1,-
7145,serialowa,1,-
7146,rozmaitość,1,ADCCA
7147,dostateczny,1,CAB
7148,graniczny,1,CAB
7149,śledzenie,1,AEBAA
7150,niezauważenie,1,AEBAA
7151,niedocenienie,1,-
7152,wykrywalny,1,CAB
7153,luka,1,ADAB
7154,skandynawskie,1,-
7155,zaangażowany,1,BAAA
7156,libii,1,-
7157,goodwin,1,-
7158,nottingham,1,-
7159,znawca,1,AABCBB
7160,pojedynczy,1,CAA
7161,umknąć,1,BAEAA
7162,zapatrzony,1,CAB
7163,poohla,1,-
7164,expo,1,-
7165,karmiący,1,CAA
7166,islamofobią,1,-
7167,przeformułowanie,1,AEBAA
7168,wzięcie,1,AEBAA
7169,niewykluczone,1,-
7170,winowajca,1,AABCBB
7171,przyłączyć,1,BCCA
7172,bezgraniczny,1,CAB
7173,nieprawdopodobny,1,CAB
7174,wiarygodność,1,ADCCA
7175,przekonujący,1,CAA
7176,czasowy,1,CAB
7177,zamykanie,1,AEBAA
7178,prezydentura,1,ADAAA
7179,george,1,-
7180,busha,1,-
7181,zrażony,1,BBCA
7182,zagadka,1,ADAB
7183,stopniowy,1,CAB
7184,erozja,1,ADACBAA
7185,wysiedlenie,1,AEBAA
7186,dyskryminacja,1,ADACBAA
7187,groźniejszy,1,CAB
7188,popołudnie,1,AEBAC
7189,00,1,-
7190,sielniejszy,1,-
7191,działaczka,1,ADAB
7192,korespondencyjnie,1,FB
7193,opuszczać,1,BDA
7194,reutera,1,-
7195,ole,1,-
7196,zaakceptowanie,1,AEBAA
7197,zagadnienie,1,AEBAA
7198,respektowanie,1,AEBAA
7199,nałożony,1,CAB
7200,nakazywać,1,BAAB
7201,wykład,1,ACAAAAA
7202,seminarium,1,AED
7203,ukrainę,1,-
7204,nieuzbrojona,1,-
7205,antena,1,ADAAA
7206,voice,1,-
7207,nv,1,-
7208,kreml,1,ACACBAA
7209,twierdzenie,1,AEBAA
7210,kyryły,1,-
7211,budanowa,1,-
7212,wystrzelony,1,BBCA
7213,powstrzymywać,1,BAAB
7214,rosję,1,-
7215,głowica,1,ADACABB
7216,anatolij,1,-
7217,chrapczyński,1,-
7218,kyiv24,1,-
7219,okupant,1,AAADAA
7220,niszczycielski,1,CBA
7221,wyrządzić,1,BBCA
7222,federacja,1,ADACBAA
7223,wołodymyr,1,-
7224,zełenski,1,-
7225,słyszalny,1,CAB
7226,kijowa,1,-
7227,lwowa,1,-
7228,dronów,1,-
7229,szczątki,1,AGBB
7230,obwód,1,ACAAAAA
7231,lwowski,1,-
7232,położony,1,CAB
7233,kwalifikować,1,BAAA
7234,zmasowany,1,BAAA
7235,nieuzbrojoną,1,-
7236,stwarzać,1,BDA
7237,celno,1,-
7238,zastrzelony,1,BBCA
7239,wpoprzek,1,-
7240,odjechać,1,BAAFA
7241,maska,1,ADAB
7242,funcjonariusz,1,-
7243,ruszenie,1,AEBAA
7244,parkować,1,BAAA
7245,axios,1,-
7246,donaldem,1,-
7247,trumpem,1,-
7248,samoobrona,1,ADAAA
7249,nieporządnie,1,FB
7250,brutalnie,1,FB
7251,społecznościowej,1,-
7252,truth,1,-
7253,social,1,-
7254,bzdura,1,ADAAA
7255,wypierdalać,1,-
7256,biran,1,-
7257,hara,1,-
7258,nieuzbrojonej,1,-
7259,masowo,1,FC
7260,niejednoznaczny,1,CAB
7261,aktywista,1,AABDAA
7262,propalestyńskie,1,-
7263,represje,1,AGCC
7264,przekraczać,1,BDA
7265,deportowany,1,BAAA
7266,kristi,1,-
7267,wczorajszy,1,CAB
7268,józefa,1,-
7269,chełmońskiego,1,-
7270,kalendarz,1,ACACBBA
7271,pękać,1,BDA
7272,szew,1,ACAAAAA
7273,summer,1,-
7274,unsound,1,-
7275,misteria,1,AGDB
7276,paschalia,1,-
7277,profanum,1,-
7278,juniors,1,-
7279,mastercard,1,-
7280,camera,1,-
7281,kinobranie,1,-
7282,literacki,1,CBA
7283,miłosza,1,-
7284,conrada,1,-
7285,patchlab,1,-
7286,robbie,1,-
7287,williamsa,1,-
7288,bryana,1,-
7289,adamsa,1,-
7290,roda,1,-
7291,stewarta,1,-
7292,marcusa,1,-
7293,millera,1,-
7294,wzruszać,1,BDA
7295,zobrazować,1,BAAA
7296,prestiż,1,ACACACB
7297,mapa,1,ADAAA
7298,włodek,1,-
7299,pendereckiego,1,-
7300,duma,1,ADAAA
7301,mirosława,1,-
7302,herbowskiego,1,-
7303,mileny,1,-
7304,kędry,1,-
7305,tauron,1,-
7306,cisza,1,ADACABB
7307,ballada,1,ADAAA
7308,przylecieć,1,BBBA
7309,hard,1,-
7310,soft,1,-
7311,fanami,1,-
7312,puszczany,1,BDA
7313,serdecznie,1,FB
7314,oczarować,1,BAAA
7315,szczerość,1,ADCCA
7316,dystans,1,ACACACA
7317,józefie,1,-
7318,chełmońskim,1,-
7319,oldze,1,-
7320,portretujący,1,BAAA
7321,majestatyczny,1,CAB
7322,przedstawiający,1,BDA
7323,bocian,1,ABABAAA
7324,chełmoński,1,-
7325,kilkuletni,1,CBB
7326,badawczo,1,FC
7327,ekspozycyjny,1,CAB
7328,125,1,-
7329,zwiedzać,1,BDA
7330,artystka,1,ADAB
7331,boznańska,1,-
7332,kameralnie,1,FB
7333,skan,1,-
7334,gulis,1,-
7335,potraktować,1,BAAA
7336,stworzenie,1,AEBAA
7337,pełnoprawny,1,CAB
7338,zwierzkańców,1,-
7339,mamut,1,ABABAAA
7340,dzik,1,AAADBA
7341,gołąb,1,ABAABA
7342,aligatorzycą,1,-
7343,wzruszający,1,BDA
7344,powstały,1,BAFABD
7345,bednarski,1,CBA
7346,spacerować,1,BAAA
7347,most,1,ACAAAAA
7348,110,1,-
7349,podmokły,1,CAB
7350,multimedialną,1,-
7351,międzymurze,1,-
7352,zbrojownia,1,ADACBAA
7353,bunkier,1,ACAABAA
7354,świętować,1,BAAA
7355,grafiozbiór,1,-
7356,migotliwy,1,CAB
7357,konfiguracja,1,ADACBAA
7358,zapachowy,1,CAB
7359,mocak,1,-
7360,janickiego,1,-
7361,dzienny,1,CAB
7362,nocny,1,CAB
7363,kolekcja,1,ADACBAA
7364,radosława,1,-
7365,kotarskiego,1,-
7366,youtubera,1,-
7367,podcastera,1,-
7368,obiecywać,1,BAAB
7369,szczegółowo,1,FA
7370,raportować,1,BAAA
7371,użyteczny,1,CAB
7372,ozdoba,1,ADAAA
7373,pozłacany,1,BDA
7374,bransoleta,1,ADAAA
7375,cyrkoniami,1,-
7376,traktowany,1,BAAA
7377,współgrający,1,BDA
7378,garsonka,1,ADAB
7379,rzucający,1,BDA
7380,dobrać,1,BAAFA
7381,proporcjonalnie,1,FB
7382,żakiet,1,ACAAAAA
7383,okrągły,1,CAB
7384,owalny,1,CAB
7385,ośmiokątny,1,CAB
7386,stonowany,1,BAAA
7387,ecru,1,-
7388,srebrno,1,FA
7389,granatowy,1,CAB
7390,grafitowy,1,CAB
7391,blanty,1,-
7392,diabeł,1,AAADAB
7393,żegnać,1,BDA
7394,concept,1,-
7395,dekoracja,1,ADACBAA
7396,pobić,1,AEBAA
7397,chorzowie,1,-
7398,małomiasteczkowy,1,CAB
7399,podwójnie,1,FC
7400,przekroczyć,1,BCCA
7401,ekwiwalent,1,ACAAAAA
7402,streamingu,1,-
7403,nagrodzony,1,BBCA
7404,egzemplarz,1,ACACBBA
7405,urodzony,1,BBCA
7406,trzydziesty,1,CAB
7407,gitarowy,1,CAB
7408,curly,1,-
7409,heads,1,-
7410,bartosza,1,-
7411,dziedzic,1,AAABAB
7412,jakubem,1,-
7413,galińskim,1,-
7414,współpracujący,1,BAAA
7415,odliczać,1,BDA
7416,czterdziesty,1,CAB
7417,odmłodzić,1,BBCA
7418,wyszaleć się,1,-
7419,nawiązujący,1,CAA
7420,electropopu,1,-
7421,dance,1,-
7422,opatrywać,1,BAAB
7423,autøyaronicznymi,1,-
7424,posmak,1,ACABA
7425,początkowy,1,CAB
7426,zachęta,1,ADAAA
7427,świrować,1,BAAA
7428,wirować,1,BAAA
7429,skandowany,1,BAAA
7430,modnie,1,FB
7431,wrs,1,-
7432,falsetowy,1,CAB
7433,everybody,1,-
7434,backstreet,1,-
7435,boys,1,-
7436,wywijać,1,BDA
7437,syntezatorowymi,1,-
7438,akord,1,ACAAAAA
7439,klawiszowy,1,CAB
7440,zagrywka,1,ADAB
7441,tazosach,1,-
7442,gadżety,1,-
7443,wzdychać,1,BDA
7444,prościej,1,FC
7445,ukochana,1,ADACCBA
7446,śmiech,1,ACAAAB
7447,rwać,1,BAAFB
7448,smsowej,1,-
7449,zaczepka,1,ADAB
7450,portretować,1,BAAA
7451,narastający,1,BDA
7452,radykalizm,1,ACAAAAA
7453,kadr,1,ACAAAAA
7454,hipokryta,1,AABDAA
7455,pottery,1,-
7456,pluć,1,AEBAA
7457,rzekomo,1,FC
7458,pościć,1,BBCA
7459,pstrąg,1,ABAC
7460,barabara,1,-
7461,wskrzeszać,1,BDA
7462,nowocześniejszy,1,CAB
7463,wyraźny,1,CAB
7464,zwrot,1,ACAAAAA
7465,jednogłośnie,1,FB
7466,oś,1,ADCAAA
7467,reddit,1,-
7468,wyróżnienie,1,AEBAA
7469,zerwanie,1,AEBAA
7470,wszechobecnym,1,-
7471,nastrojowy,1,CAB
7472,ikona,1,ADAAA
7473,tasiemka,1,ADAB
7474,bogato,1,FA
7475,zdobiony,1,BBCA
7476,satynowy,1,CAB
7477,halkowe,1,-
7478,slip,1,-
7479,dress,1,-
7480,crop,1,-
7481,wyraźnie,1,FB
7482,brokat,1,ACAAAAA
7483,glam,1,-
7484,wypierać,1,BDA
7485,quiet,1,-
7486,luxury,1,-
7487,subtelność,1,ADCCA
7488,wyrazistość,1,ADCCA
7489,dominujący,1,BAAA
7490,chłodny,1,CAB
7491,błękit,1,ACAAAAA
7492,blue,1,-
7493,makijaż,1,ACACAB
7494,wnętrze,1,AEBAA
7495,vibe,1,-
7496,młodzieńczy,1,CAA
7497,marzycielski,1,CBA
7498,glamoratti,1,-
7499,koronka,1,ADAB
7500,reinterpretacją,1,-
7501,bogatszy,1,CAB
7502,akcesorium,1,AED
7503,broszka,1,ADAB
7504,zoomersi,1,-
7505,zachwycić,1,BBCA
7506,aesthetic,1,-
7507,dyktować,1,BAAA
7508,odświeżony,1,CAB
7509,podarty,1,CAB
7510,kabaretki,1,-
7511,łączony,1,CAB
7512,designerskimi,1,-
7513,unisex,1,-
7514,autowyrazu,1,-
7515,wzmocniony,1,BBCB
7516,niepokoić,1,BBCA
7517,ukojenie,1,AEBAA
7518,eskapizm,1,ACAAAAA
7519,prostszy,1,CAB
7520,buntować,1,BAAA
7521,sterylny,1,CAB
7522,wyciszony,1,CAB
7523,pozbawiony,1,BBCA
7524,kolorowy,1,CAB
7525,portfolio,1,-
7526,elektronika,1,AAACBA
7527,wyróżniać,1,BDA
7528,tło,1,AEAAAB
7529,konkurencja,1,ADACBAA
7530,gen,1,ACAAAAA
7531,skrywać,1,BDA
7532,naprzeciw,1,GBBAA
7533,frustrować,1,BAAA
7534,rozgrywka,1,ADAB
7535,ogarnąć,1,BAEAA
7536,przetworzyć,1,BCCA
7537,nudny,1,CAB
7538,słownictwo,1,AEAAAB
7539,żargon,1,ACAAAAA
7540,niespotykanym,1,-
7541,asystent,1,AAADAA
7542,głosowy,1,CAB
7543,kraken,1,-
7544,v4,1,-
7545,pro,1,-
7546,rozwikłać,1,BDA
7547,żartobliwy,1,CAB
7548,obrażający,1,BDA
7549,wyrażenie,1,AEBAA
7550,zasilać,1,BDA
7551,gamer,1,-
7552,copilot,1,-
7553,1337,1,-
7554,unikalny,1,CAB
7555,przetwarzanie,1,AEBAA
7556,nlp,1,-
7557,przycisnąć,1,BAEAA
7558,przycisk,1,ACABA
7559,wyszukiwanie,1,AEBAA
7560,google,1,-
7561,wgląd,1,ACAAAAA
7562,niecodzienny,1,CAB
7563,bełkot,1,ACAAAAA
7564,multiplayer,1,-
7565,twoi,1,AFFC
7566,wiekowy,1,CAB
7567,diablo,1,FC
7568,innowacja,1,ADACBAA
7569,ce,1,-
7570,składanie,1,AEBAA
7571,ocalały,1,BDA
7572,zwalczać,1,BDA
7573,zaradczy,1,CAA
7574,umocnienie,1,AEBAA
7575,haralda,1,-
7576,najkrwawszy,1,-
7577,ocalony,1,BBCA
7578,pośród,1,G
7579,eide,1,-
7580,hoem,1,-
7581,ub,1,-
7582,wybitny,1,CAB
7583,zaapelować,1,BAAA
7584,uniewinniać,1,BDA
7585,relatywnie,1,FB
7586,okropny,1,CAB
7587,opiekować się,1,-
7588,papuga,1,ADAB
7589,pts,1,-
7590,łamana,1,ADACCBA
7591,tolerancyjny,1,CAB
7592,komentator,1,AAACAAAB
7593,wadim,1,-
7594,wielkonakładowym,1,-
7595,moskiewskim,1,-
7596,komsomolec,1,AAACBA
7597,przybysz,1,AAABAB
7598,zbuntować,1,BAAA
7599,sytość,1,ADCCA
7600,dowieść,1,BAFCAA
7601,materialny,1,CAB
7602,zwariować,1,BAAA
7603,wyrżnąć,1,BAEAA
7604,obowiązujący,1,CAA
7605,mięczak,1,AAADBA
7606,tchórz,1,AAABD
7607,obrzucić,1,BBCA
7608,czeczenii,1,-
7609,chłopczyk,1,AAADBA
7610,cagarajewa,1,-
7611,zbój,1,AAABAB
7612,pułk,1,ACABA
7613,moralny,1,CAB
7614,wyższość,1,ADCCA
7615,niezarażonych,1,-
7616,rosjan,1,-
7617,zniewieściały,1,CAB
7618,zamieniony,1,BBCA
7619,moskiewski,1,-
7620,ideał,1,AAACAAAB
7621,autorytet,1,ACAAAAA
7622,przestudiować,1,BAAA
7623,stronicowy,1,-
7624,rosja,1,-
7625,nabycie,1,AEBAA
7626,biologiczny,1,CAB
7627,kulturalno,1,-
7628,stworzony,1,CAB
7629,proputinowska,1,-
7630,ustroić,1,BBCA
7631,putinowskiej,1,-
7632,nieudolny,1,CAB
7633,zastąpiony,1,BBCA
7634,sprawiedliwy,1,CAB
7635,godny,1,CAB
7636,potencjalnie,1,FB
7637,kondolencyjny,1,CAB
7638,dmitrij,1,-
7639,miedwiediew,1,-
7640,savanny,1,-
7641,zamordowana,1,ADACCBA
7642,zastępczyni,1,ADBB
7643,szeryf,1,AAAAAA
7644,telefonować,1,BAAA
7645,alarmowy,1,CAB
7646,james,1,-
7647,jackson,1,-
7648,podpalić,1,BBCA
7649,dopuszczanie,1,AEBAA
7650,stalkingu,1,-
7651,przewrócić,1,BBCA
7652,prześladować,1,BAAA
7653,kontaktowanie,1,AEBAA
7654,savannę,1,-
7655,udusić,1,BBCA
7656,recydywista,1,AABDAA
7657,rządzony,1,BBCA
7658,uchwalić,1,BBCA
7659,przemocowców,1,-
7660,tama,1,ADAAA
7661,feminotece,1,-
7662,feminoteki,1,-
7663,novum,1,AEE
7664,gwałt,1,ACAAAAA
7665,molestowanie,1,AEBAA
7666,recydywa,1,ADAAA
7667,opisujący,1,CAA
7668,guardian,1,-
7669,najnowszej,1,-
7670,śmielej,1,FC
7671,popową,1,-
7672,29,1,-
7673,powstawać,1,BAAE
7674,kuby,1,-
7675,galińskiego,1,-
7676,rozwaga,1,ADAB
7677,stylistyczny,1,CAB
7678,niemalże,1,GBBBA
7679,otwierający,1,BDA
7680,pierwotnie,1,FC
7681,powtarzany,1,BDA
7682,kilkukrotnie,1,-
7683,syntezatory,1,-
7684,pobrzmiewający,1,BDA
7685,parę,1,ADAAA
7686,dyskotekowa,1,-
7687,wątpić,1,BBCA
7688,nośnie,1,-
7689,tazosy,1,-
7690,nawiązanie,1,AEBAA
7691,kolekcjonowany,1,BAAA
7692,dodawany,1,BAAE
7693,chipsów,1,-
7694,maniera,1,ADAAA
7695,zwrotka,1,ADAB
7696,fisza,1,-
7697,zaśpiewany,1,BDA
7698,falset,1,ACAAAAA
7699,wypadać,1,BDA
7700,traktujący,1,BAAA
7701,wyczekiwanie,1,AEBAA
7702,pewniak,1,AAADBA
7703,remiksu,1,-
7704,spory,1,ADAAA
7705,zadatek,1,ACABA
7706,zanurzony,1,CAB
7707,zgrabnie,1,FB
7708,śnić,1,BBCB
7709,gościnnie,1,FB
7710,shows,1,-
7711,syntezatorowy,1,-
7712,blant,1,-
7713,liryczny,1,CAB
7714,używka,1,ADAB
7715,biegun,1,ACAABAA
7716,daftpunkowy,1,-
7717,wydźwięk,1,ACABA
7718,stylistycznie,1,FB
7719,rytmika,1,ADAB
7720,udany,1,BDC
7721,mori,1,-
7722,ponury,1,CAA
7723,przejmujący,1,BAAA
7724,wsłuchać się,1,-
7725,millenium,1,-
7726,zasadzać,1,BDA
7727,podnieść,1,BAFCAA
7728,coldplayowa,1,-
7729,miłosna,1,ADACCBA
7730,najsilniejszy,1,CAB
7731,ajewniaku,1,-
7732,nosowska,1,-
7733,okołogitarowa,1,-
7734,łagodny,1,CAB
7735,płynący,1,CAA
7736,naznaczony,1,CAB
7737,tematyka,1,ADAB
7738,ulotny,1,CAB
7739,niepewien,1,CCBBA
7740,beatlesowska,1,-
7741,końcówka,1,ADAB
7742,wariacki,1,CBA
7743,przaśny,1,CAB
7744,trąba,1,ADAAA
7745,smyk,1,AAADBA
7746,obstawiać,1,BDA
7747,pewnik,1,ACABBA
7748,bis,1,ACAAAAA
7749,pop,1,AAADAA
7750,syntezatorowa,1,-
7751,ładnie,1,FB
7752,domówkach,1,-
7753,stadionowych,1,-
7754,korzystny,1,CAB
7755,andersowi,1,-
7756,zaskarżyć,1,BCCA
7757,startujący,1,BAAA
7758,załamany,1,BAAFA
7759,zjadać,1,BDA
7760,kajzerka,1,ADAB
7761,przekąska,1,ADAB
7762,spożywanie,1,AEBAA
7763,pełnoziarnistych,1,-
7764,błonnik,1,ACABBA
7765,razowy,1,CAB
7766,przemiał,1,ACAAAAA
7767,dostarczać,1,BDA
7768,witamina,1,ADAAA
7769,grypa,1,ADAAA
7770,cynk,1,ACABA
7771,magnez,1,ACAAAAA
7772,owsiany,1,CAB
7773,górski,1,CBA
7774,f,1,-
7775,pełnoziarniste,1,-
7776,wspomagać,1,BDA
7777,perystaltyka,1,ADAB
7778,jelito,1,AEAAAB
7779,niewiedza,1,ADACABB
7780,1323,1,-
7781,małopolskich,1,-
7782,negatywnie,1,FB
7783,wpływający,1,BDA
7784,higieniczny,1,CAB
7785,mycie,1,AEBAA
7786,odzież,1,ADCAB
7787,bielizna,1,ADAAA
7788,żywienie,1,AEBAA
7789,etykieta,1,ADAAA
7790,odżywczy,1,CAA
7791,alergen,1,ACAAAAA
7792,zbilansować,1,BAAA
7793,nadwaga,1,ADAB
7794,insulinooporność,1,-
7795,uzależnienie,1,AEBAA
7796,rozpoznawać,1,BAAE
7797,chorobowe,1,AEBBB
7798,skórny,1,CAB
7799,brzuch,1,ACAABB
7800,wymioty,1,AGAB
7801,stolec,1,ACACBC
7802,zakaźny,1,CAB
7803,szczepienie,1,AEBAA
7804,zinterpretować,1,BAAA
7805,parametr,1,ACAAAAA
7806,bmi,1,-
7807,ciśnienie,1,AEBAA
7808,tętno,1,AEAAAB
7809,glukoza,1,ADAAA
7810,75,1,-
7811,piszący,1,BAAFA
7812,jakoby,1,GBBBA
7813,przewodniczący,1,AAEB
7814,przyrodniczy,1,CAA
7815,konkursowy,1,CAB
7816,zaznaczanie,1,AEBAA
7817,wyręczać,1,BDA
7818,przekazywanie,1,AEBAA
7819,rozsypany,1,BAAFA
7820,fiasko,1,AEAAAA
7821,ustąpić,1,BBCA
7822,antyrodzinną,1,-
7823,permisywną,1,-
7824,systemowy,1,CAB
7825,deprawacja,1,ADACBAA
7826,abyście,1,-
7827,wyznaczanie,1,AEBAA
7828,władysław,1,-
7829,kosiniak,1,-
7830,kamysz,1,-
7831,barbara,1,-
7832,nowacka,1,-
7833,mon,1,-
7834,wiceministry,1,-
7835,lubnauer,1,-
7836,31,1,-
7837,karola,1,-
7838,nawrockiego,1,-
7839,publicznie,1,FB
7840,przemycać,1,BDA
7841,rozwiewać,1,BDA
7842,narosłe,1,-
7843,archiwalny,1,CAB
7844,kazanie,1,AEBAA
7845,arcybiskup,1,AAADAA
7846,jędraszewskiego,1,-
7847,dialog,1,ACABA
7848,zadecydować,1,BAAA
7849,promować,1,BAAA
7850,wojewódzki,1,CBA
7851,wyczekiwać,1,BAAC
7852,niezwykły,1,CAB
7853,odkrycie,1,AEBAA
7854,wiktora,1,-
7855,sceniczny,1,CAB
7856,290,1,-
7857,rozdział,1,ACAAAAA
7858,wyruszać,1,BDA
7859,konfrontować,1,BAAA
7860,gotycki,1,CBA
7861,człowieczeństwo,1,AEAAAB
7862,pierwotny,1,CAB
7863,mara,1,ADAAA
7864,wollstonecraft,1,-
7865,przybliżenie,1,AEBAA
7866,oryginalny,1,CAB
7867,groza,1,ADAAA
7868,widowisko,1,AEAAAA
7869,przyboś,1,-
7870,wiktorze,1,-
7871,mętlik,1,ACABA
7872,popkulturowe,1,-
7873,mrok,1,ACABA
7874,przeplatać,1,BDA
7875,tematycznie,1,FB
7876,charakterystyczny,1,CAB
7877,taniec,1,ACACBC
7878,akrobatyka,1,ADAB
7879,przesłaniać,1,BDA
7880,bogactwo,1,AEAAAB
7881,nadawać,1,BAAE
7882,głębia,1,ADACBAA
7883,rozbudowany,1,BAAA
7884,choreograficznie,1,FB
7885,przerzucać,1,BDA
7886,ciężkość,1,ADCCA
7887,burleskowy,1,CAB
7888,groteskowy,1,CAB
7889,mnożyć,1,BCCA
7890,baerum,1,-
7891,muszla,1,ADACBAA
7892,klozetowy,1,CAB
7893,dagens,1,-
7894,naeringsliv,1,-
7895,japończyk,1,-
7896,pojąć,1,BAFCB
7897,europejczyk,1,-
7898,japonię,1,-
7899,koreę,1,-
7900,tajwan,1,-
7901,jednonarodowe,1,-
7902,odrzucający,1,BDA
7903,sojusz,1,ACACACB
7904,złudzenie,1,AEBAA
7905,dwójka,1,ADAB
7906,mecenas,1,AAADAA
7907,ujawniany,1,BDA
7908,rewelacja,1,ADACBAA
7909,abdykacja,1,ADACBAA
7910,udzielony,1,BBCA
7911,dwojaki,1,ACABBA
7912,nierealistyczny,1,CAB
7913,świadczący,1,CAA
7914,oświadczyć,1,BCCA
7915,wywiadowczy,1,CAA
7916,priorytetowy,1,CAB
7917,zamieszany,1,BDA
7918,brytyjski,1,-
7919,tuz,1,AAACAAAB
7920,brytyjskie,1,-
7921,skrzywiony,1,BBCA
7922,podjechać,1,BAAFA
7923,bagaż,1,ACACAB
7924,saper,1,AAACAAAB
7925,pożarna,1,-
7926,patrolować,1,BAAA
7927,samoczyszczące,1,-
7928,filtr,1,ACAAAAA
7929,neutralizować,1,BAAA
7930,przykry,1,CAA
7931,zaleta,1,ADAAA
7932,pojawienie się,1,-
7933,zatroszczyć się,1,-
7934,wyprawka,1,ADAB
7935,ułatwiać,1,BDA
7936,pupil,1,AAABAB
7937,dostosować,1,BAAA
7938,narożny,1,CAB
7939,najtańszy,1,CAB
7940,zwierzęcy,1,CAA
7941,zoologiczny,1,CAB
7942,rozprzestrzeniać,1,BDA
7943,wysypywać,1,BAAB
7944,zalegać,1,BDA
7945,mat,1,AAADAA
7946,ścianka,1,ADAB
7947,boczny,1,CAB
7948,zadaszenie,1,-
7949,prostokąt,1,ACAABAA
7950,drzwiczki,1,AGBA
7951,odgradzać,1,BDA
7952,zamykający,1,BDA
7953,mur,1,ACAAAAA
7954,dołączać,1,BDA
7955,pojmanie,1,-
7956,niespodziewanie,1,AEBAA
7957,caracas,1,-
7958,dyktator,1,AAACAAAB
7959,ekspresowy,1,CAB
7960,przetransportować,1,BAAA
7961,nowojorskim,1,-
7962,trzask,1,ACABA
7963,zamykany,1,BDA
7964,oczekujący,1,BAAC
7965,przeniesienie,1,AEBAA
7966,krótszy,1,CAB
7967,sean,1,-
7968,diddy,1,-
7969,raper,1,-
7970,uniewinnić,1,BBCB
7971,przemyt,1,ACAAAAA
7972,prostytutka,1,ADAB
7973,spędzony,1,BBCA
7974,symboliczny,1,CAB
7975,brytyjka,1,-
7976,ghislaine,1,-
7977,maxwell,1,-
7978,otoczenie,1,AEBAA
7979,przestępca,1,AABCBB
7980,jeffreya,1,-
7981,wykorzystywanie,1,AEBAA
7982,przeniesiony,1,CAB
7983,meksykański,1,-
7984,kartel,1,ACACAA
7985,sinaloa,1,-
7986,plus,1,ACAAAAA
7987,narkotykowego,1,-
7988,pogrążony,1,CAB
7989,wyciszyć,1,BCCA
7990,upamiętnienie,1,AEBAA
7991,zagospodarowanie,1,AEBAA
7992,milioner,1,AAACAAAB
7993,stordalen,1,-
7994,późno,1,FA
7995,zignorować,1,BAAA
7996,zwierać,1,BDA
7997,spisać,1,BAAFA
7998,fantastycznie,1,FB
7999,storberget,1,-
8000,kontrastować,1,BAAA
8001,aftenposten,1,-
8002,christiana,1,-
8003,hatlo,1,-
8004,przewidujący,1,CAA
8005,dostępność,1,ADCCA
8006,onz,1,-
8007,leiv,1,-
8008,k,1,-
8009,kupujący,1,BAAA
8010,podejrzewać,1,BDA
8011,kilkakrotnie,1,FC
8012,prezydencji,1,-
8013,usprawnić,1,BBCB
8014,europolu,1,-
8015,dokładny,1,CAB
8016,keten,1,ACAAAAA
8017,azotyn,1,ACAAAAA
8018,sód,1,ADAAA
8019,nadużywany,1,BDA
8020,psychopata,1,AABDAA
8021,policzek,1,ACABBA
8022,antyislamskiego,1,-
8023,hitlera,1,-
8024,aldous,1,-
8025,huxley,1,-
8026,przeniknąć,1,BAEAA
8027,przeszywać,1,BDA
8028,przeszyć,1,AEBAA
8029,dotkliwiej,1,FC
8030,ciarka,1,ADAB
8031,hitler,1,-
8032,stalin,1,-
8033,mao,1,-
8034,koncentracyjny,1,CAB
8035,komora,1,ADAAA
8036,wywózka,1,ADAB
8037,reedukacja,1,ADACBAA
8038,angielszczyzna,1,ADAAA
8039,filozoficzny,1,CAB
8040,przewodnik,1,AAACBA
8041,instrukcja,1,ADACBAA
8042,hitlerem,1,-
8043,führerem,1,-
8044,kuriozum,1,AED
8045,ideologicznie,1,FB
8046,katechizm,1,ACAAAAA
8047,współobywatelach,1,-
8048,totalitaryzm,1,ACAAAAA
8049,technicznie,1,FB
8050,niewykonalny,1,CAB
8051,dysk,1,ACABA
8052,zakazany,1,BAAFA
8053,memento,1,AEE
8054,obnażać,1,BDA
8055,recepta,1,ADAAA
8056,odcinać,1,BDA
8057,sądowa,1,-
8058,obrażanie,1,AEBAA
8059,populistów,1,-
8060,jimmie,1,-
8061,akesson,1,-
8062,burek,1,ABAC
8063,zasiłek,1,ACABA
8064,dystansować,1,BAAA
8065,emeryt,1,AAADAA
8066,narodowiec,1,AAACBA
8067,zakwefionymi,1,-
8068,darmozjad,1,AAACAAAB
8069,węgierski,1,CBA
8070,jobbiku,1,-
8071,cygański,1,CBA
8072,węgrzech,1,-
8073,umysł,1,ACAAAAA
8074,wybiegać,1,BDA
8075,opłotki,1,AGBB
8076,dyskurs,1,ACAAAAA
8077,antymuzułmański,1,-
8078,antyimigrancki,1,-
8079,blef,1,ACAAAAA
8080,grafoman,1,AAADAA
8081,columbine,1,-
8082,naśladowany,1,BAAA
8083,rozbroić,1,BBCA
8084,skazanie,1,AEBAA
8085,wyznający,1,BDA
8086,próbujący,1,BAAA
8087,metodycznie,1,FB
8088,sympatyzujący,1,BAAA
8089,pochowany,1,BDA
8090,raniony,1,BBCA
8091,dobity,1,BAFB
8092,poszukiwanie,1,AEBAA
8093,pochować,1,BDA
8094,kryjówka,1,ADAB
8095,antyterrorystyczna,1,-
8096,niezdetonowane,1,-
8097,usłyszenie,1,AEBAA
8098,trzydziestokilkuletni,1,-
8099,wart,1,CCBBA
8100,robienie,1,AEBAA
8101,zablokowany,1,BAAA
8102,myślistwo,1,AEAAAB
8103,masoneria,1,ADACBAA
8104,mieszanie,1,AEBAA
8105,nieoficjalny,1,CAB
8106,londyńskie,1,-
8107,metro,1,AEAAAB
8108,kompleks,1,ACAAAAA
8109,front,1,ACAAAAA
8110,zasypać,1,BAAFA
8111,odpadki,1,AGBB
8112,niepełny,1,CAB
8113,pogotowie,1,AEBAC
8114,przechodni,1,CBB
8115,pokaleczony,1,CAB
8116,szkła,1,AGDAA
8117,paczka,1,ADAB
8118,zalecić,1,BBCA
8119,patrol,1,ACACAA
8120,de,1,-
8121,facto,1,-
8122,pusty,1,CAB
8123,przeciążony,1,CAB
8124,udostępnienie,1,AEBAA
8125,bezprzewodowy,1,CAB
8126,ucierpieć,1,BBBA
8127,biorący,1,CAA
8128,totalny,1,CAB
8129,chaos,1,ACAAAAA
8130,dopłynąć,1,BAEAB
8131,antyterrorystycznej,1,-
8132,lecieć,1,BBBA
8133,narazić,1,BBCA
8134,zwołać,1,BDA
8135,kryzysowy,1,CAB
8136,posiedzenie,1,AEBAA
8137,snucie,1,AEBAA
8138,przypuszczenie,1,AEBAA
8139,celownik,1,ACABBA
8140,2001,1,-
8141,afganistanu,1,-
8142,libię,1,-
8143,przeczyć,1,BCCA
8144,rzecznik,1,AAACBA
8145,koordynator,1,AAACAAAB
8146,dobrzyński,1,-
8147,lubelskiego,1,-
8148,mateusza,1,-
8149,przekazany,1,BAAFA
8150,pozyskiwać,1,BAAC
8151,konstruowanie,1,AEBAA
8152,zastraszenie,1,AEBAA
8153,wstąpienie,1,AEBAA
8154,przeszukanie,1,AEBAA
8155,zabezpieczyć,1,BCCA
8156,nośnik,1,ACABBA
8157,tymczasowo,1,FC
8158,małe,1,ADACCBA
8159,ustawiony,1,BBCA
8160,zabezpieczać,1,BDA
8161,dorożka,1,ADAB
8162,plenerowy,1,CAB
8163,zębu,1,-
8164,stoch,1,-
8165,najwybitniejszy,1,CAB
8166,chluba,1,ADAAA
8167,legendarny,1,CAB
8168,giewontem,1,-
8169,soczi,1,-
8170,pjongczang,1,-
8171,mistrzostwa,1,AGDAA
8172,drużynowa,1,ADACCBA
8173,kryształowy,1,CAB
8174,251,1,-
8175,planica,1,-
8176,profesjonalista,1,AABDAA
8177,fach,1,ACAAAB
8178,życzliwy,1,CAB
8179,zawdzięczać,1,BDA
8180,stochu,1,-
8181,tatrami,1,-
8182,tatrzańskiego,1,-
8183,generacja,1,ADACBAA
8184,trener,1,AAACAAAB
8185,fenomenalny,1,CAB
8186,narciarstwo,1,AEAAAB
8187,sprowadzać,1,BDA
8188,całokształt,1,ACAAAAA
8189,skromność,1,ADCCA
8190,cecha,1,ADAAA
8191,uratowany,1,BAAA
8192,grochowskiej,1,-
8193,papierowy,1,CAB
8194,łapanie,1,AEBAA
8195,kozioł,1,ABABAAA
8196,zapłakać,1,BAAFA
8197,czysto,1,FA
8198,pisany,1,BAAFA
8199,jakubowskie,1,-
8200,białostocczyźnie,1,-
8201,niezapłacenie,1,-
8202,świerzb,1,ACAAAAA
8203,kraść,1,BAFAAAA
8204,guru,1,AAI
8205,dwuletni,1,CBB
8206,radkiem,1,-
8207,błogosławić,1,BBCA
8208,kapliczka,1,ADAB
8209,inkrustowany,1,BAAA
8210,szkiełko,1,AEAAAA
8211,właścicielka,1,ADAB
8212,wieść,1,BBCA
8213,firanka,1,ADAB
8214,obora,1,ADAAA
8215,nakarmić,1,BBCA
8216,inwentarz,1,ACACBBA
8217,studnia,1,ADACBAA
8218,mętny,1,CAB
8219,naczynia,1,AGDAA
8220,napomknąć,1,BAEAA
8221,siennik,1,ACABBA
8222,rozchylić,1,BBCA
8223,zanieść,1,BAFCAA
8224,płot,1,ACAAAAA
8225,uprzejmie,1,FB
8226,podziękować,1,BAAA
8227,uszyć,1,AEBAA
8228,przeciętny,1,CAB
8229,dzielnicowy,1,AAEC
8230,1962,1,-
8231,zdolny,1,CAB
8232,jasełka,1,AGDAA
8233,kosmos,1,ACAAAAA
8234,ogólniak,1,ACABBA
8235,małgosię,1,-
8236,cera,1,ADAAA
8237,lalka,1,ADAB
8238,wpadać,1,BDA
8239,okręcać,1,BDA
8240,pulchny,1,CAB
8241,pizzę,1,-
8242,kochana,1,ADACCBA
8243,żartować,1,BAAA
8244,dyplom,1,ACAAAAA
8245,niepotrzebny,1,CAB
8246,magisterium,1,AED
8247,1985,1,-
8248,marynarka,1,ADAB
8249,kobiecy,1,CAA
8250,lok,1,ACABBA
8251,przerzucony,1,BBCA
8252,druhna,1,ADAAA
8253,zawodówka,1,ADAB
8254,porcelana,1,ADAAA
8255,henryka,1,-
8256,dyskoteka,1,ADAB
8257,pobrać,1,BAAFA
8258,obrazek,1,ACABBA
8259,pracownik,1,AAACBA
8260,płażyńskiego,1,-
8261,gdańsk,1,-
8262,intelektualny,1,CAB
8263,sajnóg,1,-
8264,kacprem,1,-
8265,płażyńskim,1,-
8266,spojrzenie,1,AEBAA
8267,altana,1,ADAAA
8268,mechanik,1,AAACBA
8269,poród,1,ACAAAAA
8270,wygrzewać,1,BDA
8271,rumuni,1,-
8272,armeńcy,1,-
8273,mącić,1,BBCA
8274,wyganiać,1,BDA
8275,komorne,1,AEBBB
8276,babcin,1,CCBBA
8277,obejście,1,AEBAA
8278,uporządkować,1,BAAA
8279,ubikacja,1,ADACBAA
8280,obudować,1,BAAA
8281,wysypisko,1,AEAAAA
8282,wykopać,1,BAAFA
8283,dołek,1,ACABBA
8284,obierki,1,AGBA
8285,fajerka,1,ADAB
8286,naliczyć,1,BCCA
8287,dziewięcioro,1,DDB
8288,pomyśleć,1,BBBA
8289,woreczek,1,ACABBA
8290,aura,1,ADAAA
8291,małgosią,1,-
8292,uzdrowiciela,1,-
8293,prać,1,BAAFA
8294,mózg,1,ACABA
8295,lubartowem,1,-
8296,synowa,1,ADACCAA
8297,obracać,1,BDA
8298,pierzchający,1,BDA
8299,sionka,1,ADAB
8300,szorty,1,AGAB
8301,gumowiec,1,ACACBC
8302,błyskać,1,BDA
8303,goły,1,CAB
8304,zdziwiony,1,BBCA
8305,fachowy,1,CAB
8306,sekretarka,1,ADAB
8307,warga,1,ADAB
8308,blond,1,CD
8309,chudy,1,CAB
8310,pędzelek,1,ACABBA
8311,mianować,1,BAAA
8312,wyprany,1,BAAFA
8313,kobiecość,1,ADCCA
8314,wolniutko,1,FC
8315,sień,1,ADCAAA
8316,opał,1,ACAAAAA
8317,izba,1,ADAAA
8318,chłopski,1,CBA
8319,ława,1,ADAAA
8320,wiklinowy,1,CAB
8321,koszyk,1,ACABBA
8322,kredka,1,ADAB
8323,klocek,1,ACABBA
8324,róg,1,ACABA
8325,posłanie,1,AEBAA
8326,foliowy,1,CAB
8327,wypchać,1,BDA
8328,siano,1,BAFBD
8329,śpiwór,1,ACAABAA
8330,koc,1,ACACBC
8331,gdzieniegdzie,1,GBABB
8332,posłać,1,BAAFA
8333,zwinięty,1,BAEAB
8334,tapeta,1,ADAAA
8335,wieszak,1,ACABBA
8336,korzenić się,1,-
8337,szmatka,1,ADAB
8338,tenisówka,1,ADAB
8339,przymocowany,1,BAAA
8340,gumka,1,ADAB
8341,skórzany,1,CAB
8342,rodzący,1,CAA
8343,krąg,1,ACABA
8344,jadać,1,BDA
8345,popijać,1,BDA
8346,apostolski,1,CBA
8347,spuchnąć,1,BAEB
8348,kredens,1,ACAAAAA
8349,masować,1,BAAA
8350,olejek,1,ACABA
8351,przesłuchać,1,BDA
8352,dawniej,1,FC
8353,kacmajorem,1,-
8354,pościągać,1,BDA
8355,bohomaz,1,ACAAAAA
8356,półsłówko,1,AEAAAA
8357,krzyżówka,1,ADAB
8358,wyłączać,1,BDA
8359,telewizor,1,ACAABAA
8360,zdenerwować,1,BAAA
8361,dezodorant,1,ACAAAAA
8362,basen,1,ACAAAAA
8363,wycieczka,1,ADAB
8364,czech,1,-
8365,luizie,1,-
8366,zabawka,1,ADAB
8367,śmierdzieć,1,BBBA
8368,wersalka,1,ADAB
8369,opłatek,1,ACABBA
8370,ciąża,1,ADACABB
8371,wyrodny,1,CAB
8372,wyplucie,1,AEBAA
8373,bałagan,1,ACAAAAA
8374,święty,1,AAEC
8375,nawiedzić,1,BBCA
8376,niepozorny,1,CAB
8377,otwarło,1,-
8378,samochodowy,1,CAB
8379,tynkować,1,BAAA
8380,sklepowa,1,ADACCBA
8381,marchew,1,ADCAAA
8382,proszek,1,ACABA
8383,urzędniczka,1,ADAB
8384,wylegitymować,1,BAAA
8385,świeżutki,1,CBA
8386,komendant,1,AAADAA
8387,wołkowycki,1,-
8388,wójt,1,AAAAAA
8389,juliana,1,-
8390,baran,1,ABABAAA
8391,lut,1,ACAAAAA
8392,werbunek,1,ACABA
8393,przynęta,1,ADAAA
8394,lazurowy,1,CAB
8395,najdroższa,1,ADACCBA
8396,wyjazd,1,ACAAAAA
8397,krzyknąć,1,BAEAA
8398,listonosz,1,AAABD
8399,żebyś,1,-
8400,pognać,1,BDA
8401,maluch,1,AAACBB
8402,wstawać,1,BAAE
8403,ciuch,1,ACAABB
8404,terlikowskiemu,1,-
8405,terlikowski,1,-
8406,osiłek,1,AAADBA
8407,pomieścić,1,BBCA
8408,polonez,1,ABABAAA
8409,wódka,1,ADAB
8410,zbroić,1,BBCA
8411,drzazga,1,ADAB
8412,ukryć,1,AEBAA
8413,strych,1,ACAAAB
8414,osłona,1,ADAAA
8415,jadwiga,1,-
8416,jabłuszewska,1,-
8417,teść,1,AAAAB
8418,roztrzaskać,1,BDA
8419,usiąść,1,BAFCAA
8420,kolonia,1,ADACBAA
8421,odtąd,1,GBABB
8422,zawisły,1,CAB
8423,heniek,1,-
8424,przywieźć,1,BAFCAA
8425,bosy,1,CAB
8426,ode,1,-
8427,balkon,1,ACAAAAA
8428,heńka,1,-
8429,pierś,1,ADCCA
8430,1994,1,-
8431,targ,1,ACABA
8432,odstępować,1,BAAA
8433,kawiarnia,1,ADACBAA
8434,mamusia,1,ADACBBB
8435,uśpić,1,BBCB
8436,czujność,1,ADCCA
8437,chrystusa,1,-
8438,prześwietlanie,1,AEBAA
8439,połykać,1,BDA
8440,ohydny,1,CAB
8441,nałożyć,1,BCCA
8442,koniak,1,ACABA
8443,wasz,1,EAABA
8444,kostkowski,1,-
8445,goświnowic,1,-
8446,pochłonąć,1,BAEAB
8447,zmartwychwstać,1,BAFABD
8448,bezpłodny,1,CAB
8449,oliwny,1,CAB
8450,żerdka,1,ADAB
8451,kolejno,1,FC
8452,wybujać,1,BDA
8453,żądza,1,ADACABB
8454,manipulator,1,AAACAAAB
8455,zbór,1,ACAAAAA
8456,posyłać,1,BDA
8457,jezus,1,-
8458,najinteligentniejszy,1,CAB
8459,plasować,1,BAAA
8460,hermetyczny,1,CAB
8461,głoszony,1,BBCA
8462,apostoł,1,AAAAAA
8463,podnóżek,1,ACABBA
8464,psalm,1,ACAAAAA
8465,dawidowych,1,-
8466,izajasza,1,-
8467,testament,1,ACAAAAA
8468,ateista,1,AABDAA
8469,lublina,1,-
8470,puławy,1,-
8471,kielce,1,-
8472,526,1,-
8473,pekaes,1,ACAAAAA
8474,taksówka,1,ADAB
8475,pieszo,1,FC
8476,wygnać,1,BDA
8477,baba,1,ADAAA
8478,wrzeszczeć,1,BCBA
8479,przepędzać,1,BDA
8480,rynsztok,1,ACABBA
8481,chustka,1,ADAB
8482,kij,1,ACACBC
8483,okrążać,1,BDA
8484,wykręcić,1,BBCA
8485,ogrodzenie,1,AEBAA
8486,notes,1,ACAAAAA
8487,wstąpić,1,BBCA
8488,zrzeszający,1,BDA
8489,wnuczka,1,AAAAB
8490,nakazać,1,BAAFA
8491,komornik,1,AAACBA
8492,wyegzekwować,1,BAAA
8493,pluton,1,ACAAAAA
8494,hełm,1,ACAAAAA
8495,pałka,1,ADAB
8496,szpaler,1,ACAAAAA
8497,agalliasis,1,-
8498,podporządkować,1,BAAA
8499,bajan,1,ACAABAA
8500,senator,1,AAACAAAB
8501,marii,1,-
8502,łopatkowy,1,CAB
8503,ryszarda,1,-
8504,interpelacja,1,ADACBAA
8505,niepowodzenie,1,AEBAA
8506,podinspektor,1,-
8507,czerwiński,1,-
8508,współżyć,1,AEBAA
8509,seksualnie,1,FB
8510,marianowi,1,-
8511,szósty,1,CAB
8512,stryj,1,AAAAB
8513,radka,1,-
8514,krępować,1,BAAA
8515,ożenek,1,ACABA
8516,doniesienie,1,AEBAA
8517,załatwiać,1,BDA
8518,adopcyjny,1,CAB
8519,opętana,1,ADACCBA
8520,psychika,1,ADAB
8521,opieszałość,1,ADCCA
8522,leszek,1,-
8523,miller,1,-
8524,urm,1,-
8525,małoletni,1,CBB
8526,czasowo,1,FC
8527,przetrzymywany,1,BAAB
8528,obowiązany,1,CAB
8529,przeszkoda,1,ADAAA
8530,natrafiać,1,BDA
8531,eliminacja,1,ADACBAA
8532,niedostatek,1,ACABA
8533,sumienie,1,AEBAA
8534,tworzony,1,CAB
8535,wyznaniowy,1,CAB
8536,poselski,1,CBA
8537,ryszard,1,-
8538,nowak,1,-
8539,odcedzać,1,BDA
8540,pierog,1,ABAC
8541,tajemniczy,1,CAA
8542,nelson,1,ABABAAA
8543,martę,1,-
8544,opiec,1,BAFCAB
8545,zastępczy,1,CAA
8546,bochenek,1,ACABBA
8547,kąpiel,1,ADCAAA
8548,kąpać,1,BAAFA
8549,zasiadły,1,CAB
8550,cegła,1,ADAAA
8551,sprawnie,1,FB
8552,obrać,1,BAAFA
8553,kiwi,1,ACF
8554,skrobać,1,BAAFA
8555,ziemniak,1,ABAC
8556,pochwalić,1,BBCA
8557,osobny,1,CAB
8558,pokora,1,ADAAA
8559,przetrzymywanie,1,AEBAA
8560,tok,1,ACABA
8561,hajnówce,1,-
8562,łosoś,1,ABAABA
8563,sprzedawczyni,1,ADBB
8564,zaległy,1,BAFAAB
8565,odsiedzieć,1,BBBA
8566,kolegium,1,AED
8567,niebianin,1,AAABBA
8568,meldunkowy,1,CAB
8569,wrocławskiej,1,-
8570,oblatów,1,-
8571,umiłować,1,BAAA
8572,umiłowany,1,BAAA
8573,małgorzaty,1,-
8574,zerówki,1,-
8575,czynsz,1,ACACACB
8576,ps,1,-
8577,wynająć,1,BAFCB
8578,zmieniony,1,BBCA
8579,sebastiana,1,-
8580,kellera,1,-
8581,odcinek,1,ACABBA
8582,zachcianka,1,ADAB
8583,zapowiedź,1,ADCCA
8584,sobotni,1,CBB
8585,policzyć,1,BCCA
8586,podsumowujący,1,CAA
8587,wyłączenie,1,AEBAA
8588,huta,1,ADAAA
8589,swoszowic,1,-
8590,wjeżdżać,1,BDA
8591,spełniający,1,BDA
8592,kryterium,1,AED
8593,zanieczyszczenie,1,AEBAA
8594,emitować,1,BAAA
8595,cennik,1,ACABBA
8596,usuwanie,1,AEBAA
8597,czysta,1,ADACCBA
8598,stc,1,-
8599,tlenek,1,ACABA
8600,azot,1,ACAAAAA
8601,stężenie,1,AEBAA
8602,ciągle,1,FC
8603,przekraczany,1,BDA
8604,zechcieć,1,BACA
8605,abonament,1,ACAAAAA
8606,zabarwiony,1,BBCA
8607,niszczący,1,CAA
8608,uświadomić,1,BBCA
8609,zakopianka,1,-
8610,elektromobilności,1,-
8611,zeroemisyjnych,1,-
8612,złotówka,1,ADAB
8613,łata,1,ADAAA
8614,zaprzeczać,1,BDA
8615,zameldowany,1,BAAA
8616,płacący,1,CAA
8617,wyłączony,1,CAB
8618,płacenie,1,AEBAA
8619,krakowem,1,-
8620,rozliczenie,1,AEBAA
8621,podatkowy,1,CAB
8622,obaj,1,DABAA
8623,zadowolony,1,BBCA
8624,zdementować,1,BAAA
8625,fake,1,-
8626,824,1,-
8627,116,1,-
8628,113,1,-
8629,ukarać,1,BAAFA
8630,notoryczny,1,CAB
8631,ukarany,1,BAAFA
8632,wojtacha,1,-
8633,aktualnie,1,FB
8634,135,1,-
8635,kontrolujący,1,BAAA
8636,zamontowany,1,BAAA
8637,docelowo,1,FC
8638,oznakować,1,BAAA
8639,strefomatów,1,-
8640,skraść,1,BAFAAAA
8641,lokalizacja,1,ADACBAA
8642,rów,1,ACAAAAA
8643,pomalowany,1,BAAA
8644,sprayem,1,-
8645,skradziony,1,CAB
8646,zakupowej,1,-
8647,pyclik,1,-
8648,niszczony,1,CAB
8649,zamalować,1,BAAA
8650,poprawiać,1,BDA
8651,trzepak,1,ACABBA
8652,niepochlebny,1,CAB
8653,ekologia,1,ADACBAA
8654,naszą,1,-
8655,najsłabszy,1,CAB
8656,zamożny,1,CAB
8657,małopolski,1,-
8658,korek,1,ACABBA
8659,miast,1,FC
8660,katowicach,1,-
8661,katowic,1,-
8662,zobowiązywać,1,BAAB
8663,śląska,1,-
8664,przekraczanie,1,AEBAA
8665,milowy,1,CAB
8666,odbudowa,1,ADAAA
8667,unijnych,1,-
8668,niedotrzymanie,1,-
8669,zobowiązanie,1,AEBAA
8670,wdrożyć,1,BCCA
8671,opracowywanie,1,AEBAA
8672,ntb,1,-
8673,skrócić,1,BBCA
8674,uprzednio,1,FC
8675,przewidziany,1,CAB
8676,kary,1,ACAAAAA
8677,nonstad,1,-
8678,dot,1,-
8679,psychotyczny,1,CAB
8680,narcystyczne,1,-
8681,dyssocjalne,1,-
8682,miażdżący,1,CAA
8683,szybszy,1,CAB
8684,associated,1,-
8685,press,1,-
8686,opieszały,1,CAB
8687,chaotyczny,1,CAB
8688,wyszkolenie,1,AEBAA
8689,dowodzenie,1,AEBAA
8690,specjalistyczny,1,CAB
8691,niezdecydowanie,1,AEBAA
8692,niegospodarność,1,ADCCA
8693,słabo,1,FA
8694,obsadzony,1,BBCA
8695,niewykwalifikowany,1,CAB
8696,zmusić,1,BBCA
8697,podejmowanie,1,AEBAA
8698,faza,1,ADAAA
8699,wytknięty,1,BAEAA
8700,ostrzeganie,1,AEBAA
8701,spedycja,1,ADACBAA
8702,udostępnianie,1,AEBAA
8703,idnywidualnymi,1,-
8704,celny,1,CAB
8705,zamawiany,1,BDA
8706,mogący,1,CAA
8707,uniewinnienie,1,AEBAA
8708,powodowany,1,BAAA
8709,wysłanie,1,AEBAA
8710,prawodawstwo,1,AEAAAB
8711,pluslidze,1,-
8712,balcerzak,1,-
8713,pozyskanie,1,AEBAA
8714,hitów,1,-
8715,fakiele,1,-
8716,urengoj,1,-
8717,uchodzić,1,BBCA
8718,czołówka,1,ADAB
8719,klubowy,1,CAB
8720,włoch,1,-
8721,gas,1,-
8722,sales,1,-
8723,bluenergy,1,-
8724,piacenza,1,-
8725,odnosić,1,BBCA
8726,mundialu,1,-
8727,przekazywany,1,BAAB
8728,balcerzaka,1,-
8729,gazzetta,1,-
8730,dello,1,-
8731,warszawski,1,-
8732,siatkarz,1,AAABD
8733,ambitny,1,CAB
8734,włochami,1,-
8735,aktualny,1,CAB
8736,wicelider,1,-
8737,plusligi,1,-
8738,intensywnie,1,FB
8739,sfinalizować,1,BAAA
8740,plusliga,1,-
8741,aktywa,1,AGDB
8742,kryptografia,1,ADACBAA
8743,specyficzny,1,CAB
8744,wirtualnymi,1,-
8745,cyfrowymi,1,-
8746,sprzedawca,1,AABCBB
8747,płatność,1,ADCCA
8748,kryptowalucie,1,-
8749,fiducjarną,1,-
8750,fiat,1,ABABAAA
8751,pominięcie,1,AEBAA
8752,pośrednik,1,AAACBA
8753,przelać,1,BAFBD
8754,dowolny,1,CAB
8755,wydatek,1,ACABA
8756,płatniczy,1,CAA
8757,słusznie,1,FB
8758,wycena,1,ADAAA
8759,inwestycyjny,1,CAB
8760,wypracowanie,1,AEBAA
8761,obligacja,1,ADACBAA
8762,surowiec,1,ACACBC
8763,bitcoin,1,-
8764,raptem,1,FC
8765,cent,1,ABABAAA
8766,65,1,-
8767,szczyt,1,ACAAAAA
8768,notować,1,BAAA
8769,kryptowalutę,1,-
8770,krach,1,ADAAA
8771,zadeklarowany,1,BAAA
8772,behringu,1,-
8773,posiadacz,1,AAABD
8774,fanie,1,-
8775,komputerowy,1,CAB
8776,palny,1,CAB
8777,amerykanin,1,-
8778,kojarzący,1,CAA
8779,posunąć,1,BAEAB
8780,równocześnie,1,FB
8781,antyrządowy,1,CAB
8782,zgromadzony,1,BBCA
8783,wrażliwy,1,CAB
8784,chroniony,1,BBCA
8785,kaida,1,-
8786,talibowie,1,-
8787,skupisko,1,AEAAAA
8788,odizolowany,1,BAAA
8789,bombaj,1,-
8790,przedszkole,1,AEBAC
8791,czeczeński,1,-
8792,biesłan,1,-
8793,powiązać,1,BAAFA
8794,którąś,1,-
8795,wyrzucenie,1,AEBAA
8796,wulgarnie,1,FB
8797,trucizna,1,ADAAA
8798,radykalnie,1,FB
8799,rozbijać,1,BDA
8800,interpol,1,-
8801,kontrwywiad,1,ACAAAAA
8802,sprowokować,1,BAAA
8803,david,1,-
8804,robot,1,ABABAAA
8805,zamieszkany,1,BDA
8806,uczęszczany,1,BDA
8807,129,1,-
8808,potrójny,1,CAB
8809,doroczny,1,CAB
8810,podziać,1,BAFBD
8811,pomocniczy,1,CAA
8812,brzydko,1,FA
8813,uwikłany,1,BDA
8814,pokusa,1,ADAAA
8815,tischner,1,-
8816,koniecznie,1,FB
8817,itd,1,-
8818,głoszenie,1,AEBAA
8819,sakrament,1,ACAAAAA
8820,mocniejszy,1,CAB
8821,miesięcznik,1,ACABBA
8822,biskupi,1,AAADAA
8823,rysi,1,CBB
8824,episkopat,1,ACAAAAA
8825,podział,1,BAFBD
8826,tropienie,1,AEBAA
8827,obdarzony,1,CAB
8828,bronienie,1,AEBAA
8829,contra,1,G
8830,omnes,1,-
8831,najświeższy,1,CAB
8832,nazywanie,1,AEBAA
8833,dariusz,1,-
8834,głupiec,1,AAACAAAA
8835,wciskać,1,BDA
8836,polecać,1,BDA
8837,oburzenie,1,AEBAA
8838,chrześcijaństwo,1,AEAAAB
8839,aniżeli,1,GBBAB
8840,fundamentalizmy,1,-
8841,laicki,1,CBA
8842,encyklika,1,ADAB
8843,centesimus,1,-
8844,annus,1,-
8845,fanatyzm,1,ACAAAAA
8846,fundamentalizmu,1,-
8847,uważający,1,BDA
8848,naukowy,1,CAB
8849,uprawniony,1,BBCB
8850,narzucanie,1,AEBAA
8851,koncepcja,1,ADACBAA
8852,adam,1,-
8853,rozsądzić,1,BBCA
8854,rozegrać,1,BDA
8855,osadzenie,1,AEBAA
8856,nierzadko,1,FC
8857,jedzienia,1,-
8858,formularz,1,ACACBBA
8859,proceduralny,1,CAB
8860,meczet,1,ACAAAAA
8861,norwega,1,-
8862,porucznik,1,AAACBA
8863,planowanie,1,AEBAA
8864,gromadzić,1,BBCA
8865,sporządzić,1,BBCA
8866,ponadczasowy,1,CAB
8867,klasyka,1,AAACBA
8868,cenić,1,BBCA
8869,orsay,1,-
8870,zasługiwać,1,BAAC
8871,rozcięcie,1,AEBAA
8872,dekolt,1,ACAAAAA
8873,klepsydra,1,ADAAA
8874,talia,1,ADACBAA
8875,zestawienie,1,AEBAA
8876,czernić,1,BBCA
8877,woleć,1,BBBA
8878,delikatniejszy,1,CAB
8879,karczek,1,ACABBA
8880,rozkloszowany,1,BAAA
8881,dół,1,ACAAAAA
8882,rozkloszować,1,BAAA
8883,zamaskować,1,BAAA
8884,masywny,1,CAB
8885,biodro,1,AEAAAB
8886,któraś,1,-
8887,kupon,1,ACAAAAA
8888,reprezentowany,1,BAAA
8889,mariusa,1,-
8890,emberlanda,1,-
8891,kajdanki,1,AGBA
8892,nazistowski,1,CBA
8893,2015,1,-
8894,oddzielny,1,CAB
8895,trening,1,ACABA
8896,częstszy,1,CAB
8897,uczestniczenie,1,AEBAA
8898,wolontariusz,1,AAABD
8899,kategorycznie,1,FB
8900,psychologiem,1,-
8901,ponawiany,1,BDA
8902,reprezentujący,1,BAAA
8903,adele,1,-
8904,socjalista,1,AABDAA
8905,otrzymany,1,BDA
8906,rekreacja,1,ADACBAA
8907,treningowy,1,CAB
8908,131,1,-
8909,transmisja,1,ADACBAA
8910,wykluczyć,1,BCCA
8911,podszyty,1,BAFB
8912,paraliżować,1,BAAA
8913,napędzać,1,BDA
8914,makabryczny,1,CAB
8915,niezapomniany,1,CAB
8916,ocalać,1,BDA
8917,otrzymanie,1,AEBAA
8918,ukazany,1,BAAFA
8919,paula,1,-
8920,greengrassa,1,-
8921,przyświecać,1,BDA
8922,viljarowi,1,-
8923,hanssenowi,1,-
8924,emotions,1,-
8925,motion,1,-
8926,aktywizować,1,BAAA
8927,rekonwalescencja,1,ADACBAA
8928,nieśmiały,1,CAB
8929,prelekcja,1,ADACBAA
8930,polaryzacja,1,ADACBAA
8931,przeciwstawienie,1,AEBAA
8932,viljara,1,-
8933,hanssena,1,-
8934,prelegent,1,AAADAA
8935,legenda,1,ADAAA
8936,waldemar,1,-
8937,kasta,1,ADAAA
8938,artists,1,-
8939,manager,1,AAACAAAB
8940,filip,1,-
8941,mecner,1,-
8942,ekstremę,1,-
8943,bielecki,1,-
8944,opłakiwany,1,BAAC
8945,padły,1,CAB
8946,jednoczyć,1,BCCA
8947,ujawnianie,1,AEBAA
8948,pedofilskich,1,-
8949,bezdyskusyjnie,1,FB
8950,skandynawscy,1,-
8951,uzasadniać,1,BDA
8952,wstrząśnięty,1,BAEAA
8953,skrzydło,1,AEAAAB
8954,spolaryzowany,1,BAAA
8955,duńczycy,1,-
8956,szwedzi,1,-
8957,duchowy,1,CAB
8958,wedle,1,-
8959,ekstremum,1,AED
8960,mizerny,1,CAB
8961,przerażać,1,BDA
8962,wypisany,1,BAAFA
8963,rozdawany,1,BAAE
8964,ciastko,1,AEAAAA
8965,halvorsen,1,-
8966,debatowanie,1,AEBAA
8967,prognozować,1,BAAA
8968,polityczno,1,-
8969,następstwo,1,AEAAAB
8970,wytrwać,1,BDA
8971,naiwny,1,CAB
8972,niemały,1,CAB
8973,zwiększanie,1,AEBAA
8974,przypatrywanie się,1,-
8975,przestępczy,1,CAA
8976,bilans,1,ACACACA
8977,pozbycie,1,-
8978,wybuchać,1,BDA
8979,zanotować,1,BAAA
8980,odsłona,1,-
8981,siódmy,1,CAB
8982,progresywny,1,CAB
8983,zawrzeć,1,BABA
8984,1500,1,-
8985,liberalizm,1,ACAAAAA
8986,wielokulturowość,1,-
8987,zamierzający,1,BDA
8988,piętnasta,1,ADACCBA
8989,podłożony,1,CAB
8990,67,1,-
8991,niehumanitarnych,1,-
8992,wiać,1,BAFBD
8993,zbliżać,1,BDA
8994,odnawialnych,1,-
8995,ciemno,1,AEAAAB
8996,wietrzność,1,-
8997,elektrociepłownia,1,ADACBAA
8998,zapotrzebowanie,1,AEBAA
8999,turbina,1,ADAAA
9000,instalowany,1,BAAA
9001,wyposażony,1,CAB
9002,powstrzymujący,1,CAA
9003,osadzanie,1,AEBAA
9004,lód,1,ABABAAA
9005,umożliwiający,1,BDA
9006,rozmrażanie,1,AEBAA
9007,sięgający,1,BDA
9008,montowany,1,BAAA
9009,kąt,1,ACAABAA
9010,topnienie,1,AEBAA
9011,gw,1,-
9012,opracowanie,1,AEBAA
9013,alpejski,1,CBA
9014,cenny,1,CAB
9015,rezerwuar,1,ACAAAAA
9016,kontynentalny,1,CAB
9017,wiosenno,1,-
9018,zamieć,1,ADCAAA
9019,dystrybucja,1,ADACBAA
9020,warmii,1,-
9021,Mazur,1,AAACAAAB
9022,awaria,1,ADACBAA
9023,wichura,1,ADAAA
9024,dystrybucyjny,1,CAB
9025,przewracać,1,BDA
9026,zaśnieżony,1,CAB
9027,trudniejszy,1,CAB
9028,spadający,1,BDA
9029,osłabienie,1,AEBAA
9030,współczynnik,1,ACABBA
9031,procentowy,1,CAB
9032,stulecie,1,AEBAC
9033,emisyjny,1,CAB
9034,zaopatrzenie,1,AEBAA
9035,elektryfikacja,1,ADACBAA
9036,pompa,1,ADAAA
9037,efektywny,1,CAB
9038,ekologiczny,1,CAB
9039,rozpowszechnienie,1,AEBAA
9040,szczytowy,1,CAB
9041,zabezpieczony,1,CAB
9042,zmniejszać,1,BDA
9043,termiczny,1,CAB
9044,pv,1,-
9045,bateryjny,1,CAB
9046,funkcjonalność,1,ADCCA
9047,grid,1,-
9048,odosobniony,1,BBCB
9049,kominek,1,ACABBA
9050,agregat,1,ACAAAAA
9051,prądotwórczy,1,CAA
9052,ujawniać,1,BDA
9053,dokumentalista,1,AABDAA
9054,nyheter,1,-
9055,rutynowy,1,CAB
9056,wetzlar,1,-
9057,frankfurtu,1,-
9058,menem,1,-
9059,uzbrojenie,1,AEBAA
9060,zarekwirować,1,BAAA
9061,zwierzak,1,ABAC
9062,prognoza,1,ADAAA
9063,zapewniający,1,BDA
9064,komfort,1,ACAAAAA
9065,przypięty,1,BAFCB
9066,buda,1,ADAAA
9067,okienko,1,AEAAAA
9068,piwniczny,1,CAB
9069,dokarmianie,1,AEBAA
9070,alarmować,1,BAAA
9071,czyjś,1,EAD
9072,ktoz,1,-
9073,rybny,1,CAB
9074,429,1,-
9075,74,1,-
9076,odzew,1,ACAAAAA
9077,przygarnąć,1,BAEAA
9078,mombaja,1,-
9079,vogt,1,-
9080,pexels,1,-
9081,rzezawa,1,-
9082,powiat,1,ACAAAAA
9083,bocheński,1,-
9084,waszą,1,-
9085,załoga,1,ADAB
9086,komfortowo,1,FC
9087,zmarzły,1,CAB
9088,574,1,-
9089,335,1,-
9090,112,1,-
9091,ren,1,ABABAAA
9092,zakazywać,1,BAAB
9093,prysznic,1,ACACBC
9094,trzypokojowy,1,CAB
9095,stomatologiczny,1,CAB
9096,blogerzy,1,-
9097,stronnicowym,1,-
9098,pamela,1,-
9099,poddana,1,ADACCBA
9100,ostracyzm,1,ACAAAAA
9101,bestseller,1,ACAABAA
9102,zamieścić,1,BBCA
9103,podobizna,1,ADAAA
9104,świński,1,CBA
9105,ryć,1,AEBAA
9106,serbów,1,-
9107,bośni,1,-
9108,obama,1,-
9109,sfałszować,1,BAAA
9110,urodzenie,1,AEBAA
9111,amerykaninem,1,-
9112,Arab,1,AAAAAA
9113,gaz,1,ACAAAAA
9114,solidnie,1,FB
9115,bombardować,1,BAAA
9116,spencerem,1,-
9117,ameryk,1,ACABA
9118,pomyślenie,1,AEBAA
9119,wzmianka,1,ADAB
9120,islamsko,1,-
9121,machina,1,ADAAA
9122,wytrwale,1,FB
9123,edukować,1,BAAA
9124,cytat,1,ACAAAAA
9125,obamie,1,-
9126,podżegać,1,BDA
9127,rasista,1,AABDAA
9128,spencera,1,-
9129,64,1,-
9130,odezwać się,1,-
9131,beatles,1,AAADAA
9132,seryjny,1,CAB
9133,charles,1,-
9134,manson,1,-
9135,zdyskredytować,1,BAAA
9136,dżihadowi,1,-
9137,supremacja,1,ADACBAA
9138,antymuzułmańskich,1,-
9139,york,1,-
9140,times,1,-
9141,marc,1,-
9142,sageman,1,-
9143,cia,1,-
9144,konsultant,1,AAADAA
9145,myśliciel,1,AAABCA
9146,kaidę,1,-
9147,cóż,1,EGD
9148,pisarstwo,1,AEAAAB
9149,blog,1,-
9150,little,1,-
9151,green,1,-
9152,footballs,1,-
9153,antyislamskie,1,-
9154,sentyment,1,ACAAAAA
9155,dżazira,1,-
9156,przepisany,1,BAAFA
9157,amerykanina,1,-
9158,kaczynskiego,1,-
9159,bloger,1,-
9160,gates,1,-
9161,vienna,1,-
9162,antymuzułmańskie,1,-
9163,tyrada,1,ADAAA
9164,wpadka,1,ADAB
9165,michelle,1,-
9166,komentatorka,1,ADAB
9167,fox,1,-
9168,rozpisywać,1,BAAB
9169,złowrogi,1,CBA
9170,krekarze,1,-
9171,wygrażać,1,BDA
9172,ojczyzna,1,ADAAA
9173,profesor,1,AAAAAA
9174,nitze,1,-
9175,hopkinsa,1,-
9176,konkluzja,1,ADACBAA
9177,odpisać,1,BAAFA
9178,oświecić,1,BBCA
9179,groźba,1,ADAAA
9180,krekar,1,-
9181,terroryzować,1,BAAA
9182,czujnie,1,FB
9183,una,1,-
9184,cabeza,1,-
9185,skomponować,1,BAAA
9186,carlosa,1,-
9187,gardela,1,-
9188,1890,1,-
9189,1935,1,-
9190,tańczyć,1,BCCA
9191,pacino,1,-
9192,slade,1,-
9193,gabrielle,1,-
9194,anwar,1,-
9195,donna,1,ADAAA
9196,zacny,1,CAB
9197,kaszuby,1,-
9198,administracyjny,1,CAB
9199,okolicznościowy,1,CAB
9200,gratulacyjny,1,CAB
9201,wiązanka,1,ADAB
9202,kaszubie,1,-
9203,maestro,1,AACABAB
9204,naczelny,1,AAEC
9205,dziekan,1,AAADAA
9206,dyrygentura,1,ADAAA
9207,symfoniczno,1,-
9208,operowy,1,CAB
9209,fryderyka,1,-
9210,chopina,1,-
9211,kaszubę,1,-
9212,meloman,1,AAADAA
9213,sympatyczny,1,CAB
9214,kudyba,1,-
9215,witać,1,BDA
9216,obdarzać,1,BDA
9217,wprawiać,1,BDA
9218,nastroić,1,BBCA
9219,szacowny,1,CAB
9220,łomżynianki,1,-
9221,malinowska,1,-
9222,absolwentka,1,ADAB
9223,adama,1,-
9224,mickiewicza,1,-
9225,1983,1,-
9226,tadeusza,1,-
9227,kościuszki,1,-
9228,lo,1,-
9229,danuta,1,-
9230,gosk,1,-
9231,kadrowa,1,ADACCAA
9232,łok,1,-
9233,fkwl,1,-
9234,namówić,1,BBCA
9235,łomżyńskiej,1,-
9236,zastępstwo,1,AEAAAB
9237,urlop,1,ACAAAAA
9238,macierzyński,1,CBA
9239,nieodżałowany,1,CAB
9240,szwedo,1,-
9241,1931,1,-
9242,chachaj,1,-
9243,1929,1,-
9244,profesjonalizm,1,ACAAAAA
9245,pracowitość,1,ADCCA
9246,miano,1,AEAAAB
9247,czterdziestoletni,1,CBB
9248,mila,1,ADACBABA
9249,solistka,1,ADAB
9250,solista,1,AABDAA
9251,dyrygent,1,AAADAA
9252,wiesław,1,-
9253,ochman,1,-
9254,paleczny,1,-
9255,konstanta,1,ADAAA
9256,kulka,1,ADAB
9257,jakowicz,1,-
9258,łomżyńską,1,-
9259,przechowywać,1,BAAB
9260,podziękowanie,1,AEBAA
9261,logistyczny,1,CAB
9262,wozić,1,BBCA
9263,systematyczny,1,CAB
9264,wczesno,1,-
9265,przedszkolny,1,CAB
9266,półgodzinny,1,CAB
9267,uwrażliwianie,1,AEBAA
9268,wprowadzanie,1,AEBAA
9269,coroczny,1,CAB
9270,et,1,GAB
9271,musica,1,-
9272,proboszcz,1,AAAAB
9273,odmiana,1,ADAAA
9274,surfing,1,ACABA
9275,żagiel,1,ACACBAA
9276,latawiec,1,AAACBA
9277,paralotnia,1,-
9278,kite,1,-
9279,dyscyplina,1,ADAAA
9280,akwen,1,ACAAAAA
9281,wskakiwać,1,BAAC
9282,alp,1,-
9283,tyrolu,1,-
9284,bałtykiem,1,-
9285,motorówka,1,ADAB
9286,skonstruowany,1,BAAA
9287,przystosowany,1,BAAA
9288,wakeparkach,1,-
9289,znajdujący,1,BAAA
9290,wyciąg,1,ACABA
9291,uprawianie,1,AEBAA
9292,wakeboardingu,1,-
9293,koordynacja,1,ADACBAA
9294,ruchowy,1,CAB
9295,akrobacja,1,ADACBAA
9296,wyskok,1,ACABA
9297,okrąg,1,ACABA
9298,telemark,1,-
9299,empatii,1,-
9300,uosobienie,1,AEBAA
9301,porzucenie,1,AEBAA
9302,korporacyjny,1,CAB
9303,szczur,1,ABABAAA
9304,zatłoczony,1,CAB
9305,bezosobowy,1,CAB
9306,biurowiec,1,ACACBC
9307,sytuowany,1,BAAA
9308,brytyjskiej,1,-
9309,eton,1,-
9310,college,1,-
9311,brighton,1,-
9312,zatrudnić,1,BBCB
9313,zapleczu,1,-
9314,awansować,1,BAAA
9315,kucharz,1,AAABD
9316,nobel,1,ACACBAA
9317,rota,1,ADAAA
9318,wyczerpujący,1,CAA
9319,napój,1,BBCA
9320,energetyczny,1,CAB
9321,adrenalina,1,ADAAA
9322,skraj,1,ACACACB
9323,jasny,1,CAB
9324,dostawca,1,AABCBB
9325,hodowany,1,BAAA
9326,oddalać,1,BDA
9327,zrozumieć,1,BDBA
9328,londyn,1,-
9329,zamieszkać,1,BDA
9330,suffolk,1,-
9331,zmuszać,1,BDA
9332,wątróbka,1,ADAB
9333,ozór,1,ACAABAA
9334,podroby,1,AGAB
9335,dorset,1,-
9336,mroźny,1,CAB
9337,ogrzewać,1,BDA
9338,narodzony,1,BBCA
9339,jagnić się,1,-
9340,ogródek,1,ACABBA
9341,doglądać,1,BDA
9342,odżywiać,1,BDA
9343,filozofia,1,ADACBAA
9344,zabiegany,1,BDA
9345,kucharski,1,CBA
9346,table,1,-
9347,niedostępny,1,CAB
9348,zmarnować,1,BAAA
9349,dynia,1,ADACBABA
9350,szałwia,1,ADACBAA
9351,orzech,1,ABABAAB
9352,laskowy,1,CAB
9353,serwować,1,BAAA
9354,malowniczy,1,CAA
9355,sophie,1,-
9356,dahl,1,-
9357,etycznie,1,FB
9358,wegetarianin,1,AAABAA
9359,weganinem,1,-
9360,orędownik,1,AAACBA
9361,etyczny,1,CAB
9362,spożycie,1,AEBAA
9363,produkowany,1,BAAA
9364,dobrostanu,1,-
9365,owczy,1,CAA
9366,importować,1,BAAA
9367,irracjonalny,1,CAB
9368,sensowny,1,CAB
9369,biznesowo,1,-
9370,świnia,1,ADACBABA
9371,british,1,-
9372,primitive,1,-
9373,hebridean,1,-
9374,180,1,-
9375,pszczoła,1,ADAAA
9376,hodować,1,BAAA
9377,swobodny,1,CAB
9378,instynkt,1,ACAAAAA
9379,obrazować,1,BAAA
9380,złożoność,1,ADCCA
9381,supermarkecie,1,-
9382,anonimowość,1,ADCCA
9383,fenomen,1,AAACAAAB
9384,arcydzieło,1,AEAAAB
9385,rustykalny,1,CAB
9386,truskawka,1,ADAB
9387,cyfrową,1,-
9388,fast,1,-
9389,foodu,1,-
9390,wynos,1,-
9391,wiejski,1,CBA
9392,buchmann,1,-
9393,puttanesca,1,-
9394,filecików,1,-
9395,140,1,-
9396,kalamata,1,-
9397,wlać,1,BAFBD
9398,rozgniatać,1,BDA
9399,fileciki,1,-
9400,opłukać,1,BAAFA
9401,kran,1,ACAAAAA
9402,otrząsnąć,1,BAEAA
9403,starannie,1,FB
9404,ostrożeń,1,ACACBAA
9405,dosalać,1,BDA
9406,słony,1,CAB
9407,zrównoważyć,1,BCCA
9408,kwasowość,1,ADCCA
9409,rozdrobnić,1,BBCB
9410,palnik,1,ACABBA
9411,zagotować,1,BAAA
9412,osolony,1,BBCA
9413,wrzątek,1,ACABA
9414,ugotować,1,BAAA
9415,kubek,1,ACABBA
9416,posypać,1,BAAFA
9417,buraczany,1,CAB
9418,jabłkowy,1,CAB
9419,śmietana,1,ADAAA
9420,kremówka,1,ADAB
9421,węgorz,1,ABAAC
9422,chrzan,1,ACAAAAA
9423,kozi,1,CBB
9424,ser,1,ACAABAA
9425,jogurt,1,ACAAAAA
9426,prażony,1,CAB
9427,wyszorować,1,BAAA
9428,zlew,1,ACAAAAA
9429,piasek,1,ACABA
9430,obierać,1,BDA
9431,przycinać,1,BDA
9432,wrzenie,1,AEBAA
9433,ostrze,1,AEBAB
9434,ostygły,1,CAB
9435,zejście,1,AEBAA
9436,naciśnięcie,1,AEBAA
9437,satysfakcjonujący,1,BAAA
9438,rękawica,1,ADACABB
9439,różowy,1,CAB
9440,wysokoobrotowy,1,CAB
9441,blendera,1,-
9442,gęsty,1,CAB
9443,lać,1,BAFBD
9444,octowy,1,CAB
9445,przełamywać,1,BAAB
9446,nadmierny,1,CAB
9447,ziemistość,1,-
9448,rozjaśniać,1,BDA
9449,napowietrzać,1,BDA
9450,cudownie,1,FB
9451,aksamitny,1,CAB
9452,konsystencja,1,ADACBAA
9453,doprawiać,1,BDA
9454,przybrać,1,BAAFA
9455,przechować,1,BDA
9456,lodówka,1,ADAB
9457,zamrozić,1,BBCA
9458,deszczowy,1,CAB
9459,pikantny,1,CAB
9460,papryka,1,ADAB
9461,uprażyć,1,BCCA
9462,rozetrzeć,1,BABA
9463,moździerz,1,ACACBBA
9464,suszony,1,CAB
9465,filet,1,ACAABAA
9466,dzwonek,1,ACABBA
9467,morszczuk,1,ABAC
9468,rdzawiec,1,-
9469,halibut,1,ABABAAA
9470,okoń,1,ABAABA
9471,itp,1,-
9472,patelnia,1,ADACBAA
9473,rozgrzać,1,BAFBD
9474,zmiękły,1,CAB
9475,pachnieć,1,BACC
9476,przywrzeć,1,BABA
9477,rozgnieść,1,BAFCAA
9478,dodanie,1,AEBAA
9479,zetrzeć,1,BABA
9480,wycisnąć,1,BAEAA
9481,odstawa,1,ADAAA
9482,cytryna,1,ADAAA
9483,gęstnieć,1,BAD
9484,trzepaczka,1,ADAB
9485,rzadki,1,CBA
9486,posmakować,1,BAAA
9487,ewentualnie,1,FB
9488,sola,1,ABAABA
9489,posolić,1,BBCA
9490,zanurzyć,1,BCCA
9491,grubość,1,ADCCA
9492,rozpadać się,1,-
9493,pity,1,BAFB
9494,kuskusem,1,-
9495,okrasz,1,-
9496,kości,1,AGBC
9497,tarty,1,CAB
9498,żółtko,1,AEAAAA
9499,estragon,1,ACAAAAA
9500,otarty,1,CAB
9501,niewoskowanej,1,-
9502,pieprz,1,ABAAC
9503,smażenie,1,AEBAA
9504,łodyga,1,ADAB
9505,naciowy,1,CAB
9506,cienko,1,FA
9507,przekrojony,1,BBCA
9508,wzdłuż,1,FC
9509,250,1,-
9510,śmietanka,1,ADAB
9511,malaksera,1,-
9512,pasta,1,ADAAA
9513,olej,1,BAFBD
9514,kotlecik,1,ABAC
9515,żeliwny,1,CAB
9516,zrumienić,1,BBCA
9517,zaczekać,1,BDA
9518,przestygnąć,1,BAEB
9519,skosztować,1,BAAA
9520,utoczyć,1,BCCA
9521,rumiano,1,FC
9522,przepełniać,1,BDA
9523,odłożyć,1,BCCA
9524,wytopiony,1,BBCA
9525,tłuszcz,1,ACACACB
9526,niezrumieniona,1,-
9527,niedaleki,1,CBA
9528,odetchnąć,1,BAEAA
9529,ulga,1,ADAB
9530,strzelba,1,ADAAA
9531,ap,1,-
9532,wskoczyć,1,BCCA
9533,tvn24,1,-
9534,jerzy,1,-
9535,dziewulski,1,-
9536,antyterrorysta,1,-
9537,antyterrorystycznymi,1,-
9538,przebiec,1,BAFAAB
9539,najtrudniejszy,1,CAB
9540,evy,1,-
9541,magdalena,1,-
9542,dokumentujący,1,BAAA
9543,wypełniony,1,BBCA
9544,jonasa,1,-
9545,gahra,1,-
9546,store,1,-
9547,paradoks,1,ACAAAAA
9548,doświadczać,1,BDA
9549,najmocniej,1,FC
9550,powiadomić,1,BBCA
9551,upływający,1,BDA
9552,prezentowany,1,BAAA
9553,przeciwstawiać,1,BDA
9554,spiskowy,1,CAB
9555,oznajmić,1,BBCB
9556,tegoroczny,1,CAB
9557,ariany,1,-
9558,grande,1,-
9559,manchesterze,1,-
9560,800,1,-
9561,paryża,1,-
9562,madrytu,1,-
9563,najpilniej,1,FC
9564,monaster,1,ACAAAAA
9565,pustelnia,1,ADACBAA
9566,gołosiejewska,1,-
9567,moskiewskiego,1,-
9568,regularny,1,CAB
9569,slidstvo,1,-
9570,przykrywka,1,ADAB
9571,zapisanie,1,AEBAA
9572,szkółka,1,ADAB
9573,popołudniowy,1,CAB
9574,zatrudniony,1,BBCB
9575,rytm,1,ACAAAAA
9576,harmonogram,1,ACAAAAA
9577,tygodniowy,1,CAB
9578,typowy,1,CAB
9579,1966,1,-
9580,określany,1,BDA
9581,słowiański,1,CBA
9582,ukraińsku,1,-
9583,rosyjsku,1,-
9584,organizowany,1,BAAA
9585,pieśń,1,ADCCA
9586,dokumentacja,1,ADACBAA
9587,licencjonowany,1,BAAA
9588,przyklasztorny,1,CAB
9589,trwający,1,BDA
9590,zgodność,1,ADCCA
9591,przejaw,1,ACAAAAA
9592,równolegle,1,FB
9593,klasztor,1,ACAAAAA
9594,okoliczność,1,ADCCA
9595,powstanie,1,BAFABD
9596,zarejestrowan,1,-
9597,gąsiorowski,1,-
9598,ucieleśnienie,1,AEBAA
9599,lone,1,-
9600,wolf,1,-
9601,protoplasta,1,AABDAA
9602,nowożytny,1,CAB
9603,wskazówka,1,ADAB
9604,drogowskaz,1,ACAAAAA
9605,chociażby,1,GBBBA
9606,lewicowo,1,-
9607,zamiłowanie,1,AEBAA
9608,doktryna,1,ADAAA
9609,monarchia,1,ADACBAA
9610,feminizm,1,ACAAAAA
9611,frankfurckiej,1,-
9612,poddawany,1,BAAE
9613,ksenofobiczna,1,-
9614,rasistowski,1,CBA
9615,innowierca,1,AABCBB
9616,problematyka,1,ADAB
9617,dysfunkcyjności,1,-
9618,european,1,-
9619,declaration,1,-
9620,independence,1,-
9621,bierność,1,ADCCA
9622,migracja,1,ADACBAA
9623,jednakże,1,GBBBA
9624,pomijać,1,BDA
9625,poniższy,1,CAB
9626,odegrać,1,BDA
9627,autorytarnej,1,-
9628,niewątpliwie,1,FB
9629,olą,1,-
9630,mikołajem,1,-
9631,borysem,1,-
9632,brzozowskim,1,-
9633,interpretacja,1,ADACBAA
9634,dostrzec,1,BAFCAB
9635,wstęp,1,ACAAAAA
9636,zaczynający,1,BDA
9637,litera,1,ADAAA
9638,drogi,1,ADAB
9639,fikuśny,1,CAB
9640,okładka,1,ADAB
9641,format,1,ACAAAAA
9642,a4,1,-
9643,a5,1,-
9644,kafelek,1,ACABBA
9645,skrin,1,-
9646,tekstowy,1,CAB
9647,niezrozumiały,1,CAB
9648,recytacja,1,ADACBAA
9649,wczucie się,1,-
9650,czytany,1,BDA
9651,fraza,1,ADAAA
9652,natłok,1,ACABA
9653,skleić,1,BBCA
9654,mijany,1,BDA
9655,billboardzie,1,-
9656,zowąd,1,-
9657,intrygujący,1,BAAA
9658,pomyślany,1,CAB
9659,przełożenie,1,AEBAA
9660,alternatywny,1,CAB
9661,zapraszany,1,BDA
9662,dzielenie,1,AEBAA
9663,przykładowy,1,CAB
9664,grupowy,1,CAB
9665,metoda,1,ADAAA
9666,blackout,1,-
9667,poetry,1,-
9668,zakreślany,1,BDA
9669,wykorzystany,1,BDA
9670,przyniesiony,1,CAB
9671,mikołaj,1,-
9672,borys,1,-
9673,brzozowski,1,-
9674,kuratorsko,1,-
9675,styk,1,ACABA
9676,performansu,1,-
9677,wspólnotowy,1,-
9678,postartystycznych,1,-
9679,różnorodny,1,CAB
9680,sąsiedzki,1,CBA
9681,dotychczas,1,FC
9682,azyl,1,ACACAA
9683,pawilon,1,ACAAAAA
9684,staromiejski,1,CBA
9685,spotykany,1,BDA
9686,okaz,1,ACAAAAA
9687,oszlifowanie,1,AEBAA
9688,obserwowanie,1,AEBAA
9689,docenianie,1,AEBAA
9690,czerwienić,1,BBCA
9691,zielenić się,1,-
9692,żółcić,1,BBCA
9693,symbolika,1,ADAB
9694,przezroczysty,1,CAB
9695,oszlifowany,1,BAAA
9696,przypisywać,1,BAAB
9697,niewinność,1,ADCCA
9698,wierność,1,ADCCA
9699,harmonia,1,ADACBAA
9700,szmaragd,1,ACAAAAA
9701,płodność,1,ADCCA
9702,witalny,1,CAB
9703,rubin,1,ACAAAAA
9704,turmalin,1,ACAAAAA
9705,odwaga,1,ADAB
9706,szafir,1,ACAAAAA
9707,turkus,1,ACAAAAA
9708,akwamaryn,1,ACAAAAA
9709,rzadszy,1,CAB
9710,żółty,1,CAB
9711,nazywany,1,BDA
9712,ciekawostka,1,ADAB
9713,charakterystyka,1,ADAB
9714,najtwardszy,1,CAB
9715,jubilerstwo,1,AEAAAB
9716,przyozdabianie,1,AEBAA
9717,pierścionek,1,ACABBA
9718,zaręczynowy,1,CAB
9719,wyrób,1,BBCA
9720,prezent,1,ACAAAAA
9721,ślub,1,ACAAAAA
9722,wkruk,1,-
