lp,slowo,liczba
1,w,2202
2,i,1216
3,na,1108
4,z,1057
5,się,1012
6,nie,785
7,że,679
8,do,659
9,to,493
10,jest,416
11,o,361
12,a,291
13,breivik,269
14,po,256
15,od,229
16,jak,217
17,przez,198
18,za,195
19,ale,189
20,dla,188
21,czy,183
22,co,183
23,jego,164
24,roku,156
25,osób,150
26,który,144
27,są,142
28,ma,141
29,lat,136
30,które,131
31,norwegii,126
32,tym,124
33,przed,122
34,może,117
35,oraz,112
36,oslo,111
37,ich,108
38,też,108
39,był,100
40,wyspie,99
41,breivika,99
42,jednak,98
43,anders,98
44,ze,98
45,tylko,97
46,tak,96
47,być,96
48,bo,96
49,już,93
50,tego,91
51,r,88
52,utoya,87
53,będzie,85
54,go,85
55,pod,84
56,by,82
57,jako,78
58,lub,70
59,jej,70
60,sobie,69
61,mu,68
62,również,67
63,także,66
64,gdy,65
65,pracy,65
66,dzieci,63
67,mówi,62
68,został,60
69,jeśli,60
70,było,59
71,jeszcze,58
72,nawet,57
73,bardzo,57
74,tej,57
75,kilka,56
76,bez,56
77,nich,56
78,podczas,55
79,mają,54
80,on,54
81,można,53
82,która,53
83,partii,51
84,ponad,51
85,żeby,50
86,była,50
87,min,50
88,choć,49
89,którzy,48
90,temu,48
91,gdzie,48
92,ludzi,47
93,kiedy,46
94,sam,46
95,albo,46
96,im,46
97,miał,46
98,mnie,45
99,niż,45
100,sąd,45
101,więzienia,45
102,ten,44
103,przy,44
104,więc,44
105,nas,44
106,których,44
107,wiele,44
108,krakowie,44
109,wielu,43
110,zamachu,42
111,bezpieczestwa,41
112,trzeba,41
113,niego,41
114,wszystko,40
115,tam,40
116,którym,39
117,osoby,38
118,według,38
119,ludzie,37
120,były,37
121,innych,37
122,teraz,36
123,wtedy,36
124,coś,36
125,tych,36
126,bardziej,35
127,więzieniu,35
128,europie,35
129,mi,34
130,potem,34
131,zamachów,34
132,prezydenta,34
133,nad,33
134,takich,33
135,mogą,33
136,ją,33
137,zabił,33
138,premier,33
139,lipca,33
140,zginęło,33
141,zamachowiec,33
142,więcej,33
143,często,32
144,takie,32
145,je,32
146,później,31
147,ani,31
148,której,31
149,mówił,31
150,krakowa,31
151,miasta,31
152,aby,30
153,chce,30
154,kraju,29
155,jeden,29
156,te,29
157,sposób,29
158,powiedział,29
159,dwa,29
160,czas,29
161,jednym,28
162,raz,27
163,strony,27
164,właśnie,27
165,wcześniej,27
166,czyli,27
167,między,27
168,policja,27
169,człowieka,27
170,życia,27
171,zdaniem,27
172,masakry,27
173,we,27
174,dni,27
175,np,27
176,latach,26
177,ta,26
178,nic,26
179,aż,26
180,zamachy,26
181,mieć,25
182,mężczyzna,25
183,życie,25
184,swoje,25
185,praw,25
186,stycznia,25
187,najbardziej,25
188,nigdy,25
189,dwóch,24
190,miała,24
191,głównie,24
192,behring,24
193,policji,24
194,centrum,24
195,uwagę,24
196,ofiar,24
197,kilku,23
198,uważa,23
199,dlatego,23
200,u,23
201,wszystkie,23
202,broni,23
203,którą,23
204,usa,23
205,dziś,23
206,rok,23
207,zawsze,22
208,siebie,22
209,jesteśmy,22
210,napisał,22
211,letni,22
212,mieszkaców,22
213,czasu,22
214,norweskiej,22
215,karę,22
216,polsce,22
217,andersa,22
218,lata,22
219,niej,22
220,czym,21
221,kary,21
222,premiera,21
223,młodych,21
224,udział,21
225,nim,21
226,nikt,21
227,czasie,21
228,wyroku,21
229,ice,21
230,wolności,21
231,skazany,21
232,chodzi,20
233,natomiast,20
234,część,20
235,terrorysta,20
236,bro,20
237,dwie,20
238,proces,20
239,nowe,20
240,jedynie,20
241,świata,20
242,ataku,20
243,twierdzi,20
244,swoją,20
245,wojny,20
246,mógł,19
247,lecz,19
248,temat,19
249,nam,19
250,dzięki,19
251,pisze,19
252,europy,19
253,będą,19
254,wszyscy,19
255,dobrze,19
256,norwegia,19
257,historii,19
258,przeciwko,19
259,wyrok,19
260,nowy,19
261,m,19
262,dzielnicy,19
263,tysięcy,19
264,norweskie,19
265,wówczas,18
266,minut,18
267,początku,18
268,dlaczego,18
269,ważne,18
270,razem,18
271,wynika,18
272,swoich,18
273,my,18
274,prostu,18
275,służby,18
276,osiem,18
277,władze,18
278,zostało,18
279,godziny,18
280,jestem,18
281,swojej,18
282,swój,18
283,ona,18
284,bomby,18
285,zostanie,18
286,sprawie,18
287,minneapolis,18
288,widać,18
289,prawo,18
290,niebo,18
291,sprawca,18
292,przyznał,18
293,przecież,18
294,którego,18
295,mieście,18
296,powell,18
297,ostatnich,17
298,różnych,17
299,brak,17
300,zrobić,17
301,tuż,17
302,drugiej,17
303,norweski,17
304,najmniej,17
305,nadal,17
306,wśród,17
307,wszystkich,17
308,trzy,17
309,warunki,17
310,społeczestwa,17
311,good,17
312,internecie,17
313,polskiego,17
314,młodzieżówki,17
315,każdy,17
316,rządowej,17
317,referendum,17
318,transportu,17
319,tys,17
320,edukacji,17
321,musi,16
322,proc,16
323,naprawdę,16
324,dużo,16
325,kto,16
326,wydaje,16
327,ile,16
328,zastrzelił,16
329,piątek,16
330,byli,16
331,opowiada,16
332,sądu,16
333,zostać,16
334,jedna,16
335,rządu,16
336,domu,16
337,zbyt,16
338,służb,16
339,swoim,16
340,filmie,16
341,prezydent,16
342,obecnie,16
343,zamach,16
344,przemocy,16
345,uznał,16
346,kolei,16
347,następnie,16
348,ręce,16
349,tu,16
350,historia,16
351,ocen,16
352,strefy,16
353,mln,16
354,teatru,16
355,ksiądz,16
356,andrzej,16
357,ewa,16
358,kacmajor,16
359,pierwszym,15
360,polski,15
361,stanie,15
362,pan,15
363,inne,15
364,da,15
365,tyle,15
366,jednocześnie,15
367,dostęp,15
368,ja,15
369,obozie,15
370,zaczął,15
371,miejsce,15
372,około,15
373,stoltenberg,15
374,chciał,15
375,pastwo,15
376,powodu,15
377,powinien,15
378,świecie,15
379,zarówno,15
380,zamachowca,15
381,organizacji,15
382,mimo,15
383,pierwszy,15
384,ilska,15
385,g,15
386,obrony,14
387,kobieta,14
388,należy,14
389,problem,14
390,trzech,14
391,słowa,14
392,jednej,14
393,zamiast,14
394,działania,14
395,morderca,14
396,skrajnie,14
397,wielkiej,14
398,tragedii,14
399,świat,14
400,mija,14
401,uczestników,14
402,obozu,14
403,kara,14
404,adwokat,14
405,odbywa,14
406,wiadomo,14
407,mówią,14
408,mamy,14
409,cały,14
410,szkoły,14
411,wniosek,14
412,miasto,14
413,imigrantów,14
414,atak,14
415,ue,14
416,zwierząt,14
417,czego,13
418,oczywiście,13
419,szybko,13
420,mężczyzn,13
421,innego,13
422,pierwsze,13
423,tłumaczył,13
424,lepiej,13
425,możliwości,13
426,czasów,13
427,samochód,13
428,pół,13
429,wyspę,13
430,ofiary,13
431,mieszkacy,13
432,jakich,13
433,izolacji,13
434,wymiar,13
435,trumpa,13
436,została,13
437,film,13
438,jakiś,13
439,stronie,13
440,ktoś,13
441,norweg,13
442,możliwość,13
443,miały,13
444,środki,13
445,pieniądze,13
446,dziećmi,13
447,filmu,13
448,gdyby,13
449,oceny,13
450,uczniów,13
451,norweskiego,13
452,części,13
453,miszalskiego,13
454,wobec,13
455,czystego,13
456,ukasz,13
457,stanowi,13
458,wielokulturowości,13
459,godz,13
460,manifeście,13
461,dom,13
462,abw,13
463,sytuacji,12
464,długo,12
465,wraz,12
466,zmiany,12
467,jedną,12
468,rozmowy,12
469,przede,12
470,wszystkim,12
471,rzeczy,12
472,ci,12
473,przykład,12
474,powiedziała,12
475,coraz,12
476,ok,12
477,gier,12
478,przebywa,12
479,miejscu,12
480,informacje,12
481,kolejne,12
482,stolicy,12
483,sobotę,12
484,niektórzy,12
485,najpierw,12
486,ludziom,12
487,norweskich,12
488,prawa,12
489,prawicowy,12
490,doszło,12
491,wybuchu,12
492,jakie,12
493,śmierci,12
494,agent,12
495,poza,12
496,wydarzenia,12
497,sprawę,12
498,dodaje,12
499,rocznica,12
500,nienawiści,12
501,manifest,12
502,projekt,12
503,członkiem,12
504,skarży,12
505,praco,12
506,takiego,12
507,jaki,12
508,rodzice,12
509,rolę,12
510,wielokrotnie,12
511,ocena,12
512,razie,12
513,norweska,12
514,ciągu,12
515,większość,12
516,kraków,12
517,jednego,12
518,odrzucił,12
519,korespondencji,12
520,ii,12
521,europejska,12
522,scenie,12
523,kanał,12
524,wyświetle,12
525,felicja,12
526,przypadku,11
527,otworzył,11
528,dość,11
529,kocu,11
530,działa,11
531,skoro,11
532,zagrożenie,11
533,typu,11
534,warto,11
535,zapewne,11
536,nasze,11
537,pięć,11
538,wystarczy,11
539,nimi,11
540,nowych,11
541,lipcu,11
542,rannych,11
543,sieci,11
544,jens,11
545,związku,11
546,letnia,11
547,napastnik,11
548,strzelał,11
549,niestety,11
550,norwegię,11
551,warunków,11
552,wyniku,11
553,pokazuje,11
554,stwierdził,11
555,dzie,11
556,miało,11
557,strach,11
558,prawie,11
559,szkole,11
560,lippestad,11
561,wciąż,11
562,policjanta,11
563,żadnych,11
564,pierwsza,11
565,mój,11
566,będziemy,11
567,inna,11
568,dopiero,11
569,miszalski,11
570,procent,11
571,podpisów,11
572,sct,11
573,sądem,11
574,polityczną,11
575,celem,11
576,przedmiotu,11
577,dokonał,11
578,rodziny,11
579,ks,11
580,podsiadło,11
581,pani,11
582,ewy,11
583,muzeum,11
584,dodaj,11
585,podobnie,10
586,zespół,10
587,filmy,10
588,dzieje,10
589,życiu,10
590,raczej,10
591,innym,10
592,takiej,10
593,ponieważ,10
594,śmierć,10
595,razu,10
596,walki,10
597,młodzi,10
598,wyspy,10
599,osobami,10
600,policję,10
601,telewizji,10
602,przegrał,10
603,sprawy,10
604,zrobił,10
605,odsiaduje,10
606,przestępstwa,10
607,rząd,10
608,zjednoczonych,10
609,agenta,10
610,razy,10
611,drzwi,10
612,okazało,10
613,przeciw,10
614,całą,10
615,fot,10
616,tutaj,10
617,naszych,10
618,znany,10
619,mediów,10
620,przepisy,10
621,więźniów,10
622,pochodzenia,10
623,procesu,10
624,polityki,10
625,czegoś,10
626,rodziców,10
627,samo,10
628,nauczycieli,10
629,materiały,10
630,mam,10
631,tę,10
632,zespołu,10
633,zostały,10
634,nauki,10
635,człowiek,10
636,norweskim,10
637,pis,10
638,dokładnie,10
639,poprzez,10
640,prawicowych,10
641,teatr,10
642,spektaklu,10
643,eksperci,10
644,tiktoku,10
645,informacji,10
646,oznacza,10
647,wody,10
648,sekty,10
649,henryk,10
650,jakubowskich,10
651,majdanu,10
652,kolejny,9
653,pierwszej,9
654,ostatecznie,9
655,okazji,9
656,prof,9
657,stoi,9
658,tymczasem,9
659,nią,9
660,zwłaszcza,9
661,roli,9
662,relacji,9
663,ciała,9
664,duże,9
665,niezwykle,9
666,znów,9
667,znacznie,9
668,kobiety,9
669,pieniędzy,9
670,światem,9
671,sprawiedliwości,9
672,nastolatków,9
673,możliwością,9
674,kontakt,9
675,eksplozji,9
676,władzy,9
677,mediach,9
678,poniedziałek,9
679,brytanii,9
680,wieczorem,9
681,głos,9
682,chciała,9
683,inny,9
684,przepisów,9
685,tragedię,9
686,zgodnie,9
687,mieli,9
688,szczególnie,9
689,chcemy,9
690,dzisiaj,9
691,pozbawienia,9
692,grupa,9
693,wieku,9
694,wskazuje,9
695,geir,9
696,wojna,9
697,tłumaczy,9
698,najwyższy,9
699,książki,9
700,ogóle,9
701,liczby,9
702,wymaga,9
703,ruchu,9
704,drodze,9
705,drogi,9
706,początek,9
707,krzysztof,9
708,reżyser,9
709,zespołem,9
710,bowiem,9
711,odpowiedzi,9
712,wyłącznie,9
713,podstawie,9
714,liceum,9
715,ku,9
716,dalej,9
717,hollywood,9
718,serialu,9
719,krajów,9
720,partia,9
721,koniec,9
722,zł,9
723,wprowadzenie,9
724,politycznej,9
725,wtorek,9
726,europejskiej,9
727,jedzenia,9
728,ataki,9
729,muzułmanów,9
730,możemy,9
731,media,9
732,obóz,9
733,kultury,9
734,unii,9
735,mąż,9
736,drugie,9
737,młodzieży,9
738,łatwo,9
739,terrorystycznych,9
740,zegarki,9
741,nieba,9
742,kamieni,9
743,cytryny,9
744,stron,8
745,zaczęli,8
746,siły,8
747,seks,8
748,znaczy,8
749,mężczyźni,8
750,wartości,8
751,pewnie,8
752,choroby,8
753,takim,8
754,nami,8
755,bada,8
756,pojawia,8
757,pytania,8
758,ostatnie,8
759,możliwe,8
760,czasem,8
761,rozwiązania,8
762,całe,8
763,zobaczyć,8
764,własnych,8
765,grozi,8
766,liście,8
767,minister,8
768,głowę,8
769,ruch,8
770,pojawiają,8
771,zachód,8
772,większości,8
773,bezpieczestwo,8
774,słychać,8
775,drugim,8
776,pierwszych,8
777,pastwu,8
778,wygląda,8
779,samochodzie,8
780,list,8
781,kobietę,8
782,działał,8
783,zupełnie,8
784,tragedia,8
785,siedzi,8
786,zanim,8
787,przeżył,8
788,godzin,8
789,środę,8
790,ramach,8
791,nowego,8
792,postaci,8
793,muszą,8
794,zaledwie,8
795,oni,8
796,chcą,8
797,powinny,8
798,ofiarom,8
799,stał,8
800,ogie,8
801,pisał,8
802,grudnia,8
803,domowej,8
804,zdrowia,8
805,krajach,8
806,klient,8
807,chociaż,8
808,adrian,8
809,pory,8
810,rozmowie,8
811,gdyż,8
812,grup,8
813,jeżeli,8
814,taka,8
815,uniwersytetu,8
816,radny,8
817,nieco,8
818,widzów,8
819,dziecko,8
820,jedno,8
821,grupy,8
822,moment,8
823,szkołach,8
824,każdego,8
825,uczniowie,8
826,klasie,8
827,znaczenia,8
828,umiejętności,8
829,podkreśla,8
830,sami,8
831,bronią,8
832,przedmiot,8
833,fakt,8
834,hit,8
835,przekonuje,8
836,piotr,8
837,prawicy,8
838,michał,8
839,niepodległości,8
840,nowym,8
841,traktowanie,8
842,apelacyjny,8
843,norweskiemu,8
844,prawicą,8
845,twierdził,8
846,powrót,8
847,uważał,8
848,swych,8
849,produkcji,8
850,członków,8
851,edukacja,8
852,społeczestwie,8
853,politycznych,8
854,słowackiego,8
855,skarżył,8
856,cel,8
857,ojciec,8
858,internetu,8
859,matki,8
860,stylu,8
861,koperty,8
862,chlebda,8
863,gdzieś,8
864,chór,8
865,terroru,8
866,zero,8
867,rosji,8
868,miesięcy,8
869,downa,8
870,wydarze,8
871,razer,8
872,d,8
873,zdrowotnej,8
874,policjanci,8
875,pomoc,8
876,julius,8
877,roberts,8
878,smaż,8
879,sos,8
880,szlachetnych,8
881,czwartek,7
882,ostatnim,7
883,rozpoczął,7
884,cztery,7
885,kilkadziesiąt,7
886,obie,7
887,seksu,7
888,funkcjonowania,7
889,najczęściej,7
890,potrafią,7
891,nowej,7
892,musimy,7
893,jakieś,7
894,każdej,7
895,głowie,7
896,problemy,7
897,pierwszą,7
898,ważny,7
899,władz,7
900,mogę,7
901,więzienne,7
902,wybuchowe,7
903,km,7
904,rządzącej,7
905,dnia,7
906,półtorej,7
907,zamachem,7
908,chodził,7
909,wiedziałem,7
910,telefonu,7
911,agencja,7
912,storrvik,7
913,służba,7
914,wielką,7
915,opublikowanym,7
916,zapobiec,7
917,renee,7
918,akcji,7
919,kupił,7
920,samochodu,7
921,planie,7
922,ds,7
923,taką,7
924,syna,7
925,stracił,7
926,layering,7
927,ekstremista,7
928,zabitych,7
929,sądzie,7
930,psychicznie,7
931,zbrodni,7
932,ponownie,7
933,jaką,7
934,lutym,7
935,względu,7
936,bomba,7
937,oddał,7
938,dodał,7
939,mróz,7
940,marta,7
941,znać,7
942,byłoby,7
943,the,7
944,dzieciom,7
945,kina,7
946,nasz,7
947,e,7
948,znaleźć,7
949,one,7
950,dziecka,7
951,okazał,7
952,główną,7
953,zapisz,7
954,pniej,7
955,aktorzy,7
956,prób,7
957,postać,7
958,inaczej,7
959,koca,7
960,przypomina,7
961,nasza,7
962,spotkania,7
963,lublinie,7
964,ostatni,7
965,powstał,7
966,aleksander,7
967,emocji,7
968,powinna,7
969,ocenę,7
970,ucznia,7
971,inni,7
972,zależy,7
973,sama,7
974,którymi,7
975,pozwala,7
976,opowieść,7
977,wokół,7
978,bartosz,7
979,innymi,7
980,drewnicki,7
981,udało,7
982,ówczesny,7
983,gibała,7
984,próbował,7
985,jasne,7
986,nieludzkim,7
987,traktowaniem,7
988,kontrolę,7
989,domagał,7
990,przeprowadził,7
991,światowej,7
992,możliwy,7
993,skrajną,7
994,postępu,7
995,czynów,7
996,imię,7
997,konieczne,7
998,ubrany,7
999,muzułmaskich,7
1000,internetowych,7
1001,deklaracja,7
1002,manifestu,7
1003,gazet,7
1004,polskim,7
1005,kolejnych,7
1006,polskich,7
1007,całej,7
1008,mieszka,7
1009,sierpnia,7
1010,przypadek,7
1011,terroryzmu,7
1012,europa,7
1013,konto,7
1014,billie,7
1015,konkursu,7
1016,kuwety,7
1017,luiza,7
1018,nysy,7
1019,ewę,7
1020,oze,7
1021,schronisko,7
1022,bezdomnych,7
1023,drobno,7
1024,drugi,6
1025,króla,6
1026,uderzył,6
1027,trafił,6
1028,uratować,6
1029,strzałem,6
1030,dobrej,6
1031,obok,6
1032,bycia,6
1033,mężczyzną,6
1034,tworzą,6
1035,taki,6
1036,wielkiego,6
1037,badania,6
1038,książce,6
1039,rzecz,6
1040,żyć,6
1041,pokazują,6
1042,kobiet,6
1043,obawy,6
1044,lęk,6
1045,kontroli,6
1046,ochrony,6
1047,własnej,6
1048,stan,6
1049,seksie,6
1050,jakość,6
1051,bliskości,6
1052,ciebie,6
1053,stronę,6
1054,cię,6
1055,częściej,6
1056,pomysł,6
1057,istnieje,6
1058,druga,6
1059,mniej,6
1060,otwartości,6
1061,wartość,6
1062,playstation,6
1063,wyraził,6
1064,dorosłych,6
1065,grać,6
1066,mógłby,6
1067,większego,6
1068,zapowiada,6
1069,bombowym,6
1070,młodzieżówka,6
1071,godzinę,6
1072,budynków,6
1073,siedzibą,6
1074,zginęły,6
1075,wydarzeniach,6
1076,lewicowej,6
1077,strzelać,6
1078,pistoletu,6
1079,skoczyła,6
1080,chyba,6
1081,napisała,6
1082,pobytu,6
1083,natychmiast,6
1084,pomocą,6
1085,myśli,6
1086,najpewniej,6
1087,próbuje,6
1088,otwarte,6
1089,kierowcy,6
1090,wspomnienia,6
1091,zdjęcie,6
1092,pracuje,6
1093,dziesięciu,6
1094,brał,6
1095,uderza,6
1096,ulice,6
1097,krajowego,6
1098,powiedzieć,6
1099,punkt,6
1100,kolejna,6
1101,podłożył,6
1102,bombę,6
1103,szef,6
1104,wysłał,6
1105,polityków,6
1106,sześć,6
1107,trwa,6
1108,uzbrojony,6
1109,raport,6
1110,klubu,6
1111,prokuratura,6
1112,prawda,6
1113,terrorysty,6
1114,izolacja,6
1115,polak,6
1116,stara,6
1117,osobą,6
1118,wiem,6
1119,ograniczenie,6
1120,zachowania,6
1121,kierowców,6
1122,wpływa,6
1123,dotąd,6
1124,skrzat,6
1125,moim,6
1126,mną,6
1127,festiwal,6
1128,oglądać,6
1129,największy,6
1130,mówiła,6
1131,skrzata,6
1132,wie,6
1133,aktorów,6
1134,praca,6
1135,władzę,6
1136,spotkanie,6
1137,granic,6
1138,próby,6
1139,sprawcy,6
1140,amelka,6
1141,masowego,6
1142,synem,6
1143,ludźmi,6
1144,niemczech,6
1145,nagrodę,6
1146,wyjdzie,6
1147,scenę,6
1148,wsparcia,6
1149,no,6
1150,krzysztofa,6
1151,nr,6
1152,nauczyciele,6
1153,warszawie,6
1154,lutego,6
1155,pracować,6
1156,wyższej,6
1157,wprost,6
1158,trochę,6
1159,najlepiej,6
1160,działalności,6
1161,dniach,6
1162,law,6
1163,momencie,6
1164,jakea,6
1165,decyzja,6
1166,serial,6
1167,odwołać,6
1168,szanse,6
1169,niemal,6
1170,konfederacji,6
1171,największych,6
1172,ubiegłego,6
1173,złotych,6
1174,wzrosła,6
1175,marca,6
1176,rodzina,6
1177,podoba,6
1178,względów,6
1179,akcja,6
1180,spełnia,6
1181,duża,6
1182,instancji,6
1183,konwencji,6
1184,swoimi,6
1185,osadzony,6
1186,popełnił,6
1187,muzułmaskiej,6
1188,ideologii,6
1189,próba,6
1190,prowadził,6
1191,materiałów,6
1192,album,6
1193,samym,6
1194,youtube,6
1195,kościół,6
1196,prawicowej,6
1197,muzykę,6
1198,historię,6
1199,juliusza,6
1200,sofoklesa,6
1201,andrzeja,6
1202,premierę,6
1203,dostępne,6
1204,poinformował,6
1205,zdetonował,6
1206,zdjęcia,6
1207,tekst,6
1208,zdrowy,6
1209,zgody,6
1210,szalony,6
1211,ataków,6
1212,norwegów,6
1213,blisko,6
1214,tygodnie,6
1215,wspomina,6
1216,matką,6
1217,wrócił,6
1218,pobliżu,6
1219,niedaleko,6
1220,glen,6
1221,idealnie,6
1222,wreszcie,6
1223,zajęcia,6
1224,ty,6
1225,schroniska,6
1226,księdza,6
1227,małe,6
1228,zresztą,6
1229,dorobku,6
1230,facebooku,6
1231,instytutu,6
1232,dawida,6
1233,dyrektor,6
1234,dodatek,6
1235,ekstremizm,6
1236,swojego,6
1237,raporcie,6
1238,treści,6
1239,chleb,6
1240,warszawa,6
1241,miałam,6
1242,sprzed,6
1243,przekazał,6
1244,ukrainy,6
1245,energii,6
1246,kolor,6
1247,dawid,6
1248,płycie,6
1249,aresztowany,6
1250,babci,6
1251,niebie,6
1252,juliusa,6
1253,smak,6
1254,puszki,6
1255,soli,6
1256,dolej,6
1257,tahini,6
1258,barcelona,5
1259,athletic,5
1260,niedzielę,5
1261,polaków,5
1262,nadzieję,5
1263,pojawił,5
1264,gry,5
1265,karnego,5
1266,zagrał,5
1267,obu,5
1268,staje,5
1269,męskości,5
1270,masz,5
1271,jesteś,5
1272,seksualne,5
1273,spotyka,5
1274,kategorii,5
1275,całego,5
1276,systemu,5
1277,kwestie,5
1278,zdrowie,5
1279,czują,5
1280,najważniejszych,5
1281,rzeczywiście,5
1282,problemem,5
1283,partnera,5
1284,jakości,5
1285,różne,5
1286,najważniejsze,5
1287,znaczenie,5
1288,zmienia,5
1289,zdania,5
1290,wiemy,5
1291,widzę,5
1292,praktyczne,5
1293,pewnością,5
1294,pyta,5
1295,pytanie,5
1296,otwarcie,5
1297,choćby,5
1298,rodzinnego,5
1299,rękę,5
1300,kwestii,5
1301,ostatnio,5
1302,młodości,5
1303,doświadczenia,5
1304,komunikacji,5
1305,strajkiem,5
1306,głodowym,5
1307,zamordował,5
1308,model,5
1309,nazywa,5
1310,politycznym,5
1311,dopóki,5
1312,przedłużenia,5
1313,zabić,5
1314,nagle,5
1315,jensa,5
1316,stoltenberga,5
1317,nawozów,5
1318,sztucznych,5
1319,wybuch,5
1320,kilkudziesięciu,5
1321,ładunki,5
1322,teren,5
1323,tysiąca,5
1324,młodzież,5
1325,polityk,5
1326,wyciągnął,5
1327,opowiadają,5
1328,jakby,5
1329,świadków,5
1330,strzały,5
1331,strzelanina,5
1332,wytoczył,5
1333,pozwał,5
1334,mówiąc,5
1335,codziennie,5
1336,dyspozycji,5
1337,stwierdzono,5
1338,zapowiedział,5
1339,prawnik,5
1340,chwili,5
1341,andreas,5
1342,pracę,5
1343,wysp,5
1344,stanów,5
1345,archipelagu,5
1346,zamian,5
1347,oficjalnie,5
1348,stała,5
1349,poddany,5
1350,najważniejsza,5
1351,związane,5
1352,maja,5
1353,nicole,5
1354,zginęła,5
1355,nagraniach,5
1356,suva,5
1357,ręku,5
1358,trzyma,5
1359,telefon,5
1360,alpha,5
1361,ubiegłym,5
1362,chwilę,5
1363,filmach,5
1364,wiedzy,5
1365,rano,5
1366,same,5
1367,duży,5
1368,wewnętrznego,5
1369,śledztwo,5
1370,jorku,5
1371,hilton,5
1372,funkcjonariusze,5
1373,próbowali,5
1374,czytamy,5
1375,miejsca,5
1376,wątpliwości,5
1377,powinni,5
1378,wystarczająco,5
1379,mocy,5
1380,dokąd,5
1381,przyjaciół,5
1382,strachu,5
1383,temperatury,5
1384,stroju,5
1385,występują,5
1386,uroczystości,5
1387,nato,5
1388,politycy,5
1389,mowie,5
1390,letniego,5
1391,potrzebie,5
1392,rasy,5
1393,dostał,5
1394,ministerstwa,5
1395,strzelaninie,5
1396,obroca,5
1397,zbrodnię,5
1398,dziennik,5
1399,wystąpił,5
1400,masakrę,5
1401,niby,5
1402,pomocy,5
1403,wybuchła,5
1404,niedawno,5
1405,szpitala,5
1406,wzrost,5
1407,dr,5
1408,potrzebne,5
1409,myślę,5
1410,tworzenie,5
1411,naszym,5
1412,założenia,5
1413,minęło,5
1414,dobrym,5
1415,mogli,5
1416,cała,5
1417,tytuł,5
1418,siedem,5
1419,robią,5
1420,rozmowę,5
1421,ojcem,5
1422,warsztaty,5
1423,reż,5
1424,słów,5
1425,przyszedł,5
1426,chłopców,5
1427,złe,5
1428,pamiętam,5
1429,mówili,5
1430,zaś,5
1431,trwała,5
1432,żadnej,5
1433,będę,5
1434,sobą,5
1435,jedynym,5
1436,ponadto,5
1437,styczniu,5
1438,piosenek,5
1439,sprawa,5
1440,listopada,5
1441,prawem,5
1442,zaczyna,5
1443,wpływu,5
1444,poziom,5
1445,liczba,5
1446,zasady,5
1447,wiadomości,5
1448,decyzji,5
1449,lippestadt,5
1450,konferencji,5
1451,opowiadał,5
1452,ugrupowania,5
1453,vince,5
1454,system,5
1455,gruncie,5
1456,kiedyś,5
1457,wspólnie,5
1458,sprzedaży,5
1459,wolno,5
1460,młody,5
1461,czasami,5
1462,telewizja,5
1463,mnóstwo,5
1464,artystą,5
1465,zamachach,5
1466,króli,5
1467,twierdzą,5
1468,wyborczej,5
1469,rządów,5
1470,chcę,5
1471,obywateli,5
1472,tygodni,5
1473,krakowski,5
1474,narodowym,5
1475,krytyki,5
1476,działacze,5
1477,ukasza,5
1478,miejskiej,5
1479,wziął,5
1480,krakowskim,5
1481,doskonale,5
1482,głosów,5
1483,rzepliska,5
1484,zaznacza,5
1485,najprawdopodobniej,5
1486,łącznie,5
1487,jarosław,5
1488,prawica,5
1489,mało,5
1490,kandydat,5
1491,przyznaje,5
1492,posła,5
1493,sprawą,5
1494,żadnego,5
1495,problemu,5
1496,strefa,5
1497,polityczne,5
1498,hasła,5
1499,doświadczenie,5
1500,organizatorzy,5
1501,kwietniu,5
1502,trzymanie,5
1503,sprzeczne,5
1504,poszanowania,5
1505,prywatnego,5
1506,europejską,5
1507,wideo,5
1508,izolację,5
1509,zniesiono,5
1510,v,5
1511,wolność,5
1512,utożsamiający,5
1513,zarzucanych,5
1514,inwazji,5
1515,nieludzkie,5
1516,skazanego,5
1517,skarga,5
1518,bomb,5
1519,utwór,5
1520,boże,5
1521,ziemi,5
1522,zapisał,5
1523,powietrze,5
1524,nazwiska,5
1525,wersję,5
1526,masakrą,5
1527,związek,5
1528,walka,5
1529,europejskiego,5
1530,poglądy,5
1531,mundur,5
1532,kościele,5
1533,liga,5
1534,glock,5
1535,czyn,5
1536,interesował,5
1537,szkół,5
1538,obywatelska,5
1539,przygotowanie,5
1540,obywatelskie,5
1541,istnieją,5
1542,klasach,5
1543,iii,5
1544,opinii,5
1545,artyści,5
1546,reżyserii,5
1547,jakuba,5
1548,roszkowskiego,5
1549,musical,5
1550,zaprasza,5
1551,formie,5
1552,daniel,5
1553,iż,5
1554,zabijając,5
1555,skrajnej,5
1556,europejskich,5
1557,dniu,5
1558,prawdopodobnie,5
1559,adwokata,5
1560,pastwa,5
1561,mogło,5
1562,prace,5
1563,pastw,5
1564,kraje,5
1565,swym,5
1566,londynie,5
1567,źródłem,5
1568,b,5
1569,południe,5
1570,opisuje,5
1571,kwietnia,5
1572,przedterminowego,5
1573,zwolnienia,5
1574,okres,5
1575,utoyi,5
1576,lepszych,5
1577,powella,5
1578,największą,5
1579,wrażenie,5
1580,limato,5
1581,wkrótce,5
1582,top,5
1583,gun,5
1584,kim,5
1585,wiadomość,5
1586,poznał,5
1587,źródeł,5
1588,filharmonii,5
1589,prawicowego,5
1590,terror,5
1591,zachodu,5
1592,radykalnych,5
1593,świątecznej,5
1594,prawilne,5
1595,polki,5
1596,sztuczną,5
1597,inteligencję,5
1598,polskiej,5
1599,całym,5
1600,dużej,5
1601,chłopak,5
1602,ronaldo,5
1603,moja,5
1604,wyjątkowość,5
1605,czarna,5
1606,stąd,5
1607,łączy,5
1608,terroryzmem,5
1609,specjalnych,5
1610,dekady,5
1611,ekspert,5
1612,nocy,5
1613,kazał,5
1614,eilish,5
1615,konkursie,5
1616,dużą,5
1617,modele,5
1618,wrocławiu,5
1619,moda,5
1620,skibidi,5
1621,otwarta,5
1622,podkreślono,5
1623,organizację,5
1624,tennessee,5
1625,psa,5
1626,rozmawiać,5
1627,olszowska,5
1628,wiedzę,5
1629,punktów,5
1630,małopolsce,5
1631,areszcie,5
1632,kuweta,5
1633,mdc,5
1634,terrorystycznego,5
1635,znaleźli,5
1636,islamskich,5
1637,domów,5
1638,odpowiedzialny,5
1639,sekcie,5
1640,majdanie,5
1641,bogdan,5
1642,kuchni,5
1643,luizy,5
1644,piekle,5
1645,babcia,5
1646,kacmajora,5
1647,ws,5
1648,cebulę,5
1649,zwolnienie,5
1650,schronisku,5
1651,psów,5
1652,pomidorów,5
1653,oliwy,5
1654,buraki,5
1655,klopsiki,5
1656,kurczaka,5
1657,poezja,5
1658,kamienie,5
1659,szlachetne,5
1660,bilbao,4
1661,toczy,4
1662,rola,4
1663,stało,4
1664,rozpoczęła,4
1665,pola,4
1666,głową,4
1667,własnego,4
1668,minucie,4
1669,pięciu,4
1670,trafić,4
1671,niewiele,4
1672,zmian,4
1673,drużyny,4
1674,dodatkową,4
1675,presję,4
1676,rozmowa,4
1677,odmawia,4
1678,dawidem,4
1679,element,4
1680,potrzeby,4
1681,gabinecie,4
1682,zaczynają,4
1683,unikać,4
1684,libido,4
1685,poczucie,4
1686,ciałem,4
1687,oceną,4
1688,inną,4
1689,problemów,4
1690,oczekiwania,4
1691,kwestia,4
1692,trudności,4
1693,skutki,4
1694,wpływ,4
1695,ciele,4
1696,specjalisty,4
1697,motywuje,4
1698,zdarza,4
1699,bądź,4
1700,ciepła,4
1701,wsparcie,4
1702,zainteresowanie,4
1703,trudne,4
1704,idzie,4
1705,zapach,4
1706,reakcję,4
1707,wyszło,4
1708,spokojnie,4
1709,połowy,4
1710,dobry,4
1711,delikatnie,4
1712,wizytę,4
1713,zdecydowanie,4
1714,kogoś,4
1715,pokazać,4
1716,rozumiem,4
1717,ryzyko,4
1718,poprawić,4
1719,wierzą,4
1720,wysokości,4
1721,dłużej,4
1722,większe,4
1723,wcale,4
1724,pary,4
1725,praktyce,4
1726,dyskusje,4
1727,samego,4
1728,prawdziwe,4
1729,zakładu,4
1730,narzeka,4
1731,dostępu,4
1732,kontaktu,4
1733,prawicowi,4
1734,konkretnie,4
1735,przebywała,4
1736,sierpniu,4
1737,skazał,4
1738,dobijał,4
1739,zazwyczaj,4
1740,rządowych,4
1741,wyszli,4
1742,przebywało,4
1743,polach,4
1744,brali,4
1745,pojawić,4
1746,gro,4
1747,harlem,4
1748,brundtland,4
1749,mundurze,4
1750,przekazania,4
1751,automatycznej,4
1752,zmieniał,4
1753,chowali,4
1754,okno,4
1755,przeżyć,4
1756,wiedzą,4
1757,zdradzić,4
1758,przekonywał,4
1759,więzienie,4
1760,jasno,4
1761,dobrego,4
1762,przedłużona,4
1763,reprezentujący,4
1764,oświadczeniu,4
1765,imienia,4
1766,mauritiusowi,4
1767,imieniem,4
1768,portalu,4
1769,zagrożeniem,4
1770,formalnie,4
1771,trwają,4
1772,pochodzi,4
1773,rossa,4
1774,bordowego,4
1775,trump,4
1776,administracja,4
1777,prezydentem,4
1778,samochodem,4
1779,nagrania,4
1780,porządku,4
1781,oczy,4
1782,pies,4
1783,agenci,4
1784,otworzyć,4
1785,uniknąć,4
1786,żona,4
1787,przyjął,4
1788,cudem,4
1789,dostępnych,4
1790,protestują,4
1791,tysiące,4
1792,kwiaty,4
1793,noc,4
1794,odmówił,4
1795,hotelu,4
1796,protesty,4
1797,sieć,4
1798,kampanię,4
1799,znane,4
1800,instagramie,4
1801,swego,4
1802,szukać,4
1803,becca,4
1804,naszej,4
1805,znajduje,4
1806,potrzebuje,4
1807,dodała,4
1808,podstawowej,4
1809,znalazły,4
1810,szczęście,4
1811,ojca,4
1812,drogę,4
1813,trend,4
1814,niskie,4
1815,dziwnego,4
1816,kompozycji,4
1817,bazą,4
1818,dodatkami,4
1819,odkąd,4
1820,dekadę,4
1821,pojechał,4
1822,białej,4
1823,najwyższa,4
1824,strzelaniny,4
1825,pistolet,4
1826,pozwolenie,4
1827,myślą,4
1828,psychicznego,4
1829,legalnie,4
1830,strzeleckiego,4
1831,wielka,4
1832,szwecji,4
1833,domaga,4
1834,zdobył,4
1835,wczoraj,4
1836,chory,4
1837,wojnie,4
1838,robić,4
1839,śmiercią,4
1840,izolowany,4
1841,kontaktów,4
1842,czuję,4
1843,ono,4
1844,ostatnią,4
1845,ramię,4
1846,musiałem,4
1847,pogodzić,4
1848,wywiadzie,4
1849,poniosło,4
1850,rodzin,4
1851,masakra,4
1852,jedyna,4
1853,relacja,4
1854,wydarzyło,4
1855,poszedł,4
1856,studia,4
1857,uważać,4
1858,serca,4
1859,lekarze,4
1860,zatrzymania,4
1861,dodatkowe,4
1862,przyznała,4
1863,zaangażowania,4
1864,marcin,4
1865,postanowił,4
1866,wychodzi,4
1867,dziecistwie,4
1868,byłem,4
1869,familijnego,4
1870,wierzy,4
1871,chłopiec,4
1872,chciałbym,4
1873,zapytałem,4
1874,interesuje,4
1875,chciałem,4
1876,kinie,4
1877,nagród,4
1878,etapie,4
1879,powiedziałem,4
1880,komander,4
1881,traktowania,4
1882,planu,4
1883,forum,4
1884,żaden,4
1885,zajęć,4
1886,sytuacja,4
1887,proszę,4
1888,dyskusji,4
1889,rzeczywistość,4
1890,wojciech,4
1891,dorośli,4
1892,zarazem,4
1893,wejść,4
1894,trudno,4
1895,gra,4
1896,kamerą,4
1897,uważam,4
1898,sali,4
1899,oczach,4
1900,syn,4
1901,publiczności,4
1902,tydzie,4
1903,filmowe,4
1904,niemiec,4
1905,filmowej,4
1906,dzieckiem,4
1907,suflera,4
1908,grupę,4
1909,tomasz,4
1910,działalność,4
1911,jesieni,4
1912,muzycznych,4
1913,nazwa,4
1914,latem,4
1915,śródrocznych,4
1916,śródroczne,4
1917,ucze,4
1918,statucie,4
1919,względem,4
1920,stowarzyszenia,4
1921,rady,4
1922,klasyfikacji,4
1923,śródrocznej,4
1924,oświaty,4
1925,ustalenie,4
1926,kocem,4
1927,rozpoczęciem,4
1928,podejście,4
1929,utrudnia,4
1930,szkoła,4
1931,dają,4
1932,wysokim,4
1933,czasach,4
1934,ola,4
1935,średniej,4
1936,odpowiednią,4
1937,małym,4
1938,form,4
1939,przerwy,4
1940,zasad,4
1941,skala,4
1942,pojawiły,4
1943,klub,4
1944,posłużyć,4
1945,tragedią,4
1946,rodzinie,4
1947,jake,4
1948,twarzy,4
1949,właściciel,4
1950,restauracji,4
1951,sukcesu,4
1952,ścianach,4
1953,wraca,4
1954,złote,4
1955,cenę,4
1956,gości,4
1957,powoli,4
1958,relacje,4
1959,żoną,4
1960,zostaje,4
1961,ofiarą,4
1962,tv,4
1963,iraku,4
1964,programu,4
1965,orszaku,4
1966,odwołanie,4
1967,bocheczak,4
1968,krakowskiego,4
1969,nadziei,4
1970,zapewnia,4
1971,przeprowadzenia,4
1972,najbliższych,4
1973,związany,4
1974,głównych,4
1975,kadencji,4
1976,strefie,4
1977,dziennie,4
1978,godzinach,4
1979,urzędzie,4
1980,miejskich,4
1981,sumie,4
1982,ukraiskich,4
1983,święta,4
1984,krakowskich,4
1985,ostro,4
1986,działaczy,4
1987,politykom,4
1988,zebrać,4
1989,zauważa,4
1990,róża,4
1991,społecznych,4
1992,społeczne,4
1993,szans,4
1994,wyborach,4
1995,skoczyło,4
1996,uwagi,4
1997,zmieniło,4
1998,wyjść,4
1999,mojej,4
2000,skien,4
2001,breivikowi,4
2002,art,4
2003,torturom,4
2004,nieludzkiemu,4
2005,poniżającemu,4
2006,traktowaniu,4
2007,karaniu,4
2008,skargę,4
2009,więziennego,4
2010,zamordowanie,4
2011,przedłużania,4
2012,uznawany,4
2013,groźnego,4
2014,zaatakował,4
2015,wczesny,4
2016,nazwał,4
2017,społeczestwo,4
2018,milczenia,4
2019,określił,4
2020,nazwisko,4
2021,orzekł,4
2022,zamachami,4
2023,styles,4
2024,live,4
2025,grudniu,4
2026,płyta,4
2027,podobne,4
2028,rekord,4
2029,numer,4
2030,koncerty,4
2031,churchilla,4
2032,aktu,4
2033,wybrał,4
2034,narodzenie,4
2035,wrogów,4
2036,forach,4
2037,określa,4
2038,polityką,4
2039,chęć,4
2040,islamu,4
2041,islamowi,4
2042,gotowi,4
2043,podjąć,4
2044,angielska,4
2045,of,4
2046,czerpał,4
2047,wildersa,4
2048,związków,4
2049,kilkanaście,4
2050,kontakty,4
2051,września,4
2052,teraźniejszość,4
2053,demokratycznym,4
2054,nacisk,4
2055,wymiarze,4
2056,tygodniowo,4
2057,rozumienie,4
2058,publicznej,4
2059,spraw,4
2060,stałe,4
2061,muzyka,4
2062,musicalu,4
2063,jakub,4
2064,wawelu,4
2065,współpracy,4
2066,opowie,4
2067,zostali,4
2068,wroga,4
2069,agnieszka,4
2070,grzegorz,4
2071,karol,4
2072,czyny,4
2073,mordercy,4
2074,zwolenników,4
2075,ideologię,4
2076,budynek,4
2077,oklahoma,4
2078,city,4
2079,każda,4
2080,zapewniał,4
2081,oporu,4
2082,komisja,4
2083,osobę,4
2084,podstawowych,4
2085,planował,4
2086,zwrócił,4
2087,ocenił,4
2088,prokuratora,4
2089,humanitarne,4
2090,bombowego,4
2091,koszty,4
2092,euro,4
2093,autor,4
2094,spośród,4
2095,produktów,4
2096,odnotowały,4
2097,tymi,4
2098,utrzymywał,4
2099,spędził,4
2100,norweską,4
2101,przeszedł,4
2102,seksualnych,4
2103,istniał,4
2104,politycznego,4
2105,krwawych,4
2106,urzędników,4
2107,dramatu,4
2108,znajdowało,4
2109,sprawcą,4
2110,pozbyć,4
2111,karabinu,4
2112,wybory,4
2113,tragiczne,4
2114,stanowczo,4
2115,austin,4
2116,szansę,4
2117,czeka,4
2118,dziennikarze,4
2119,cruise,4
2120,zapytał,4
2121,maverick,4
2122,zaczęła,4
2123,dolarów,4
2124,gwiazdy,4
2125,cytuje,4
2126,pozostaje,4
2127,kolędy,4
2128,księdzu,4
2129,terenie,4
2130,daje,4
2131,parafii,4
2132,kościoła,4
2133,przyjąć,4
2134,pap,4
2135,artykułu,4
2136,wielkich,4
2137,zaraz,4
2138,mogły,4
2139,paweł,4
2140,danych,4
2141,zatrzymany,4
2142,biura,4
2143,kupić,4
2144,domach,4
2145,drugiego,4
2146,podlaskiego,4
2147,koncertach,4
2148,seniorów,4
2149,naśladowców,4
2150,miesiące,4
2151,fundamentalizm,4
2152,chrześcijaski,4
2153,widzą,4
2154,europejskie,4
2155,zmieni,4
2156,islamem,4
2157,jakiejś,4
2158,słowami,4
2159,mniejszości,4
2160,specjalne,4
2161,islamistów,4
2162,post,4
2163,republika,4
2164,polityce,4
2165,prosta,4
2166,rymanowski,4
2167,ekspertów,4
2168,ai,4
2169,okresie,4
2170,prawilnych,4
2171,internet,4
2172,filmiki,4
2173,koncie,4
2174,polexit,4
2175,poglądach,4
2176,czynienia,4
2177,tr,4
2178,teatrze,4
2179,spektakl,4
2180,sztuce,4
2181,osoba,4
2182,stworzyć,4
2183,zwrócić,4
2184,sprawdzić,4
2185,zagrożenia,4
2186,terrorystycznym,4
2187,ekstremistów,4
2188,potrzebują,4
2189,letnim,4
2190,ekstremizmu,4
2191,studiował,4
2192,tygodniu,4
2193,moskwa,4
2194,departamentu,4
2195,prowadzą,4
2196,chopinowskim,4
2197,sztuki,4
2198,yehuda,4
2199,prokopowicz,4
2200,osobisty,4
2201,damskie,4
2202,zegarek,4
2203,rynku,4
2204,biżuterii,4
2205,zakupu,4
2206,dwudzieste,4
2207,styl,4
2208,tumblr,4
2209,popularność,4
2210,elementy,4
2211,prostych,4
2212,kolorów,4
2213,pokolenia,4
2214,duch,4
2215,młodzieżowy,4
2216,slang,4
2217,wskazała,4
2218,odbędzie,4
2219,raportu,4
2220,złożył,4
2221,putin,4
2222,męża,4
2223,kobietom,4
2224,leży,4
2225,ciekawe,4
2226,odrobinę,4
2227,krem,4
2228,pieczywo,4
2229,przynajmniej,4
2230,zdrowym,4
2231,men,4
2232,seksualnego,4
2233,ryś,4
2234,avatar,4
2235,nowo,4
2236,dworzec,4
2237,straż,4
2238,wybuchowych,4
2239,kuwet,4
2240,możesz,4
2241,kot,4
2242,znanych,4
2243,oto,4
2244,widzi,4
2245,zabrał,4
2246,behringa,4
2247,zachodniej,4
2248,budynku,4
2249,islamscy,4
2250,osobowości,4
2251,buty,4
2252,hbo,4
2253,felicji,4
2254,mamo,4
2255,kradzież,4
2256,brata,4
2257,małgosia,4
2258,zbigniew,4
2259,zięć,4
2260,marian,4
2261,kowalski,4
2262,eugenii,4
2263,spotkaniu,4
2264,kryptowalut,4
2265,luizę,4
2266,rodzinę,4
2267,moją,4
2268,zabrać,4
2269,doktor,4
2270,rzecki,4
2271,strefę,4
2272,przedterminowe,4
2273,kryptowaluty,4
2274,złą,4
2275,znajdziesz,4
2276,viljar,4
2277,stopni,4
2278,geller,4
2279,omży,4
2280,farmie,4
2281,gotowania,4
2282,mięsa,4
2283,czosnku,4
2284,chili,4
2285,łyżki,4
2286,pietruszki,4
2287,pokrój,4
2288,szczyptą,4
2289,dołóż,4
2290,mieszając,4
2291,wymieszaj,4
2292,dopraw,4
2293,składniki,4
2294,creme,4
2295,fraiche,4
2296,kminu,4
2297,zmiksuj,4
2298,fahre,4
2299,placówki,4
2300,hiszpanii,3
2301,fc,3
2302,walczył,3
2303,poprzedniego,3
2304,reprezentacji,3
2305,minuty,3
2306,wynik,3
2307,starał,3
2308,sytuację,3
2309,metrów,3
2310,znalazła,3
2311,raphinha,3
2312,karne,3
2313,strzał,3
2314,lewej,3
2315,okolic,3
2316,honor,3
2317,zmianie,3
2318,znalazł,3
2319,tempo,3
2320,lewandowski,3
2321,minutach,3
2322,reklamy,3
2323,męskość,3
2324,prawdziwy,3
2325,napięcie,3
2326,kowalczyk,3
2327,ogromną,3
2328,test,3
2329,prawdziwym,3
2330,źródło,3
2331,lęku,3
2332,wiedzieć,3
2333,aktywnie,3
2334,sprawność,3
2335,emocje,3
2336,wrażliwość,3
2337,zgłaszają,3
2338,wstyd,3
2339,kolejnym,3
2340,uczuć,3
2341,kocha,3
2342,cukrzyca,3
2343,leków,3
2344,skutecznie,3
2345,napięcia,3
2346,konflikty,3
2347,efekcie,3
2348,rzadko,3
2349,zwykle,3
2350,stanu,3
2351,trakcie,3
2352,dziwi,3
2353,sferze,3
2354,potencjał,3
2355,kobietami,3
2356,partnerka,3
2357,mężczyzny,3
2358,zmiana,3
2359,bywa,3
2360,poczuciem,3
2361,okazać,3
2362,kolejnego,3
2363,egzaminu,3
2364,ogromne,3
2365,zatrzymać,3
2366,porozmawiać,3
2367,ćwiczenia,3
2368,skupić,3
2369,buduje,3
2370,bliskość,3
2371,znowu,3
2372,tłumaczyła,3
2373,cierpienie,3
2374,pójście,3
2375,wspólne,3
2376,własną,3
2377,przyczyny,3
2378,funkcje,3
2379,zaburzenia,3
2380,przerwie,3
2381,działanie,3
2382,natychmiastowego,3
2383,dróg,3
2384,zaskakuje,3
2385,absolutnie,3
2386,szukają,3
2387,para,3
2388,język,3
2389,językiem,3
2390,tortury,3
2391,czuje,3
2392,torturowany,3
2393,wymiana,3
2394,nowszy,3
2395,konsoli,3
2396,moi,3
2397,współwięźniowie,3
2398,korespondencja,3
2399,znaczki,3
2400,kontrole,3
2401,osobiste,3
2402,zewnętrznym,3
2403,przechodzi,3
2404,piekło,3
2405,wiedzieli,3
2406,traktować,3
2407,zdołał,3
2408,ulicy,3
2409,budynkach,3
2410,usiłowali,3
2411,internetowe,3
2412,ułatwić,3
2413,mortensen,3
2414,pokazał,3
2415,przyjechał,3
2416,poprosił,3
2417,sięgnął,3
2418,spokojny,3
2419,rodzajów,3
2420,przerażająco,3
2421,metodyczny,3
2422,wyglądał,3
2423,magnus,3
2424,przerażeni,3
2425,wodzie,3
2426,widziałem,3
2427,łóżkiem,3
2428,weszła,3
2429,środka,3
2430,martwych,3
2431,skontaktować,3
2432,boję,3
2433,kocham,3
2434,kontaktować,3
2435,dźwięk,3
2436,kłopoty,3
2437,łodzią,3
2438,strzałów,3
2439,poddał,3
2440,pobyt,3
2441,podaje,3
2442,samobójcze,3
2443,pozywa,3
2444,doszedł,3
2445,wniosku,3
2446,wymiaru,3
2447,złagodzenie,3
2448,agencji,3
2449,najwyższą,3
2450,straciło,3
2451,breivikiem,3
2452,donalda,3
2453,czagos,3
2454,brytanię,3
2455,proszą,3
2456,miałaby,3
2457,przesłał,3
2458,x,3
2459,diego,3
2460,garcia,3
2461,amerykaskich,3
2462,wojskowych,3
2463,elementem,3
2464,parlamencie,3
2465,wyjątkiem,3
2466,mld,3
2467,brytyjskiego,3
2468,and,3
2469,donald,3
2470,imigranci,3
2471,czele,3
2472,powołując,3
2473,utrzymuje,3
2474,minnesoty,3
2475,czarny,3
2476,ilustracyjne,3
2477,ross,3
2478,vance,3
2479,zastrzelenie,3
2480,terroryzm,3
2481,nagraniu,3
2482,żonę,3
2483,wrócić,3
2484,samej,3
2485,fbi,3
2486,krzyczy,3
2487,narrację,3
2488,posiada,3
2489,administracji,3
2490,krótko,3
2491,obywatelskiego,3
2492,hotel,3
2493,agentów,3
2494,dhs,3
2495,misji,3
2496,naszego,3
2497,publicznego,3
2498,snyder,3
2499,federalny,3
2500,wykorzystać,3
2501,rodzaju,3
2502,wyraża,3
2503,daleko,3
2504,zmienić,3
2505,mieliśmy,3
2506,pamięć,3
2507,pokoju,3
2508,odpowiedniego,3
2509,pewnego,3
2510,tworzyły,3
2511,warstwy,3
2512,odsłonie,3
2513,połączenie,3
2514,sukienki,3
2515,zabawa,3
2516,oddaje,3
2517,hołd,3
2518,erna,3
2519,solberg,3
2520,cześć,3
2521,zorganizowano,3
2522,wzięli,3
2523,przeżyły,3
2524,umocnić,3
2525,europejski,3
2526,trudniej,3
2527,dotyczące,3
2528,efekt,3
2529,dotyczących,3
2530,zdobyć,3
2531,ostatnia,3
2532,wnioski,3
2533,zostaną,3
2534,okazała,3
2535,cudzoziemców,3
2536,podając,3
2537,reszta,3
2538,rozumie,3
2539,psychiatrów,3
2540,dotyczą,3
2541,pozbawiony,3
2542,spoza,3
2543,obywatelskich,3
2544,bożego,3
2545,narodzenia,3
2546,swej,3
2547,czuł,3
2548,narzekał,3
2549,ila,3
2550,tylu,3
2551,doprowadziło,3
2552,zatrzymują,3
2553,udał,3
2554,związana,3
2555,obecnych,3
2556,uczestnikami,3
2557,formą,3
2558,poradzić,3
2559,masakrze,3
2560,żadna,3
2561,zimą,3
2562,obserwujemy,3
2563,pacjentów,3
2564,doprowadzić,3
2565,odśnieżanie,3
2566,krążenia,3
2567,chorobami,3
2568,momentem,3
2569,przeważnie,3
2570,ogromnej,3
2571,starać,3
2572,prędkości,3
2573,znaki,3
2574,gminy,3
2575,oznakowanie,3
2576,trasa,3
2577,ilu,3
2578,prosto,3
2579,kosztowało,3
2580,gazecie,3
2581,gibson,3
2582,opowiadać,3
2583,historie,3
2584,wbrew,3
2585,szoku,3
2586,dodatku,3
2587,skrzaty,3
2588,większych,3
2589,znajomi,3
2590,opinię,3
2591,występował,3
2592,mama,3
2593,żal,3
2594,dały,3
2595,konsultacje,3
2596,ważna,3
2597,widza,3
2598,robi,3
2599,pracą,3
2600,casting,3
2601,rodzicom,3
2602,dorosłymi,3
2603,pierwszego,3
2604,czuć,3
2605,mocno,3
2606,światopoglądową,3
2607,mogłem,3
2608,aktorką,3
2609,niech,3
2610,granie,3
2611,zmierzyć,3
2612,postacie,3
2613,zachowanie,3
2614,równie,3
2615,próbach,3
2616,wyzwaniem,3
2617,wiara,3
2618,obawiają,3
2619,reakcji,3
2620,wyobraźnia,3
2621,trzecie,3
2622,wytłumaczył,3
2623,światło,3
2624,bliska,3
2625,scenariusza,3
2626,traktuje,3
2627,wywołało,3
2628,dostałem,3
2629,rozmów,3
2630,zmianę,3
2631,odbywały,3
2632,młode,3
2633,informację,3
2634,aktorka,3
2635,widzenia,3
2636,tłumacza,3
2637,wierzyła,3
2638,cugowskiego,3
2639,współpracował,3
2640,wykorzystywane,3
2641,odbyła,3
2642,trasę,3
2643,udziału,3
2644,kolegów,3
2645,jacka,3
2646,koncertem,3
2647,student,3
2648,przebywał,3
2649,utworów,3
2650,teksty,3
2651,rodzicami,3
2652,będzinie,3
2653,sp,3
2654,niższej,3
2655,aleksandra,3
2656,straży,3
2657,półrocze,3
2658,pedagogicznej,3
2659,wskazują,3
2660,daty,3
2661,edukacyjnych,3
2662,dyrektorka,3
2663,wydziału,3
2664,wychowania,3
2665,przypominają,3
2666,różnie,3
2667,szkolnego,3
2668,przypadkach,3
2669,ocenie,3
2670,śródroczna,3
2671,prawnych,3
2672,dramat,3
2673,klasy,3
2674,warunkiem,3
2675,pozytywne,3
2676,negatywne,3
2677,obowiązek,3
2678,monika,3
2679,hornacieślak,3
2680,reguły,3
2681,przewidywana,3
2682,należą,3
2683,frekwencja,3
2684,poziomie,3
2685,nauczania,3
2686,średnią,3
2687,średnia,3
2688,sprawdzianu,3
2689,obcych,3
2690,odpowiedź,3
2691,uważają,3
2692,marzenia,3
2693,dobre,3
2694,jakiej,3
2695,policjantów,3
2696,prasowej,3
2697,najwyższej,3
2698,lasu,3
2699,dwukrotnie,3
2700,internetowej,3
2701,informuje,3
2702,skutkiem,3
2703,właściwie,3
2704,black,3
2705,rabbit,3
2706,jude,3
2707,wiecznie,3
2708,jawi,3
2709,idealnym,3
2710,sukces,3
2711,mieszkanie,3
2712,obrazy,3
2713,doskonałe,3
2714,recenzje,3
2715,emocjonalny,3
2716,netflixa,3
2717,twarz,3
2718,szczycie,3
2719,otwiera,3
2720,twórcy,3
2721,byłą,3
2722,musiał,3
2723,papież,3
2724,pozostanie,3
2725,prowadzenia,3
2726,każdym,3
2727,najmłodsze,3
2728,pełną,3
2729,opublikowała,3
2730,mieszkał,3
2731,chłopaka,3
2732,szkołę,3
2733,funkcjonariuszy,3
2734,zginął,3
2735,kardynałem,3
2736,grzegorzem,3
2737,rysiem,3
2738,sławomira,3
2739,mentzena,3
2740,stoją,3
2741,odwołania,3
2742,szczegółów,3
2743,prawicową,3
2744,grupą,3
2745,nastroje,3
2746,zasięgu,3
2747,grzechów,3
2748,jacek,3
2749,majchrowskiego,3
2750,gmin,3
2751,wjazd,3
2752,zapłacić,3
2753,kpo,3
2754,dymisji,3
2755,przygotował,3
2756,krakowska,3
2757,wydać,3
2758,spółkach,3
2759,konkursów,3
2760,pisaliśmy,3
2761,łącznej,3
2762,najwięcej,3
2763,narodowego,3
2764,listy,3
2765,marsz,3
2766,rzezi,3
2767,polacy,3
2768,protestach,3
2769,usunięcie,3
2770,eby,3
2771,numerem,3
2772,wylicza,3
2773,połowa,3
2774,odpowiedniej,3
2775,wyborczą,3
2776,pozostałych,3
2777,frekwencji,3
2778,stanowisko,3
2779,maju,3
2780,flis,3
2781,inicjatywy,3
2782,spróbować,3
2783,głosy,3
2784,rządy,3
2785,obecnej,3
2786,wszedł,3
2787,największe,3
2788,urzędu,3
2789,walce,3
2790,prowadziła,3
2791,postępowanie,3
2792,październiku,3
2793,rozwiązać,3
2794,środowiska,3
2795,dużym,3
2796,echem,3
2797,miastem,3
2798,publicznych,3
2799,walczy,3
2800,lepsze,3
2801,odbywania,3
2802,częściowo,3
2803,rację,3
2804,zarzucił,3
2805,deklaruje,3
2806,neonazista,3
2807,swobody,3
2808,korespondowania,3
2809,dopuszcza,3
2810,publiczne,3
2811,zapobieganie,3
2812,traktowany,3
2813,humanitarnie,3
2814,względami,3
2815,telewizję,3
2816,plastikowymi,3
2817,potrwać,3
2818,zaplanowano,3
2819,oświadczenie,3
2820,mediom,3
2821,król,3
2822,rodzinom,3
2823,jedności,3
2824,przeszło,3
2825,należał,3
2826,marcu,3
2827,przetrzymywany,3
2828,rygorystyczne,3
2829,właściwe,3
2830,skruchę,3
2831,cierpi,3
2832,substancje,3
2833,drugą,3
2834,trzecim,3
2835,wydaniu,3
2836,towarzyszył,3
2837,przyniósł,3
2838,nominacje,3
2839,wydawnictwo,3
2840,artysty,3
2841,najlepszych,3
2842,stanach,3
2843,skóry,3
2844,miłośnik,3
2845,przygotowywał,3
2846,operacji,3
2847,wzniósł,3
2848,toast,3
2849,całkowicie,3
2850,templariusze,3
2851,rycerze,3
2852,zdjęć,3
2853,poświęcić,3
2854,imigrację,3
2855,zdjęciu,3
2856,zimną,3
2857,breiviku,3
2858,znajomych,3
2859,społecznościowych,3
2860,dziennika,3
2861,niedługo,3
2862,marksizm,3
2863,islam,3
2864,unia,3
2865,wzór,3
2866,centra,3
2867,handlowe,3
2868,rządem,3
2869,członkostwa,3
2870,politycznie,3
2871,prawicowymi,3
2872,organizacjami,3
2873,stop,3
2874,zamachowcem,3
2875,założył,3
2876,warzywa,3
2877,bliskiego,3
2878,milionów,3
2879,fanów,3
2880,wstrząsnęły,3
2881,francji,3
2882,całkiem,3
2883,świadomego,3
2884,odróżnieniu,3
2885,sprawach,3
2886,dodatkowych,3
2887,technikum,3
2888,branżowej,3
2889,stopnia,3
2890,przygotowania,3
2891,projektu,3
2892,zjawisk,3
2893,demokracji,3
2894,antygonę,3
2895,mos,3
2896,wielkim,3
2897,płyty,3
2898,polska,3
2899,antygony,3
2900,spektakle,3
2901,zamku,3
2902,propozycja,3
2903,spodziewać,3
2904,normalnie,3
2905,potworne,3
2906,lewicy,3
2907,doświadcze,3
2908,zamachowców,3
2909,mini,3
2910,wrześniu,3
2911,usunąć,3
2912,lewicowy,3
2913,miękka,3
2914,alkaidy,3
2915,przebrany,3
2916,ofiara,3
2917,budynkami,3
2918,pomocników,3
2919,informacja,3
2920,szuka,3
2921,kraj,3
2922,procesem,3
2923,stanął,3
2924,południem,3
2925,początkiem,3
2926,zarzutów,3
2927,wymierzone,3
2928,templariuszy,3
2929,kluczowych,3
2930,wysepce,3
2931,podkreślił,3
2932,partię,3
2933,przedłużana,3
2934,współczucia,3
2935,niepoczytalności,3
2936,osiągnąć,3
2937,powstrzyma,3
2938,demokrację,3
2939,prawnika,3
2940,zabójcy,3
2941,pamięci,3
2942,śledztwa,3
2943,wygrał,3
2944,sędzia,3
2945,psychicznej,3
2946,ewentualne,3
2947,rozprawy,3
2948,złego,3
2949,jedzenie,3
2950,musiało,3
2951,studiować,3
2952,przystąpiły,3
2953,dziewięć,3
2954,schengen,3
2955,największego,3
2956,bezpieczne,3
2957,wzrósł,3
2958,miastach,3
2959,dane,3
2960,wyniki,3
2961,powiązania,3
2962,miejsc,3
2963,rozesłał,3
2964,pracował,3
2965,paryżu,3
2966,opieki,3
2967,swą,3
2968,członkowie,3
2969,imiona,3
2970,podobno,3
2971,przypadków,3
2972,muzułmanie,3
2973,pogodzenia,3
2974,przebywającej,3
2975,międzyczasie,3
2976,dokonaniem,3
2977,dokumentu,3
2978,dążył,3
2979,rasizm,3
2980,strzelając,3
2981,korzystał,3
2982,przebywających,3
2983,akt,3
2984,organizacja,3
2985,wyrazy,3
2986,faktem,3
2987,partie,3
2988,wezwanie,3
2989,zapomnieć,3
2990,ról,3
2991,superbohaterów,3
2992,działo,3
2993,man,3
2994,próbować,3
2995,głośnych,3
2996,przygotowany,3
2997,dywan,3
2998,zaprosił,3
2999,powellowi,3
3000,dał,3
3001,sprzedał,3
3002,małych,3
3003,pasuje,3
3004,komedii,3
3005,ameryce,3
3006,czterech,3
3007,mniejszą,3
3008,przyszłości,3
3009,lecie,3
3010,zarobił,3
3011,włosy,3
3012,weekend,3
3013,inspirowany,3
3014,przyjść,3
3015,pieniędzmi,3
3016,zajmuje,3
3017,kogo,3
3018,śniadanie,3
3019,tutejszych,3
3020,doświadczeniach,3
3021,kopertami,3
3022,kolędą,3
3023,bezpośrednio,3
3024,zostawić,3
3025,spotkać,3
3026,relacjonuje,3
3027,warunkach,3
3028,chodzą,3
3029,rąk,3
3030,chemicznej,3
3031,wrocławia,3
3032,wszczęła,3
3033,poinformowała,3
3034,promienie,3
3035,klientów,3
3036,własnym,3
3037,produkty,3
3038,uczestnicy,3
3039,dokonać,3
3040,odbioru,3
3041,ujawnił,3
3042,ilość,3
3043,chętnie,3
3044,współpracuje,3
3045,adresem,3
3046,ślad,3
3047,pradze,3
3048,nielegalnej,3
3049,wspólników,3
3050,moniuszki,3
3051,piku,3
3052,gotowy,3
3053,seniorzy,3
3054,koncertu,3
3055,publiczność,3
3056,muzyków,3
3057,sceny,3
3058,koncert,3
3059,przygotować,3
3060,koncercie,3
3061,znajdzie,3
3062,sprzyja,3
3063,michael,3
3064,wolffsohn,3
3065,europejczycy,3
3066,wydają,3
3067,armii,3
3068,tą,3
3069,europejczyków,3
3070,potrzebujemy,3
3071,znak,3
3072,narodowych,3
3073,niektórych,3
3074,liberalna,3
3075,sensie,3
3076,kłopot,3
3077,polityczna,3
3078,tolerancji,3
3079,demokracja,3
3080,głównego,3
3081,polityczny,3
3082,krytycznych,3
3083,przemoc,3
3084,norwegowie,3
3085,nienawidzący,3
3086,wolą,3
3087,prawicowym,3
3088,społeczna,3
3089,działających,3
3090,niebawem,3
3091,uczą,3
3092,izrael,3
3093,obliczu,3
3094,podstawowe,3
3095,center,3
3096,wspólnotę,3
3097,brauna,3
3098,wygenerowane,3
3099,fedorowicz,3
3100,res,3
3101,futura,3
3102,data,3
3103,tiktok,3
3104,własne,3
3105,ukrainie,3
3106,komentuje,3
3107,dziewczyny,3
3108,opis,3
3109,polek,3
3110,polskie,3
3111,setki,3
3112,tacy,3
3113,podobny,3
3114,pełen,3
3115,jakiegoś,3
3116,sprzętu,3
3117,wop,3
3118,wyjścia,3
3119,kawałek,3
3120,miłości,3
3121,ślubnym,3
3122,kupując,3
3123,chronić,3
3124,niepełnosprawnością,3
3125,podsiadlik,3
3126,filokteja,3
3127,justyna,3
3128,sobczyk,3
3129,sensu,3
3130,radość,3
3131,straty,3
3132,radzą,3
3133,powierzchni,3
3134,chciałabym,3
3135,okolicach,3
3136,spotkaniem,3
3137,intensywne,3
3138,lubię,3
3139,ciągnie,3
3140,systemie,3
3141,uznaje,3
3142,europejskim,3
3143,wielokulturowością,3
3144,ofiarami,3
3145,gesty,3
3146,obecny,3
3147,wymogi,3
3148,celi,3
3149,personel,3
3150,przyszłym,3
3151,lotnictwa,3
3152,romanenko,3
3153,rosjanie,3
3154,potwierdził,3
3155,oresznika,3
3156,zniszczenia,3
3157,red,3
3158,braki,3
3159,elektrycznej,3
3160,zdarzenia,3
3161,jednoznacznie,3
3162,regularnie,3
3163,boznaskiej,3
3164,festival,3
3165,muzyki,3
3166,mateusz,3
3167,wykonanie,3
3168,mazurków,3
3169,amerykanki,3
3170,wyszła,3
3171,dzieła,3
3172,wsi,3
3173,zbiorów,3
3174,wystawę,3
3175,października,3
3176,królewskiego,3
3177,kulturze,3
3178,współczesnej,3
3179,panie,3
3180,klasyczne,3
3181,biżuteria,3
3182,kształt,3
3183,trudu,3
3184,złoto,3
3185,stylizacji,3
3186,zyskała,3
3187,nawiązuje,3
3188,internetowym,3
3189,wracają,3
3190,estetyka,3
3191,glamour,3
3192,pinterest,3
3193,symbolem,3
3194,przetłumaczy,3
3195,brainrot,3
3196,rocznicę,3
3197,formy,3
3198,lewicową,3
3199,działała,3
3200,masowy,3
3201,opublikowany,3
3202,oystein,3
3203,zgadza,3
3204,odbywał,3
3205,katastrofy,3
3206,kommiersant,3
3207,rosyjską,3
3208,rejestrze,3
3209,narzędzie,3
3210,zabezpieczenia,3
3211,conn,3
3212,ziemię,3
3213,dożywocie,3
3214,niemniej,3
3215,wersji,3
3216,konsekwencji,3
3217,muzycznym,3
3218,względnie,3
3219,ądał,3
3220,stronicowym,3
3221,zdrowiu,3
3222,kuratorka,3
3223,płatki,3
3224,wybierz,3
3225,porcji,3
3226,minimum,3
3227,kurator,3
3228,lekcje,3
3229,wam,3
3230,waszych,3
3231,prowadzona,3
3232,tzw,3
3233,ministra,3
3234,biskup,3
3235,etap,3
3236,frankenstein,3
3237,frankensteina,3
3238,opowieści,3
3239,klimatu,3
3240,oczywisty,3
3241,kamil,3
3242,środków,3
3243,żądania,3
3244,zbrodnie,3
3245,rzekomych,3
3246,kristiansen,3
3247,ochrona,3
3248,otwarty,3
3249,piątkowego,3
3250,rodzaje,3
3251,rodzaj,3
3252,maxi,3
3253,zoo,3
3254,payback,3
3255,dnem,3
3256,kolorach,3
3257,kota,3
3258,sklepu,3
3259,wykonana,3
3260,występuje,3
3261,koty,3
3262,zatrzymaniu,3
3263,brooklynie,3
3264,zarzutem,3
3265,celach,3
3266,guzman,3
3267,sklepie,3
3268,analizy,3
3269,wiedząc,3
3270,ląd,3
3271,twitterze,3
3272,powiedzieli,3
3273,znaleziono,3
3274,mahometa,3
3275,betonowe,3
3276,podano,3
3277,wjazdu,3
3278,krokwi,3
3279,skoczni,3
3280,stocha,3
3281,puchar,3
3282,wiata,3
3283,medale,3
3284,kozak,3
3285,wyrzucili,3
3286,ilskiej,3
3287,owiec,3
3288,kozłowieckim,3
3289,zatrzymanych,3
3290,głosi,3
3291,słowo,3
3292,rachela,3
3293,lubartowie,3
3294,radek,3
3295,sosen,3
3296,koło,3
3297,wodę,3
3298,garnek,3
3299,bóg,3
3300,trzymają,3
3301,sukienkę,3
3302,dziwne,3
3303,max,3
3304,boskiej,3
3305,rak,3
3306,andrzejem,3
3307,prostym,3
3308,słoca,3
3309,chrystus,3
3310,sektę,3
3311,minutę,3
3312,kierownictwo,3
3313,ideologia,3
3314,wspólnoty,3
3315,ustawy,3
3316,raj,3
3317,kracik,3
3318,pojazdy,3
3319,zdmk,3
3320,rosyjskim,3
3321,sport,3
3322,początkowo,3
3323,atakiem,3
3324,mcveigh,3
3325,federalnym,3
3326,chrześcijaskim,3
3327,fundamentalistą,3
3328,zewnętrznego,3
3329,złamania,3
3330,pst,3
3331,neonazistów,3
3332,wolę,3
3333,boniecki,3
3334,szukamy,3
3335,jan,3
3336,dobra,3
3337,sukienka,3
3338,mestad,3
3339,hanssen,3
3340,utya,3
3341,siedzibę,3
3342,pie,3
3343,wiatru,3
3344,mrozy,3
3345,śniegu,3
3346,spaść,3
3347,temperatura,3
3348,minus,3
3349,celsjusza,3
3350,tymczasowych,3
3351,zwierzęta,3
3352,smarować,3
3353,łapy,3
3354,blogerów,3
3355,kozami,3
3356,al,3
3357,kameralnej,3
3358,kitesurfing,3
3359,zalicza,3
3360,wakeboarding,3
3361,składników,3
3362,kulinarna,3
3363,robertsa,3
3364,cebula,3
3365,łyżka,3
3366,świeżej,3
3367,rondla,3
3368,czosnek,3
3369,odrobiną,3
3370,sosu,3
3371,makaronem,3
3372,garnka,3
3373,gotuj,3
3374,ogniu,3
3375,cienkie,3
3376,mielonego,3
3377,kiszone,3
3378,orzo,3
3379,wczuwania,3
3380,poezji,3
3381,zbierać,2
3382,jeddah,2
3383,półfinale,2
3384,mistrz,2
3385,ligi,2
3386,postawił,2
3387,wojciecha,2
3388,kapitan,2
3389,atakować,2
3390,opanowała,2
3391,nogi,2
3392,siatki,2
3393,źle,2
3394,piłkę,2
3395,drużyna,2
3396,trafiła,2
3397,pole,2
3398,poprzeczkę,2
3399,unai,2
3400,simon,2
3401,wydawałoby,2
3402,prosty,2
3403,zdziałać,2
3404,obrocy,2
3405,zatrzymał,2
3406,oszczędzać,2
3407,robert,2
3408,odpowiednio,2
3409,starciu,2
3410,madryt,2
3411,seksualność,2
3412,certyfikatem,2
3413,każde,2
3414,potknięcie,2
3415,porażką,2
3416,pornograficzne,2
3417,preparatów,2
3418,robertem,2
3419,małgorzata,2
3420,wywołuje,2
3421,erekcja,2
3422,facetem,2
3423,seksualną,2
3424,kluczowy,2
3425,sugerują,2
3426,konar,2
3427,realizację,2
3428,erekcji,2
3429,porażki,2
3430,utratą,2
3431,próbą,2
3432,częsty,2
3433,scenariusz,2
3434,partnerki,2
3435,samych,2
3436,góry,2
3437,stres,2
3438,wahania,2
3439,leki,2
3440,relacyjne,2
3441,przyczyną,2
3442,składa,2
3443,przewlekłe,2
3444,poziomu,2
3445,psychiczny,2
3446,pożądanie,2
3447,przyczynę,2
3448,suma,2
3449,emocjach,2
3450,codziennym,2
3451,ogólnego,2
3452,organizmu,2
3453,diagnozy,2
3454,seksuologa,2
3455,filarów,2
3456,poczucia,2
3457,facetami,2
3458,przestaje,2
3459,atrakcyjność,2
3460,ciało,2
3461,źródła,2
3462,intymność,2
3463,przyjaź,2
3464,doświadczanie,2
3465,przyjemności,2
3466,pomóc,2
3467,komunikat,2
3468,wypowiedziane,2
3469,krytyka,2
3470,porównania,2
3471,pomaga,2
3472,chcesz,2
3473,zrozumieniu,2
3474,par,2
3475,partnerkę,2
3476,obecność,2
3477,gorąco,2
3478,sprawności,2
3479,złej,2
3480,moc,2
3481,próbie,2
3482,wracamy,2
3483,partnerek,2
3484,potknięcia,2
3485,wymagają,2
3486,faktycznie,2
3487,zadziała,2
3488,pomoże,2
3489,wyzwanie,2
3490,lekarza,2
3491,przykładu,2
3492,zawał,2
3493,sięgnięcia,2
3494,grają,2
3495,lękach,2
3496,stanąć,2
3497,sięga,2
3498,prawdziwą,2
3499,używają,2
3500,substancji,2
3501,czynników,2
3502,presji,2
3503,nauczyć,2
3504,krytycznego,2
3505,celów,2
3506,terapii,2
3507,karmi,2
3508,świadomość,2
3509,przyglądam,2
3510,przypuszczać,2
3511,zrozumienia,2
3512,radzenia,2
3513,szczera,2
3514,wspólny,2
3515,pytam,2
3516,większą,2
3517,potrzeb,2
3518,zdarzają,2
3519,sens,2
3520,mówić,2
3521,naturalnym,2
3522,nawzajem,2
3523,odczucia,2
3524,czterostronicowym,2
3525,liczne,2
3526,przestarzałego,2
3527,sprawdzana,2
3528,spowalnia,2
3529,większej,2
3530,kwoty,2
3531,przeznaczać,2
3532,pocztowe,2
3533,komputera,2
3534,pc,2
3535,rozpocznie,2
3536,strajk,2
3537,głodowy,2
3538,ekstremiści,2
3539,ostrzega,2
3540,więźniem,2
3541,skoczy,2
3542,przestanie,2
3543,zwierzęcia,2
3544,dokonywał,2
3545,egzekucji,2
3546,przybyciu,2
3547,koszmar,2
3548,panował,2
3549,mniejszy,2
3550,pracownicy,2
3551,handlowych,2
3552,silny,2
3553,promieniu,2
3554,kilometra,2
3555,uszkodzonych,2
3556,odłamków,2
3557,karetki,2
3558,siedmiu,2
3559,dotrzeć,2
3560,uwięzionym,2
3561,okolicy,2
3562,zamknęła,2
3563,żołnierzy,2
3564,wieści,2
3565,namiotowych,2
3566,wakacyjnym,2
3567,zorganizowanym,2
3568,młodzieżówkę,2
3569,zaniepokojona,2
3570,dotarł,2
3571,strażnik,2
3572,simen,2
3573,braenden,2
3574,siedzący,2
3575,policyjnym,2
3576,legitymację,2
3577,skontrolować,2
3578,powtarzali,2
3579,bezpieczni,2
3580,stine,2
3581,renate,2
3582,haheim,2
3583,zgromadzili,2
3584,podeszli,2
3585,bliżej,2
3586,torby,2
3587,wyjął,2
3588,świadkowie,2
3589,koczyła,2
3590,amunicja,2
3591,pewności,2
3592,upewnić,2
3593,podobało,2
3594,absolutnej,2
3595,stenseth,2
3596,uciekać,2
3597,jeziora,2
3598,odpłynąć,2
3599,najdalej,2
3600,lądzie,2
3601,celować,2
3602,elise,2
3603,zdążyli,2
3604,uciekli,2
3605,łodziach,2
3606,leżałam,2
3607,rozbiła,2
3608,emilie,2
3609,bersaas,2
3610,udawało,2
3611,ciał,2
3612,ukrywający,2
3613,panice,2
3614,rodzinami,2
3615,ukrywam,2
3616,bezpieczny,2
3617,siostry,2
3618,niclas,2
3619,tokerud,2
3620,utoi,2
3621,apele,2
3622,przebywającymi,2
3623,szukając,2
3624,zaniepokojeni,2
3625,zadzwonili,2
3626,przyjechała,2
3627,zdążył,2
3628,łamie,2
3629,łamanie,2
3630,wielokrotny,2
3631,zakoczyć,2
3632,twierdząc,2
3633,łamią,2
3634,zeznał,2
3635,przykro,2
3636,reuters,2
3637,łzami,2
3638,więziennej,2
3639,myślał,2
3640,stwierdzić,2
3641,nieproporcjonalnie,2
3642,uciążliwe,2
3643,apelację,2
3644,oeystein,2
3645,wyrokiem,2
3646,niezbędne,2
3647,otrzymać,2
3648,popełnienia,2
3649,uzna,2
3650,przeżyli,2
3651,hjetland,2
3652,dobrą,2
3653,więzienna,2
3654,prawidłowa,2
3655,wyspa,2
3656,wystosował,2
3657,oceanie,2
3658,indyjskim,2
3659,powstrzymanie,2
3660,nazwana,2
3661,amerykaskiego,2
3662,przywódcy,2
3663,propozycję,2
3664,prośba,2
3665,interesów,2
3666,przewiduje,2
3667,traktat,2
3668,następne,2
3669,dzienniku,2
3670,częścią,2
3671,terytorium,2
3672,kontrowersje,2
3673,przekazaniem,2
3674,odbyć,2
3675,kamery,2
3676,imigracyjnych,2
3677,strzału,2
3678,wcześniejszych,2
3679,migracyjnej,2
3680,immigration,2
3681,customs,2
3682,enforcement,2
3683,szybę,2
3684,strzelającego,2
3685,obronie,2
3686,próbowała,2
3687,traumatyczne,2
3688,news,2
3689,portal,2
3690,serwis,2
3691,opublikował,2
3692,zła,2
3693,patrzy,2
3694,kierownicą,2
3695,minnesocie,2
3696,latkę,2
3697,jd,2
3698,wiceprezydent,2
3699,powoływał,2
3700,filmuje,2
3701,ujęć,2
3702,twojej,2
3703,klamkę,2
3704,przejęło,2
3705,podchodzi,2
3706,skręca,2
3707,uciekaj,2
3708,patrząc,2
3709,kręci,2
3710,domy,2
3711,auto,2
3712,noem,2
3713,amerykaska,2
3714,sekretarz,2
3715,kierująca,2
3716,przejechać,2
3717,argumentował,2
3718,funkcjonariusz,2
3719,śmiertelnie,2
3720,postrzelił,2
3721,kierunku,2
3722,podkreślał,2
3723,jacob,2
3724,frey,2
3725,burmistrz,2
3726,ostrzegał,2
3727,narodowej,2
3728,agentami,2
3729,obiecał,2
3730,amerykanów,2
3731,protestujący,2
3732,zastrzeleniu,2
3733,latki,2
3734,organom,2
3735,ścigania,2
3736,oficjalnych,2
3737,hotels,2
3738,celowo,2
3739,odpowiedziała,2
3740,niezależnego,2
3741,właściciela,2
3742,komentują,2
3743,timothy,2
3744,przeprowadzić,2
3745,dochodzenie,2
3746,prawdę,2
3747,morderstwa,2
3748,oby,2
3749,zwrotny,2
3750,zaszły,2
3751,nadszedł,2
3752,kierunek,2
3753,znacznej,2
3754,przekonaniem,2
3755,dobroć,2
3756,zabrała,2
3757,wiedziała,2
3758,prawdy,2
3759,wesprzeć,2
3760,sześcioletniego,2
3761,zrobili,2
3762,gniew,2
3763,lepszą,2
3764,nienawiść,2
3765,wybierając,2
3766,noszenie,2
3767,cebulkę,2
3768,stroje,2
3769,odpuścić,2
3770,trendów,2
3771,ubra,2
3772,puchową,2
3773,sztuka,2
3774,kolorystycznie,2
3775,sylwetka,2
3776,trendzie,2
3777,sweter,2
3778,wprowadzić,2
3779,rozpocząć,2
3780,podstaw,2
3781,długim,2
3782,koszula,2
3783,kluczowa,2
3784,pozostać,2
3785,wiernymi,2
3786,interesującą,2
3787,upamiętniła,2
3788,neofaszystowski,2
3789,pobliskiej,2
3790,mettemarit,2
3791,haakon,2
3792,krótką,2
3793,upamiętniającym,2
3794,atakami,2
3795,rozpraw,2
3796,sądowych,2
3797,wznosił,2
3798,rzekome,2
3799,naruszanie,2
3800,trybunał,2
3801,oddaliły,2
3802,skargi,2
3803,posiadania,2
3804,szwecja,2
3805,miniony,2
3806,zaostrzenia,2
3807,rz,2
3808,lorange,2
3809,łatwiej,2
3810,przyznane,2
3811,powołana,2
3812,wyjaśnia,2
3813,zapisy,2
3814,knut,2
3815,ubiegających,2
3816,szaleniec,2
3817,sesji,2
3818,parlamentu,2
3819,przedstawione,2
3820,propozycje,2
3821,pewna,2
3822,forma,2
3823,zawiodła,2
3824,ustawa,2
3825,używał,2
3826,poseł,2
3827,finlandii,2
3828,granicę,2
3829,skandynawskich,2
3830,dyskusja,2
3831,rolnika,2
3832,rozważa,2
3833,ludzkości,2
3834,mowa,2
3835,cywilnej,2
3836,letnią,2
3837,zarzuca,2
3838,bezprawnie,2
3839,karą,2
3840,wymierzył,2
3841,długoletnie,2
3842,pozbawienie,2
3843,bezprawną,2
3844,represją,2
3845,wymienioną,2
3846,stosowanie,2
3847,naruszeniem,2
3848,zabójca,2
3849,więziennych,2
3850,dotarło,2
3851,groził,2
3852,przedstawiał,2
3853,zakładem,2
3854,przeznaczonym,2
3855,niebezpiecznych,2
3856,długoletnimi,2
3857,wyrokami,2
3858,widział,2
3859,załamania,2
3860,normalnego,2
3861,kule,2
3862,zabiły,2
3863,praconia,2
3864,dobił,2
3865,wygląd,2
3866,moich,2
3867,wytłumaczenie,2
3868,znalazło,2
3869,zjazdu,2
3870,dobrowolnie,2
3871,książkę,2
3872,serce,2
3873,książka,2
3874,psychiczne,2
3875,zrezygnował,2
3876,dziennikarskie,2
3877,ukoczył,2
3878,lgbt,2
3879,zima,2
3880,temperaturach,2
3881,problemami,2
3882,kardiologicznymi,2
3883,szacuje,2
3884,niebezpieczny,2
3885,kardiologiczne,2
3886,wp,2
3887,abc,2
3888,hab,2
3889,kałużnaoleksy,2
3890,wysiłek,2
3891,potwierdzają,2
3892,statystyki,2
3893,towarzystwo,2
3894,pozornie,2
3895,niegroźne,2
3896,ryzykiem,2
3897,otyłość,2
3898,objawów,2
3899,dojdzie,2
3900,zwracała,2
3901,ból,2
3902,piersiowej,2
3903,poważniejsze,2
3904,najgorsze,2
3905,wysokie,2
3906,konieczność,2
3907,malowanie,2
3908,arnprior,2
3909,radni,2
3910,postanowili,2
3911,rada,2
3912,szkockiej,2
3913,poziome,2
3914,pojawiło,2
3915,zaskoczyło,2
3916,centralna,2
3917,linia,2
3918,prowadzone,2
3919,zmniejszenie,2
3920,boją,2
3921,wypaść,2
3922,trasy,2
3923,nabrać,2
3924,radnych,2
3925,narzekali,2
3926,zwykłe,2
3927,komu,2
3928,sztuką,2
3929,najwyższych,2
3930,lotów,2
3931,reżyserem,2
3932,kino,2
3933,pułapką,2
3934,twórców,2
3935,wychodzili,2
3936,dziewczynce,2
3937,montażysta,2
3938,smarzowskiego,2
3939,reżysera,2
3940,ekipy,2
3941,chciały,2
3942,brzmi,2
3943,widowni,2
3944,filmowy,2
3945,producenci,2
3946,zaprezentować,2
3947,pomysły,2
3948,skrzacie,2
3949,wcześniejszym,2
3950,powstanie,2
3951,rysa,2
3952,odbiorców,2
3953,podobnego,2
3954,tytułu,2
3955,rozmawiałem,2
3956,dowiedzieć,2
3957,wyobrazić,2
3958,dwoje,2
3959,rzeczach,2
3960,książek,2
3961,pisania,2
3962,chłopca,2
3963,żałobie,2
3964,zmarł,2
3965,pojechać,2
3966,byłbym,2
3967,opowiedzieć,2
3968,pułapki,2
3969,minę,2
3970,robisz,2
3971,edukacyjny,2
3972,żadnym,2
3973,myślałem,2
3974,traumą,2
3975,przemocą,2
3976,fascynacjach,2
3977,znają,2
3978,psychologów,2
3979,trudnej,2
3980,głównej,2
3981,bohaterki,2
3982,warszawy,2
3983,poprowadzić,2
3984,prasowe,2
3985,różni,2
3986,odpowiedzialność,2
3987,wymarzonej,2
3988,plan,2
3989,alkohol,2
3990,poznać,2
3991,mówiły,2
3992,lubią,2
3993,dodając,2
3994,przejść,2
3995,nikogo,2
3996,chciałaby,2
3997,narzędziem,2
3998,dorosłym,2
3999,warsztatach,2
4000,zaznaczyłem,2
4001,pamiętajcie,2
4002,musicie,2
4003,każdą,2
4004,dziecięcą,2
4005,gang,2
4006,powiedziały,2
4007,źli,2
4008,gramy,2
4009,smarzowski,2
4010,łopatki,2
4011,zaprzeczyła,2
4012,biją,2
4013,mały,2
4014,zauważyłem,2
4015,zniszczyć,2
4016,telefonami,2
4017,odpowiednie,2
4018,podchodził,2
4019,kręcił,2
4020,kinach,2
4021,tematu,2
4022,jakiejkolwiek,2
4023,szersze,2
4024,kinowej,2
4025,dwoma,2
4026,łzy,2
4027,dyskusję,2
4028,planowanych,2
4029,niemu,2
4030,młodego,2
4031,festiwale,2
4032,dostaliśmy,2
4033,dostać,2
4034,producentką,2
4035,zgoda,2
4036,grona,2
4037,punktu,2
4038,opłacało,2
4039,pojechałem,2
4040,amelką,2
4041,widzami,2
4042,publicznością,2
4043,języku,2
4044,niemieckim,2
4045,powtarzaliśmy,2
4046,powrotem,2
4047,producentki,2
4048,muszę,2
4049,godzinie,2
4050,młodą,2
4051,otrzymała,2
4052,aktorki,2
4053,zagubiona,2
4054,widok,2
4055,sto,2
4056,cokolwiek,2
4057,budka,2
4058,założony,2
4059,romualda,2
4060,przebojów,2
4061,sen,2
4062,jolka,2
4063,pamiętasz,2
4064,tango,2
4065,skład,2
4066,lidera,2
4067,budki,2
4068,utwory,2
4069,off,2
4070,koncertową,2
4071,powstała,2
4072,jesienią,2
4073,współpracę,2
4074,studenckim,2
4075,matematyki,2
4076,podjął,2
4077,studiu,2
4078,radia,2
4079,powstało,2
4080,napisali,2
4081,budzi,2
4082,przewidywane,2
4083,połowie,2
4084,dowiedzieli,2
4085,porze,2
4086,niektóre,2
4087,pomiędzy,2
4088,mocna,2
4089,terminu,2
4090,ustalone,2
4091,ostateczne,2
4092,przeciwnie,2
4093,obniżona,2
4094,przykładowo,2
4095,przewidywanej,2
4096,wystawianie,2
4097,praktyka,2
4098,statutu,2
4099,zastanowić,2
4100,prezeska,2
4101,zaufania,2
4102,konkretnej,2
4103,ustalenia,2
4104,klasyfikacyjnych,2
4105,określone,2
4106,winczewska,2
4107,kształcenia,2
4108,specjalnego,2
4109,oświatowego,2
4110,przewidywanych,2
4111,pielgrzymki,2
4112,ustala,2
4113,półrocza,2
4114,ustalania,2
4115,używa,2
4116,poprawy,2
4117,prac,2
4118,domowych,2
4119,sprawdzianie,2
4120,podstawówek,2
4121,systematycznie,2
4122,osiągnięć,2
4123,niedostateczna,2
4124,promocję,2
4125,półroczu,2
4126,rednia,2
4127,rocznej,2
4128,uniemożliwia,2
4129,programowo,2
4130,uczniom,2
4131,wystąpienia,2
4132,wcześniejsze,2
4133,posiadanie,2
4134,rośnie,2
4135,indywidualne,2
4136,wyliczają,2
4137,arytmetyczna,2
4138,zwana,2
4139,przypisywane,2
4140,wagi,2
4141,ustnej,2
4142,piątkę,2
4143,kartkówek,2
4144,wyższą,2
4145,czwórkę,2
4146,skomplikowane,2
4147,rachunki,2
4148,nauczyciel,2
4149,stosunku,2
4150,przedstawionych,2
4151,yliska,2
4152,fundacji,2
4153,przepisach,2
4154,ważonej,2
4155,absurdalne,2
4156,fetyszem,2
4157,języków,2
4158,waga,2
4159,formę,2
4160,pewnych,2
4161,ważniejsza,2
4162,domagają,2
4163,prowadzący,2
4164,zna,2
4165,przepustką,2
4166,wróciła,2
4167,skali,2
4168,wyjawił,2
4169,zażył,2
4170,medyczne,2
4171,koncentracji,2
4172,dowódca,2
4173,jednostki,2
4174,zatrzymała,2
4175,przebieg,2
4176,antyterroryści,2
4177,słyszeli,2
4178,południowej,2
4179,uzbrojeni,2
4180,porzucił,2
4181,czerwca,2
4182,prawicowe,2
4183,ostatniego,2
4184,zachowa,2
4185,mogłyby,2
4186,ostrzeżenie,2
4187,przyczyn,2
4188,wybieramy,2
4189,jason,2
4190,bateman,2
4191,bracia,2
4192,mężczyznę,2
4193,utrzymania,2
4194,ciągłe,2
4195,boi,2
4196,narkotykami,2
4197,kolejki,2
4198,dojrzewania,2
4199,braci,2
4200,ojcu,2
4201,zostawia,2
4202,błędów,2
4203,wszelką,2
4204,thriller,2
4205,świadkami,2
4206,lokal,2
4207,trupy,2
4208,vincea,2
4209,miliony,2
4210,błędna,2
4211,wręcz,2
4212,winy,2
4213,świeci,2
4214,ton,2
4215,głośnym,2
4216,momentami,2
4217,odpowiadać,2
4218,przeszkadza,2
4219,przekonanie,2
4220,współwinny,2
4221,złość,2
4222,braćmi,2
4223,złości,2
4224,klątwa,2
4225,wisi,2
4226,wspomnienie,2
4227,uciec,2
4228,prowadzi,2
4229,knajpy,2
4230,przeszłości,2
4231,traumy,2
4232,dziecistwa,2
4233,oboje,2
4234,zginęli,2
4235,hanna,2
4236,orvik,2
4237,endresen,2
4238,straciła,2
4239,listę,2
4240,atakach,2
4241,lubił,2
4242,śnieżnych,2
4243,czerwonym,2
4244,planów,2
4245,przybył,2
4246,norwegom,2
4247,mo,2
4248,edycji,2
4249,pracowała,2
4250,kancelarii,2
4251,policjantem,2
4252,miszalskiemu,2
4253,pewne,2
4254,odpowiada,2
4255,wewnętrzne,2
4256,urnach,2
4257,zwykli,2
4258,poważnie,2
4259,inicjatywę,2
4260,powołuje,2
4261,niezadowolenie,2
4262,nieoficjalnie,2
4263,odwołaniem,2
4264,ruchem,2
4265,referendalną,2
4266,dług,2
4267,wyniósł,2
4268,najgorszym,2
4269,mierze,2
4270,tempie,2
4271,zlecenie,2
4272,opłat,2
4273,obecna,2
4274,przyjęcia,2
4275,straciłby,2
4276,starania,2
4277,uchwały,2
4278,kosztów,2
4279,miesiącach,2
4280,wprowadziła,2
4281,podwyżek,2
4282,nieruchomości,2
4283,bilety,2
4284,płacić,2
4285,parkowanie,2
4286,niedawna,2
4287,partyjnego,2
4288,miszalskim,2
4289,nagrody,2
4290,wiceprezydentów,2
4291,finansowej,2
4292,porównaniu,2
4293,działacz,2
4294,ko,2
4295,komunalnego,2
4296,argument,2
4297,urzędowych,2
4298,barw,2
4299,marszami,2
4300,uczestniczył,2
4301,obrzydliwe,2
4302,metropolitą,2
4303,spodobało,2
4304,rafał,2
4305,udawał,2
4306,widząc,2
4307,pali,2
4308,wspólnego,2
4309,tęczowe,2
4310,słabym,2
4311,możliwego,2
4312,jarosława,2
4313,kaczyskiego,2
4314,marzy,2
4315,nazwiskiem,2
4316,powodów,2
4317,liczbę,2
4318,wyborów,2
4319,podpisać,2
4320,zakopanego,2
4321,znikome,2
4322,zły,2
4323,inicjatywa,2
4324,struktur,2
4325,zabrakło,2
4326,zasiać,2
4327,rolą,2
4328,rządzących,2
4329,pewno,2
4330,referendalna,2
4331,pewnym,2
4332,radzi,2
4333,uważnie,2
4334,wyciągać,2
4335,wygranie,2
4336,przejąć,2
4337,prawdopodobne,2
4338,świetnie,2
4339,mniejsze,2
4340,poprzednich,2
4341,berkowicz,2
4342,samorządowych,2
4343,układu,2
4344,finansowo,2
4345,któremu,2
4346,środowisko,2
4347,akcję,2
4348,stać,2
4349,wspierać,2
4350,partyjne,2
4351,granicach,2
4352,prokuraturze,2
4353,organizować,2
4354,alternatywa,2
4355,gibały,2
4356,nieprawidłowych,2
4357,dotyczyło,2
4358,społeczną,2
4359,zwykłych,2
4360,wprowadzone,2
4361,podwyżki,2
4362,uda,2
4363,wartością,2
4364,samą,2
4365,szerokim,2
4366,środowisk,2
4367,konkretnych,2
4368,argumenty,2
4369,budżet,2
4370,finansów,2
4371,ciężkiej,2
4372,zarzuty,2
4373,funkcjonują,2
4374,otwartych,2
4375,zebranie,2
4376,sympatykami,2
4377,przeciwne,2
4378,zgodne,2
4379,konwencją,2
4380,tajemnicy,2
4381,ochronę,2
4382,przestępstwom,2
4383,odwołały,2
4384,odseparowanie,2
4385,podyktowane,2
4386,zapewnione,2
4387,fizyczne,2
4388,posługiwać,2
4389,sztućcami,2
4390,sportowej,2
4391,pozdrowieniu,2
4392,dokonanych,2
4393,terrorystyczne,2
4394,współrządzącej,2
4395,wywołały,2
4396,głęboki,2
4397,szok,2
4398,narodową,2
4399,najgorszą,2
4400,zbrodnią,2
4401,harald,2
4402,marszu,2
4403,zakoczył,2
4404,stwierdzi,2
4405,czerwcu,2
4406,zmienił,2
4407,fjotolf,2
4408,hansen,2
4409,odizolowanie,2
4410,braku,2
4411,wyznał,2
4412,uznali,2
4413,wyznania,2
4414,oprócz,2
4415,mandatów,2
4416,zarejestrowaną,2
4417,firmę,2
4418,palną,2
4419,płytę,2
4420,harrego,2
4421,zapowiadał,2
4422,singiel,2
4423,albumu,2
4424,saturday,2
4425,night,2
4426,główna,2
4427,gościł,2
4428,late,2
4429,fine,2
4430,line,2
4431,wydana,2
4432,tworzeniu,2
4433,osiągnął,2
4434,pozycję,2
4435,umieścił,2
4436,singlem,2
4437,tour,2
4438,zaplanowane,2
4439,odwiedził,2
4440,europę,2
4441,stadionach,2
4442,wprowadził,2
4443,winem,2
4444,najgorszego,2
4445,myśl,2
4446,rozprawić,2
4447,politykę,2
4448,szczegóły,2
4449,wzorem,2
4450,więtej,2
4451,ideologicznego,2
4452,spadkobiercę,2
4453,współczesnego,2
4454,wybuchowymi,2
4455,masoskiej,2
4456,uznawał,2
4457,rzekomej,2
4458,islamizacji,2
4459,dżihadu,2
4460,świętej,2
4461,więta,2
4462,sprawców,2
4463,faceta,2
4464,spodziewał,2
4465,przedsiębiorca,2
4466,krwią,2
4467,dokument,2
4468,półtora,2
4469,angielską,2
4470,andrew,2
4471,berwick,2
4472,wrzucił,2
4473,haseł,2
4474,poprawnością,2
4475,kulturowy,2
4476,lewicowych,2
4477,elit,2
4478,bbc,2
4479,oskarżył,2
4480,dominuje,2
4481,zjednoczone,2
4482,symbol,2
4483,czoła,2
4484,islamizm,2
4485,śmiertelnych,2
4486,winstona,2
4487,trzydziestki,2
4488,chrzest,2
4489,krytykował,2
4490,poprawność,2
4491,poparcia,2
4492,głównym,2
4493,radykalna,2
4494,liderzy,2
4495,podatków,2
4496,english,2
4497,defence,2
4498,league,2
4499,europe,2
4500,inspirację,2
4501,geerta,2
4502,jakikolwiek,2
4503,skrupulatnie,2
4504,nowoczesne,2
4505,gospodarstwo,2
4506,owoce,2
4507,farmy,2
4508,wybuchowym,2
4509,skąd,2
4510,spokojnego,2
4511,przyjacielem,2
4512,wschodu,2
4513,poważną,2
4514,narkotyków,2
4515,grę,2
4516,world,2
4517,zobaczył,2
4518,ponadpodstawowych,2
4519,odpowiedzialnego,2
4520,kłaść,2
4521,kształtowanie,2
4522,praktycznych,2
4523,kompetencji,2
4524,szczegółowych,2
4525,nauczana,2
4526,iiiv,2
4527,uzasadnieniu,2
4528,nowelizacji,2
4529,podstawy,2
4530,programowej,2
4531,procesów,2
4532,poszanowanie,2
4533,obywatel,2
4534,uczestnictwa,2
4535,trzema,2
4536,elementami,2
4537,wiedza,2
4538,zawarte,2
4539,nazwać,2
4540,jakim,2
4541,upadku,2
4542,katarzyny,2
4543,teatrem,2
4544,worek,2
4545,zaprezentują,2
4546,rapowego,2
4547,regina,2
4548,zawadzkabigaj,2
4549,premiery,2
4550,roszkowski,2
4551,znakomite,2
4552,przypomnieć,2
4553,specjalnie,2
4554,szlempo,2
4555,bisz,2
4556,antygona,2
4557,chórów,2
4558,bunt,2
4559,strachem,2
4560,wiat,2
4561,sił,2
4562,mścić,2
4563,wojnę,2
4564,zastanawiać,2
4565,walczyć,2
4566,rolach,2
4567,julia,2
4568,tadeusz,2
4569,autorem,2
4570,wokalnie,2
4571,zaprzeczył,2
4572,wysadził,2
4573,podobna,2
4574,napisać,2
4575,zdrajców,2
4576,robili,2
4577,wrogiem,2
4578,pułapkę,2
4579,spekulowały,2
4580,oddaloną,2
4581,nazywał,2
4582,jeziorze,2
4583,wpław,2
4584,świadek,2
4585,odpowiedzialnych,2
4586,atakuje,2
4587,katedrą,2
4588,otwartość,2
4589,tolerancja,2
4590,polityka,2
4591,kwietniowym,2
4592,zażądał,2
4593,sędziów,2
4594,uwolnienia,2
4595,zgodził,2
4596,specjalny,2
4597,salę,2
4598,przesłuchania,2
4599,zaparkowany,2
4600,zbrodnia,2
4601,przyznaję,2
4602,niszczenia,2
4603,zakonu,2
4604,misję,2
4605,wymierzony,2
4606,schizofrenię,2
4607,zamkniętego,2
4608,psychiatrycznego,2
4609,latek,2
4610,masowe,2
4611,morderstwo,2
4612,wytrzymać,2
4613,żądał,2
4614,prowadzenie,2
4615,andersie,2
4616,prasowa,2
4617,wyjątkowo,2
4618,wykazuje,2
4619,wojownika,2
4620,dumny,2
4621,psychologiczne,2
4622,zrezygnuje,2
4623,piątkowych,2
4624,narkotyki,2
4625,pobudzać,2
4626,wysoki,2
4627,zabity,2
4628,tłum,2
4629,nienawidzi,2
4630,radykalnej,2
4631,dodatkowo,2
4632,komórek,2
4633,afryki,2
4634,poprosiła,2
4635,zakaz,2
4636,fundamentalną,2
4637,dotyczy,2
4638,zabójców,2
4639,decydując,2
4640,kondycji,2
4641,stosowania,2
4642,zaskoczeni,2
4643,decyzją,2
4644,marius,2
4645,emberland,2
4646,zwierzę,2
4647,kawy,2
4648,młodzieżowej,2
4649,pokryć,2
4650,koron,2
4651,dokonanego,2
4652,granicą,2
4653,pastwach,2
4654,pełni,2
4655,gwarantuje,2
4656,sprawne,2
4657,dalszą,2
4658,strefą,2
4659,zakresie,2
4660,gospodarki,2
4661,normy,2
4662,uczestniczyło,2
4663,kształtowaniu,2
4664,ochroną,2
4665,gospodarka,2
4666,gospodarczy,2
4667,członkami,2
4668,krajami,2
4669,wewnętrzny,2
4670,chłopcem,2
4671,dyplomaty,2
4672,pielęgniarki,2
4673,słuchał,2
4674,hiphopu,2
4675,imigrantami,2
4676,liczącym,2
4677,pseudonimem,2
4678,zerwał,2
4679,ogólnie,2
4680,pełne,2
4681,rozpatrywane,2
4682,miałbym,2
4683,emeryturę,2
4684,odciął,2
4685,liberalnym,2
4686,partnerów,2
4687,wynikającego,2
4688,patriarchatu,2
4689,kolega,2
4690,prawami,2
4691,napaść,2
4692,nauka,2
4693,biznesu,2
4694,interwencja,2
4695,powstrzymać,2
4696,rozwód,2
4697,wydała,2
4698,saletrowej,2
4699,zaparkowanym,2
4700,pułapce,2
4701,uszkodzony,2
4702,urzęduje,2
4703,młodzieżowym,2
4704,ącznie,2
4705,przedsięwzięcia,2
4706,przerwał,2
4707,zadzwonić,2
4708,drogą,2
4709,elektroniczną,2
4710,kierował,2
4711,pobudkami,2
4712,ideologicznymi,2
4713,propagował,2
4714,ksenofobię,2
4715,ruger,2
4716,strzelił,2
4717,ranny,2
4718,załamanie,2
4719,nerwowe,2
4720,reakcje,2
4721,przesunięto,2
4722,samorządowe,2
4723,wezwały,2
4724,okazania,2
4725,solidarności,2
4726,tysięczny,2
4727,zareagował,2
4728,potępiły,2
4729,narodów,2
4730,ubolewania,2
4731,bronisław,2
4732,komorowski,2
4733,zakakującym,2
4734,wzrosło,2
4735,odnośnie,2
4736,organizacjach,2
4737,napływ,2
4738,położył,2
4739,wydłużana,2
4740,stanowił,2
4741,skrojonych,2
4742,oscarowe,2
4743,komiksowych,2
4744,wejściem,2
4745,przeczytać,2
4746,aktor,2
4747,dłonie,2
4748,parą,2
4749,energią,2
4750,potomek,2
4751,jaka,2
4752,serwisach,2
4753,główne,2
4754,role,2
4755,dziecięce,2
4756,marzenie,2
4757,pisać,2
4758,jakiego,2
4759,błyskiem,2
4760,talent,2
4761,ranczu,2
4762,siostrami,2
4763,kuzynów,2
4764,bić,2
4765,dorastał,2
4766,karierę,2
4767,washington,2
4768,mel,2
4769,wydawać,2
4770,rozwinął,2
4771,czerwony,2
4772,lokum,2
4773,eleganckiej,2
4774,amerykascy,2
4775,kręconym,2
4776,gwiazd,2
4777,stallone,2
4778,umie,2
4779,johna,2
4780,zaproszenie,2
4781,innej,2
4782,teller,2
4783,zaproponowano,2
4784,kariery,2
4785,pozwolili,2
4786,kin,2
4787,szukał,2
4788,spokojnym,2
4789,policją,2
4790,udając,2
4791,zabrali,2
4792,grał,2
4793,sławy,2
4794,sweeney,2
4795,chodziło,2
4796,zebrał,2
4797,festiwalu,2
4798,kontynuacja,2
4799,gotów,2
4800,bohater,2
4801,matthew,2
4802,laty,2
4803,sztuczny,2
4804,złotej,2
4805,czerwonych,2
4806,towarzyszy,2
4807,glasgow,2
4808,potrzebował,2
4809,nową,2
4810,czarnej,2
4811,lewo,2
4812,ciężko,2
4813,cool,2
4814,zagrania,2
4815,bournea,2
4816,kolejnej,2
4817,sprawia,2
4818,naukowca,2
4819,charakter,2
4820,lekko,2
4821,ucieka,2
4822,zdarzało,2
4823,kamienicy,2
4824,parafianie,2
4825,rozmawia,2
4826,wieczór,2
4827,kolędzie,2
4828,zwłokę,2
4829,jarek,2
4830,koci,2
4831,męczenników,2
4832,niepołomicach,2
4833,pobliskim,2
4834,parafiach,2
4835,zdradza,2
4836,mówiłem,2
4837,składanych,2
4838,ofiarach,2
4839,duszpasterskiej,2
4840,skomentowała,2
4841,potrafi,2
4842,doświadczyłam,2
4843,osobiście,2
4844,wizyty,2
4845,bogatym,2
4846,klatki,2
4847,żyli,2
4848,pozostałej,2
4849,mieszkania,2
4850,puszczy,2
4851,sporo,2
4852,kolędę,2
4853,sąsiedzi,2
4854,pytają,2
4855,błąd,2
4856,agresją,2
4857,samemu,2
4858,aktywność,2
4859,przychodzę,2
4860,katedrze,2
4861,wojska,2
4862,sprzedawał,2
4863,chemikom,2
4864,amatorom,2
4865,handlu,2
4866,zezwolenia,2
4867,substancją,2
4868,niebezpieczestwo,2
4869,rozmiarach,2
4870,sprzedaż,2
4871,chemicznych,2
4872,przetłumaczyć,2
4873,użytkowników,2
4874,adres,2
4875,internetowy,2
4876,nazwę,2
4877,dziesiątki,2
4878,użytkownicy,2
4879,chemikalia,2
4880,oferty,2
4881,polaka,2
4882,ofercie,2
4883,konstrukcji,2
4884,dostarczył,2
4885,norwegowi,2
4886,ilości,2
4887,kilkuset,2
4888,kg,2
4889,namiary,2
4890,wiceszef,2
4891,białek,2
4892,stronach,2
4893,zakupów,2
4894,udostępnił,2
4895,handlowego,2
4896,nazwie,2
4897,identyczne,2
4898,nazwy,2
4899,adresy,2
4900,przedsiębiorstw,2
4901,prokuratury,2
4902,czeski,2
4903,ak,2
4904,granaty,2
4905,znana,2
4906,kontynencie,2
4907,pragi,2
4908,możecie,2
4909,norwegami,2
4910,zamachowcy,2
4911,tekście,2
4912,klausa,2
4913,zsrr,2
4914,dekrety,2
4915,benesza,2
4916,niemcy,2
4917,stanisława,2
4918,podlaskiej,2
4919,chóru,2
4920,wykonania,2
4921,próbę,2
4922,nieg,2
4923,uznała,2
4924,znakomicie,2
4925,koncertów,2
4926,pełnej,2
4927,wydawał,2
4928,sceną,2
4929,szarość,2
4930,róż,2
4931,dawidowi,2
4932,opuścić,2
4933,wybrany,2
4934,krótkim,2
4935,zdołała,2
4936,dumna,2
4937,zmianą,2
4938,fali,2
4939,zdarzyła,2
4940,przeżywa,2
4941,całości,2
4942,towarzyszą,2
4943,krwawe,2
4944,tradycji,2
4945,narodowości,2
4946,religii,2
4947,tworzyć,2
4948,emigrantów,2
4949,ograniczać,2
4950,homogenicznym,2
4951,uznają,2
4952,natury,2
4953,lęki,2
4954,munduru,2
4955,teda,2
4956,śledczy,2
4957,wariat,2
4958,niewinnych,2
4959,proste,2
4960,szaleni,2
4961,szalestwo,2
4962,czymś,2
4963,uznać,2
4964,baader,2
4965,meinhof,2
4966,frakcji,2
4967,czerwonej,2
4968,światową,2
4969,wyzwania,2
4970,skórą,2
4971,wymysłem,2
4972,kapitalizmu,2
4973,bierze,2
4974,napisano,2
4975,północą,2
4976,kiepsko,2
4977,potrzebami,2
4978,dochodzi,2
4979,wojujący,2
4980,zachodzie,2
4981,zabierają,2
4982,holender,2
4983,niemiecki,2
4984,obcego,2
4985,dziadków,2
4986,ogłosi,2
4987,multikulturalizmu,2
4988,zło,2
4989,obcy,2
4990,ratunkiem,2
4991,chrześcijaskiej,2
4992,uniwersalne,2
4993,szczegółowe,2
4994,słowach,2
4995,wynikające,2
4996,wielokulturowego,2
4997,antyimigrancką,2
4998,prawdziwych,2
4999,finów,2
5000,nurtu,2
5001,prawicę,2
5002,akceptuje,2
5003,wyklucza,2
5004,odpowiedzieli,2
5005,dziada,2
5006,pradziada,2
5007,fizycznie,2
5008,ekstremistycznej,2
5009,niewinne,2
5010,jakoś,2
5011,terrorem,2
5012,skuteczniejsze,2
5013,procedury,2
5014,mówimy,2
5015,monitoringu,2
5016,zwiększy,2
5017,brytania,2
5018,metra,2
5019,izraelu,2
5020,krajem,2
5021,swobód,2
5022,oddać,2
5023,cenzurowanie,2
5024,islamiści,2
5025,specjalnym,2
5026,ściśle,2
5027,swoistym,2
5028,stosunków,2
5029,uniwersytecie,2
5030,oglądali,2
5031,najchętniej,2
5032,nawrocki,2
5033,chcieli,2
5034,detale,2
5035,świąteczne,2
5036,rodziną,2
5037,życzenia,2
5038,królowały,2
5039,dodatkiem,2
5040,house,2
5041,wygrywa,2
5042,platformy,2
5043,braun,2
5044,przekazy,2
5045,wygrać,2
5046,ocenia,2
5047,zamknięte,2
5048,najnowszym,2
5049,mazurekstanowski,2
5050,nicolasa,2
5051,maduro,2
5052,stanowski,2
5053,głośno,2
5054,obecnego,2
5055,migrantów,2
5056,wieczna_krucjata,2
5057,piękne,2
5058,zdobyły,2
5059,zachwycać,2
5060,zajmie,2
5061,usunięte,2
5062,dezinformacji,2
5063,cyfryzacji,2
5064,konta,2
5065,użycia,2
5066,filmików,2
5067,cenzura,2
5068,istniało,2
5069,serię,2
5070,przejęcie,2
5071,znajdziemy,2
5072,pośrednictwem,2
5073,odliczeniu,2
5074,imprez,2
5075,najpopularniejsze,2
5076,mówiące,2
5077,zwolennikiem,2
5078,wyjściu,2
5079,śmietniku,2
5080,dobrobyt,2
5081,polskę,2
5082,willi,2
5083,cristiano,2
5084,cr,2
5085,georgina,2
5086,sportu,2
5087,zdecydował,2
5088,planują,2
5089,przyszło,2
5090,decyzję,2
5091,posesji,2
5092,miejscem,2
5093,przyszłość,2
5094,zakoczeniu,2
5095,realizacji,2
5096,przeprowadzki,2
5097,prywatności,2
5098,wzbudzać,2
5099,szpital,2
5100,ulica,2
5101,zbudować,2
5102,alek,2
5103,komunikowanie,2
5104,funkcjonowanie,2
5105,teatralną,2
5106,wystawianego,2
5107,niczego,2
5108,poszłam,2
5109,grała,2
5110,poznałam,2
5111,prywatnie,2
5112,niegdyś,2
5113,rozwijać,2
5114,różnorodności,2
5115,wyjątkowa,2
5116,filoktei,2
5117,zdarzyło,2
5118,aktorami,2
5119,mierzy,2
5120,tworzymy,2
5121,robimy,2
5122,niepełnosprawność,2
5123,niepełnosprawności,2
5124,podróż,2
5125,filokteta,2
5126,oczekiwali,2
5127,stu,2
5128,prawdziwymi,2
5129,figurę,2
5130,życiowe,2
5131,świadomości,2
5132,siłą,2
5133,pracowali,2
5134,pozostałe,2
5135,dookoła,2
5136,osiągnięcia,2
5137,równi,2
5138,osobistego,2
5139,podejść,2
5140,dba,2
5141,gotowości,2
5142,chwile,2
5143,jutro,2
5144,twórczość,2
5145,czujesz,2
5146,uprawnie,2
5147,technik,2
5148,zagrożeniu,2
5149,afganistanie,2
5150,domniemanych,2
5151,ideologią,2
5152,wersja,2
5153,odebrał,2
5154,antyimigranckiej,2
5155,ksenofobicznej,2
5156,romów,2
5157,dochodziła,2
5158,rejonie,2
5159,myślałam,2
5160,rasizmu,2
5161,astrid,2
5162,rektor,2
5163,petter,2
5164,ottersen,2
5165,wyjaśnił,2
5166,dotychczasowe,2
5167,wierni,2
5168,odosobnieniu,2
5169,oresznikiem,2
5170,walerij,2
5171,uderzeniem,2
5172,zastraszyć,2
5173,zmasowany,2
5174,czwartku,2
5175,pocisk,2
5176,oresznik,2
5177,rosyjski,2
5178,resort,2
5179,ukraiski,2
5180,new,2
5181,użycie,2
5182,opiera,2
5183,szefa,2
5184,jakichkolwiek,2
5185,rosyjskiej,2
5186,skutek,2
5187,miejscach,2
5188,granicy,2
5189,polską,2
5190,sbu,2
5191,moskwy,2
5192,gwałtownie,2
5193,przejechała,2
5194,funkcjonariusza,2
5195,platformie,2
5196,was,2
5197,kampanii,2
5198,imigracji,2
5199,przebywają,2
5200,teoretycznie,2
5201,prowadzić,2
5202,mopsiczka,2
5203,gypsia,2
5204,gęś,2
5205,pipa,2
5206,dżok,2
5207,wystawa,2
5208,olgi,2
5209,kulturalny,2
5210,teatralnych,2
5211,muzyczne,2
5212,jazz,2
5213,sacrum,2
5214,letnie,2
5215,tanie,2
5216,cyfrowej,2
5217,wystawy,2
5218,tłumy,2
5219,dubiel,2
5220,basista,2
5221,utalentowany,2
5222,optymistyczny,2
5223,pianista,2
5224,nagrodzony,2
5225,wyborczapl,2
5226,amkp,2
5227,fortepianu,2
5228,śledził,2
5229,kompletnej,2
5230,płynnie,2
5231,najpiękniejszych,2
5232,oba,2
5233,uśmiechała,2
5234,ptaki,2
5235,narodowe,2
5236,poznaniu,2
5237,mistrza,2
5238,pamiątki,2
5239,zakoczyło,2
5240,sklepem,2
5241,karolczyk,2
5242,inw,2
5243,mhkxif,2
5244,wykonał,2
5245,zwierzętami,2
5246,psami,2
5247,mogliśmy,2
5248,abakanowicz,2
5249,ogrodach,2
5250,królewskich,2
5251,dziedziniec,2
5252,kwitnącą,2
5253,magnolią,2
5254,krakowskiej,2
5255,rzeźb,2
5256,magdaleny,2
5257,wystaw,2
5258,urok,2
5259,warsztatów,2
5260,portret,2
5261,modne,2
5262,wybierają,2
5263,kreacji,2
5264,wielkość,2
5265,małą,2
5266,tarczę,2
5267,rozmiar,2
5268,tarczy,2
5269,wielkości,2
5270,zakup,2
5271,zegarka,2
5272,złota,2
5273,białe,2
5274,tarcze,2
5275,kolorze,2
5276,dopasować,2
5277,tanecznym,2
5278,poniżej,2
5279,samotności,2
5280,gdasku,2
5281,statystyk,2
5282,niczym,2
5283,sanah,2
5284,vintage,2
5285,partiami,2
5286,wspomnie,2
5287,tropem,2
5288,podejrzany,2
5289,halo,2
5290,bywają,2
5291,znakomity,2
5292,piątkowym,2
5293,kamieniem,2
5294,powraca,2
5295,chokery,2
5296,bomberki,2
5297,mody,2
5298,rosnącą,2
5299,stają,2
5300,nostalgia,2
5301,łask,2
5302,wersje,2
5303,stanem,2
5304,predicts,2
5305,trendy,2
5306,wymienia,2
5307,tamtych,2
5308,duchu,2
5309,dodatki,2
5310,estetyką,2
5311,kratę,2
5312,szybkie,2
5313,idealna,2
5314,autentyczna,2
5315,producenta,2
5316,online,2
5317,rozumieją,2
5318,producent,2
5319,komunikacja,2
5320,międzypokoleniowa,2
5321,rzeczywistym,2
5322,obce,2
5323,niesamowicie,2
5324,usłyszymy,2
5325,politykami,2
5326,kwiatów,2
5327,szefowa,2
5328,podkreśliła,2
5329,ostatniej,2
5330,najważniejszym,2
5331,odbędą,2
5332,rozliczyć,2
5333,uciekła,2
5334,szefową,2
5335,akceptujemy,2
5336,nrk,2
5337,sypialnię,2
5338,siłownię,2
5339,zastosowane,2
5340,prokurator,2
5341,opublikowanego,2
5342,inspiracji,2
5343,międzynarodowego,2
5344,pozew,2
5345,socjaldemokratycznej,2
5346,reczkałow,2
5347,stylowi,2
5348,idei,2
5349,żadne,2
5350,miesiącu,2
5351,tezę,2
5352,ostatecznej,2
5353,reczkałowa,2
5354,kamieniami,2
5355,wirusem,2
5356,internautów,2
5357,rosyjskich,2
5358,zwraca,2
5359,władimir,2
5360,gazety,2
5361,nasi,2
5362,szacunku,2
5363,najlepszym,2
5364,ambasadę,2
5365,krajowym,2
5366,białą,2
5367,plamą,2
5368,regionem,2
5369,zaradzić,2
5370,dając,2
5371,agresorami,2
5372,savannas,2
5373,puckett,2
5374,byłego,2
5375,ówczesną,2
5376,podwórko,2
5377,ekranie,2
5378,dopuścić,2
5379,zgłoszona,2
5380,błędy,2
5381,ogół,2
5382,zwrócili,2
5383,okazuje,2
5384,pojawiające,2
5385,skoczył,2
5386,wybrać,2
5387,mienią,2
5388,wyżej,2
5389,kompozycja,2
5390,ryzyka,2
5391,singla,2
5392,zawiera,2
5393,l,2
5394,najpoważniejszych,2
5395,melodia,2
5396,utworu,2
5397,zamyka,2
5398,tekstu,2
5399,smakiem,2
5400,wskazano,2
5401,przyjmowanie,2
5402,uznano,2
5403,znacząco,2
5404,nieznacznie,2
5405,etapu,2
5406,brakuje,2
5407,elementarnej,2
5408,zdrowej,2
5409,kanapki,2
5410,nakładać,2
5411,czekoladowy,2
5412,wcinać,2
5413,hot,2
5414,doga,2
5415,małopolska,2
5416,gabriela,2
5417,bułki,2
5418,słodkie,2
5419,c,2
5420,zada,2
5421,odbył,2
5422,pozytywnie,2
5423,samopoczucie,2
5424,włosów,2
5425,czystość,2
5426,odżywianiu,2
5427,zdrowego,2
5428,potrafić,2
5429,posiłek,2
5430,bóle,2
5431,głowy,2
5432,fizycznego,2
5433,rejonowego,2
5434,dudekróżycki,2
5435,najwyraźniej,2
5436,zdrowotna,2
5437,obowiązku,2
5438,zajęciach,2
5439,wchodzi,2
5440,obowiązkowa,2
5441,seksualnym,2
5442,dodatkowej,2
5443,lekcji,2
5444,tłumaczyć,2
5445,laureat,2
5446,obowiązkowy,2
5447,rejonowy,2
5448,laureata,2
5449,świadkiem,2
5450,obejmuje,2
5451,sezon,2
5452,opowieścią,2
5453,shelley,2
5454,oddanie,2
5455,klimat,2
5456,ludzkie,2
5457,wyrazu,2
5458,japoskiego,2
5459,stołem,2
5460,poczty,2
5461,zażyczył,2
5462,wyraz,2
5463,japonią,2
5464,wzywa,2
5465,sądzony,2
5466,linią,2
5467,udowodnienia,2
5468,resztę,2
5469,zakładzie,2
5470,rzeczywistością,2
5471,komórkach,2
5472,generalnego,2
5473,papierosy,2
5474,realnego,2
5475,dowodów,2
5476,piątku,2
5477,ewentualnej,2
5478,janne,2
5479,uznanie,2
5480,chorą,2
5481,główny,2
5482,kolejowy,2
5483,zostawił,2
5484,przyjechali,2
5485,stopniowo,2
5486,sprawdź,2
5487,różnią,2
5488,kocich,2
5489,żwirku,2
5490,musisz,2
5491,zamkniętych,2
5492,przestrzennych,2
5493,toalety,2
5494,plastiku,2
5495,dostępna,2
5496,sklepach,2
5497,nieprzyjemny,2
5498,żwirek,2
5499,czemu,2
5500,praktycznie,2
5501,reszty,2
5502,przywódca,2
5503,wenezueli,2
5504,więzie,2
5505,metropolitan,2
5506,detention,2
5507,związanych,2
5508,placówka,2
5509,combs,2
5510,handel,2
5511,uznany,2
5512,epsteina,2
5513,aresztu,2
5514,joaquin,2
5515,el,2
5516,chapo,2
5517,baron,2
5518,narkotykowy,2
5519,kar,2
5520,smutek,2
5521,przechodzą,2
5522,międzynarodowych,2
5523,przybyła,2
5524,powstrzymany,2
5525,czujnym,2
5526,tragicznych,2
5527,sydnes,2
5528,brukseli,2
5529,niewielką,2
5530,inspirował,2
5531,geert,2
5532,wilders,2
5533,mein,2
5534,kampf,2
5535,roentgena,2
5536,używać,2
5537,napisane,2
5538,gazowe,2
5539,kawałków,2
5540,faktów,2
5541,jakimś,2
5542,mordu,2
5543,elity,2
5544,narodzin,2
5545,szczególności,2
5546,powinno,2
5547,islamizacją,2
5548,kolejną,2
5549,szwedzkich,2
5550,rodaków,2
5551,wyścigu,2
5552,postanowi,2
5553,zwolennik,2
5554,terrorystę,2
5555,prawdopodobiestwo,2
5556,globalnym,2
5557,etnicznych,2
5558,sobota,2
5559,zabijał,2
5560,młodzieżowego,2
5561,norwegiem,2
5562,wiary,2
5563,konserwatysta,2
5564,kulturystyki,2
5565,wybuchem,2
5566,brały,2
5567,terrorystyczny,2
5568,siedziby,2
5569,odłamkami,2
5570,dzwonić,2
5571,mieszkacom,2
5572,komórkowe,2
5573,stały,2
5574,podała,2
5575,fanatycy,2
5576,grozili,2
5577,zemstą,2
5578,karykatury,2
5579,zagrożony,2
5580,deportacją,2
5581,iranu,2
5582,zagroził,2
5583,nakaz,2
5584,deportacji,2
5585,cofnięty,2
5586,radykalną,2
5587,zapory,2
5588,podejrzewanego,2
5589,przygotowywanie,2
5590,jarmarków,2
5591,świątecznych,2
5592,zatrzymali,2
5593,komunikacie,2
5594,terrorystycznej,2
5595,bariery,2
5596,tymczasowe,2
5597,podkreślają,2
5598,stosowane,2
5599,dużych,2
5600,czekają,2
5601,kamila,2
5602,zawodnika,2
5603,skoczków,2
5604,olimpijskie,2
5605,turnieju,2
5606,wzorcowa,2
5607,kariera,2
5608,wzorowy,2
5609,narciarskiego,2
5610,urodzić,2
5611,wychodziły,2
5612,izraela,2
5613,córeczka,2
5614,miesiąc,2
5615,policyjnych,2
5616,drewnianym,2
5617,domem,2
5618,współżycia,2
5619,grzywny,2
5620,luizą,2
5621,iwonką,2
5622,iwonka,2
5623,małżestwo,2
5624,kępie,2
5625,antoniego,2
5626,brać,2
5627,antoni,2
5628,sztachety,2
5629,trzeci,2
5630,urodziła,2
5631,troje,2
5632,rocznik,2
5633,wyjechali,2
5634,matkę,2
5635,przyrządzać,2
5636,felutka,2
5637,rzucił,2
5638,rolnictwo,2
5639,znosi,2
5640,makowski,2
5641,niechby,2
5642,powiesili,2
5643,eugenia,2
5644,słocu,2
5645,mieszkała,2
5646,obraz,2
5647,boćkach,2
5648,żony,2
5649,bielsku,2
5650,podlaskim,2
5651,miesięcznie,2
5652,sekta,2
5653,ewą,2
5654,henrykiem,2
5655,mężem,2
5656,ilskich,2
5657,stracić,2
5658,uprawiać,2
5659,kołdry,2
5660,przyjeżdżali,2
5661,źdźbła,2
5662,podłodze,2
5663,gałęzie,2
5664,resztki,2
5665,spadały,2
5666,widocznie,2
5667,biblię,2
5668,leżały,2
5669,warszawą,2
5670,henrykowi,2
5671,wziąć,2
5672,apokalipsą,2
5673,dziennikarzy,2
5674,siłę,2
5675,plecakami,2
5676,jolanta,2
5677,paszko,2
5678,pouczyła,2
5679,audycji,2
5680,lokalnym,2
5681,sekt,2
5682,rozwiązuję,2
5683,zniknął,2
5684,ustalili,2
5685,czesała,2
5686,przebierała,2
5687,jeść,2
5688,jedzie,2
5689,wynosić,2
5690,pracują,2
5691,zrób,2
5692,dawał,2
5693,mieją,2
5694,miali,2
5695,proroków,2
5696,tato,2
5697,kochani,2
5698,zęby,2
5699,drzewa,2
5700,oliwki,2
5701,potłuczone,2
5702,obserwację,2
5703,kłamią,2
5704,lubartowa,2
5705,poszkodowanych,2
5706,ewie,2
5707,wspólnota,2
5708,ul,2
5709,nowaka,2
5710,ycie,2
5711,widnicy,2
5712,stanisław,2
5713,dziewczynki,2
5714,zimnej,2
5715,deski,2
5716,relacjonowała,2
5717,rozpaść,2
5718,wykrocze,2
5719,zaniedbaniem,2
5720,wydarzeniami,2
5721,zastępca,2
5722,spora,2
5723,znaków,2
5724,wprowadzenia,2
5725,hejt,2
5726,wpłat,2
5727,sęk,2
5728,podkreślili,2
5729,miejska,2
5730,strażnicy,2
5731,maria,2
5732,zarząd,2
5733,skutku,2
5734,komentarzy,2
5735,demonstracji,2
5736,katowice,2
5737,szczecinie,2
5738,pisma,2
5739,terenu,2
5740,zacznie,2
5741,skrócenia,2
5742,odrzucony,2
5743,biegłych,2
5744,stopniu,2
5745,ringerike,2
5746,fengsel,2
5747,silne,2
5748,oceniają,2
5749,komisji,2
5750,istniejące,2
5751,brevik,2
5752,wpłynęły,2
5753,przygotowaniu,2
5754,przygotowani,2
5755,zarzutami,2
5756,skalę,2
5757,celu,2
5758,pge,2
5759,transfer,2
5760,wątpienia,2
5761,sezonem,2
5762,romano,2
5763,włoską,2
5764,barwach,2
5765,mistrzem,2
5766,zyska,2
5767,charakteryzują,2
5768,danej,2
5769,złotymi,2
5770,portfela,2
5771,kurs,2
5772,usd,2
5773,prawicowa,2
5774,dyrektorem,2
5775,władzami,2
5776,naturalny,2
5777,dużego,2
5778,tajna,2
5779,gościem,2
5780,neonaziści,2
5781,copeland,2
5782,londynu,2
5783,przedstawicieli,2
5784,grupami,2
5785,norwescy,2
5786,podobnymi,2
5787,krytykując,2
5788,głupstwa,2
5789,spór,2
5790,kasę,2
5791,kościelnych,2
5792,tygodniku,2
5793,dobrych,2
5794,bodaj,2
5795,profilu,2
5796,postawa,2
5797,sma,2
5798,największa,2
5799,zelandii,2
5800,norwegią,2
5801,trybunałem,2
5802,nieuzasadniona,2
5803,brenton,2
5804,tarrant,2
5805,christchurch,2
5806,wychwalał,2
5807,paul,2
5808,hasson,2
5809,fragmentów,2
5810,klasyczną,2
5811,elegancję,2
5812,biznesowych,2
5813,oferuje,2
5814,dopasowana,2
5815,zabudowanym,2
5816,krój,2
5817,ciekawą,2
5818,kroju,2
5819,ograniczają,2
5820,pamięcią,2
5821,kojarzy,2
5822,interesie,2
5823,listów,2
5824,kw,2
5825,rowerem,2
5826,spacerów,2
5827,bezpośredniej,2
5828,opowiadającej,2
5829,zawartości,2
5830,pojawi,2
5831,in,2
5832,przynależności,2
5833,artystów,2
5834,przerosła,2
5835,nordyckich,2
5836,horror,2
5837,politolog,2
5838,ravik,2
5839,jupskas,2
5840,grupom,2
5841,kristin,2
5842,spotka,2
5843,dziewiąta,2
5844,wstrząsnęła,2
5845,milion,2
5846,rządowymi,2
5847,eksplodowały,2
5848,odbił,2
5849,ciemnej,2
5850,flauty,2
5851,wskazali,2
5852,ekonomicznego,2
5853,netto,2
5854,pokrywa,2
5855,energetyki,2
5856,słonecznej,2
5857,panele,2
5858,opady,2
5859,br,2
5860,elektrownie,2
5861,magazyny,2
5862,harrich,2
5863,amunicję,2
5864,dotarła,2
5865,podopiecznych,2
5866,apeluje,2
5867,krakowskie,2
5868,schronienia,2
5869,przebywające,2
5870,opiekunowie,2
5871,kotów,2
5872,zgłaszanie,2
5873,kocur,2
5874,pegazus,2
5875,kochającą,2
5876,apelują,2
5877,psy,2
5878,borku,2
5879,psiaki,2
5880,rosjanom,2
5881,zapiskach,2
5882,blogu,2
5883,sugerowała,2
5884,jihadwatchorg,2
5885,spencer,2
5886,dżihad,2
5887,unabombera,2
5888,twierdziło,2
5889,malkin,2
5890,miłosz,2
5891,zarzycki,2
5892,uśmiechem,2
5893,kaszuba,2
5894,zadaniem,2
5895,napędu,2
5896,sportów,2
5897,łódź,2
5898,linę,2
5899,jednomyślnie,2
5900,warunkowe,2
5901,kulinarnym,2
5902,influencerem,2
5903,szukaniu,2
5904,wypolerowanych,2
5905,kuchniach,2
5906,dłoniach,2
5907,ubrudzonych,2
5908,ziemią,2
5909,odkrył,2
5910,danie,2
5911,hrabstwie,2
5912,pasja,2
5913,uganiając,2
5914,uciekającymi,2
5915,brudny,2
5916,posiniaczony,2
5917,zorientował,2
5918,sielanka,2
5919,nieustanna,2
5920,naturą,2
5921,miłość,2
5922,wyhodowanie,2
5923,dorodnych,2
5924,docenić,2
5925,instagramowym,2
5926,piecze,2
5927,mięso,2
5928,kóz,2
5929,stół,2
5930,oliwa,2
5931,ząbków,2
5932,łyżeczka,2
5933,anchois,2
5934,koncentratu,2
5935,pomidorowego,2
5936,makaronu,2
5937,pęczek,2
5938,natki,2
5939,grubym,2
5940,usmaż,2
5941,słodka,2
5942,posiekaj,2
5943,drewnianą,2
5944,łyżką,2
5945,koncentrat,2
5946,pomidorowy,2
5947,pomidory,2
5948,przepłucz,2
5949,duś,2
5950,zgęstnieje,2
5951,odcedź,2
5952,podgrzewaj,2
5953,porządnie,2
5954,makaron,2
5955,dente,2
5956,podgrzej,2
5957,zachowaj,2
5958,dolewaj,2
5959,buraków,2
5960,ml,2
5961,rondlu,2
5962,ocet,2
5963,pokrywką,2
5964,zmiękną,2
5965,garnku,2
5966,miski,2
5967,ćwiartki,2
5968,włóż,2
5969,próbuj,2
5970,zupę,2
5971,zrównoważony,2
5972,sosie,2
5973,pomidorowym,2
5974,plasterki,2
5975,szczypta,2
5976,płatkach,2
5977,zależnie,2
5978,posiekana,2
5979,podania,2
5980,zaczną,2
5981,łyżce,2
5982,ricotty,2
5983,świeżego,2
5984,pokrojone,2
5985,klopsików,2
5986,porannych,2
5987,radzić,2
5988,kijowie,2
5989,radzieckie,2
5990,ukraiskiego,2
5991,sprawdzenie,2
5992,osesi,2
5993,wewior,2
5994,słowne,2
5995,organizmy,2
5996,kropek,2
5997,wersy,2
5998,ni,2
5999,ćwicze,2
6000,zaproponowanie,2
6001,afektywny,2
6002,tekstów,2
6003,poetyckich,2
6004,minerały,2
6005,odcieniach,2
6006,właściwości,2
6007,diamenty,2
6008,superpucharu,1
6009,rozgromiła,1
6010,półfinał,1
6011,finał,1
6012,rywalizacja,1
6013,superpuchar,1
6014,arabii,1
6015,saudyjskiej,1
6016,zdobywca,1
6017,pucharu,1
6018,drużyną,1
6019,sezonu,1
6020,uczestnikiem,1
6021,mistrzów,1
6022,athletikiem,1
6023,hansi,1
6024,flick,1
6025,wyjściowej,1
6026,jedenastce,1
6027,rezerwowego,1
6028,szczęsnego,1
6029,zaskakiwała,1
6030,golu,1
6031,roberta,1
6032,lewandowskiego,1
6033,zagra,1
6034,wyjściowym,1
6035,składzie,1
6036,ferran,1
6037,torres,1
6038,wprawdzie,1
6039,ambitnie,1
6040,blaugrana,1
6041,strzelanie,1
6042,fermin,1
6043,lopez,1
6044,uderzał,1
6045,skiksował,1
6046,piłka,1
6047,spadła,1
6048,ferrana,1
6049,torresa,1
6050,snajper,1
6051,barcelony,1
6052,siatce,1
6053,kwadransach,1
6054,flicka,1
6055,ruszył,1
6056,lewą,1
6057,stroną,1
6058,nadbiegającego,1
6059,fermina,1
6060,lopeza,1
6061,huknął,1
6062,minęły,1
6063,płasko,1
6064,roony,1
6065,bardghji,1
6066,popisał,1
6067,przepuszczając,1
6068,prowadząc,1
6069,zamierzała,1
6070,zatrzymywać,1
6071,rywal,1
6072,bezradny,1
6073,trafiony,1
6074,czwarty,1
6075,bramkowego,1
6076,przepięknym,1
6077,strzale,1
6078,sekund,1
6079,bramkarz,1
6080,uratował,1
6081,wybił,1
6082,rzut,1
6083,rożny,1
6084,uderzenie,1
6085,daniego,1
6086,viviana,1
6087,przerwą,1
6088,mocny,1
6089,oihana,1
6090,sanceta,1
6091,słupku,1
6092,potrzebowała,1
6093,piąty,1
6094,zamieszaniu,1
6095,uderze,1
6096,graczy,1
6097,blaugrany,1
6098,blokowanych,1
6099,piłki,1
6100,dopadł,1
6101,mocnym,1
6102,wpakował,1
6103,graczom,1
6104,wychodziło,1
6105,alejandro,1
6106,berenguer,1
6107,świetnej,1
6108,przestrzelił,1
6109,seriach,1
6110,drużynach,1
6111,mistrzowie,1
6112,zwolnili,1
6113,niedzielnym,1
6114,finałem,1
6115,boisku,1
6116,komplet,1
6117,wykorzystały,1
6118,kocowych,1
6119,gomez,1
6120,bramkarzem,1
6121,joana,1
6122,garcii,1
6123,słupka,1
6124,korzystniejszej,1
6125,basków,1
6126,wykreowała,1
6127,finałowego,1
6128,rywala,1
6129,pozna,1
6130,atletico,1
6131,realem,1
6132,kowalczykiem,1
6133,psychoterapeutą,1
6134,seksuologiem,1
6135,jurek,1
6136,stereotyp,1
6137,hasło,1
6138,niewidzialny,1
6139,ochoty,1
6140,wystarczająca,1
6141,przytaczamy,1
6142,męska,1
6143,piotrem,1
6144,p,1
6145,winiarskim,1
6146,krawczykiem,1
6147,płonąć,1
6148,unieważnia,1
6149,narzucając,1
6150,wzorzec,1
6151,marią,1
6152,beisert,1
6153,zaspokajać,1
6154,zaburzeniami,1
6155,ejakulacji,1
6156,spadkiem,1
6157,wspólnym,1
6158,mianownikiem,1
6159,zawodem,1
6160,unikanie,1
6161,rozpaczliwą,1
6162,brakiem,1
6163,partnerzy,1
6164,odbierają,1
6165,odmowę,1
6166,odrzucenie,1
6167,zaburzona,1
6168,widoczny,1
6169,objaw,1
6170,złożonej,1
6171,wierzchołek,1
6172,lodowej,1
6173,spodem,1
6174,zmęczenie,1
6175,hormonów,1
6176,wspominanych,1
6177,niewystarczających,1
6178,przeciążenia,1
6179,mozaika,1
6180,uwarunkowa,1
6181,kondycja,1
6182,somatyczna,1
6183,sercowonaczyniowe,1
6184,schorzenia,1
6185,uboczne,1
6186,przyjmowanych,1
6187,testosteronu,1
6188,niebagatelny,1
6189,wypalenie,1
6190,nastroju,1
6191,wyhamować,1
6192,dochodzą,1
6193,przemęczenie,1
6194,przeciążenie,1
6195,obowiązkami,1
6196,rodzicielskimi,1
6197,miar,1
6198,spadku,1
6199,słyszę,1
6200,wyczerpaniu,1
6201,zagubieni,1
6202,rodzicielskiej,1
6203,wypaleni,1
6204,zawodowo,1
6205,akurat,1
6206,pojawili,1
6207,wspomniałem,1
6208,silnie,1
6209,przyjrzenia,1
6210,przyczynie,1
6211,startu,1
6212,biseksualna,1
6213,wiązania,1
6214,atrakcyjna,1
6215,złożony,1
6216,ujęciu,1
6217,wyglądzie,1
6218,skojarzenie,1
6219,nasuwa,1
6220,emocjonalne,1
6221,spadek,1
6222,spontaniczne,1
6223,responsywne,1
6224,budowane,1
6225,zaufanie,1
6226,połączone,1
6227,paliwem,1
6228,pożądania,1
6229,urządzać,1
6230,czułością,1
6231,spieszyć,1
6232,spiralę,1
6233,wstydu,1
6234,równowaga,1
6235,pobudzeniem,1
6236,hamowaniem,1
6237,ironia,1
6238,podbijają,1
6239,hamowanie,1
6240,troska,1
6241,skuteczności,1
6242,seksualny,1
6243,uwaga,1
6244,testowania,1
6245,zalecam,1
6246,świadome,1
6247,przenoszenie,1
6248,dotyk,1
6249,obniża,1
6250,przywraca,1
6251,oczekiwaną,1
6252,personalizacji,1
6253,przestałam,1
6254,kręcić,1
6255,diagnoz,1
6256,testosteronem,1
6257,żartów,1
6258,tezą,1
6259,zadajemy,1
6260,wymsknąć,1
6261,zacytował,1
6262,pacjent,1
6263,przeprosiła,1
6264,intencji,1
6265,zapamiętał,1
6266,zbliżenia,1
6267,dudniło,1
6268,rozmawiamy,1
6269,zdrada,1
6270,kimś,1
6271,przyjmuje,1
6272,strategię,1
6273,udawania,1
6274,zrazić,1
6275,ignorowanie,1
6276,utrwalać,1
6277,rozróżnić,1
6278,chwilowe,1
6279,długotrwałe,1
6280,powodujące,1
6281,dojmujące,1
6282,troską,1
6283,zasugerować,1
6284,partnerowi,1
6285,komunikatem,1
6286,idź,1
6287,napraw,1
6288,tobą,1
6289,męczysz,1
6290,martwię,1
6291,poszukamy,1
6292,zaproponować,1
6293,defekt,1
6294,zachęcam,1
6295,udania,1
6296,psychologa,1
6297,leczenie,1
6298,trafione,1
6299,niesie,1
6300,błędu,1
6301,rozpoznaniu,1
6302,samodzielny,1
6303,wybór,1
6304,kierując,1
6305,reklamą,1
6306,zniechęcić,1
6307,poszukania,1
6308,wyprzedzać,1
6309,nawiązując,1
6310,oglądałam,1
6311,mecz,1
6312,reklama,1
6313,zachęcała,1
6314,preparaty,1
6315,zapłonie,1
6316,bogiem,1
6317,panowie,1
6318,cudownych,1
6319,suplementów,1
6320,obietnica,1
6321,spektakularnego,1
6322,kusząca,1
6323,ambicjach,1
6324,tabletka,1
6325,zadania,1
6326,preparat,1
6327,zadać,1
6328,mając,1
6329,intymnych,1
6330,przeciętnie,1
6331,wykształcone,1
6332,psychoaktywnych,1
6333,samotne,1
6334,nieszczęśliwe,1
6335,somatycznych,1
6336,stuprocentowym,1
6337,wyleczyć,1
6338,całkowite,1
6339,uwolnienie,1
6340,myślenia,1
6341,wyobrażeniach,1
6342,presja,1
6343,przekonaniami,1
6344,faktami,1
6345,adekwatne,1
6346,ocenianie,1
6347,odejście,1
6348,porówna,1
6349,wczesnej,1
6350,dojrzałości,1
6351,seksualnej,1
6352,nabiera,1
6353,wiekiem,1
6354,seksualności,1
6355,życiowego,1
6356,tematowi,1
6357,seksualna,1
6358,skłonne,1
6359,absolutnym,1
6360,priorytetem,1
6361,kluczem,1
6362,różnic,1
6363,sprawczość,1
6364,miernik,1
6365,rozładowania,1
6366,bycie,1
6367,zauważonym,1
6368,nieoceniający,1
6369,operujący,1
6370,zaciekawieniem,1
6371,bazujący,1
6372,pana,1
6373,obawia,1
6374,odmawiając,1
6375,poznaje,1
6376,zyskały,1
6377,opierają,1
6378,przekonaniach,1
6379,założeniach,1
6380,fantazjach,1
6381,preferencjach,1
6382,poruszany,1
6383,stresie,1
6384,testem,1
6385,słuchanie,1
6386,cuda,1
6387,przedstawia,1
6388,uskarża,1
6389,oczekuje,1
6390,codzienne,1
6391,życzy,1
6392,wytrzyma,1
6393,zabijacie,1
6394,rozpacza,1
6395,umrę,1
6396,zamęczył,1
6397,anundsen,1
6398,gorzej,1
6399,zagrażał,1
6400,społeczestwu,1
6401,poddać,1
6402,grubbegata,1
6403,okolicznych,1
6404,biur,1
6405,centrów,1
6406,wakacjach,1
6407,eksplodował,1
6408,wypełniony,1
6409,mieszanką,1
6410,paliwa,1
6411,piętrowym,1
6412,wieżowcu,1
6413,wyleciały,1
6414,okna,1
6415,walał,1
6416,gruz,1
6417,biegali,1
6418,zdezorientowani,1
6419,przyjeżdżały,1
6420,dało,1
6421,sanitariusze,1
6422,przewieźli,1
6423,szpitali,1
6424,zniszczonych,1
6425,uwięzieni,1
6426,strażacy,1
6427,prosiły,1
6428,udostępnili,1
6429,ratownikami,1
6430,otoczone,1
6431,dramatycznych,1
6432,docierają,1
6433,wysepkę,1
6434,leżącą,1
6435,północny,1
6436,czekała,1
6437,promem,1
6438,srebrny,1
6439,wpuścił,1
6440,pojazd,1
6441,wypchanej,1
6442,magazynki,1
6443,stosy,1
6444,zwłok,1
6445,przeżyje,1
6446,horroru,1
6447,próbując,1
6448,lądu,1
6449,woda,1
6450,przeraźliwie,1
6451,zimna,1
6452,przybrzeżnych,1
6453,krzakach,1
6454,skałami,1
6455,skołowanych,1
6456,łodzie,1
6457,zaufać,1
6458,siedzieli,1
6459,jorgen,1
6460,benone,1
6461,stosami,1
6462,usiłują,1
6463,apel,1
6464,żywych,1
6465,nasłuchiwał,1
6466,dźwięków,1
6467,smsów,1
6468,zdradzały,1
6469,brzegu,1
6470,jednostka,1
6471,szybkiego,1
6472,reagowania,1
6473,swat,1
6474,brzeg,1
6475,zgłoszeniu,1
6476,utoyę,1
6477,dopływają,1
6478,helikopter,1
6479,sądowej,1
6480,fanatyk,1
6481,bombowych,1
6482,strzelanin,1
6483,zalał,1
6484,koszmarem,1
6485,samobójstwie,1
6486,uciążliwy,1
6487,psycholog,1
6488,współautorem,1
6489,depresji,1
6490,skłonności,1
6491,samobójczych,1
6492,radził,1
6493,sala,1
6494,telewizyjna,1
6495,zwróci,1
6496,prośbą,1
6497,zakoczenie,1
6498,podsumowując,1
6499,okręgowego,1
6500,stwierdzając,1
6501,naruszenia,1
6502,złoży,1
6503,okręgowy,1
6504,rozczarowany,1
6505,samopoczucia,1
6506,odsiadki,1
6507,wielokrone,1
6508,zabójstwo,1
6509,umieszczonej,1
6510,wykonały,1
6511,robotę,1
6512,radząc,1
6513,wykonuje,1
6514,solidną,1
6515,profesjonalna,1
6516,biorąc,1
6517,prośbę,1
6518,poprosili,1
6519,planowanego,1
6520,zaoferowali,1
6521,wystosowali,1
6522,nietypową,1
6523,interwencję,1
6524,sformułowana,1
6525,uchodźstwie,1
6526,misleya,1
6527,mandarina,1
6528,białego,1
6529,conservativepost,1
6530,mandarin,1
6531,ostrzegł,1
6532,strategicznie,1
6533,ważnej,1
6534,bazy,1
6535,archipelag,1
6536,przekazany,1
6537,mauritius,1
6538,zależny,1
6539,chin,1
6540,stanowiłoby,1
6541,potencjalne,1
6542,regionie,1
6543,namawia,1
6544,zablokowania,1
6545,traktatu,1
6546,miałoby,1
6547,chiskiej,1
6548,ingerencji,1
6549,kluczowej,1
6550,operacjach,1
6551,baza,1
6552,nieodzownym,1
6553,argumentują,1
6554,pozostawieniem,1
6555,brytyjskoamerykaską,1
6556,kontrolą,1
6557,głosowanie,1
6558,brytyjskim,1
6559,przekazanie,1
6560,dzierżawiona,1
6561,ujawniono,1
6562,maurytyjskim,1
6563,lexpress,1
6564,wypłacona,1
6565,znacząca,1
6566,funtów,1
6567,oceanu,1
6568,indyjskiego,1
6569,planowanym,1
6570,inwestycję,1
6571,londyski,1
6572,wbiciu,1
6573,jonathana,1
6574,obchodzi,1
6575,filmował,1
6576,wyminąć,1
6577,strzela,1
6578,przednią,1
6579,drzwiach,1
6580,krążące,1
6581,staranować,1
6582,najnowsze,1
6583,nagranie,1
6584,informacyjny,1
6585,pochodziło,1
6586,dziewiątego,1
6587,uśmiechającą,1
6588,kolego,1
6589,tylnej,1
6590,kanapie,1
6591,zidentyfikowany,1
6592,jonathan,1
6593,potrącony,1
6594,tamte,1
6595,oskarżają,1
6596,krajowy,1
6597,udostępnionym,1
6598,beccę,1
6599,wysiadła,1
6600,strzałami,1
6601,obchodzącego,1
6602,zmieniamy,1
6603,tablic,1
6604,rejestracyjnych,1
6605,przyjdziecie,1
6606,zaczepiać,1
6607,proponuję,1
6608,byś,1
6609,lunch,1
6610,chłopaku,1
6611,chwyta,1
6612,pasażera,1
6613,podniesiony,1
6614,wychodź,1
6615,jo,1
6616,ledztwo,1
6617,ujęcia,1
6618,szarpie,1
6619,rusza,1
6620,tyłu,1
6621,przodu,1
6622,przednie,1
6623,koła,1
6624,potrącenia,1
6625,kochanie,1
6626,tylne,1
6627,lusterko,1
6628,kamera,1
6629,odjeżdżającego,1
6630,jęknięcie,1
6631,wystrzały,1
6632,zaparkowane,1
6633,piera,1
6634,suka,1
6635,kirsti,1
6636,konferencjach,1
6637,prasowych,1
6638,przekonywała,1
6639,bał,1
6640,suvem,1
6641,absolutny,1
6642,immunitet,1
6643,zaatakowany,1
6644,hospitalizowany,1
6645,mieszkankę,1
6646,strzałach,1
6647,siłach,1
6648,rozbitego,1
6649,tłumaczenia,1
6650,kłamstwem,1
6651,tim,1
6652,walz,1
6653,gubernator,1
6654,użyje,1
6655,gwardii,1
6656,badały,1
6657,stanowe,1
6658,wyłączność,1
6659,dopuściło,1
6660,stanowych,1
6661,amerykanie,1
6662,wywołują,1
6663,sprzeciwu,1
6664,chicago,1
6665,wyszły,1
6666,protestujących,1
6667,ułożyli,1
6668,znicze,1
6669,trąbili,1
6670,klaksonami,1
6671,hotelem,1
6672,nocowali,1
6673,należący,1
6674,hampton,1
6675,hill,1
6676,zakwaterowania,1
6677,złośliwość,1
6678,pożalił,1
6679,departament,1
6680,reutersangelina,1
6681,katsanis,1
6682,skoordynowaną,1
6683,odmwi,1
6684,świadczenia,1
6685,usług,1
6686,zarezerwować,1
6687,pokoje,1
6688,korzystając,1
6689,adresów,1
6690,email,1
6691,stawek,1
6692,złośliwie,1
6693,anulowaa,1
6694,rezerwacje,1
6695,niedopuszczalne,1
6696,morderców,1
6697,gwałcicieli,1
6698,podważając,1
6699,utrudniając,1
6700,egzekwowania,1
6701,poście,1
6702,zatytułowanym,1
6703,historyk,1
6704,umieszczonym,1
6705,potępia,1
6706,kłamstwa,1
6707,eskalacji,1
6708,wycofać,1
6709,zamordowany,1
6710,przeprosić,1
6711,kłamać,1
6712,kłamiesz,1
6713,stajesz,1
6714,wspólnikiem,1
6715,morderstwie,1
6716,następnym,1
6717,zabójstwa,1
6718,usprawiedliwienia,1
6719,popierali,1
6720,zdadzą,1
6721,uznamy,1
6722,uległy,1
6723,poprawie,1
6724,zacząć,1
6725,żonie,1
6726,yła,1
6727,promieniowała,1
6728,dobrocią,1
6729,żyła,1
6730,nadrzędnym,1
6731,odnaleźć,1
6732,pielęgnować,1
6733,wzrostu,1
6734,chrześcijanką,1
6735,religie,1
6736,nauczają,1
6737,kochać,1
6738,troszczyć,1
6739,zapewniać,1
6740,integralność,1
6741,appla,1
6742,usuwa,1
6743,aplikację,1
6744,ostrzegającą,1
6745,usatrumpmigrationice,1
6746,wspomniała,1
6747,przeprowadziły,1
6748,bezpieczną,1
6749,przysta,1
6750,zabrane,1
6751,zatrzymałyśmy,1
6752,sąsiadów,1
6753,gwizdki,1
6754,wychowa,1
6755,przekonaniu,1
6756,zbudują,1
6757,lepszy,1
6758,sercach,1
6759,uczcimy,1
6760,żyjąc,1
6761,wartościami,1
6762,odrzucając,1
6763,współczucie,1
6764,odwracając,1
6765,dążąc,1
6766,spopularyzowany,1
6767,skandynawki,1
6768,odzieżowy,1
6769,modowym,1
6770,twistem,1
6771,wielowarstwowe,1
6772,okazują,1
6773,minusowe,1
6774,zimowy,1
6775,silniejszych,1
6776,zimę,1
6777,polega,1
6778,ubieraniu,1
6779,warstw,1
6780,przeciwiestwie,1
6781,klasycznego,1
6782,ubioru,1
6783,zakłada,1
6784,podkoszulka,1
6785,kamizelki,1
6786,kurtkę,1
6787,skupia,1
6788,aspektach,1
6789,wizualnych,1
6790,modowej,1
6791,interesujące,1
6792,fakturowo,1
6793,zimowa,1
6794,przykuwa,1
6795,kształtami,1
6796,rozmaitymi,1
6797,tkaninami,1
6798,nieoczywistymi,1
6799,rozwiązaniami,1
6800,łączenie,1
6801,jeansów,1
6802,spódnicą,1
6803,midi,1
6804,wystający,1
6805,ciekawy,1
6806,mankiet,1
6807,nonszalancko,1
6808,zarzucony,1
6809,tył,1
6810,płaszcza,1
6811,chusta,1
6812,przewiązana,1
6813,pasie,1
6814,paska,1
6815,spodni,1
6816,layeringu,1
6817,ocieplajace,1
6818,fantazyjne,1
6819,dozwolone,1
6820,szafy,1
6821,solidnych,1
6822,posiadamy,1
6823,garderobie,1
6824,zimową,1
6825,bawełniane,1
6826,obcisłe,1
6827,podkoszulki,1
6828,rękawem,1
6829,golf,1
6830,ciepłe,1
6831,leginsy,1
6832,wełny,1
6833,merino,1
6834,najmodniejszej,1
6835,spódnicy,1
6836,tuniki,1
6837,krótkiej,1
6838,spodniami,1
6839,warstwa,1
6840,ciepłego,1
6841,okrycia,1
6842,przykryjemy,1
6843,płaszczem,1
6844,kurtką,1
6845,długościami,1
6846,fasonami,1
6847,komponując,1
6848,strój,1
6849,powinniśmy,1
6850,palecie,1
6851,kolorystycznej,1
6852,rozmaite,1
6853,faktury,1
6854,tkaniny,1
6855,spójną,1
6856,acz,1
6857,całość,1
6858,zależą,1
6859,wyobraźni,1
6860,tragiczny,1
6861,ceremonię,1
6862,dzisiejszej,1
6863,oddano,1
6864,złożyli,1
6865,memoriałem,1
6866,faszystowskim,1
6867,geście,1
6868,zaostrza,1
6869,postąpić,1
6870,finlandia,1
6871,żałoba,1
6872,sztokholmu,1
6873,maszynowy,1
6874,pozwolenia,1
6875,przedstawiony,1
6876,utrudnić,1
6877,osobom,1
6878,niepowołanym,1
6879,odebrać,1
6880,robocza,1
6881,przygotowuje,1
6882,rozpatrywany,1
6883,fosli,1
6884,umożliwią,1
6885,dokładniejsze,1
6886,kontrolowanie,1
6887,beatrice,1
6888,ask,1
6889,wyciągnąć,1
6890,posiadanej,1
6891,jesiennej,1
6892,ubiegając,1
6893,niewystarczająca,1
6894,snajpera,1
6895,malm,1
6896,obydwaj,1
6897,należeli,1
6898,klubów,1
6899,strzeleckich,1
6900,klubom,1
6901,członkom,1
6902,stawiano,1
6903,wyższe,1
6904,wymagania,1
6905,szkoda,1
6906,posiadaniu,1
6907,sankcjonuje,1
6908,półautomatycznej,1
6909,chadecki,1
6910,tuve,1
6911,skaanberg,1
6912,ostrzejszych,1
6913,restrykcji,1
6914,dotyczącym,1
6915,zapowiedziano,1
6916,masakrach,1
6917,helsinek,1
6918,wprowadzono,1
6919,dolną,1
6920,zezwolenie,1
6921,ograniczeniu,1
6922,azotanu,1
6923,amonu,1
6924,nawozach,1
6925,wyprodukować,1
6926,niepoczytalny,1
6927,uczestniczy,1
6928,sądzi,1
6929,przebadania,1
6930,oskarżonego,1
6931,oskarżony,1
6932,wojennych,1
6933,skierowanym,1
6934,ludności,1
6935,skutkującym,1
6936,ogromnymi,1
6937,cierpieniami,1
6938,poważnym,1
6939,uszkodzeniem,1
6940,odebraniem,1
6941,dagbladet,1
6942,wystąpienie,1
6943,prawną,1
6944,odseparowany,1
6945,więtami,1
6946,przesyłając,1
6947,stronnicowe,1
6948,podanie,1
6949,ówczesnej,1
6950,instancje,1
6951,odrzuciły,1
6952,argumentację,1
6953,uskarżał,1
6954,oczekiwał,1
6955,przyżył,1
6956,powrócić,1
6957,postrzelony,1
6958,pogodziłem,1
6959,oszczędził,1
6960,strasznie,1
6961,męczy,1
6962,darował,1
6963,wyglądu,1
6964,wystarczające,1
6965,zadaję,1
6966,żyję,1
6967,potrzebowałem,1
6968,newsweeka,1
6969,postrzału,1
6970,metalowych,1
6971,lotnisku,1
6972,dzwonię,1
6973,przechodzę,1
6974,bramkę,1
6975,wykrywającą,1
6976,metale,1
6977,przeszukują,1
6978,odłamki,1
6979,wychodzą,1
6980,współorganizatorem,1
6981,samochodziepułapce,1
6982,godizny,1
6983,breivi,1
6984,poświęconą,1
6985,wydarzeniom,1
6986,hjartet,1
6987,mot,1
6988,steinen,1
6989,dosł,1
6990,kamie,1
6991,przeciwna,1
6992,publikacji,1
6993,ukazała,1
6994,polsku,1
6995,tytułem,1
6996,tvp,1
6997,info,1
6998,zależało,1
6999,tworzenia,1
7000,pomógł,1
7001,myślami,1
7002,tłumaczeniem,1
7003,odszedł,1
7004,udziela,1
7005,llh,1
7006,najstarszej,1
7007,groźna,1
7008,przesada,1
7009,obserwują,1
7010,niskich,1
7011,ujemnych,1
7012,trafia,1
7013,zawałów,1
7014,wiąże,1
7015,zawałem,1
7016,mięśnia,1
7017,sercowego,1
7018,zaostrzeniem,1
7019,wiecowej,1
7020,ostrzegała,1
7021,kardiolog,1
7022,n,1
7023,med,1
7024,gwałtowny,1
7025,fizyczny,1
7026,pogodę,1
7027,amerykaskie,1
7028,american,1
7029,heart,1
7030,association,1
7031,nagły,1
7032,intensywny,1
7033,zabójcze,1
7034,zawału,1
7035,nagłego,1
7036,szacują,1
7037,umiera,1
7038,kilkaset,1
7039,starsze,1
7040,podwyższonym,1
7041,tryb,1
7042,palenie,1
7043,papierosów,1
7044,nadciśnienie,1
7045,nagłych,1
7046,dojść,1
7047,kardiologicznych,1
7048,choroba,1
7049,wiecowa,1
7050,nasilenia,1
7051,lekarka,1
7052,gwałtowna,1
7053,czynność,1
7054,najszybciej,1
7055,mięśni,1
7056,górnej,1
7057,wywołać,1
7058,klatce,1
7059,nagłe,1
7060,zatrzymanie,1
7061,ekstremalne,1
7062,groźne,1
7063,sercem,1
7064,miarę,1
7065,ekspozycji,1
7066,ekspozycja,1
7067,najkrótsza,1
7068,wyjaśniał,1
7069,abczdrowie,1
7070,grabowski,1
7071,warszawskiego,1
7072,medycznego,1
7073,pijane,1
7074,zaskakujący,1
7075,szkockich,1
7076,drogowców,1
7077,łamali,1
7078,mph,1
7079,spodziewali,1
7080,zastosować,1
7081,uspokajania,1
7082,ostrzegawcze,1
7083,trasie,1
7084,wykonano,1
7085,wiodąca,1
7086,miejscowość,1
7087,krętą,1
7088,dróżką,1
7089,rozdzielająca,1
7090,pasy,1
7091,zamieniła,1
7092,zygzak,1
7093,bokach,1
7094,szosy,1
7095,uzupełniają,1
7096,czerwone,1
7097,leeds,1
7098,university,1
7099,dowodzą,1
7100,pionowe,1
7101,przesunięcia,1
7102,jezdni,1
7103,skłaniają,1
7104,zwężenia,1
7105,kręta,1
7106,jezdnia,1
7107,iluzoryczna,1
7108,przejedzie,1
7109,podzielone,1
7110,lokalnych,1
7111,malowania,1
7112,przeznaczyć,1
7113,załatanie,1
7114,dziur,1
7115,kombinacja,1
7116,zachęca,1
7117,zmniejszenia,1
7118,daily,1
7119,record,1
7120,danny,1
7121,krzysztofem,1
7122,komanderem,1
7123,bałem,1
7124,zabiera,1
7125,familijne,1
7126,kicz,1
7127,gatunku,1
7128,myślenie,1
7129,trudnego,1
7130,byliśmy,1
7131,kręcili,1
7132,opowiadające,1
7133,przystawało,1
7134,ryzykować,1
7135,dziecku,1
7136,obiegowym,1
7137,opiniom,1
7138,faktu,1
7139,wpadłem,1
7140,zrobienia,1
7141,pracowałem,1
7142,weselu,1
7143,wojtka,1
7144,debiutem,1
7145,scenarzysty,1
7146,debiutowało,1
7147,producentka,1
7148,operator,1
7149,oświetlenia,1
7150,scenografka,1
7151,zajmująca,1
7152,reklamami,1
7153,zachowywaliśmy,1
7154,zgraja,1
7155,dzieciaków,1
7156,wiesz,1
7157,samobójcza,1
7158,misja,1
7159,określili,1
7160,filmowcy,1
7161,ostrzegali,1
7162,brutalnej,1
7163,szczerej,1
7164,przekonałem,1
7165,cinekid,1
7166,amsterdamie,1
7167,sekcja,1
7168,reżyserzy,1
7169,poprosić,1
7170,słuchało,1
7171,wstał,1
7172,wypalił,1
7173,nuda,1
7174,owijają,1
7175,krytykę,1
7176,kurtuazyjny,1
7177,papier,1
7178,uśmiechają,1
7179,popracować,1
7180,pomysłem,1
7181,przyzwyczajony,1
7182,rozsypała,1
7183,prezentacja,1
7184,załatwiły,1
7185,opowiadałem,1
7186,pomyśle,1
7187,przyjęły,1
7188,skorzystałem,1
7189,najlepszego,1
7190,przygodowego,1
7191,wymienił,1
7192,indianę,1
7193,jonesa,1
7194,wyobrażeniu,1
7195,zakładałem,1
7196,stereotypowo,1
7197,siedzą,1
7198,telefonach,1
7199,sięgają,1
7200,napakowane,1
7201,bodźcami,1
7202,efektami,1
7203,specjalnymi,1
7204,skrzatem,1
7205,tematy,1
7206,dziewczynka,1
7207,stracie,1
7208,zdziwiło,1
7209,dopytałem,1
7210,stałoby,1
7211,odeszło,1
7212,umarła,1
7213,ogarnia,1
7214,tata,1
7215,poradziłby,1
7216,zorientowałem,1
7217,siedmiolatka,1
7218,znałem,1
7219,scenariuszy,1
7220,filmowych,1
7221,jedenastoletniego,1
7222,spytałem,1
7223,przestraszyłby,1
7224,zanudził,1
7225,dziadek,1
7226,pogrzeb,1
7227,zgodzili,1
7228,dopełniło,1
7229,taty,1
7230,traci,1
7231,mamę,1
7232,uwierzyłem,1
7233,kalkulacją,1
7234,obliczoną,1
7235,spotykałem,1
7236,słyszałem,1
7237,reżyserów,1
7238,san,1
7239,sebastian,1
7240,sundance,1
7241,kurczę,1
7242,sztucznego,1
7243,opowiadanie,1
7244,twórcom,1
7245,pakujesz,1
7246,walor,1
7247,pokażę,1
7248,żałobę,1
7249,opowiedziały,1
7250,potrzebach,1
7251,koszmarach,1
7252,cynicznie,1
7253,zepchnąłem,1
7254,problemach,1
7255,wiedziałbym,1
7256,arkiem,1
7257,jakubikiem,1
7258,wciela,1
7259,tatę,1
7260,pogadać,1
7261,córką,1
7262,nieudolnie,1
7263,szukałeś,1
7264,zagrają,1
7265,pewność,1
7266,poradzą,1
7267,emocjonalnie,1
7268,zrobiliśmy,1
7269,pierwszymi,1
7270,zdjęciami,1
7271,wybraliśmy,1
7272,dziesięcioletnich,1
7273,poprosiłem,1
7274,obciążali,1
7275,kosztami,1
7276,dojazdów,1
7277,noclegów,1
7278,finansowania,1
7279,obiecałem,1
7280,darmo,1
7281,roczne,1
7282,aktorskie,1
7283,dawaliśmy,1
7284,ryzykowaliśmy,1
7285,zbliżyło,1
7286,aspekcie,1
7287,podchodzę,1
7288,uprawnia,1
7289,bydła,1
7290,czułem,1
7291,branży,1
7292,przełożą,1
7293,późniejszy,1
7294,stosunek,1
7295,kojarzyły,1
7296,przesiąknięte,1
7297,złem,1
7298,pije,1
7299,obraża,1
7300,wyzyskuje,1
7301,zacząłeś,1
7302,uformowania,1
7303,kółeczka,1
7304,bezpieczniej,1
7305,ciasteczka,1
7306,przepadają,1
7307,pająkami,1
7308,chciało,1
7309,podzielić,1
7310,lubiło,1
7311,zapewniła,1
7312,powiedziało,1
7313,lubić,1
7314,uderzyło,1
7315,strunę,1
7316,dwudziesta,1
7317,minuta,1
7318,obojętnie,1
7319,doceniłem,1
7320,zachowywały,1
7321,tłukły,1
7322,patykami,1
7323,kałużę,1
7324,dzieliły,1
7325,naród,1
7326,wybrnąłeś,1
7327,urazić,1
7328,oceniłem,1
7329,wypowiedzieć,1
7330,górze,1
7331,rączek,1
7332,stawałem,1
7333,mądrzejszy,1
7334,musiałeś,1
7335,pracujesz,1
7336,aktorem,1
7337,zakładasz,1
7338,powiedzą,1
7339,przekroczeniem,1
7340,zgadzać,1
7341,wpadnie,1
7342,genialny,1
7343,odmówi,1
7344,wypadnie,1
7345,posłuchały,1
7346,zaproponowałem,1
7347,zabawę,1
7348,wcielić,1
7349,koleżanka,1
7350,wczuła,1
7351,biła,1
7352,wytłumaczyłem,1
7353,wyglądać,1
7354,groźnie,1
7355,krzywdzić,1
7356,wątpliwościami,1
7357,znęcający,1
7358,bohaterką,1
7359,bydgoszczy,1
7360,lucky,1
7361,bob,1
7362,janusz,1
7363,hetman,1
7364,gostomczyk,1
7365,zamurowało,1
7366,zadaliby,1
7367,rozłożyło,1
7368,wyjaśnić,1
7369,prostego,1
7370,intuicyjnego,1
7371,wypadku,1
7372,dyskutowaliśmy,1
7373,agresywne,1
7374,niewłaściwe,1
7375,amelią,1
7376,goldą,1
7377,bohaterkę,1
7378,byłaby,1
7379,uwierzyć,1
7380,odparła,1
7381,cringe,1
7382,kompletnie,1
7383,poradziła,1
7384,pass,1
7385,wyobrażony,1
7386,wstydzą,1
7387,przewagę,1
7388,kontakcie,1
7389,peszy,1
7390,przyzwyczajone,1
7391,nagrywania,1
7392,zaprosiłem,1
7393,operatora,1
7394,opowiedział,1
7395,ustawienie,1
7396,odgrywania,1
7397,scenek,1
7398,spojrzały,1
7399,obiektyw,1
7400,premierą,1
7401,robiłeś,1
7402,pokazy,1
7403,testowe,1
7404,różnymi,1
7405,reżyserami,1
7406,research,1
7407,wojtek,1
7408,poświęca,1
7409,zgłębianie,1
7410,rzadkość,1
7411,wydawało,1
7412,podstawą,1
7413,opowiedzenia,1
7414,tworzysz,1
7415,odbiorcę,1
7416,konsultować,1
7417,młodzieżą,1
7418,zrobiłem,1
7419,zmontowaniu,1
7420,zapraszałem,1
7421,nieznajome,1
7422,prosiłem,1
7423,przekonywały,1
7424,wspaniały,1
7425,serio,1
7426,komplementów,1
7427,uważałem,1
7428,wad,1
7429,warstwie,1
7430,logicznej,1
7431,psychologicznej,1
7432,złapałem,1
7433,balans,1
7434,fabułą,1
7435,realizmem,1
7436,przygodą,1
7437,ródła,1
7438,upatrywałbym,1
7439,konsultacjach,1
7440,pokazów,1
7441,zapomnę,1
7442,synami,1
7443,młodszy,1
7444,troszkę,1
7445,podrosnąć,1
7446,wdzięczny,1
7447,obejrzenia,1
7448,starszym,1
7449,płytka,1
7450,wrócimy,1
7451,szturchać,1
7452,wygadywał,1
7453,nabitej,1
7454,wyznanie,1
7455,spóźniłem,1
7456,dowiedziałeś,1
7457,pokazie,1
7458,premierowym,1
7459,usłyszałem,1
7460,najfajniejszym,1
7461,wrażenia,1
7462,podskoczyło,1
7463,pobeczałem,1
7464,usłyszeć,1
7465,wartościowego,1
7466,ust,1
7467,spowodował,1
7468,schlingel,1
7469,horyzonty,1
7470,rozważano,1
7471,dyskutowałem,1
7472,robiliśmy,1
7473,szerszego,1
7474,zostałeś,1
7475,tatą,1
7476,zaplanowaną,1
7477,zdążyłbym,1
7478,galę,1
7479,radziła,1
7480,angielskim,1
7481,pytano,1
7482,moderator,1
7483,angielski,1
7484,amelce,1
7485,łacuszek,1
7486,uzmysłowiłem,1
7487,dostanie,1
7488,zabraknie,1
7489,zadzwoniłem,1
7490,marzyłem,1
7491,nagrodzie,1
7492,twoje,1
7493,pójdzie,1
7494,pozostałymi,1
7495,zbudowałem,1
7496,relację,1
7497,gali,1
7498,odebrałem,1
7499,sms,1
7500,krzychu,1
7501,rozbiliśmy,1
7502,bank,1
7503,horyzontach,1
7504,głosowaniu,1
7505,powiem,1
7506,zakłuło,1
7507,wyczytano,1
7508,amelkę,1
7509,najlepszej,1
7510,czuła,1
7511,wypchnąłem,1
7512,wręczono,1
7513,rower,1
7514,odwróciła,1
7515,zapytała,1
7516,ważniejszy,1
7517,rockowy,1
7518,lipkę,1
7519,dolinie,1
7520,grosz,1
7521,bal,1
7522,więtych,1
7523,przewinęło,1
7524,muzykówa,1
7525,łączącą,1
7526,składy,1
7527,perkusista,1
7528,zeliszewski,1
7529,pełniący,1
7530,menedżera,1
7531,lipki,1
7532,zm,1
7533,nagrał,1
7534,albumy,1
7535,przełomie,1
7536,xx,1
7537,anną,1
7538,jantar,1
7539,izabelą,1
7540,trojanowską,1
7541,urszulą,1
7542,przepraszam,1
7543,alabama,1
7544,pay,1
7545,pożegnalną,1
7546,zakoczyła,1
7547,reaktywowała,1
7548,wokalisty,1
7549,licealisty,1
7550,szkolnych,1
7551,gitarzysty,1
7552,brozi,1
7553,basisty,1
7554,janusza,1
7555,pędzisza,1
7556,perkusisty,1
7557,grna,1
7558,prompters,1
7559,box,1
7560,składu,1
7561,zaczerpnięto,1
7562,słownika,1
7563,angielskopolskiego,1
7564,uległa,1
7565,spolszczeniu,1
7566,lubelskim,1
7567,klubem,1
7568,arcus,1
7569,położyło,1
7570,kres,1
7571,dotychczasowym,1
7572,kłopotom,1
7573,znalezieniem,1
7574,stałego,1
7575,piątym,1
7576,umcs,1
7577,klawiszowiec,1
7578,witold,1
7579,odorowicz,1
7580,giżycku,1
7581,zajął,1
7582,przygotowywaniem,1
7583,chcąc,1
7584,odejść,1
7585,grania,1
7586,coverów,1
7587,zespołów,1
7588,zagranicznych,1
7589,wiosną,1
7590,nagraniowej,1
7591,kameralnym,1
7592,lublin,1
7593,instrumentalne,1
7594,kazimierz,1
7595,ojan,1
7596,początkujący,1
7597,poeta,1
7598,studencki,1
7599,migo,1
7600,gorączka,1
7601,wystawiania,1
7602,rodzi,1
7603,uczniami,1
7604,nauczycielami,1
7605,zebraniach,1
7606,wahają,1
7607,trójką,1
7608,czwórką,1
7609,czwórka,1
7610,piątka,1
7611,ulec,1
7612,wykaże,1
7613,wyjątkową,1
7614,pilnością,1
7615,odpuści,1
7616,przykładać,1
7617,statut,1
7618,reguluje,1
7619,podwyższona,1
7620,istnieć,1
7621,zapis,1
7622,klasyfikacyjna,1
7623,niedostateczną,1
7624,częstą,1
7625,praktyką,1
7626,podwyższyć,1
7627,obniżyć,1
7628,dopuszczalna,1
7629,demotywuje,1
7630,stresuje,1
7631,kuśmierz,1
7632,umarłych,1
7633,statutów,1
7634,praworządności,1
7635,psychicznym,1
7636,kryzysie,1
7637,zwane,1
7638,popularnie,1
7639,ocenami,1
7640,konferencją,1
7641,zatwierdzi,1
7642,określają,1
7643,przeprowadzania,1
7644,terminy,1
7645,bożena,1
7646,kuratorium,1
7647,ekspertka,1
7648,ustaleniu,1
7649,ciągną,1
7650,ostatecznym,1
7651,terminem,1
7652,zebrania,1
7653,zbiega,1
7654,ferii,1
7655,zimowych,1
7656,województwach,1
7657,ferie,1
7658,rozpoczynają,1
7659,terminach,1
7660,zapisuje,1
7661,określe,1
7662,zebraniem,1
7663,klasyfikacyjnym,1
7664,rozwiązano,1
7665,przedstawieniu,1
7666,ciągnąć,1
7667,pytających,1
7668,znajdują,1
7669,chętni,1
7670,nieobowiązkowych,1
7671,termin,1
7672,upłynął,1
7673,polonistka,1
7674,katowickich,1
7675,podchodzą,1
7676,uczniowskich,1
7677,próśb,1
7678,jedni,1
7679,starają,1
7680,wzmożonej,1
7681,motywacji,1
7682,odprawiają,1
7683,kwitkiem,1
7684,uczniowi,1
7685,rodzicowi,1
7686,wywiera,1
7687,zasypując,1
7688,pytaniami,1
7689,julka,1
7690,kuba,1
7691,informacją,1
7692,postępach,1
7693,podsumowaniem,1
7694,dotychczasowych,1
7695,skutków,1
7696,późniejszą,1
7697,następnej,1
7698,przyłoży,1
7699,dzielimy,1
7700,negatywną,1
7701,zdać,1
7702,kontynuowanie,1
7703,umożliwić,1
7704,uzupełnienie,1
7705,braków,1
7706,rzeczniczka,1
7707,pełnoletnim,1
7708,formalnego,1
7709,uzyskania,1
7710,uwzględniają,1
7711,pewnymi,1
7712,warunkami,1
7713,określonymi,1
7714,zależności,1
7715,określonym,1
7716,zaliczenie,1
7717,sprawdzianów,1
7718,bieżących,1
7719,wyższych,1
7720,korzystających,1
7721,indywidualnego,1
7722,kształcenie,1
7723,nauczycielem,1
7724,gorące,1
7725,budzą,1
7726,dzienników,1
7727,elektronicznych,1
7728,kalkulatorem,1
7729,wyliczali,1
7730,uzyskanych,1
7731,szacując,1
7732,automatycznie,1
7733,dzienniki,1
7734,istotne,1
7735,ważona,1
7736,poszczególnym,1
7737,ocenom,1
7738,bieżącym,1
7739,waży,1
7740,ania,1
7741,czwórki,1
7742,ważoną,1
7743,pomimo,1
7744,uczennic,1
7745,identyczna,1
7746,śródroczną,1
7747,kierować,1
7748,poziomem,1
7749,postępami,1
7750,opanowaniu,1
7751,pomagającym,1
7752,podjęciu,1
7753,marzena,1
7754,metodyczka,1
7755,budząca,1
7756,ocenianiu,1
7757,zapisu,1
7758,ustalanie,1
7759,niezgodne,1
7760,odwołam,1
7761,załóżmy,1
7762,sprawdzian,1
7763,ustną,1
7764,lukami,1
7765,wpisać,1
7766,czasownika,1
7767,odmienić,1
7768,zaimek,1
7769,osobowy,1
7770,palcu,1
7771,gramatykę,1
7772,leksykę,1
7773,odpowiednia,1
7774,wymowa,1
7775,intonacja,1
7776,rozumieć,1
7777,rozmówcę,1
7778,adekwatnie,1
7779,reagować,1
7780,wyuczenie,1
7781,faktyczne,1
7782,komunikacyjne,1
7783,demotywująco,1
7784,ustalana,1
7785,obiektywniej,1
7786,przekonani,1
7787,ustalą,1
7788,zarzuci,1
7789,stronniczości,1
7790,zżyma,1
7791,podkreślając,1
7792,autonomię,1
7793,względzie,1
7794,dany,1
7795,wystawić,1
7796,pracowałam,1
7797,podstawówkach,1
7798,hopla,1
7799,punkcie,1
7800,podstawówce,1
7801,cisną,1
7802,spełniały,1
7803,rankingi,1
7804,układa,1
7805,wyników,1
7806,matur,1
7807,przygotowali,1
7808,matury,1
7809,motywować,1
7810,surowym,1
7811,ocenianiem,1
7812,janina,1
7813,sabat,1
7814,nauczycielka,1
7815,chorzowa,1
7816,zawodu,1
7817,uniwersalnych,1
7818,otrzyma,1
7819,ustalane,1
7820,opisowa,1
7821,skoczyłem,1
7822,tabloidu,1
7823,verdens,1
7824,brzmiały,1
7825,gazeta,1
7826,anonimowe,1
7827,stwierdzeniu,1
7828,wyrzucił,1
7829,potok,1
7830,wtorkowej,1
7831,utrzymać,1
7832,pobudzenia,1
7833,płynąc,1
7834,nieustające,1
7835,wylądowaliśmy,1
7836,plaży,1
7837,pobiegliśmy,1
7838,krzycząc,1
7839,weszliśmy,1
7840,haavard,1
7841,gaasbakk,1
7842,klubie,1
7843,strzeleckim,1
7844,pistolklubbu,1
7845,wydalony,1
7846,natychmiastowym,1
7847,odcięły,1
7848,organizacje,1
7849,loża,1
7850,masoska,1
7851,angielskie,1
7852,szkoleniach,1
7853,zawodach,1
7854,zastrzegają,1
7855,zauważyły,1
7856,konsekwencją,1
7857,łatwiznę,1
7858,porażek,1
7859,uwolnić,1
7860,toksycznych,1
7861,rodzinnych,1
7862,krążyły,1
7863,maratonie,1
7864,serialem,1
7865,dwaj,1
7866,pogubionego,1
7867,niezdolnego,1
7868,dryfującego,1
7869,autodestrukcją,1
7870,próbami,1
7871,odkupienia,1
7872,przeciwiestwem,1
7873,uczynił,1
7874,nadrzędną,1
7875,perfekcjonizm,1
7876,sposobem,1
7877,słabość,1
7878,rozpadnie,1
7879,budował,1
7880,podobni,1
7881,prowadzili,1
7882,knajpę,1
7883,rozeszły,1
7884,bystrzejszy,1
7885,alkoholem,1
7886,hazardem,1
7887,wygrany,1
7888,charyzmatyczny,1
7889,modnej,1
7890,uśmiechu,1
7891,najpiękniejszego,1
7892,nazywany,1
7893,pięknie,1
7894,opakowaną,1
7895,fikcją,1
7896,wynajmowane,1
7897,wypożyczone,1
7898,rezerwację,1
7899,stolika,1
7900,przykrywają,1
7901,żyje,1
7902,kredyt,1
7903,finansowy,1
7904,poznajemy,1
7905,splatają,1
7906,nieudanej,1
7907,klaseru,1
7908,zmarłym,1
7909,parkingu,1
7910,trupa,1
7911,dzwoni,1
7912,oznajmia,1
7913,wróci,1
7914,kury,1
7915,znoszącej,1
7916,jajka,1
7917,trup,1
7918,ściele,1
7919,gęsto,1
7920,kiepskich,1
7921,przemilczanych,1
7922,pragnienia,1
7923,misternie,1
7924,budowana,1
7925,narracja,1
7926,kruszyć,1
7927,gangsterska,1
7928,krasomówczych,1
7929,popisów,1
7930,przemowa,1
7931,blichtru,1
7932,wyjątkowym,1
7933,zawali,1
7934,napada,1
7935,gangsterów,1
7936,panika,1
7937,vincem,1
7938,jakeem,1
7939,cofamy,1
7940,napadu,1
7941,powrocie,1
7942,wierzyciele,1
7943,zainwestować,1
7944,patrzymy,1
7945,głębiej,1
7946,wchodzą,1
7947,nowojorski,1
7948,półświatek,1
7949,pociąga,1
7950,braterskie,1
7951,przynosi,1
7952,oczyszczenia,1
7953,szczelinę,1
7954,wypływa,1
7955,tłumione,1
7956,jork,1
7957,blaskiem,1
7958,neonów,1
7959,melancholijny,1
7960,wilgotny,1
7961,zakurzony,1
7962,trafnie,1
7963,klasyczna,1
7964,sensacja,1
7965,bum,1
7966,subtelne,1
7967,pęknięcia,1
7968,rozwija,1
7969,meandruje,1
7970,zmierzają,1
7971,spłyconych,1
7972,epizodów,1
7973,damy,1
7974,odsłoni,1
7975,gangsterską,1
7976,intrygę,1
7977,uroda,1
7978,dumbledore,1
7979,braterska,1
7980,drażni,1
7981,dłużny,1
7982,porażkom,1
7983,irytację,1
7984,rozumiemy,1
7985,niewidzialna,1
7986,pętla,1
7987,lojalności,1
7988,krzywdy,1
7989,popękanej,1
7990,relacjach,1
7991,odpowiedzialni,1
7992,domyślać,1
7993,alkoholika,1
7994,idealizują,1
7995,pasję,1
7996,niosą,1
7997,odciskając,1
7998,kroku,1
7999,bolesne,1
8000,ślady,1
8001,błędnych,1
8002,sharidyn,1
8003,svebakkbohn,1
8004,rówieśnik,1
8005,johannes,1
8006,buo,1
8007,najstarszą,1
8008,dziewcząt,1
8009,bu,1
8010,dalekim,1
8011,svalbard,1
8012,leżącym,1
8013,arktyce,1
8014,polowania,1
8015,jazdę,1
8016,skuterach,1
8017,opisywali,1
8018,wesołego,1
8019,aas,1
8020,eriksen,1
8021,krzyżu,1
8022,karin,1
8023,elena,1
8024,holst,1
8025,powszechnie,1
8026,lubiana,1
8027,wyliczać,1
8028,skoczyły,1
8029,zdjęciach,1
8030,opublikowanych,1
8031,uśmiechnięci,1
8032,pochodzące,1
8033,karar,1
8034,mustafa,1
8035,qasim,1
8036,ciemnoskóry,1
8037,ismail,1
8038,haji,1
8039,ahmed,1
8040,piosenkarz,1
8041,isma,1
8042,brown,1
8043,abdim,1
8044,farahem,1
8045,tamtejszej,1
8046,muzycznego,1
8047,xfactor,1
8048,strzelaninę,1
8049,recepcjonistką,1
8050,stołecznych,1
8051,anne,1
8052,lise,1
8053,holter,1
8054,pasjonatką,1
8055,baseballa,1
8056,trenowała,1
8057,zawodniczki,1
8058,trond,1
8059,berntsen,1
8060,bratem,1
8061,księżnej,1
8062,królewskiej,1
8063,ogółem,1
8064,spółki,1
8065,konfederacją,1
8066,wytykają,1
8067,aleksandrowi,1
8068,prezes,1
8069,oddziału,1
8070,planami,1
8071,plebiscytu,1
8072,bombardowani,1
8073,skrzyknęli,1
8074,rozważamy,1
8075,włączyć,1
8076,zapadnie,1
8077,wynikać,1
8078,dowiadujemy,1
8079,chciałoby,1
8080,zagłosować,1
8081,badanych,1
8082,zdradzać,1
8083,powietrzu,1
8084,zagadkowo,1
8085,odnogą,1
8086,inicjatywą,1
8087,fala,1
8088,ogromna,1
8089,zbiórka,1
8090,wymieniają,1
8091,rosnące,1
8092,zadłużenie,1
8093,finansowa,1
8094,tragiczna,1
8095,skumulowany,1
8096,miliardów,1
8097,przeliczeniu,1
8098,mieszkaca,1
8099,wynikiem,1
8100,niespełna,1
8101,odziedziczony,1
8102,poprzednikach,1
8103,majchrowski,1
8104,zadłużył,1
8105,połowę,1
8106,przebije,1
8107,starobrat,1
8108,krakowian,1
8109,zadowoleniem,1
8110,przyjęła,1
8111,badaniach,1
8112,przeprowadzonych,1
8113,alarmu,1
8114,smogowego,1
8115,ankietowanych,1
8116,poparło,1
8117,ościennych,1
8118,nieprzepisowym,1
8119,autem,1
8120,zwolnieni,1
8121,niewielkimi,1
8122,wyjątkami,1
8123,informowaliśmy,1
8124,uchwała,1
8125,restrykcyjna,1
8126,uchwalona,1
8127,zobowiązane,1
8128,uchwałą,1
8129,sejmiku,1
8130,województwa,1
8131,małopolskiego,1
8132,franka,1
8133,wieloletniego,1
8134,dyrektora,1
8135,zarządu,1
8136,szereg,1
8137,dotkliwych,1
8138,opłata,1
8139,wywóz,1
8140,śmieci,1
8141,podatek,1
8142,zapłacimy,1
8143,płatnego,1
8144,parkowania,1
8145,odpłatne,1
8146,nowelizacja,1
8147,odpłatność,1
8148,niedziele,1
8149,ścisłym,1
8150,podstrefie,1
8151,wydłużono,1
8152,obowiązywania,1
8153,postój,1
8154,płatny,1
8155,podwyżkach,1
8156,przeciętna,1
8157,musiała,1
8158,rocznie,1
8159,zatrudnianie,1
8160,klucza,1
8161,odpowiednich,1
8162,kwalifikacji,1
8163,dzielone,1
8164,stołki,1
8165,związani,1
8166,liczyć,1
8167,intratne,1
8168,posady,1
8169,instytucjach,1
8170,pastwowych,1
8171,zastępców,1
8172,trafiło,1
8173,brutto,1
8174,nagrodami,1
8175,wypłacanymi,1
8176,odchodne,1
8177,wręczył,1
8178,zastępcom,1
8179,zgarnął,1
8180,bogusław,1
8181,kośmider,1
8182,prezesem,1
8183,holdingu,1
8184,dorzuca,1
8185,istotny,1
8186,mianowicie,1
8187,wywieszanie,1
8188,flag,1
8189,uważamy,1
8190,eksponowanie,1
8191,patronat,1
8192,równości,1
8193,ważnych,1
8194,wołyskiej,1
8195,obchodach,1
8196,maszerował,1
8197,pochodzie,1
8198,hipokryzji,1
8199,prowadziłem,1
8200,prezydencką,1
8201,obserwować,1
8202,wyprawiał,1
8203,trzaskowski,1
8204,tęczowy,1
8205,przypodobać,1
8206,konserwatywnym,1
8207,wyborcom,1
8208,kupili,1
8209,grunt,1
8210,nogami,1
8211,maszeruje,1
8212,religią,1
8213,propaguje,1
8214,piątki,1
8215,święcie,1
8216,skrytykował,1
8217,tfu,1
8218,obrzydliwym,1
8219,moralnie,1
8220,politykiem,1
8221,pora,1
8222,społecznościowym,1
8223,wytyka,1
8224,antykościelnych,1
8225,kurią,1
8226,lansuje,1
8227,katolickim,1
8228,stołkiem,1
8229,wynikający,1
8230,odwoławczego,1
8231,zagląda,1
8232,konkluduje,1
8233,ogłosić,1
8234,rewolucyjne,1
8235,słabsze,1
8236,stanowiska,1
8237,procedurę,1
8238,potrzeba,1
8239,wyborców,1
8240,realnych,1
8241,podpiszą,1
8242,pesel,1
8243,rednio,1
8244,odrzuconych,1
8245,formalnych,1
8246,udałoby,1
8247,wymaganą,1
8248,sięgnie,1
8249,głosowały,1
8250,turze,1
8251,prezydenckich,1
8252,urn,1
8253,poszło,1
8254,mądrze,1
8255,hurra,1
8256,zirytowani,1
8257,zdeterminowani,1
8258,wystarczającej,1
8259,burmistrza,1
8260,filipowicza,1
8261,częstochowie,1
8262,wzmocni,1
8263,serwisu,1
8264,mamprawowiedziećpl,1
8265,doprowadzenie,1
8266,silnych,1
8267,zbierania,1
8268,rozbije,1
8269,frekwencję,1
8270,odbyły,1
8271,referenda,1
8272,samorządowców,1
8273,odwołanych,1
8274,obronił,1
8275,sopotu,1
8276,karnowski,1
8277,zachował,1
8278,wiążącej,1
8279,prezydentka,1
8280,zabrza,1
8281,odbyło,1
8282,inicjatorom,1
8283,szum,1
8284,mieszkacach,1
8285,złym,1
8286,gospodarzem,1
8287,wzmocnić,1
8288,temacie,1
8289,rozpoznawalność,1
8290,kartą,1
8291,wizerunkowy,1
8292,socjolog,1
8293,jagielloskiego,1
8294,gonić,1
8295,króliczka,1
8296,złapać,1
8297,obrazowo,1
8298,skromne,1
8299,zerowe,1
8300,opozycji,1
8301,wykorzystywać,1
8302,słabości,1
8303,skapitalizować,1
8304,naukowiec,1
8305,wizerunkowym,1
8306,słuchać,1
8307,pouczać,1
8308,cierpliwością,1
8309,przyjmować,1
8310,ewentualnym,1
8311,odwołaniu,1
8312,mogłaby,1
8313,zdajemy,1
8314,kmita,1
8315,tury,1
8316,zdobycie,1
8317,fotela,1
8318,wassermann,1
8319,przegrała,1
8320,jackiem,1
8321,majchrowskim,1
8322,konrad,1
8323,wybryku,1
8324,ikei,1
8325,wystawiła,1
8326,zgadzam,1
8327,wygraną,1
8328,skłaniam,1
8329,rządził,1
8330,wesprze,1
8331,warunek,1
8332,zależeć,1
8333,usunięciu,1
8334,fotel,1
8335,poprzednim,1
8336,włos,1
8337,głosami,1
8338,zaangażuje,1
8339,mieliby,1
8340,polityczni,1
8341,angażować,1
8342,prawdziwie,1
8343,oddolny,1
8344,wesprzemy,1
8345,rozsądnych,1
8346,rozsądną,1
8347,limit,1
8348,kandydata,1
8349,wynosił,1
8350,wydało,1
8351,spektakularną,1
8352,klapą,1
8353,logiczna,1
8354,dostarczyła,1
8355,szeregu,1
8356,nadużyć,1
8357,sporządzaniu,1
8358,podpisami,1
8359,umorzone,1
8360,znikomą,1
8361,szkodliwość,1
8362,czynu,1
8363,podobają,1
8364,cięcia,1
8365,rozczarowanych,1
8366,niezadowolona,1
8367,najgłośniej,1
8368,wyborcy,1
8369,mogliby,1
8370,referendalnej,1
8371,nieprzychylne,1
8372,kolejności,1
8373,konfederacja,1
8374,wywołanie,1
8375,awantury,1
8376,utrudnienie,1
8377,ogólnopolskiej,1
8378,poniesie,1
8379,odbije,1
8380,realne,1
8381,rozwiązywanie,1
8382,dostajemy,1
8383,pomysłów,1
8384,populistyczne,1
8385,podnoszone,1
8386,oponentów,1
8387,niespójne,1
8388,krytykowany,1
8389,finansową,1
8390,zastałem,1
8391,wprowadzane,1
8392,ratować,1
8393,uzdrawiać,1
8394,ciężka,1
8395,skonstruować,1
8396,zarządzać,1
8397,zatrzymując,1
8398,inwestycji,1
8399,odpiera,1
8400,kolesiostwo,1
8401,zatrudnianiu,1
8402,kolesi,1
8403,populistyczny,1
8404,jednostkach,1
8405,zatrudniałem,1
8406,przejrzyste,1
8407,naboru,1
8408,przeprowadzono,1
8409,przyjęte,1
8410,wybrane,1
8411,kwalifikacje,1
8412,zawodowe,1
8413,momentu,1
8414,złożenia,1
8415,zawiadomienia,1
8416,komisarza,1
8417,wyborczego,1
8418,zamiarze,1
8419,modli,1
8420,odyna,1
8421,argumentuje,1
8422,hali,1
8423,wizytację,1
8424,oczekiwane,1
8425,podkreślimy,1
8426,fredrik,1
8427,sejersted,1
8428,ogłoszenie,1
8429,spodziewane,1
8430,wchodząc,1
8431,rozprawę,1
8432,uniósł,1
8433,hitlerowskim,1
8434,skazano,1
8435,społeczny,1
8436,kondolencje,1
8437,wzywając,1
8438,ulicami,1
8439,poczytalnego,1
8440,artykułem,1
8441,poruszał,1
8442,niskiego,1
8443,kieszonkowego,1
8444,przegranej,1
8445,piśmie,1
8446,sprawiają,1
8447,żałuje,1
8448,przyspieszone,1
8449,wyjście,1
8450,pozwoliłoby,1
8451,wolnego,1
8452,faszystowskich,1
8453,biegli,1
8454,wydali,1
8455,manipulacji,1
8456,wykluczają,1
8457,megalomanię,1
8458,psychozę,1
8459,paranoidalną,1
8460,uchroni,1
8461,dalszym,1
8462,odbywaniem,1
8463,konfliktów,1
8464,drogowych,1
8465,rolniczą,1
8466,dawało,1
8467,zawierających,1
8468,budowy,1
8469,posiadał,1
8470,lights,1
8471,up,1
8472,wydany,1
8473,zadebiutował,1
8474,wydaniem,1
8475,gospodarz,1
8476,muzyczna,1
8477,goszcząc,1
8478,jamesa,1
8479,cordena,1
8480,kendal,1
8481,jenner,1
8482,show,1
8483,jamesem,1
8484,cordenem,1
8485,nagrany,1
8486,shangrila,1
8487,malibu,1
8488,kalifornii,1
8489,produkcyjnym,1
8490,debiutu,1
8491,grammy,1
8492,nowa,1
8493,brzmienia,1
8494,zawierała,1
8495,wpływy,1
8496,funku,1
8497,soulu,1
8498,otrzymało,1
8499,krytyków,1
8500,bijąc,1
8501,debiut,1
8502,angielskiego,1
8503,magazyn,1
8504,rolling,1
8505,stone,1
8506,albumów,1
8507,wszech,1
8508,watermelon,1
8509,sugar,1
8510,czwartym,1
8511,dziesiątce,1
8512,osiągając,1
8513,czwarte,1
8514,koncertowa,1
8515,promująca,1
8516,zatytułowana,1
8517,love,1
8518,pandemii,1
8519,wirusa,1
8520,sarscov,1
8521,odwołano,1
8522,przeniesiono,1
8523,zaczynając,1
8524,występy,1
8525,arenach,1
8526,rynek,1
8527,neutralną,1
8528,płci,1
8529,markę,1
8530,pielęgnacji,1
8531,paznokci,1
8532,pleasing,1
8533,wielbiciel,1
8534,kafki,1
8535,orwella,1
8536,powodzenie,1
8537,francuskim,1
8538,butelkę,1
8539,rocznika,1
8540,zdrajcami,1
8541,uznającymi,1
8542,marksistami,1
8543,kulturowymi,1
8544,opętała,1
8545,dbał,1
8546,symbole,1
8547,zakonnicy,1
8548,zakon,1
8549,wypraw,1
8550,krzyżowych,1
8551,chrześcijaskich,1
8552,pątników,1
8553,niewiernymi,1
8554,zamieszczonych,1
8555,prezentował,1
8556,rynsztunku,1
8557,krzyżowca,1
8558,pas,1
8559,ładunkami,1
8560,wycelowanym,1
8561,karabinem,1
8562,maszynowym,1
8563,zdjęciem,1
8564,podpis,1
8565,knights,1
8566,templar,1
8567,chrześcijanina,1
8568,męczennika,1
8569,gotowego,1
8570,przypominał,1
8571,fundamentalistów,1
8572,wysadzających,1
8573,skierowana,1
8574,otwartej,1
8575,wykonaniu,1
8576,samobójstwa,1
8577,masakr,1
8578,obiegło,1
8579,przystojnego,1
8580,blondyna,1
8581,ot,1
8582,sąsiedztwa,1
8583,mieszkający,1
8584,uczący,1
8585,znanej,1
8586,smestad,1
8587,uczęszczał,1
8588,następca,1
8589,tronu,1
8590,książę,1
8591,wymorduje,1
8592,wchodzących,1
8593,skąpych,1
8594,wpisów,1
8595,portalach,1
8596,facebook,1
8597,twitter,1
8598,documentno,1
8599,motywów,1
8600,zatytułowany,1
8601,liczące,1
8602,skrzyżowanie,1
8603,poradnika,1
8604,piromana,1
8605,podpisał,1
8606,wersją,1
8607,obrazkową,1
8608,skróconą,1
8609,karykatur,1
8610,chwytliwych,1
8611,rozprawił,1
8612,medialnym,1
8613,bastionem,1
8614,brytyjską,1
8615,prezentacji,1
8616,dominacji,1
8617,wieszczył,1
8618,nadejście,1
8619,euroarabii,1
8620,turcję,1
8621,konia,1
8622,trojaskiego,1
8623,wizji,1
8624,eussr,1
8625,radziecki,1
8626,wspierają,1
8627,marksistowskie,1
8628,narody,1
8629,sojusznikiem,1
8630,liberalnych,1
8631,odpowiedzią,1
8632,islamizację,1
8633,zbrojna,1
8634,nawoływał,1
8635,proponował,1
8636,zwołanie,1
8637,kongresu,1
8638,chrześcijaskiego,1
8639,narodziłby,1
8640,jednolity,1
8641,byłby,1
8642,stawić,1
8643,doprowadził,1
8644,historycznie,1
8645,komunizm,1
8646,nazizm,1
8647,ideologie,1
8648,równo,1
8649,nazistę,1
8650,prawicowca,1
8651,konserwatystę,1
8652,stawiał,1
8653,sympatyzował,1
8654,neonazistowskim,1
8655,wygłaszać,1
8656,osiągnięciem,1
8657,widywano,1
8658,ponoć,1
8659,przypominającym,1
8660,dobrowolny,1
8661,protestanckim,1
8662,dzisiejszy,1
8663,protestancki,1
8664,żart,1
8665,pastorzy,1
8666,dżinsach,1
8667,uczestniczą,1
8668,marszach,1
8669,palestyny,1
8670,kościoły,1
8671,wyglądające,1
8672,minimalistyczne,1
8673,zbiorową,1
8674,konwersją,1
8675,protestantów,1
8676,katolicyzm,1
8677,mieszczącej,1
8678,nurcie,1
8679,nawoływali,1
8680,obniżek,1
8681,imigracyjnej,1
8682,deportowania,1
8683,normalizacja,1
8684,irytowały,1
8685,ugrupowaniu,1
8686,przestał,1
8687,składki,1
8688,poprawni,1
8689,karierowicze,1
8690,idealiści,1
8691,idealistycznych,1
8692,antymuzułmaskimi,1
8693,islamification,1
8694,antyislamskiej,1
8695,wspiera,1
8696,holenderski,1
8697,wyparła,1
8698,podróżował,1
8699,geofarm,1
8700,rolne,1
8701,produkować,1
8702,asta,1
8703,tejże,1
8704,posłużyły,1
8705,nafaszerowania,1
8706,ładunkiem,1
8707,zdetonowanego,1
8708,półautomatyczny,1
8709,nabył,1
8710,wykorzystał,1
8711,opisują,1
8712,cichego,1
8713,metamorfozę,1
8714,bliskim,1
8715,imigrant,1
8716,uprawiał,1
8717,kulturystykę,1
8718,pijał,1
8719,grywał,1
8720,mającą,1
8721,warcraft,1
8722,orkami,1
8723,mieszkającym,1
8724,usłyszał,1
8725,gazetach,1
8726,przecierał,1
8727,zdumienia,1
8728,mieszkaliśmy,1
8729,utrzymywałem,1
8730,zwyczajny,1
8731,niezbyt,1
8732,rozmowny,1
8733,wkracza,1
8734,zastąpi,1
8735,projekty,1
8736,edukacyjne,1
8737,neutralności,1
8738,światopoglądowej,1
8739,różnice,1
8740,poglądów,1
8741,podstawa,1
8742,programowa,1
8743,fakultatywnych,1
8744,począwszy,1
8745,ogólnokształcącego,1
8746,rozporządzenia,1
8747,zaznaczono,1
8748,realizowany,1
8749,teoretyczny,1
8750,celami,1
8751,obywatelskiej,1
8752,wskazanymi,1
8753,sfery,1
8754,sferą,1
8755,publiczną,1
8756,zaangażowanie,1
8757,wpływanie,1
8758,interakcje,1
8759,umiejętność,1
8760,załatwiania,1
8761,wybranych,1
8762,mechanizmów,1
8763,odpowiedzialne,1
8764,wykorzystanie,1
8765,równoważnymi,1
8766,wymaganiach,1
8767,szykuje,1
8768,musicalowy,1
8769,rapować,1
8770,widzowie,1
8771,widzki,1
8772,pamiętają,1
8773,sukcesem,1
8774,rapem,1
8775,komunizmu,1
8776,szyngiery,1
8777,muzyką,1
8778,webbera,1
8779,mikosza,1
8780,koprodukcja,1
8781,gdaskim,1
8782,szekspirowskim,1
8783,wyprzedał,1
8784,afisz,1
8785,zagościł,1
8786,repertuarze,1
8787,fryderyk,1
8788,ilustracyjna,1
8789,nakładem,1
8790,universal,1
8791,music,1
8792,piosenki,1
8793,ukazały,1
8794,krążku,1
8795,grecka,1
8796,bisza,1
8797,zatem,1
8798,oczekiwa,1
8799,planowanej,1
8800,atmosferę,1
8801,podkręca,1
8802,przeniesie,1
8803,wystawiane,1
8804,zimowlę,1
8805,dominiki,1
8806,słowik,1
8807,smoka,1
8808,królewskim,1
8809,adaptację,1
8810,gatsbyego,1
8811,francisa,1
8812,scotta,1
8813,fitzgeralda,1
8814,michała,1
8815,najciekawszych,1
8816,raperów,1
8817,tekściarzy,1
8818,antygonie,1
8819,artystycznego,1
8820,duetu,1
8821,grecką,1
8822,współczesnym,1
8823,rapowanym,1
8824,zbuduje,1
8825,pomost,1
8826,antycznych,1
8827,herosów,1
8828,żyjących,1
8829,bohaterstwo,1
8830,miesza,1
8831,zagubieniem,1
8832,niepewnością,1
8833,bratobójczej,1
8834,silni,1
8835,zdrowi,1
8836,starzy,1
8837,niesprawni,1
8838,odbudować,1
8839,zmieniać,1
8840,zewnętrzna,1
8841,głowach,1
8842,wojować,1
8843,kreować,1
8844,miecze,1
8845,pojednanie,1
8846,młodymi,1
8847,starymi,1
8848,nastąpić,1
8849,rozliczać,1
8850,opowiedzą,1
8851,kazana,1
8852,ast,1
8853,kościelniak,1
8854,dominika,1
8855,kozłowska,1
8856,anna,1
8857,tomaszewska,1
8858,dolatowski,1
8859,dziwisz,1
8860,maciej,1
8861,jackowski,1
8862,ukawski,1
8863,malchar,1
8864,sławomir,1
8865,rokita,1
8866,dominik,1
8867,stroka,1
8868,zięba,1
8869,wanda,1
8870,skorny,1
8871,kubasiewicz,1
8872,materiałach,1
8873,michałem,1
8874,scenografię,1
8875,kostiumy,1
8876,opracował,1
8877,mirek,1
8878,kaczmarek,1
8879,choreografię,1
8880,maćko,1
8881,prusak,1
8882,natan,1
8883,aktorski,1
8884,przygotowała,1
8885,zuzanna,1
8886,skoliaspakuła,1
8887,autorka,1
8888,szkiców,1
8889,linii,1
8890,wokalnych,1
8891,oliwia,1
8892,kuc,1
8893,inspicjentem,1
8894,bartłomiej,1
8895,oskarbski,1
8896,rajska,1
8897,teatrwkrakowiepl,1
8898,sympatyzujący,1
8899,niczemu,1
8900,podłożenia,1
8901,sveinung,1
8902,sponheim,1
8903,małomówny,1
8904,opętany,1
8905,neurotyczny,1
8906,nasycony,1
8907,nienawiścią,1
8908,sięgał,1
8909,antymuzułmaską,1
8910,ksenofobicznych,1
8911,ugrupowa,1
8912,holandii,1
8913,czerpiąc,1
8914,timothyego,1
8915,mcveigha,1
8916,pedantycznie,1
8917,szykował,1
8918,wysłałem,1
8919,zamówienie,1
8920,półautomatycznego,1
8921,rugera,1
8922,używanej,1
8923,wojsko,1
8924,napisałem,1
8925,polowa,1
8926,jelenie,1
8927,kusiło,1
8928,egzekucja,1
8929,kulturowych,1
8930,marksistów,1
8931,multikulturowych,1
8932,mniemaniu,1
8933,osłabiali,1
8934,getto,1
8935,społeczności,1
8936,nina,1
8937,witoszek,1
8938,kulturoznawca,1
8939,mieszkająca,1
8940,wykładająca,1
8941,raniąc,1
8942,rozstrzelał,1
8943,analogię,1
8944,hitlerjugend,1
8945,pogardliwie,1
8946,stoltenbergjugend,1
8947,potonęło,1
8948,lodowatym,1
8949,uciekając,1
8950,zmarła,1
8951,szpitalu,1
8952,wiadkowie,1
8953,umrzeć,1
8954,krzyczał,1
8955,namiotach,1
8956,toaletach,1
8957,wyszukiwał,1
8958,martwego,1
8959,zjawili,1
8960,spóźnieni,1
8961,spóźnienie,1
8962,technicznymi,1
8963,pojawiła,1
8964,potwierdziło,1
8965,przejdzie,1
8966,największej,1
8967,masowej,1
8968,dokonanej,1
8969,pojedynkę,1
8970,słabą,1
8971,opozycja,1
8972,lewicowego,1
8973,niedzielnego,1
8974,nabożestwa,1
8975,żałobnego,1
8976,oglądał,1
8977,uczestniczący,1
8978,nabożestwie,1
8979,królowa,1
8980,sonja,1
8981,zdruzgotana,1
8982,składali,1
8983,porzuci,1
8984,padnie,1
8985,tradycyjna,1
8986,przesłuchaniu,1
8987,zabicia,1
8988,niewinny,1
8989,garnitur,1
8990,fotoreporterzy,1
8991,popis,1
8992,wprowadzony,1
8993,pozdrowił,1
8994,setkę,1
8995,niedoszłych,1
8996,gestem,1
8997,kieszeni,1
8998,kartkę,1
8999,notatkami,1
9000,przesłuchanie,1
9001,zaplanowanym,1
9002,kwiecie,1
9003,ustalić,1
9004,trzymany,1
9005,stawianych,1
9006,samochódpułapkę,1
9007,wsiadł,1
9008,trwający,1
9009,lipcowe,1
9010,prewencyjny,1
9011,prewencyjne,1
9012,dopuszczającym,1
9013,etniczności,1
9014,dodawał,1
9015,winny,1
9016,obalenia,1
9017,zastąpienia,1
9018,patriotami,1
9019,pozbędą,1
9020,paranoidalny,1
9021,kilkusetstronicowy,1
9022,zgniły,1
9023,lewicę,1
9024,tygodniach,1
9025,orzekła,1
9026,dalsze,1
9027,potwierdzą,1
9028,trafi,1
9029,niezadowolony,1
9030,panujących,1
9031,popełnione,1
9032,pozwać,1
9033,traktując,1
9034,nieludzki,1
9035,poniżający,1
9036,konwencję,1
9037,ochronie,1
9038,osadzonych,1
9039,latka,1
9040,zeszłego,1
9041,czterostronicowy,1
9042,niehumanitarne,1
9043,kieszonkowe,1
9044,umożliwienia,1
9045,więźniami,1
9046,zwolennikami,1
9047,założyć,1
9048,wymieniono,1
9049,konsolę,1
9050,dopuszczalne,1
9051,konferencja,1
9052,geira,1
9053,lippestadta,1
9054,oczekiwana,1
9055,wyglądający,1
9056,zmęczonego,1
9057,zakłopotanego,1
9058,oznak,1
9059,opierać,1
9060,zgodzi,1
9061,utrzymywać,1
9062,zdziwiony,1
9063,cele,1
9064,ekstremalny,1
9065,obiektem,1
9066,działają,1
9067,komórki,1
9068,ciekawa,1
9069,zasłynął,1
9070,wiezienia,1
9071,benjamina,1
9072,hermansena,1
9073,pochodził,1
9074,odcięty,1
9075,pojęcia,1
9076,spotkało,1
9077,informowany,1
9078,przebiegu,1
9079,nieludzkiego,1
9080,poniżającego,1
9081,terrorystów,1
9082,helen,1
9083,andenaes,1
9084,sekulic,1
9085,szczególne,1
9086,wzięły,1
9087,obligują,1
9088,niezapowiedzianych,1
9089,osobistych,1
9090,niesłusznie,1
9091,wnoszenie,1
9092,skarg,1
9093,zdecydowaliśmy,1
9094,odwoływać,1
9095,zaskarżenie,1
9096,uprawomocnieniu,1
9097,marcowej,1
9098,rozstrzelanie,1
9099,wykonywania,1
9100,telefonicznych,1
9101,podłączenia,1
9102,zabroniono,1
9103,nadania,1
9104,ogłoszenia,1
9105,matrymonialnego,1
9106,zawarcie,1
9107,małżeskiego,1
9108,przykłady,1
9109,podawanie,1
9110,niesmaczne,1
9111,mikrofalówki,1
9112,wynoszące,1
9113,maskara,1
9114,przeżycia,1
9115,powiększenie,1
9116,członkowskie,1
9117,otworzyło,1
9118,obywatelami,1
9119,tamtej,1
9120,skorzystało,1
9121,uczenia,1
9122,programowi,1
9123,erasmus,1
9124,starych,1
9125,uniwersytetach,1
9126,obszaru,1
9127,podróże,1
9128,integracją,1
9129,cypru,1
9130,uwzględnieniem,1
9131,szczególnej,1
9132,zrobiła,1
9133,postępy,1
9134,socjalnych,1
9135,odpadami,1
9136,konsumentów,1
9137,ogólna,1
9138,uniidziesięć,1
9139,przyjęło,1
9140,surowsze,1
9141,dziedzinach,1
9142,przyrody,1
9143,czystsze,1
9144,osobowe,1
9145,objęte,1
9146,dynamiczny,1
9147,gospodarcze,1
9148,malty,1
9149,wzrosły,1
9150,słowacka,1
9151,rozszerzeniem,1
9152,hiszpaski,1
9153,eksport,1
9154,włoska,1
9155,handlowa,1
9156,zwiększyła,1
9157,zacieśniły,1
9158,litwą,1
9159,szwecją,1
9160,niecałego,1
9161,dwudziestolecia,1
9162,przepływ,1
9163,towarów,1
9164,powstały,1
9165,członkowskich,1
9166,przyjaźnił,1
9167,przystojniaka,1
9168,żenił,1
9169,przerażony,1
9170,czytając,1
9171,dowiedział,1
9172,mordercą,1
9173,zabijać,1
9174,wywiadów,1
9175,angielsku,1
9176,prawicowców,1
9177,emerytowanego,1
9178,davida,1
9179,placówkach,1
9180,teheranie,1
9181,oecd,1
9182,wenche,1
9183,rozwiedli,1
9184,starszą,1
9185,przyrodnią,1
9186,siostrą,1
9187,ożenił,1
9188,dyplomatką,1
9189,bezskutecznie,1
9190,odwiedzał,1
9191,rodzinna,1
9192,nieobecność,1
9193,ojców,1
9194,stworzyła,1
9195,patologii,1
9196,sprawiło,1
9197,łatwym,1
9198,sądach,1
9199,uprzywilejowani,1
9200,macochą,1
9201,tove,1
9202,oszczędza,1
9203,ideologicznoosobistych,1
9204,wywodach,1
9205,żalu,1
9206,rycerzy,1
9207,wykonali,1
9208,egzekucję,1
9209,zdrajcą,1
9210,narodu,1
9211,pogrupował,1
9212,kategorie,1
9213,dyplomatka,1
9214,przyznawała,1
9215,imigrantom,1
9216,trzecią,1
9217,matka,1
9218,zniknęła,1
9219,lewicowcami,1
9220,podejściu,1
9221,obyczajowych,1
9222,wojskowy,1
9223,przyrodnia,1
9224,siostra,1
9225,poważnymi,1
9226,kosztownymi,1
9227,wenerycznymi,1
9228,szczegółach,1
9229,likwidacji,1
9230,odzwierciedlać,1
9231,uczniem,1
9232,nastolatek,1
9233,szczycił,1
9234,czołowych,1
9235,grafficiarzy,1
9236,pokrywających,1
9237,dziełami,1
9238,swe,1
9239,przyjaźnie,1
9240,pakistaskiego,1
9241,zintegrował,1
9242,stylem,1
9243,wybierał,1
9244,świadomie,1
9245,chrzestną,1
9246,uchodźczyni,1
9247,chile,1
9248,dziele,1
9249,okraść,1
9250,hiphopowym,1
9251,towarzystwem,1
9252,rozszedł,1
9253,zainteresowała,1
9254,ćpać,1
9255,koledzy,1
9256,odpowiadający,1
9257,uczył,1
9258,ekonomii,1
9259,zarządzania,1
9260,firmach,1
9261,zbrodniczy,1
9262,bogate,1
9263,towarzyskie,1
9264,misją,1
9265,poważne,1
9266,związki,1
9267,miewał,1
9268,przelotne,1
9269,romanse,1
9270,mojemu,1
9271,wyglądowi,1
9272,statusowi,1
9273,zapobiegliwości,1
9274,urokowi,1
9275,brytyjskich,1
9276,doniosło,1
9277,operacjom,1
9278,plastycznym,1
9279,przełomowym,1
9280,przebudzenia,1
9281,serbii,1
9282,wypędzenie,1
9283,albaczyków,1
9284,kosowa,1
9285,sprzeciwiał,1
9286,kandydował,1
9287,radnego,1
9288,umiarkowana,1
9289,hollywoodzki,1
9290,gwiazdor,1
9291,teksasu,1
9292,pokaz,1
9293,richarda,1
9294,linklatera,1
9295,starszych,1
9296,transparentami,1
9297,przestacie,1
9298,wypromować,1
9299,glena,1
9300,wydarzy,1
9301,kartonach,1
9302,grający,1
9303,tytułową,1
9304,współautor,1
9305,uśmiechał,1
9306,szelmowsko,1
9307,ściskał,1
9308,pozował,1
9309,ustawił,1
9310,fotki,1
9311,kartonami,1
9312,rozpromienił,1
9313,zasilić,1
9314,senior,1
9315,chutsky,1
9316,tatarów,1
9317,cyndy,1
9318,powellowie,1
9319,zadrwili,1
9320,przełomowy,1
9321,karierze,1
9322,spełnił,1
9323,podbił,1
9324,zaczęto,1
9325,gwiazdorze,1
9326,brakowało,1
9327,przystojnym,1
9328,dojrzałym,1
9329,postawnym,1
9330,mężczyźnie,1
9331,kwadratową,1
9332,szczęką,1
9333,oku,1
9334,melancholijnym,1
9335,chłopcu,1
9336,typie,1
9337,timothe,1
9338,chalameta,1
9339,antagoniści,1
9340,przekonywali,1
9341,udowodnił,1
9342,futbolowej,1
9343,wychował,1
9344,dwiema,1
9345,siódemką,1
9346,zabawy,1
9347,ryzykownej,1
9348,wujkami,1
9349,uczyli,1
9350,nastoletni,1
9351,zdobywał,1
9352,opony,1
9353,jeździł,1
9354,traktorem,1
9355,ujarzmiał,1
9356,konie,1
9357,magazynie,1
9358,gq,1
9359,strzelnica,1
9360,kuzynami,1
9361,wystawiali,1
9362,przedstawienia,1
9363,rozstawał,1
9364,wybrano,1
9365,zawiozła,1
9366,denzela,1
9367,washingtona,1
9368,dyskusyjny,1
9369,perfekcyjnie,1
9370,elegancko,1
9371,harvardu,1
9372,przedstawił,1
9373,swojemu,1
9374,agentowi,1
9375,edowi,1
9376,wypromował,1
9377,richard,1
9378,gere,1
9379,powellem,1
9380,mylnego,1
9381,młodzieniec,1
9382,los,1
9383,angeles,1
9384,pomogła,1
9385,znajdował,1
9386,castingi,1
9387,zmierzchu,1
9388,potrzebowało,1
9389,wiotkich,1
9390,bladych,1
9391,wielkookich,1
9392,zbudowanych,1
9393,opalonych,1
9394,sportowców,1
9395,wyświetlano,1
9396,iron,1
9397,mana,1
9398,epoce,1
9399,pasowałby,1
9400,przegrywał,1
9401,futbolisty,1
9402,teksasie,1
9403,wiatła,1
9404,stadionów,1
9405,wygodne,1
9406,wylądował,1
9407,garażu,1
9408,znajomego,1
9409,zaprzyjaźnionej,1
9410,oceniał,1
9411,nadsyłane,1
9412,scenariusze,1
9413,umarł,1
9414,jedyną,1
9415,desperacji,1
9416,sylvestra,1
9417,stallonea,1
9418,kolegi,1
9419,kompletował,1
9420,obsadę,1
9421,trzeciej,1
9422,niezniszczalnych,1
9423,głupich,1
9424,grupie,1
9425,najemników,1
9426,składającej,1
9427,dawnych,1
9428,arnold,1
9429,schwarzenegger,1
9430,harrison,1
9431,ford,1
9432,dolph,1
9433,lundgren,1
9434,jet,1
9435,li,1
9436,statham,1
9437,teksaczykiem,1
9438,ryan,1
9439,murphy,1
9440,obsadzając,1
9441,sezonie,1
9442,królowe,1
9443,krzyku,1
9444,królowych,1
9445,jamie,1
9446,lee,1
9447,curtis,1
9448,gwiazdą,1
9449,drgnęło,1
9450,wcielił,1
9451,astronautę,1
9452,glenna,1
9453,nominowanym,1
9454,oscara,1
9455,ukryte,1
9456,swatamy,1
9457,szefów,1
9458,próbne,1
9459,kontynuacji,1
9460,startował,1
9461,roostera,1
9462,goosea,1
9463,przyjaciela,1
9464,mavericka,1
9465,pragnął,1
9466,butler,1
9467,miles,1
9468,nicholas,1
9469,hoult,1
9470,załamany,1
9471,człowieku,1
9472,odpowiedział,1
9473,joseph,1
9474,kosinski,1
9475,przedstawić,1
9476,rozwijamy,1
9477,chwila,1
9478,postprodukcji,1
9479,pandemia,1
9480,godził,1
9481,streamingowych,1
9482,czekał,1
9483,zamknięto,1
9484,plany,1
9485,richardem,1
9486,linklaterem,1
9487,scenariuszem,1
9488,opartym,1
9489,artykule,1
9490,wykładowcy,1
9491,zabójcę,1
9492,łapać,1
9493,prześmiewcze,1
9494,kartony,1
9495,topniały,1
9496,oszczędności,1
9497,światowym,1
9498,przebojem,1
9499,śmieje,1
9500,rozmawiał,1
9501,koszulkach,1
9502,logo,1
9503,kojarzyli,1
9504,jon,1
9505,hamm,1
9506,dowódcę,1
9507,dziwił,1
9508,zajęło,1
9509,spojrzysz,1
9510,definicję,1
9511,zobaczysz,1
9512,uśmiech,1
9513,opalenizna,1
9514,muskulatura,1
9515,ostateczną,1
9516,romantycznej,1
9517,kategorią,1
9518,niegrzecznej,1
9519,sydney,1
9520,znoszą,1
9521,udawać,1
9522,kochają,1
9523,niespodzianka,1
9524,zakochują,1
9525,marnie,1
9526,roznosił,1
9527,pocztą,1
9528,pantoflową,1
9529,plotkowano,1
9530,połączył,1
9531,romans,1
9532,monologu,1
9533,wyjaśniała,1
9534,romansu,1
9535,ziarno,1
9536,zasiane,1
9537,entuzjastyczne,1
9538,wenecji,1
9539,wyświetlania,1
9540,wykupił,1
9541,netflix,1
9542,ugruntował,1
9543,aktora,1
9544,wyzwa,1
9545,przebrania,1
9546,śmiesznych,1
9547,żałosnych,1
9548,ekrany,1
9549,twisters,1
9550,zrobiona,1
9551,rozmachem,1
9552,katastroficznego,1
9553,przeboju,1
9554,łowcach,1
9555,tornad,1
9556,południowca,1
9557,kowbojskim,1
9558,kapeluszu,1
9559,lekkim,1
9560,akcentem,1
9561,poklasku,1
9562,wjechać,1
9563,tornado,1
9564,wystrzelić,1
9565,fajerwerki,1
9566,karykaturą,1
9567,umiał,1
9568,wyważyć,1
9569,najlepsza,1
9570,sióstr,1
9571,zainspirował,1
9572,teksaczyk,1
9573,mcconaughey,1
9574,matrix,1
9575,podłączasz,1
9576,stary,1
9577,starszego,1
9578,kolegę,1
9579,porównuje,1
9580,akwarium,1
9581,rybki,1
9582,pływa,1
9583,kółko,1
9584,wystawiona,1
9585,publiczny,1
9586,konkurować,1
9587,kontynentach,1
9588,dywanach,1
9589,wzięty,1
9590,brisket,1
9591,obserwatorów,1
9592,weterynarza,1
9593,uciekiniera,1
9594,powieści,1
9595,stephena,1
9596,kinga,1
9597,schwarzeneggerem,1
9598,edgara,1
9599,wrighta,1
9600,komediowym,1
9601,chad,1
9602,powers,1
9603,zdyskredytowanym,1
9604,futboliście,1
9605,huntington,1
9606,fantasy,1
9607,ghostwriter,1
9608,jj,1
9609,abrams,1
9610,idol,1
9611,tom,1
9612,prawdziwa,1
9613,magia,1
9614,przyciągnąć,1
9615,zadanie,1
9616,ponosiłem,1
9617,zdałem,1
9618,dopasowywanie,1
9619,nieautentycznych,1
9620,reporter,1
9621,autentyczny,1
9622,rozdaje,1
9623,uśmiechy,1
9624,wywiadach,1
9625,mr,1
9626,niemęskiego,1
9627,dbaniu,1
9628,zdrowe,1
9629,kumpli,1
9630,piwo,1
9631,sauny,1
9632,istotnie,1
9633,jasona,1
9634,parku,1
9635,jurajskiego,1
9636,kowboja,1
9637,obiekt,1
9638,westchnie,1
9639,gość,1
9640,twojego,1
9641,miasteczka,1
9642,pieskiem,1
9643,pachą,1
9644,determinacja,1
9645,budzić,1
9646,podziw,1
9647,niechęć,1
9648,gwiazda,1
9649,męskiego,1
9650,oldskulowym,1
9651,rozbłyśnie,1
9652,mocniej,1
9653,uciekniemy,1
9654,trafiać,1
9655,przyjmowali,1
9656,świecach,1
9657,prąd,1
9658,wyprowadzili,1
9659,przygotowane,1
9660,brałem,1
9661,zostawiałem,1
9662,księdzem,1
9663,jarosławem,1
9664,chlebdą,1
9665,dnie,1
9666,spędza,1
9667,kolędowym,1
9668,szlaku,1
9669,dwanaście,1
9670,czternaście,1
9671,wszędzie,1
9672,wysyłam,1
9673,chodziłem,1
9674,podpisuje,1
9675,niepołomic,1
9676,ustalają,1
9677,zje,1
9678,obiad,1
9679,zakoczy,1
9680,kolacją,1
9681,posiłkami,1
9682,przejmować,1
9683,liczę,1
9684,wypijam,1
9685,patrzę,1
9686,przygotowują,1
9687,głupio,1
9688,dać,1
9689,espresso,1
9690,czarną,1
9691,kawę,1
9692,gdybym,1
9693,wypił,1
9694,niebezpiecznie,1
9695,kolda,1
9696,katolicki,1
9697,ksia,1
9698,parafią,1
9699,posprowadzali,1
9700,szeregowcach,1
9701,taszych,1
9702,posługiwał,1
9703,oporów,1
9704,nastawieniu,1
9705,kopertach,1
9706,tradycyjnie,1
9707,wręczane,1
9708,pojęcie,1
9709,umowne,1
9710,orientuje,1
9711,wkładają,1
9712,kartki,1
9713,papieru,1
9714,gotówkę,1
9715,upierają,1
9716,negocjować,1
9717,schowali,1
9718,przydadzą,1
9719,wdzięczność,1
9720,całoroczną,1
9721,posługę,1
9722,ofiarę,1
9723,kolędową,1
9724,biorę,1
9725,zostawiam,1
9726,zaznaczył,1
9727,dziękuje,1
9728,realnym,1
9729,wsparciem,1
9730,postem,1
9731,mieszkanka,1
9732,libiąża,1
9733,potwierdzam,1
9734,kopertę,1
9735,młodemu,1
9736,małżestwu,1
9737,malekim,1
9738,synkiem,1
9739,gościć,1
9740,wynajmowanym,1
9741,mieszkaniu,1
9742,gnębionych,1
9743,lokatorów,1
9744,biedy,1
9745,naoglądał,1
9746,służył,1
9747,starym,1
9748,lśni,1
9749,licznymi,1
9750,odnowionymi,1
9751,kamienicami,1
9752,kryje,1
9753,mroczne,1
9754,bywało,1
9755,ministrantami,1
9756,wchodziliśmy,1
9757,piękną,1
9758,klatkę,1
9759,schodową,1
9760,marmurami,1
9761,mijaliśmy,1
9762,apartamenty,1
9763,turystów,1
9764,przechodziliśmy,1
9765,skromniejszej,1
9766,drewnianymi,1
9767,schodami,1
9768,szliśmy,1
9769,błoto,1
9770,oficyny,1
9771,zniszczoną,1
9772,klatką,1
9773,mieszkaniach,1
9774,kolęda,1
9775,wyprowadzić,1
9776,xxi,1
9777,spotykał,1
9778,xixwiecznych,1
9779,wchodził,1
9780,urządzony,1
9781,hostel,1
9782,kopert,1
9783,czekały,1
9784,wyjmował,1
9785,bezradność,1
9786,kolędowanie,1
9787,parafia,1
9788,przysiółków,1
9789,dosłownie,1
9790,niepołomickiej,1
9791,rozplanować,1
9792,dojazdy,1
9793,staram,1
9794,udaje,1
9795,skoczyliśmy,1
9796,dzwonią,1
9797,informują,1
9798,ogrzewanie,1
9799,starsi,1
9800,popełnili,1
9801,wychowywali,1
9802,religijnie,1
9803,praktykować,1
9804,odpowiadam,1
9805,wina,1
9806,łaską,1
9807,podpowiadam,1
9808,msze,1
9809,święte,1
9810,modlić,1
9811,odeszły,1
9812,wizytówkę,1
9813,spotkał,1
9814,nieprzyjemnym,1
9815,przyjęciem,1
9816,księża,1
9817,zadeklarowali,1
9818,jednych,1
9819,zgłosić,1
9820,ministranci,1
9821,chlebdzie,1
9822,zdecydowali,1
9823,sprawdzili,1
9824,profil,1
9825,przeczytali,1
9826,piszę,1
9827,podstolic,1
9828,święcenia,1
9829,kapłaskie,1
9830,kardynała,1
9831,franciszka,1
9832,macharskiego,1
9833,wawelskiej,1
9834,oficerem,1
9835,hurtowni,1
9836,odczynniki,1
9837,kodeksu,1
9838,mówiącego,1
9839,wymaganego,1
9840,przyrządem,1
9841,materiałem,1
9842,radioaktywnym,1
9843,urządzeniem,1
9844,emitującym,1
9845,jonizujące,1
9846,przedmiotem,1
9847,sprowadzić,1
9848,mienia,1
9849,ustale,1
9850,dyskusyjne,1
9851,norsk,1
9852,freakforum,1
9853,pyroforum,1
9854,piromanów,1
9855,włączał,1
9856,pyro,1
9857,prat,1
9858,podpisujących,1
9859,takimi,1
9860,pseudonimami,1
9861,bang,1
9862,bbang,1
9863,pyromaniac,1
9864,firmy,1
9865,sprzedającej,1
9866,świadczy,1
9867,traktował,1
9868,zachwalają,1
9869,taniego,1
9870,posiadającego,1
9871,szeroką,1
9872,ofertę,1
9873,czekać,1
9874,wyczytać,1
9875,ostrożności,1
9876,podają,1
9877,przesyła,1
9878,przesyłka,1
9879,samolotem,1
9880,niemożliwa,1
9881,uznawane,1
9882,niebezpieczne,1
9883,dowieźć,1
9884,przestrzega,1
9885,numerach,1
9886,kontrolowany,1
9887,materiał,1
9888,gramów,1
9889,nawóz,1
9890,dostały,1
9891,płk,1
9892,podmiotami,1
9893,polskimi,1
9894,handlowy,1
9895,dementując,1
9896,pogłoski,1
9897,legalne,1
9898,ładunku,1
9899,wybuchowego,1
9900,zamawiając,1
9901,kamuflował,1
9902,marginalna,1
9903,wskazujących,1
9904,zszokowany,1
9905,przestraszony,1
9906,rolnikom,1
9907,chcącym,1
9908,pobawić,1
9909,odbierał,1
9910,sprawdziliśmy,1
9911,firma,1
9912,ubezpieczeniowa,1
9913,podobnej,1
9914,zarejestrowana,1
9915,nazwisku,1
9916,spokrewniony,1
9917,ukaszem,1
9918,firm,1
9919,kontaktowe,1
9920,nieporozumienie,1
9921,sierpniem,1
9922,wrześniem,1
9923,czeskiej,1
9924,karabin,1
9925,rusznicę,1
9926,przeciwpancerną,1
9927,praga,1
9928,tranzytowy,1
9929,brutalnymi,1
9930,gangsterami,1
9931,podróżą,1
9932,mafią,1
9933,taksówkarzy,1
9934,kontaktował,1
9935,nerwowi,1
9936,sądzili,1
9937,przebranym,1
9938,szalecem,1
9939,chcecie,1
9940,pytać,1
9941,wyjechał,1
9942,spokojne,1
9943,wywiad,1
9944,sprawdza,1
9945,zdystansował,1
9946,vaclav,1
9947,klaus,1
9948,sympatii,1
9949,wschodniej,1
9950,przeszły,1
9951,diabelskiego,1
9952,imperium,1
9953,przywołuje,1
9954,krytyczne,1
9955,chwali,1
9956,czechosłowacji,1
9957,wygnani,1
9958,sudeccy,1
9959,wierzę,1
9960,naśladował,1
9961,odniesieniu,1
9962,st,1
9963,sopranów,1
9964,altów,1
9965,tenory,1
9966,basy,1
9967,zaśpiewał,1
9968,operze,1
9969,zaczęło,1
9970,menadżera,1
9971,amatorskiego,1
9972,dwóchtrzech,1
9973,beata,1
9974,koordynatorka,1
9975,posłuchała,1
9976,śpiewa,1
9977,opery,1
9978,generalna,1
9979,świateł,1
9980,dziewiętnastoosobowy,1
9981,zabrzmiał,1
9982,niesamowite,1
9983,skupieniu,1
9984,wpatrywali,1
9985,dyrygentkę,1
9986,stojącą,1
9987,niżej,1
9988,ćwiczyli,1
9989,nieznajomy,1
9990,utworach,1
9991,artysta,1
9992,dołączy,1
9993,zabrzmiały,1
9994,brawa,1
9995,wyczuwało,1
9996,lekką,1
9997,konsternację,1
9998,niedowierzanie,1
9999,wybrzmiał,1
10000,śpiewanych,1
10001,poderwała,1
10002,nagrodziła,1
10003,owacjami,1
10004,stojąco,1
10005,schodzili,1
10006,szczęśliwi,1
10007,docenieni,1
10008,obejrzała,1
10009,kurzynazarzecka,1
10010,białymstoku,1
10011,mogłabym,1
10012,wspaniale,1
10013,cieszę,1
10014,dyrygentka,1
10015,szałkiewicz,1
10016,rewelacyjni,1
10017,gratuluję,1
10018,chwalić,1
10019,koncertował,1
10020,smoleski,1
10021,rozmawialiśmy,1
10022,wymierzonego,1
10023,sprzyjających,1
10024,wielokulturowej,1
10025,islamski,1
10026,fundamentalista,1
10027,zobacz,1
10028,nadciąga,1
10029,krwawa,1
10030,prorokiem,1
10031,przewidzieć,1
10032,opisywaniu,1
10033,wnioskować,1
10034,dostrzegają,1
10035,symptomy,1
10036,zderzenia,1
10037,nieszczęście,1
10038,istotą,1
10039,zamieniają,1
10040,homogenicznych,1
10041,heterogeniczne,1
10042,komuś,1
10043,zlepkami,1
10044,kultur,1
10045,podejmować,1
10046,dostosowania,1
10047,przeciwdziałania,1
10048,programy,1
10049,asymilacyjne,1
10050,homogeniczne,1
10051,jedność,1
10052,romantyczny,1
10053,wynalazek,1
10054,współcześni,1
10055,wyrośli,1
10056,normę,1
10057,istotna,1
10058,doświadczyła,1
10059,obecności,1
10060,przybyłych,1
10061,przejawia,1
10062,różny,1
10063,idące,1
10064,szaloną,1
10065,przesłucha,1
10066,ideologiczna,1
10067,kakofonia,1
10068,bohaterów,1
10069,odwołuje,1
10070,mitologii,1
10071,wikingów,1
10072,szanuje,1
10073,masonów,1
10074,powołaniu,1
10075,walczącego,1
10076,niezrównoważonego,1
10077,przytulał,1
10078,odklejał,1
10079,faszyzujących,1
10080,grupek,1
10081,wymyślił,1
10082,paneuropejska,1
10083,siatka,1
10084,kupy,1
10085,inteligentny,1
10086,ubzdurał,1
10087,wytłumaczyć,1
10088,islamistyczni,1
10089,samobójcy,1
10090,pokiereszowani,1
10091,wyrasta,1
10092,urlike,1
10093,niemieckiej,1
10094,zdrowych,1
10095,zmysłach,1
10096,wymyśliłby,1
10097,podkładanie,1
10098,supermarketach,1
10099,porywanie,1
10100,mordowanie,1
10101,przemysłowców,1
10102,brało,1
10103,przekonania,1
10104,funkcjonuje,1
10105,rozwiązywania,1
10106,patologią,1
10107,pomogło,1
10108,peryferyjnym,1
10109,wolnym,1
10110,otwartym,1
10111,przyjaznym,1
10112,pozoru,1
10113,bezproblemowym,1
10114,multikulturalizm,1
10115,teoretyków,1
10116,poprawnych,1
10117,liberałów,1
10118,pięknoduchów,1
10119,cywilizacyjna,1
10120,przejście,1
10121,feudalizmu,1
10122,rewolucja,1
10123,przemysłowa,1
10124,biblioteki,1
10125,nierówność,1
10126,ekonomiczna,1
10127,emigracją,1
10128,bogatej,1
10129,wyrzuci,1
10130,demografia,1
10131,starzeje,1
10132,schizofrenicznej,1
10133,lubimy,1
10134,kultura,1
10135,obyczaje,1
10136,dostatku,1
10137,czujemy,1
10138,obyczajami,1
10139,znaczna,1
10140,islamizmem,1
10141,rzeczywiste,1
10142,asymilacją,1
10143,kryzysu,1
10144,urągać,1
10145,polakom,1
10146,czechom,1
10147,przyjeżdżają,1
10148,rozpozna,1
10149,anglik,1
10150,francuski,1
10151,pokoleniu,1
10152,algierii,1
10153,turcji,1
10154,wykorzeniony,1
10155,doraźne,1
10156,wpływowy,1
10157,zmierzch,1
10158,niemodne,1
10159,świt,1
10160,poprawnym,1
10161,ksenofobem,1
10162,imigranckie,1
10163,osiedla,1
10164,siak,1
10165,wyobrażenia,1
10166,przywlekli,1
10167,homogeniczności,1
10168,myśleć,1
10169,racjonalnie,1
10170,myli,1
10171,wymyśla,1
10172,teorie,1
10173,skomplikować,1
10174,obyczajów,1
10175,mniejszościowych,1
10176,wielożestwo,1
10177,obrzezanie,1
10178,tolerować,1
10179,frustracje,1
10180,frustracja,1
10181,podglebie,1
10182,szalestwa,1
10183,asymilować,1
10184,specyfiki,1
10185,poszczególnych,1
10186,prawidła,1
10187,zawierają,1
10188,programach,1
10189,długa,1
10190,szeroka,1
10191,kontynent,1
10192,specyfika,1
10193,danii,1
10194,zasada,1
10195,winna,1
10196,brzmieć,1
10197,mówienie,1
10198,oficjalne,1
10199,zadekretowanie,1
10200,wyprostuje,1
10201,ogólne,1
10202,cudowny,1
10203,wielokulturową,1
10204,byśmy,1
10205,złagodzić,1
10206,charakteru,1
10207,przejawiać,1
10208,czynach,1
10209,ustawodawstwie,1
10210,codziennej,1
10211,bezpośredniego,1
10212,retoryką,1
10213,duskiej,1
10214,ludowej,1
10215,nicolas,1
10216,sarkozy,1
10217,urządza,1
10218,antyromskie,1
10219,hece,1
10220,zakamuflowane,1
10221,nawoływanie,1
10222,budzący,1
10223,niesmak,1
10224,populizm,1
10225,pozyskiwanie,1
10226,integrować,1
10227,religijny,1
10228,socjalistycznych,1
10229,zachodnich,1
10230,komunistów,1
10231,umowa,1
10232,obowiązuje,1
10233,najmniejszych,1
10234,okaże,1
10235,paneuropejskiej,1
10236,doświadczymy,1
10237,odpowiedzą,1
10238,protestami,1
10239,apelami,1
10240,grubsza,1
10241,społecznością,1
10242,zamkniętą,1
10243,pokrzywdzeni,1
10244,zagrożeni,1
10245,zamieszki,1
10246,arabskiej,1
10247,podparyskich,1
10248,blokowiskach,1
10249,powszechny,1
10250,rewanżu,1
10251,kilogramy,1
10252,niepewności,1
10253,bali,1
10254,powszechnej,1
10255,konfliktu,1
10256,definicji,1
10257,przypadkowe,1
10258,umówmy,1
10259,wysadzi,1
10260,faszysta,1
10261,lewak,1
10262,faszystów,1
10263,islamista,1
10264,kliniczny,1
10265,motywowany,1
10266,bronić,1
10267,rodzimym,1
10268,specjalistą,1
10269,aktom,1
10270,bezsporne,1
10271,sztab,1
10272,fachowców,1
10273,wypracowywać,1
10274,zagubi,1
10275,ufność,1
10276,doraźnej,1
10277,taktyce,1
10278,dłuższą,1
10279,metę,1
10280,rewolucji,1
10281,przemysłowej,1
10282,niszczyli,1
10283,maszyny,1
10284,upatrywali,1
10285,nieszczęścia,1
10286,przestali,1
10287,spodziewam,1
10288,zdecydowanej,1
10289,twardej,1
10290,mułłów,1
10291,definicja,1
10292,islamizmu,1
10293,rozszerzy,1
10294,doczekamy,1
10295,bezpieczestwem,1
10296,ufni,1
10297,beztroscy,1
10298,nonszalanccy,1
10299,obawiała,1
10300,irlandzkiej,1
10301,republikaskiej,1
10302,pubie,1
10303,wagoniku,1
10304,wisiały,1
10305,tabliczki,1
10306,napisami,1
10307,informować,1
10308,bezpaskich,1
10309,pakunkach,1
10310,zostawiać,1
10311,siedzeniach,1
10312,rozłożonych,1
10313,cieniu,1
10314,obowiązywać,1
10315,izraelskie,1
10316,standardy,1
10317,torebkę,1
10318,plecak,1
10319,koegzystuje,1
10320,nieprzyjaznymi,1
10321,recenzjami,1
10322,rozsądny,1
10323,powie,1
10324,zawiesił,1
10325,krytycy,1
10326,ograniczyły,1
10327,opinie,1
10328,padały,1
10329,stanami,1
10330,większa,1
10331,skutkować,1
10332,ograniczeniami,1
10333,bezpieczniejsi,1
10334,wolni,1
10335,gotowa,1
10336,zgodzą,1
10337,drobiazgowe,1
10338,lotniskach,1
10339,wyrywkowe,1
10340,lądowych,1
10341,zrzeszania,1
10342,zaszokowanej,1
10343,przerażonej,1
10344,nastrojów,1
10345,obowiązują,1
10346,sztywne,1
10347,miękkim,1
10348,społeczestwem,1
10349,dawno,1
10350,doświadczyliśmy,1
10351,kształcili,1
10352,zaatakowali,1
10353,trade,1
10354,miękkości,1
10355,służbom,1
10356,udaremnić,1
10357,ograniczania,1
10358,przemiany,1
10359,homogenicznego,1
10360,zbioru,1
10361,uniwersalną,1
10362,heterogeniczną,1
10363,trwać,1
10364,unikniemy,1
10365,zderze,1
10366,wynikających,1
10367,perspektywę,1
10368,zamienimy,1
10369,strzeżoną,1
10370,twierdzę,1
10371,braw,1
10372,staremu,1
10373,chwilowych,1
10374,wahnięciach,1
10375,pozostaną,1
10376,alertem,1
10377,groźni,1
10378,ur,1
10379,historykiem,1
10380,publicystą,1
10381,założycielem,1
10382,ośrodka,1
10383,historią,1
10384,współczesnych,1
10385,niemieckoydowskich,1
10386,bundeswehry,1
10387,monachium,1
10388,ścina,1
10389,choinkę,1
10390,angażujący,1
10391,dojrzeć,1
10392,ustawiane,1
10393,nieustawiane,1
10394,ściął,1
10395,wniósł,1
10396,pałacu,1
10397,przesłanie,1
10398,grzegorza,1
10399,podium,1
10400,zamknęły,1
10401,zajączkowskiejhernik,1
10402,kanały,1
10403,bogdana,1
10404,rymanowskiego,1
10405,zachęcające,1
10406,polexitu,1
10407,nauczył,1
10408,społecznościowe,1
10409,kanałem,1
10410,polem,1
10411,bitwy,1
10412,kolektywu,1
10413,analizującego,1
10414,bitwę,1
10415,propaganda,1
10416,skrajna,1
10417,sztuczna,1
10418,inteligencja,1
10419,ubiegły,1
10420,reprezentantów,1
10421,prawej,1
10422,analityków,1
10423,wyborcze,1
10424,dominowali,1
10425,mentzen,1
10426,indywidualnie,1
10427,bezkonkurencyjnie,1
10428,zbliżyć,1
10429,liderów,1
10430,korony,1
10431,zdominowania,1
10432,tiktoka,1
10433,puli,1
10434,ekosystemy,1
10435,informacyjne,1
10436,ranking,1
10437,oglądanych,1
10438,zbadała,1
10439,oglądaliśmy,1
10440,jaszczur,1
10441,ludwiczek,1
10442,kontra,1
10443,bartosiak,1
10444,bosak,1
10445,sylwester,1
10446,znakiem,1
10447,zemsta,1
10448,bąkiewicz,1
10449,karany,1
10450,zaatakowały,1
10451,wenezuelę,1
10452,wywieźli,1
10453,podsumowuje,1
10454,olszaski,1
10455,komentarza,1
10456,jaruzelska,1
10457,algorytmu,1
10458,cudów,1
10459,przekąsem,1
10460,pokolenie,1
10461,stanowskiego,1
10462,kanału,1
10463,marzec,1
10464,przybywa,1
10465,wiec,1
10466,afera,1
10467,świątecznym,1
10468,zrobiło,1
10469,polkach,1
10470,obiegły,1
10471,atrakcyjne,1
10472,ubrane,1
10473,koszulki,1
10474,symbolami,1
10475,narodowymi,1
10476,przedstawiają,1
10477,udostępniane,1
10478,pozostawiał,1
10479,zdanie,1
10480,patriotyzm,1
10481,suwerenność,1
10482,normalność,1
10483,eurokochozu,1
10484,komentujący,1
10485,podobnych,1
10486,bruksela,1
10487,płacz,1
10488,rozlanym,1
10489,mlekiem,1
10490,interwencji,1
10491,zezwalamy,1
10492,rozpowszechnianie,1
10493,generowanych,1
10494,wyrządzać,1
10495,szkody,1
10496,jednostkom,1
10497,społecznościom,1
10498,wprowadzające,1
10499,charakterze,1
10500,platforma,1
10501,rozwiązuje,1
10502,skopiowane,1
10503,udostępnione,1
10504,wypowiadały,1
10505,dotarły,1
10506,setek,1
10507,dowie,1
10508,świadomi,1
10509,sztucznej,1
10510,inteligencji,1
10511,myślicie,1
10512,zerwali,1
10513,smyczy,1
10514,gębą,1
10515,białoruś,1
10516,prawilnymi,1
10517,polkami,1
10518,analiza,1
10519,wykazała,1
10520,akcjaz,1
10521,filmami,1
10522,oddolna,1
10523,precyzyjnie,1
10524,zaplanowana,1
10525,operacja,1
10526,należało,1
10527,anglojęzycznego,1
10528,użytkownika,1
10529,zmieniono,1
10530,patriotyczny,1
10531,opublikowano,1
10532,gotowych,1
10533,istniejącego,1
10534,pozwoliło,1
10535,start,1
10536,obserwujących,1
10537,ominięcie,1
10538,blokad,1
10539,zasięgów,1
10540,profili,1
10541,topie,1
10542,popularności,1
10543,usunął,1
10544,propagandowych,1
10545,kont,1
10546,neutralnym,1
10547,rozkręconych,1
10548,zasięgach,1
10549,uderzyć,1
10550,kontrowersyjnymi,1
10551,treściami,1
10552,zdwojoną,1
10553,mocą,1
10554,wygenerować,1
10555,zasięgi,1
10556,wypełnia,1
10557,dotarcia,1
10558,gawkowski,1
10559,wpisaniu,1
10560,eurokołchoz,1
10561,niewygodne,1
10562,wygenerowało,1
10563,polubie,1
10564,schemat,1
10565,prowokacyjne,1
10566,wyroków,1
10567,sądów,1
10568,owsiak,1
10569,bawi,1
10570,sprzęt,1
10571,kupiony,1
10572,owsiaka,1
10573,zbiórki,1
10574,lęborku,1
10575,ponoszą,1
10576,samorządy,1
10577,tez,1
10578,uważasz,1
10579,kant,1
10580,bankructwa,1
10581,wywłaszczenia,1
10582,utraty,1
10583,suwerenności,1
10584,popierasz,1
10585,niewygodnych,1
10586,filmik,1
10587,sugerujący,1
10588,polexitem,1
10589,roi,1
10590,wygenerowanych,1
10591,wyglądają,1
10592,realnie,1
10593,komentujących,1
10594,podłapała,1
10595,strona,1
10596,parioduje,1
10597,tiktokowy,1
10598,hej,1
10599,szukam,1
10600,znajdę,1
10601,kiełbasy,1
10602,biedę,1
10603,wolną,1
10604,niezależną,1
10605,niemców,1
10606,wygenerowany,1
10607,obserwuje,1
10608,kilkoma,1
10609,pocie,1
10610,pracowało,1
10611,budową,1
10612,portugalii,1
10613,piłkarz,1
10614,osiedlić,1
10615,przejściu,1
10616,sportową,1
10617,spełni,1
10618,donoszą,1
10619,lokalne,1
10620,portugalskiej,1
10621,zrezygnować,1
10622,zamieszkania,1
10623,posiadłości,1
10624,powód,1
10625,rodrguez,1
10626,najgorętszych,1
10627,showbiznesu,1
10628,poznali,1
10629,butików,1
10630,modowych,1
10631,madrycie,1
10632,zbudowali,1
10633,stabilny,1
10634,wspólnych,1
10635,podróży,1
10636,projektów,1
10637,oświadczyny,1
10638,zakochani,1
10639,kobiercu,1
10640,uroczystością,1
10641,trudną,1
10642,oczekiwany,1
10643,quinta,1
10644,marinha,1
10645,kilometrów,1
10646,lizbony,1
10647,wymarzoną,1
10648,rezydencją,1
10649,budowa,1
10650,posiadłość,1
10651,spędzą,1
10652,spokojną,1
10653,piłkarskiej,1
10654,doczekają,1
10655,donosi,1
10656,portugalski,1
10657,fama,1
10658,postanowiła,1
10659,sprzedać,1
10660,luksusową,1
10661,willę,1
10662,powodem,1
10663,rezygnacji,1
10664,sąsiednią,1
10665,działkę,1
10666,należącą,1
10667,słynnego,1
10668,oitavos,1
10669,posesję,1
10670,transakcji,1
10671,napotykał,1
10672,budowlane,1
10673,zaprojektowany,1
10674,architekta,1
10675,vitora,1
10676,vitorino,1
10677,ogromem,1
10678,zamknięta,1
10679,ogród,1
10680,kurzu,1
10681,faraon,1
10682,piramidę,1
10683,portugalskim,1
10684,agnieszką,1
10685,filmową,1
10686,pilip,1
10687,zastanawiała,1
10688,odrzucam,1
10689,propozycji,1
10690,zastanawiam,1
10691,ważyłam,1
10692,analizowałam,1
10693,podjęłam,1
10694,zaskoczyłam,1
10695,intuicją,1
10696,mier,1
10697,inkluzywno,1
10698,zesp,1
10699,chciałam,1
10700,żebyśmy,1
10701,weszli,1
10702,twórczy,1
10703,pchał,1
10704,zagraniu,1
10705,koprodukcji,1
10706,przemek,1
10707,kossakowski,1
10708,program,1
10709,obawiał,1
10710,wiedział,1
10711,zagadać,1
10712,odwrotnie,1
10713,czułam,1
10714,ekscytację,1
10715,cieszyłam,1
10716,poznam,1
10717,moje,1
10718,idiots,1
10719,zacznę,1
10720,miłym,1
10721,zaskoczeniem,1
10722,odejściu,1
10723,grałam,1
10724,teatralnej,1
10725,premierze,1
10726,uśmiechnęłam,1
10727,przychodzi,1
10728,pomyłką,1
10729,polegała,1
10730,związałam,1
10731,sądzą,1
10732,terapia,1
10733,dotkliwe,1
10734,bezwzględne,1
10735,wyobrażenie,1
10736,zajmuję,1
10737,zastanawianiem,1
10738,różnicami,1
10739,twórczości,1
10740,klasyfikacje,1
10741,zwodnicza,1
10742,ścieżka,1
10743,jakimiś,1
10744,wyzwaniami,1
10745,drużynę,1
10746,wyobraźnią,1
10747,umieć,1
10748,powiedziałam,1
10749,chwilą,1
10750,zauważam,1
10751,świadoma,1
10752,istnienia,1
10753,sądzę,1
10754,stanowimy,1
10755,nieznaną,1
10756,uczestnik,1
10757,wnosi,1
10758,przydać,1
10759,herosa,1
10760,łucznika,1
10761,greckich,1
10762,mitów,1
10763,ukąszenia,1
10764,żmii,1
10765,porzucili,1
10766,kompani,1
10767,pozwalało,1
10768,procentach,1
10769,funkcjonować,1
10770,konstytuowało,1
10771,przenosimy,1
10772,współczesności,1
10773,zastanawiamy,1
10774,powodują,1
10775,czynią,1
10776,wyjątkowymi,1
10777,wcielamy,1
10778,inspirowane,1
10779,pokazujemy,1
10780,ścieżki,1
10781,strategie,1
10782,przetrwania,1
10783,siła,1
10784,przetrwać,1
10785,bohaterka,1
10786,przykładem,1
10787,stracisz,1
10788,wszystkiego,1
10789,pasować,1
10790,konsekwencjom,1
10791,idą,1
10792,nieuniknione,1
10793,robię,1
10794,wypowiedź,1
10795,niedosłownym,1
10796,potrafię,1
10797,skupiam,1
10798,budowaniu,1
10799,przymierzam,1
10800,przytulam,1
10801,parafrazuję,1
10802,mierzę,1
10803,filoktetem,1
10804,dziwnym,1
10805,trafem,1
10806,ukąsiła,1
10807,ukąsi,1
10808,żmija,1
10809,mieścimy,1
10810,filoktecie,1
10811,fetyszyzować,1
10812,pokazywać,1
10813,fajnie,1
10814,cierpieć,1
10815,staramy,1
10816,demonizować,1
10817,ciekawią,1
10818,sposoby,1
10819,kryzysem,1
10820,koleżanki,1
10821,kąsało,1
10822,boleśnie,1
10823,założycielka,1
10824,usłyszała,1
10825,obawę,1
10826,zarażą,1
10827,odgrywają,1
10828,wcielają,1
10829,walczyliśmy,1
10830,przegrywają,1
10831,ciężarem,1
10832,zaobserwować,1
10833,uwidaczniają,1
10834,charaktery,1
10835,energie,1
10836,humoru,1
10837,przyszłam,1
10838,warsztatowej,1
10839,przytuliłam,1
10840,powitanie,1
10841,znałam,1
10842,uściskać,1
10843,zaczęłam,1
10844,rundę,1
10845,stołu,1
10846,herbatą,1
10847,kawą,1
10848,poczułam,1
10849,mówiłam,1
10850,obaw,1
10851,porozumieć,1
10852,przestrzeniach,1
10853,wiedziałam,1
10854,kontaktach,1
10855,koleżeskich,1
10856,cierpliwości,1
10857,poznamy,1
10858,bezpośredniości,1
10859,onieśmielała,1
10860,nominacjami,1
10861,międzynarodową,1
10862,karierą,1
10863,koleżanek,1
10864,jakiegokolwiek,1
10865,definiowali,1
10866,byłam,1
10867,wyzwalające,1
10868,okazały,1
10869,treściwe,1
10870,angażowaliśmy,1
10871,czerpię,1
10872,pewną,1
10873,dzielić,1
10874,komunikatywny,1
10875,zapraszać,1
10876,przejrzenia,1
10877,złapie,1
10878,profesjonalny,1
10879,taryfę,1
10880,ulgową,1
10881,bezpośredni,1
10882,pomyłkę,1
10883,podpowiedzieć,1
10884,równość,1
10885,reżyserka,1
10886,wielgus,1
10887,empatyczni,1
10888,uważni,1
10889,pozwoliliby,1
10890,kogokolwiek,1
10891,wyczuliby,1
10892,dziwnie,1
10893,okazywać,1
10894,pobłażliwość,1
10895,różniła,1
10896,spektaklami,1
10897,powtórzyć,1
10898,chcieliśmy,1
10899,sprawdzaliśmy,1
10900,improwizowaliśmy,1
10901,improwizacji,1
10902,stresu,1
10903,niepoprawnie,1
10904,nieprzewidywalne,1
10905,odkryjemy,1
10906,spędzamy,1
10907,momenty,1
10908,zmęczeni,1
10909,siadamy,1
10910,zjeść,1
10911,kanapkę,1
10912,wierzyć,1
10913,budują,1
10914,wzięła,1
10915,zauważyłam,1
10916,nieznanego,1
10917,spotkam,1
10918,niepostrzeżenie,1
10919,wpłynąć,1
10920,rozwój,1
10921,zawodzie,1
10922,zdajesz,1
10923,zapominasz,1
10924,angażujesz,1
10925,uwolniony,1
10926,ważnego,1
10927,filokteją,1
10928,teatralna,1
10929,filmowa,1
10930,serialowa,1
10931,rozmaitości,1
10932,pokazały,1
10933,dostatecznych,1
10934,instrumentów,1
10935,istotnych,1
10936,granicznym,1
10937,wystarczających,1
10938,śledzenia,1
10939,podejrzanych,1
10940,niezauważenie,1
10941,niedocenienie,1
10942,wykrywalnego,1
10943,legalnych,1
10944,skupiają,1
10945,lukę,1
10946,obserwacji,1
10947,rodzimych,1
10948,wypadli,1
10949,radaru,1
10950,skandynawskie,1
10951,zaangażowane,1
10952,libii,1
10953,goodwin,1
10954,nottingham,1
10955,znawców,1
10956,pojedynczy,1
10957,umknął,1
10958,uwadze,1
10959,zapatrzonych,1
10960,zagroże,1
10961,daniela,1
10962,poohla,1
10963,ekstremizmów,1
10964,szwedzkiej,1
10965,expo,1
10966,przedstawicielem,1
10967,zwiastunem,1
10968,karmiącego,1
10969,islamofobią,1
10970,przeformułowania,1
10971,priorytetów,1
10972,wzięcia,1
10973,radar,1
10974,niewykluczone,1
10975,potwierdziła,1
10976,światowych,1
10977,sprawcach,1
10978,winowajcach,1
10979,należąca,1
10980,przyłączyłaby,1
10981,ogranicze,1
10982,bezgranicznym,1
10983,nieprawdopodobne,1
10984,rodzimy,1
10985,wiarygodności,1
10986,radykalnym,1
10987,przekonującym,1
10988,czasowym,1
10989,zamykaniem,1
10990,wewnętrznych,1
10991,mobilizacji,1
10992,falą,1
10993,prezydenturze,1
10994,georgea,1
10995,busha,1
10996,zrażeni,1
10997,zagadką,1
10998,przyszły,1
10999,stopniowa,1
11000,erozja,1
11001,przyzwolenie,1
11002,wysiedlenie,1
11003,dyskryminacja,1
11004,groźniejsza,1
11005,odda,1
11006,piątkowe,1
11007,popołudnie,1
11008,eksplodowała,1
11009,spędzali,1
11010,zszokował,1
11011,faszystowskie,1
11012,sielniejszy,1
11013,dziesięć,1
11014,silniejszy,1
11015,działaczka,1
11016,możliwą,1
11017,studentem,1
11018,korespondencyjnie,1
11019,opuszczając,1
11020,trzymamy,1
11021,przyjęty,1
11022,reutera,1
11023,ole,1
11024,więźniowie,1
11025,wykształcenie,1
11026,przyjęcie,1
11027,uniwersytet,1
11028,trudna,1
11029,zaakceptowania,1
11030,obejmują,1
11031,zagadnienia,1
11032,demokracją,1
11033,respektowaniem,1
11034,nałożonego,1
11035,nakazuje,1
11036,uczęszczać,1
11037,wykłady,1
11038,seminaria,1
11039,odbywała,1
11040,więzienny,1
11041,przeprowadzonego,1
11042,krewni,1
11043,zamienić,1
11044,swoistą,1
11045,galerię,1
11046,utoeya,1
11047,czekali,1
11048,ponownym,1
11049,negocjacjami,1
11050,rakiet,1
11051,przeprowadzili,1
11052,ukrainę,1
11053,wystrzeliła,1
11054,hipersoniczny,1
11055,rakieta,1
11056,nieuzbrojona,1
11057,antenie,1
11058,voice,1
11059,nv,1
11060,kreml,1
11061,zdecyduje,1
11062,twierdzeniach,1
11063,kyryły,1
11064,budanowa,1
11065,gabinetu,1
11066,rakiety,1
11067,wystrzelona,1
11068,eksperta,1
11069,powstrzymywać,1
11070,wykorzystaniem,1
11071,użyć,1
11072,negocjacji,1
11073,wystrzelony,1
11074,rosję,1
11075,głowicę,1
11076,anatolij,1
11077,chrapczyski,1
11078,kanale,1
11079,kyiv,1
11080,jądrową,1
11081,zastanawia,1
11082,okupanci,1
11083,arsenale,1
11084,niszczycielskie,1
11085,pociski,1
11086,wyrządził,1
11087,potężnym,1
11088,federacji,1
11089,przestrzegały,1
11090,stany,1
11091,wołodymyr,1
11092,zełenski,1
11093,eksplozje,1
11094,słyszalne,1
11095,kijowa,1
11096,lwowa,1
11097,uderzenia,1
11098,dronów,1
11099,odnotowano,1
11100,infrastruktury,1
11101,straciły,1
11102,załączyła,1
11103,szczątków,1
11104,obwód,1
11105,lwowski,1
11106,położony,1
11107,kwalifikują,1
11108,pocisku,1
11109,hipersonicznego,1
11110,infrastrukturze,1
11111,wojenną,1
11112,zmasowanym,1
11113,regionach,1
11114,panowały,1
11115,dostawach,1
11116,imigracyjny,1
11117,nieuzbrojoną,1
11118,stwarzała,1
11119,celnoimigracyjnego,1
11120,us,1
11121,aresztowania,1
11122,zastrzelona,1
11123,wpoprzek,1
11124,blokując,1
11125,przejazd,1
11126,kierownicy,1
11127,decyduje,1
11128,odjechać,1
11129,ruszając,1
11130,skręcając,1
11131,maską,1
11132,funcjonariusz,1
11133,dynamicznym,1
11134,ruszeniu,1
11135,parkujący,1
11136,zatrzymuje,1
11137,axios,1
11138,donaldem,1
11139,trumpem,1
11140,podjęli,1
11141,uzasadnioną,1
11142,samoobronę,1
11143,prowadząca,1
11144,zachowywała,1
11145,nieporządnie,1
11146,stawiała,1
11147,opór,1
11148,przeszkadzała,1
11149,brutalnie,1
11150,społecznościowej,1
11151,truth,1
11152,social,1
11153,przebierał,1
11154,bzdurą,1
11155,agentom,1
11156,wypierdalać,1
11157,twierdzicie,1
11158,jesteście,1
11159,robicie,1
11160,odwrotnego,1
11161,biran,1
11162,ohara,1
11163,zdarzenie,1
11164,nieuzbrojonej,1
11165,niepokojąca,1
11166,kontekst,1
11167,masowo,1
11168,aresztuje,1
11169,deportuje,1
11170,niejednoznacznym,1
11171,statusem,1
11172,prawnym,1
11173,deportowała,1
11174,nalotów,1
11175,aktywiści,1
11176,wyrażają,1
11177,amerykaskim,1
11178,interesem,1
11179,propalestyskie,1
11180,deportowano,1
11181,wyjechało,1
11182,obawie,1
11183,represjami,1
11184,przekraczają,1
11185,agresywni,1
11186,deportowanych,1
11187,działalnością,1
11188,przyzwoleniu,1
11189,szefowej,1
11190,kristi,1
11191,potwierdzono,1
11192,wczorajszą,1
11193,krakowscy,1
11194,pianiści,1
11195,józefa,1
11196,chełmoskiego,1
11197,odbierze,1
11198,przyjemnością,1
11199,przypominam,1
11200,kalendarz,1
11201,pękał,1
11202,szwach,1
11203,autorskie,1
11204,summer,1
11205,unsound,1
11206,misteria,1
11207,paschalia,1
11208,profanum,1
11209,juniors,1
11210,mastercard,1
11211,camera,1
11212,kinobranie,1
11213,literackie,1
11214,miłosza,1
11215,conrada,1
11216,teatralne,1
11217,boska,1
11218,komedia,1
11219,patchlab,1
11220,robbiego,1
11221,williamsa,1
11222,bryana,1
11223,adamsa,1
11224,roda,1
11225,stewarta,1
11226,marcusa,1
11227,millera,1
11228,przychodziły,1
11229,inspirować,1
11230,wzruszać,1
11231,wyobraźnię,1
11232,wybrałam,1
11233,zobrazują,1
11234,serdeczną,1
11235,kulturą,1
11236,podkreślą,1
11237,prestiż,1
11238,mapie,1
11239,włodek,1
11240,pianistów,1
11241,studentów,1
11242,akademii,1
11243,muzycznej,1
11244,pendereckiego,1
11245,prestiżowych,1
11246,dumą,1
11247,zakwalifikował,1
11248,półfinału,1
11249,chopinowskiego,1
11250,najlepsze,1
11251,kształci,1
11252,okiem,1
11253,mirosława,1
11254,herbowskiego,1
11255,mileny,1
11256,kędry,1
11257,zaprezentowali,1
11258,xix,1
11259,trzymam,1
11260,kciuki,1
11261,utalentowanych,1
11262,studentach,1
11263,przestawały,1
11264,nieść,1
11265,słyszałam,1
11266,tauron,1
11267,arenie,1
11268,ciszy,1
11269,tysiącach,1
11270,magiczny,1
11271,ballad,1
11272,wykonała,1
11273,płakali,1
11274,przyleciała,1
11275,me,1
11276,hard,1
11277,soft,1
11278,promującej,1
11279,dojrzały,1
11280,bólu,1
11281,fanami,1
11282,zapraszała,1
11283,puszczanym,1
11284,tramwajach,1
11285,śpiewała,1
11286,serdecznie,1
11287,oczarowała,1
11288,szczerością,1
11289,dystansem,1
11290,wróć,1
11291,józefie,1
11292,chełmoskim,1
11293,oldze,1
11294,portretujące,1
11295,majestatyczne,1
11296,portrety,1
11297,koni,1
11298,przedstawiające,1
11299,bociany,1
11300,chełmoski,1
11301,zamykała,1
11302,kilkuletni,1
11303,badawczoekspozycyjny,1
11304,muzea,1
11305,obejrzeć,1
11306,zwiedzający,1
11307,artystce,1
11308,boznaska,1
11309,kameralnie,1
11310,rekordem,1
11311,instytucję,1
11312,odwiedziło,1
11313,zwiedzających,1
11314,skan,1
11315,gulis,1
11316,sztukę,1
11317,potraktował,1
11318,bliskie,1
11319,sercu,1
11320,stworzenia,1
11321,pełnoprawnych,1
11322,zwierzkaców,1
11323,kotami,1
11324,komi,1
11325,mamutami,1
11326,dzikami,1
11327,gołębiami,1
11328,aligatorzycą,1
11329,zapisałam,1
11330,wzruszających,1
11331,powstałych,1
11332,widziałam,1
11333,podgórzu,1
11334,bednarski,1
11335,spaceruje,1
11336,mostu,1
11337,połączenia,1
11338,podgórzem,1
11339,rzeźby,1
11340,marek,1
11341,podmokły,1
11342,zamek,1
11343,królewski,1
11344,multimedialną,1
11345,międzymurze,1
11346,maj,1
11347,zbrojownię,1
11348,listopad,1
11349,galeria,1
11350,bunkier,1
11351,świętowała,1
11352,zapraszając,1
11353,grafiozbiór,1
11354,migotliwy,1
11355,konfiguracji,1
11356,zapachowe,1
11357,mocak,1
11358,udostępniło,1
11359,zwiedzającym,1
11360,własny,1
11361,janickiego,1
11362,dzienny,1
11363,nocny,1
11364,kolekcji,1
11365,radosława,1
11366,kotarskiego,1
11367,znanego,1
11368,dziennikarza,1
11369,youtubera,1
11370,podcastera,1
11371,obiecuję,1
11372,szczegółowo,1
11373,raportować,1
11374,eleganckie,1
11375,funkcją,1
11376,użyteczną,1
11377,ozdoby,1
11378,damskiego,1
11379,delikatne,1
11380,srebrne,1
11381,pozłacane,1
11382,ozdobną,1
11383,bransoletą,1
11384,cyrkoniami,1
11385,traktowane,1
11386,pasują,1
11387,eleganckich,1
11388,sprawdzają,1
11389,pasku,1
11390,współgrające,1
11391,garsonką,1
11392,damskim,1
11393,garniturem,1
11394,kwestią,1
11395,indywidualną,1
11396,delikatną,1
11397,rzucającą,1
11398,dobrać,1
11399,proporcjonalnie,1
11400,chowała,1
11401,mankietem,1
11402,koszuli,1
11403,żakietu,1
11404,kształcie,1
11405,okrągłym,1
11406,kwadratowym,1
11407,owalnym,1
11408,ośmiokątnym,1
11409,nietypowym,1
11410,dopasowany,1
11411,dodatków,1
11412,srebro,1
11413,srebra,1
11414,stonowane,1
11415,czarne,1
11416,białym,1
11417,ecru,1
11418,srebrnoszarym,1
11419,zegarkach,1
11420,używanych,1
11421,modelach,1
11422,sportowych,1
11423,granatowy,1
11424,grafitowy,1
11425,pamiętać,1
11426,minimalistyczny,1
11427,formalny,1
11428,podsiadły,1
11429,blanty,1
11430,diabeł,1
11431,tęsknota,1
11432,albumem,1
11433,żegna,1
11434,młodością,1
11435,opisując,1
11436,muzyczną,1
11437,parkietu,1
11438,piekła,1
11439,concept,1
11440,tęsknocie,1
11441,miłością,1
11442,dekoracjach,1
11443,wokalista,1
11444,zgromadził,1
11445,pobił,1
11446,chorzowie,1
11447,małomiasteczkowy,1
11448,status,1
11449,podwójnie,1
11450,diamentowej,1
11451,poprzednie,1
11452,diamentowe,1
11453,przekroczyła,1
11454,uwzględniając,1
11455,ekwiwalent,1
11456,streamingu,1
11457,nagrodzone,1
11458,egzemplarzy,1
11459,zaskoczy,1
11460,urodzonego,1
11461,trzydziestymi,1
11462,urodzinami,1
11463,taneczna,1
11464,gitarowym,1
11465,curly,1
11466,heads,1
11467,nagrana,1
11468,bartosza,1
11469,dziedzica,1
11470,jakubem,1
11471,galiskim,1
11472,muzykiem,1
11473,współpracującym,1
11474,odliczał,1
11475,czterdzieści,1
11476,odmłodzić,1
11477,wyszaleć,1
11478,nawiązującym,1
11479,electropopu,1
11480,papa,1
11481,dance,1
11482,opatrywać,1
11483,autoironicznymi,1
11484,tytułami,1
11485,dzisiejszych,1
11486,posmak,1
11487,początkowy,1
11488,wirus,1
11489,zachętą,1
11490,świruj,1
11491,wiruj,1
11492,skandowanym,1
11493,modnie,1
11494,wrs,1
11495,falsetowymi,1
11496,everybody,1
11497,backstreet,1
11498,boys,1
11499,wywija,1
11500,syntezatorowymi,1
11501,akordami,1
11502,klawiszowymi,1
11503,zagrywkami,1
11504,przywołując,1
11505,melancholijnych,1
11506,tazosach,1
11507,gadżety,1
11508,wzdycha,1
11509,prościej,1
11510,bolesnych,1
11511,ukochanej,1
11512,iść,1
11513,pisałem,1
11514,śmiechu,1
11515,rwałem,1
11516,bok,1
11517,rzędy,1
11518,prawd,1
11519,śmiać,1
11520,pretekst,1
11521,smsowej,1
11522,zaczepki,1
11523,dawnej,1
11524,współczesna,1
11525,portretował,1
11526,narastających,1
11527,radykalizmów,1
11528,kameralny,1
11529,kadr,1
11530,hipokryty,1
11531,przeszkadzają,1
11532,pottery,1
11533,rowery,1
11534,pozwoli,1
11535,pluł,1
11536,rzekomo,1
11537,pości,1
11538,pstrągiem,1
11539,talerzu,1
11540,spała,1
11541,barabara,1
11542,rzucę,1
11543,twoją,1
11544,twarznic,1
11545,wiesza,1
11546,znam,1
11547,zapomnij,1
11548,minimalizmie,1
11549,nosić,1
11550,wskrzesza,1
11551,maksymalizm,1
11552,podbija,1
11553,nowocześniejszej,1
11554,wyraźny,1
11555,zwrot,1
11556,branżowe,1
11557,jednogłośnie,1
11558,stylów,1
11559,młodość,1
11560,zdobywa,1
11561,nostalgiczne,1
11562,inspiracje,1
11563,osią,1
11564,reddit,1
11565,powrotu,1
11566,emocjonalnego,1
11567,wyróżnienie,1
11568,zerwanie,1
11569,wszechobecnym,1
11570,minimalizmem,1
11571,sezonów,1
11572,nastrojowa,1
11573,konkretne,1
11574,garderoby,1
11575,ikoną,1
11576,stylizacjach,1
11577,czarnych,1
11578,tasiemek,1
11579,bogato,1
11580,zdobione,1
11581,satynowe,1
11582,halkowe,1
11583,slip,1
11584,dress,1
11585,crop,1
11586,topy,1
11587,spodnie,1
11588,wyraźnie,1
11589,fascynację,1
11590,brokatem,1
11591,akcentami,1
11592,glam,1
11593,wypierają,1
11594,gładkie,1
11595,neutralne,1
11596,stylizacje,1
11597,kojarzone,1
11598,quiet,1
11599,luxury,1
11600,modzie,1
11601,subtelność,1
11602,wyrazistość,1
11603,autentyczność,1
11604,nadchodzi,1
11605,era,1
11606,faktur,1
11607,maksymalizmu,1
11608,dominujących,1
11609,ogłoszono,1
11610,chłodny,1
11611,błękit,1
11612,blue,1
11613,ubraniach,1
11614,makijażu,1
11615,wnętrzach,1
11616,odcie,1
11617,wpisuje,1
11618,vibe,1
11619,świeży,1
11620,młodzieczy,1
11621,marzycielski,1
11622,glamoratti,1
11623,luksusem,1
11624,koronkami,1
11625,klimatem,1
11626,reinterpretacją,1
11627,teatralnym,1
11628,bogatszym,1
11629,akcesoriów,1
11630,królują,1
11631,ozdobne,1
11632,broszki,1
11633,wyraziste,1
11634,potężne,1
11635,zoomersi,1
11636,zachwycili,1
11637,aesthetic,1
11638,wprowadzili,1
11639,dyktował,1
11640,odświeżonej,1
11641,podarte,1
11642,rajstopy,1
11643,pastelowe,1
11644,kabaretki,1
11645,koszule,1
11646,łączone,1
11647,nowymi,1
11648,technologiami,1
11649,designerskimi,1
11650,modą,1
11651,unisex,1
11652,nostalgiczny,1
11653,nowoczesnym,1
11654,podejściem,1
11655,tożsamości,1
11656,autowyrazu,1
11657,wzmocniona,1
11658,niepokój,1
11659,globalne,1
11660,kryzysy,1
11661,sprawiła,1
11662,ukojenia,1
11663,eskapizmu,1
11664,prostszych,1
11665,buntuje,1
11666,sterylnemu,1
11667,minimalizmowi,1
11668,wyciszona,1
11669,pozbawiona,1
11670,kolorowa,1
11671,wyrazista,1
11672,produkt,1
11673,portfolio,1
11674,elektroniki,1
11675,wyróżniający,1
11676,tle,1
11677,konkurencji,1
11678,urządzenie,1
11679,mowę,1
11680,potoczną,1
11681,gen,1
11682,skrywał,1
11683,tajemnic,1
11684,naprzeciw,1
11685,użytkownikom,1
11686,starszej,1
11687,frustrują,1
11688,rozgrywki,1
11689,grach,1
11690,wypowiadają,1
11691,ogarnie,1
11692,potoczny,1
11693,przetworzy,1
11694,nudne,1
11695,słownictwo,1
11696,nowoczesny,1
11697,żargon,1
11698,niespotykanym,1
11699,asystent,1
11700,głosowy,1
11701,trybie,1
11702,zaawansowany,1
11703,kraken,1
11704,pro,1
11705,otrzymał,1
11706,sprawią,1
11707,młodzieżowe,1
11708,rozwikła,1
11709,żartobliwe,1
11710,obrażające,1
11711,wyrażenia,1
11712,zasilany,1
11713,technologią,1
11714,gamer,1
11715,copilot,1
11716,wykorzysta,1
11717,unikalnych,1
11718,algorytmów,1
11719,przetwarzania,1
11720,języka,1
11721,nlp,1
11722,komunikacje,1
11723,przycisnąć,1
11724,przycisk,1
11725,słuchawkach,1
11726,odrzucić,1
11727,wyszukiwanie,1
11728,google,1
11729,zda,1
11730,zwiastun,1
11731,wgląd,1
11732,niecodziennego,1
11733,otrzymujemy,1
11734,świetne,1
11735,słuchawki,1
11736,bełkot,1
11737,drużynie,1
11738,grze,1
11739,multiplayer,1
11740,twoi,1
11741,towarzysze,1
11742,zorientują,1
11743,wiekowym,1
11744,pamięta,1
11745,diablo,1
11746,innowacji,1
11747,topce,1
11748,pozostawiać,1
11749,zaplanowanych,1
11750,królewską,1
11751,składania,1
11752,przemawiając,1
11753,ocalałych,1
11754,zrobiono,1
11755,gotowość,1
11756,zwalczać,1
11757,wszelkie,1
11758,nietolerancja,1
11759,konserwatywna,1
11760,środkiem,1
11761,zaradczym,1
11762,umocnienie,1
11763,nietolerancji,1
11764,dalszej,1
11765,msza,1
11766,żałobna,1
11767,zabierze,1
11768,generalny,1
11769,południu,1
11770,ceremonia,1
11771,połączony,1
11772,przemówieniem,1
11773,haralda,1
11774,ładunek,1
11775,wybuchowy,1
11776,podobał,1
11777,sprawowania,1
11778,najkrwawszy,1
11779,nieokreślony,1
11780,ocaleni,1
11781,motywem,1
11782,żywe,1
11783,pośród,1
11784,eide,1
11785,hoem,1
11786,ubr,1
11787,stole,1
11788,wybitnych,1
11789,zaapelowała,1
11790,odbywający,1
11791,zabicie,1
11792,uniewinnia,1
11793,relatywnie,1
11794,swobodę,1
11795,uznania,1
11796,studiuje,1
11797,projektami,1
11798,politycznymi,1
11799,odwoływał,1
11800,dowodził,1
11801,interakcji,1
11802,sześciu,1
11803,odebrania,1
11804,dopuściłby,1
11805,okropnych,1
11806,nadawcy,1
11807,telewizyjną,1
11808,kuchnię,1
11809,opiekuje,1
11810,papugami,1
11811,dowodziła,1
11812,uważany,1
11813,niebezpiecznego,1
11814,rygory,1
11815,pts,1
11816,łamane,1
11817,oddalony,1
11818,oberwała,1
11819,tolerancyjnej,1
11820,mordzie,1
11821,komentator,1
11822,wadim,1
11823,wielkonakładowym,1
11824,moskiewskim,1
11825,komsomolcu,1
11826,publicysta,1
11827,władzom,1
11828,przybyszom,1
11829,demoralizującemu,1
11830,zachodniemu,1
11831,zbuntował,1
11832,samobójczej,1
11833,sytości,1
11834,dowiódł,1
11835,szczęśliwe,1
11836,materialnym,1
11837,otoczyć,1
11838,gwarancjami,1
11839,socjalnymi,1
11840,pozwolić,1
11841,zwariuje,1
11842,powiesi,1
11843,wyrżnie,1
11844,potwierdza,1
11845,obowiązującą,1
11846,zgnił,1
11847,stado,1
11848,mięczaków,1
11849,tchórzy,1
11850,rzucić,1
11851,obrzucić,1
11852,krzesłami,1
11853,dzwonili,1
11854,pisali,1
11855,zabijają,1
11856,czeczenii,1
11857,chłopczyk,1
11858,bandytę,1
11859,cagarajewa,1
11860,zdecydowany,1
11861,zbój,1
11862,tłumem,1
11863,pułk,1
11864,strzelców,1
11865,zmotoryzowanych,1
11866,moralnej,1
11867,wyższości,1
11868,niezarażonych,1
11869,rosjan,1
11870,zniewieściałymi,1
11871,zamienionymi,1
11872,komentarzem,1
11873,oberwali,1
11874,moskiewski,1
11875,ideał,1
11876,sterowaną,1
11877,autorytetem,1
11878,reporterzy,1
11879,przestudiowali,1
11880,stronicowy,1
11881,wspominana,1
11882,rosja,1
11883,sposobów,1
11884,nabycia,1
11885,biologicznej,1
11886,jądrowej,1
11887,mafia,1
11888,rosyjska,1
11889,wychowywać,1
11890,współczesną,1
11891,kulturalnokonserwatywną,1
11892,patriotyczną,1
11893,stworzona,1
11894,proputinowska,1
11895,faszyzująca,1
11896,demokratyczną,1
11897,opozycję,1
11898,ustrój,1
11899,panujący,1
11900,putinowskiej,1
11901,nieudolna,1
11902,mas,1
11903,zastąpiona,1
11904,sterowanej,1
11905,przypominającej,1
11906,sprawiedliwego,1
11907,zdecydowanego,1
11908,godnego,1
11909,pewny,1
11910,pokaże,1
11911,potencjalnie,1
11912,przychodzą,1
11913,kwiatami,1
11914,świecami,1
11915,przychodzili,1
11916,wpisują,1
11917,księgi,1
11918,kondolencyjnej,1
11919,przesłali,1
11920,dmitrij,1
11921,miedwiediew,1
11922,amerykaski,1
11923,tragicznej,1
11924,savanny,1
11925,zamordowanej,1
11926,zastępczyni,1
11927,szeryfa,1
11928,telefonowała,1
11929,alarmowy,1
11930,informując,1
11931,james,1
11932,jackson,1
11933,postrzelono,1
11934,podpalono,1
11935,dopuszczanie,1
11936,stalkingu,1
11937,zepchnął,1
11938,schodów,1
11939,dziewczynę,1
11940,ciągnął,1
11941,przewrócić,1
11942,prześladować,1
11943,zakazu,1
11944,kontaktowania,1
11945,savannę,1
11946,udusił,1
11947,dokonane,1
11948,recydywistę,1
11949,zwróciło,1
11950,poparciu,1
11951,demokratów,1
11952,republikanów,1
11953,dodajmy,1
11954,rządzonym,1
11955,drugich,1
11956,uchwalono,1
11957,rejestr,1
11958,przemocowców,1
11959,pęknięcie,1
11960,tamy,1
11961,feminotece,1
11962,doświadczeniu,1
11963,zobaczyłam,1
11964,telefonów,1
11965,feminoteki,1
11966,novum,1
11967,gwałt,1
11968,molestowanie,1
11969,zwracając,1
11970,rejestru,1
11971,recydywy,1
11972,opisujący,1
11973,guardian,1
11974,broniły,1
11975,agresorem,1
11976,oskarżone,1
11977,rejestrach,1
11978,rządzący,1
11979,republikanie,1
11980,unikają,1
11981,tematów,1
11982,domowa,1
11983,najnowszej,1
11984,śmielej,1
11985,popową,1
11986,środowiskiem,1
11987,znacze,1
11988,powstawała,1
11989,udziale,1
11990,kuby,1
11991,galiskiego,1
11992,odmówić,1
11993,pewnej,1
11994,rozwagi,1
11995,stylistycznej,1
11996,niemalże,1
11997,autorowi,1
11998,najlepszą,1
11999,otwierającym,1
12000,pierwotnie,1
12001,chwytliwym,1
12002,pamiętliwym,1
12003,refrenem,1
12004,powtarzanym,1
12005,kilkukrotniesyntezatory,1
12006,pobrzmiewające,1
12007,paroma,1
12008,barwami,1
12009,kula,1
12010,dyskotekowa,1
12011,wątpię,1
12012,nośnie,1
12013,utworze,1
12014,tazosy,1
12015,nawiązanie,1
12016,kolekcjonowanych,1
12017,krążków,1
12018,dodawanych,1
12019,chipsów,1
12020,maniera,1
12021,wokalna,1
12022,zwrotkach,1
12023,przypominająca,1
12024,fisza,1
12025,refreny,1
12026,zaśpiewane,1
12027,schodzą,1
12028,falset,1
12029,numerowi,1
12030,wietnie,1
12031,wypada,1
12032,nostalgiczna,1
12033,pogodna,1
12034,traktująca,1
12035,wyczekiwaniu,1
12036,ponowne,1
12037,parkiet,1
12038,pewniaka,1
12039,koncertowego,1
12040,zdziwię,1
12041,remiksu,1
12042,spore,1
12043,zadatki,1
12044,zanurzony,1
12045,codzienności,1
12046,zagrany,1
12047,zgrabnie,1
12048,śnisz,1
12049,gościnnie,1
12050,zaśpiewała,1
12051,zbliżonych,1
12052,udziałów,1
12053,telewizyjnych,1
12054,shows,1
12055,syntezatorowy,1
12056,blant,1
12057,nieszczęśliwej,1
12058,podmiot,1
12059,liryczny,1
12060,używki,1
12061,pozorom,1
12062,biegunie,1
12063,daftpunkowy,1
12064,pogodny,1
12065,wydźwięku,1
12066,doceniający,1
12067,zwykłą,1
12068,codzienność,1
12069,boku,1
12070,bliskiej,1
12071,zbliżoną,1
12072,stylistycznie,1
12073,rytmikę,1
12074,udanych,1
12075,mori,1
12076,wolna,1
12077,ponura,1
12078,przejmująca,1
12079,wsłuchać,1
12080,pamiętliwych,1
12081,momentów,1
12082,millenium,1
12083,zasadza,1
12084,podniosła,1
12085,coldplayowa,1
12086,miłosna,1
12087,najsilniejszych,1
12088,autorskich,1
12089,ajewniaku,1
12090,nosowska,1
12091,okołogitarowa,1
12092,agodna,1
12093,płynąca,1
12094,naznaczona,1
12095,wokalistów,1
12096,tematyka,1
12097,ulotnego,1
12098,niepewnego,1
12099,beatlesowska,1
12100,kocówka,1
12101,wariacka,1
12102,przaśna,1
12103,pełna,1
12104,trąb,1
12105,smyków,1
12106,obstawiam,1
12107,pewnik,1
12108,bisem,1
12109,artystycznej,1
12110,wszelkich,1
12111,gatunków,1
12112,dwudziestych,1
12113,pop,1
12114,syntezatorowa,1
12115,podana,1
12116,ładnie,1
12117,sprawdzi,1
12118,domówkach,1
12119,stadionowych,1
12120,poniżającym,1
12121,zmieniając,1
12122,wcześniejszy,1
12123,korzystny,1
12124,andersowi,1
12125,skrajnych,1
12126,chęcią,1
12127,ogólny,1
12128,zmieniły,1
12129,rozpoczęcia,1
12130,zaskarży,1
12131,treść,1
12132,złagodziło,1
12133,adwokatem,1
12134,startujących,1
12135,kuratoryjnym,1
12136,załamana,1
12137,kolację,1
12138,zjada,1
12139,kajzerki,1
12140,czekoladowe,1
12141,przekonana,1
12142,dieta,1
12143,ograniczyć,1
12144,przekąski,1
12145,zaleca,1
12146,spożywanie,1
12147,pełnoziarnistych,1
12148,błonnika,1
12149,razowe,1
12150,pełnego,1
12151,przemiału,1
12152,ziarna,1
12153,dostarczają,1
12154,witaminy,1
12155,grypy,1
12156,cynku,1
12157,magnezu,1
12158,korzystniejszym,1
12159,wyborem,1
12160,owsiane,1
12161,górskie,1
12162,f,1
12163,pełnoziarniste,1
12164,wspomagają,1
12165,perystaltykę,1
12166,jelit,1
12167,musieli,1
12168,kuratoryjnego,1
12169,kanapka,1
12170,niewiedzą,1
12171,listopadzie,1
12172,wystartowało,1
12173,małopolskich,1
12174,regulaminie,1
12175,czynnikach,1
12176,negatywnie,1
12177,wpływających,1
12178,czynnościach,1
12179,higienicznych,1
12180,mycie,1
12181,zębów,1
12182,dbanie,1
12183,odzieży,1
12184,bielizny,1
12185,talerzem,1
12186,żywienia,1
12187,oznaczenia,1
12188,etykietach,1
12189,spożywczych,1
12190,odżywcza,1
12191,alergeny,1
12192,zaplanować,1
12193,zbilansowany,1
12194,indywidualnymi,1
12195,konsekwencje,1
12196,niewłaściwego,1
12197,odżywiania,1
12198,nadwaga,1
12199,insulinooporność,1
12200,diet,1
12201,uzależnieniach,1
12202,rozpoznawać,1
12203,objawy,1
12204,chorobowe,1
12205,skórne,1
12206,brzucha,1
12207,wymioty,1
12208,krew,1
12209,stolcu,1
12210,cywilizacyjne,1
12211,zakaźne,1
12212,szczepie,1
12213,zinterpretować,1
12214,parametry,1
12215,bmi,1
12216,ciśnienie,1
12217,krwi,1
12218,tętno,1
12219,glukozy,1
12220,regulamin,1
12221,zakwalifikować,1
12222,niecałym,1
12223,procentom,1
12224,piszących,1
12225,wystartowały,1
12226,jakoby,1
12227,zainteresowane,1
12228,tematem,1
12229,atwe,1
12230,przewodniczący,1
12231,przedmiotów,1
12232,przyrodniczych,1
12233,układało,1
12234,konkursowe,1
12235,łatwe,1
12236,sprawić,1
12237,wielokrotnego,1
12238,wyboru,1
12239,zaznaczaniem,1
12240,poprawnej,1
12241,kanapek,1
12242,wyręczają,1
12243,zdaje,1
12244,przekazywaniu,1
12245,zakresu,1
12246,rozsypane,1
12247,przedmiotach,1
12248,przyroda,1
12249,biologia,1
12250,wystarcza,1
12251,potrzebna,1
12252,konkurs,1
12253,promocja,1
12254,obowiązkowego,1
12255,fiaskiem,1
12256,ustąpiło,1
12257,nazwały,1
12258,antyrodzinną,1
12259,permisywną,1
12260,edukacją,1
12261,pozorem,1
12262,protestował,1
12263,zgodzić,1
12264,systemową,1
12265,deprawację,1
12266,pretekstem,1
12267,apelujemy,1
12268,abyście,1
12269,wyrażali,1
12270,demoralizujących,1
12271,polscy,1
12272,biskupi,1
12273,wyznaczanie,1
12274,władysław,1
12275,kosiniakkamysz,1
12276,wykształcenia,1
12277,lekarz,1
12278,ogłosił,1
12279,barbara,1
12280,nowacka,1
12281,pomylił,1
12282,mon,1
12283,zaproponuje,1
12284,lekcja,1
12285,udziałem,1
12286,wiceministry,1
12287,lubnauer,1
12288,edukację,1
12289,zdrowotną,1
12290,karola,1
12291,nawrockiego,1
12292,publicznie,1
12293,wypisał,1
12294,przemycać,1
12295,pałac,1
12296,prezydencki,1
12297,ekspertami,1
12298,miałyby,1
12299,nieobowiązkowe,1
12300,przeciwnych,1
12301,obowiązkowej,1
12302,nieobowiązkowa,1
12303,wypisali,1
12304,siedzieć,1
12305,planuje,1
12306,przeciwnikami,1
12307,rozwiewać,1
12308,narosłe,1
12309,mity,1
12310,wyjaśniać,1
12311,przekonywać,1
12312,solidne,1
12313,obowiązkowe,1
12314,inwestycja,1
12315,metropolita,1
12316,kardynał,1
12317,archiwalne,1
12318,liczy,1
12319,zniechęcać,1
12320,niedzielnych,1
12321,kaza,1
12322,rządach,1
12323,konserwatywnego,1
12324,arcybiskupa,1
12325,marka,1
12326,jędraszewskiego,1
12327,krakowianom,1
12328,dialog,1
12329,szkolnym,1
12330,zadecydować,1
12331,promować,1
12332,wojewódzki,1
12333,przepisami,1
12334,zakwalifikują,1
12335,zdobędą,1
12336,finalisty,1
12337,otrzymują,1
12338,uzyskali,1
12339,otrzymuje,1
12340,świadectwie,1
12341,finalista,1
12342,ponadpodstawowej,1
12343,wagę,1
12344,wyczekiwany,1
12345,wieczoru,1
12346,niezwykłego,1
12347,odkrycia,1
12348,potwornego,1
12349,wiktora,1
12350,premierowego,1
12351,ogrom,1
12352,scenicznych,1
12353,wyjątkowe,1
12354,obejrzało,1
12355,rozdział,1
12356,ogólnopolską,1
12357,scenach,1
12358,wyrusza,1
12359,konfrontować,1
12360,gotycką,1
12361,człowieczestwa,1
12362,sięgnęli,1
12363,pierwotnej,1
12364,mrocznej,1
12365,mary,1
12366,wollstonecraft,1
12367,przybliżenie,1
12368,widzom,1
12369,oryginalnych,1
12370,wątków,1
12371,surowego,1
12372,niepokojącego,1
12373,wrażeniem,1
12374,grozę,1
12375,widowisko,1
12376,potwora,1
12377,j,1
12378,przyboś,1
12379,zasadzie,1
12380,potworze,1
12381,wiktorze,1
12382,naukowcu,1
12383,niezły,1
12384,mętlik,1
12385,odrzuca,1
12386,popkulturowe,1
12387,schematy,1
12388,kieruje,1
12389,odpowiedzialności,1
12390,mrok,1
12391,przeplata,1
12392,pięknem,1
12393,wyrazić,1
12394,produkcja,1
12395,tematycznie,1
12396,wierna,1
12397,charakterystycznemu,1
12398,połączeniu,1
12399,taca,1
12400,akrobatyki,1
12401,przesłania,1
12402,symboli,1
12403,bogactwo,1
12404,nadaje,1
12405,klasycznej,1
12406,głębię,1
12407,dynamiczne,1
12408,rozbudowane,1
12409,choreograficznie,1
12410,przerzucamy,1
12411,ciężkości,1
12412,burleskowego,1
12413,groteskowego,1
12414,mroczny,1
12415,psychologiczny,1
12416,dramatyczny,1
12417,mnoży,1
12418,psychiatry,1
12419,baerum,1
12420,mającej,1
12421,kwadratowych,1
12422,krzesłem,1
12423,muszlą,1
12424,klozetową,1
12425,kontaktem,1
12426,oczekiwaniach,1
12427,dagens,1
12428,naeringsliv,1
12429,zbadał,1
12430,japoski,1
12431,psychiatra,1
12432,yczenie,1
12433,rozumieniem,1
12434,honoru,1
12435,japoczyk,1
12436,pojmie,1
12437,europejczyk,1
12438,psychiatrę,1
12439,fascynacji,1
12440,stawia,1
12441,japonię,1
12442,koreę,1
12443,południową,1
12444,tajwan,1
12445,jednonarodowe,1
12446,odrzucające,1
12447,wolne,1
12448,wpływów,1
12449,krucjacie,1
12450,potrzebny,1
12451,sojusz,1
12452,złudze,1
12453,spełnią,1
12454,zbada,1
12455,dwójka,1
12456,zamachowcowi,1
12457,spekuluje,1
12458,maksymalna,1
12459,wynosi,1
12460,oszczędziłoby,1
12461,spędzić,1
12462,psychiatrycznym,1
12463,mecenas,1
12464,utracił,1
12465,potwierdzić,1
12466,ujawniane,1
12467,rewelacje,1
12468,żąda,1
12469,sztabu,1
12470,abdykacji,1
12471,udzielonym,1
12472,dwojakie,1
12473,cywilne,1
12474,ubranie,1
12475,nierealistyczne,1
12476,oddalone,1
12477,świadczących,1
12478,oświadczyła,1
12479,wywiadowczych,1
12480,zeznać,1
12481,priorytetowa,1
12482,znaleźliśmy,1
12483,istnienie,1
12484,zamieszanych,1
12485,brytyjski,1
12486,wątek,1
12487,tuz,1
12488,powiązaniach,1
12489,ligę,1
12490,anglikami,1
12491,sprawdzane,1
12492,brytyjskie,1
12493,wywiady,1
12494,odrzuciła,1
12495,lekarzy,1
12496,skupiony,1
12497,długi,1
12498,mojego,1
12499,normalne,1
12500,skrzywione,1
12501,ewakuowany,1
12502,bezpaską,1
12503,walizkę,1
12504,autobusu,1
12505,podjechał,1
12506,dziwny,1
12507,wysiadł,1
12508,bagaż,1
12509,saperzy,1
12510,pożarna,1
12511,walizce,1
12512,ładunków,1
12513,przywracany,1
12514,panuje,1
12515,podwyższonej,1
12516,patrolują,1
12517,żołnierze,1
12518,plastikowe,1
12519,samoczyszczące,1
12520,posiadające,1
12521,filtr,1
12522,węglowy,1
12523,neutralizujący,1
12524,przykre,1
12525,zapachy,1
12526,poszczególne,1
12527,zalety,1
12528,wady,1
12529,powinieneś,1
12530,pojawieniem,1
12531,kociego,1
12532,lokatora,1
12533,zatroszczyć,1
12534,wyprawkę,1
12535,niezbędnych,1
12536,elementów,1
12537,zaawansowane,1
12538,podwójnym,1
12539,ułatwiają,1
12540,sprzątanie,1
12541,pupilu,1
12542,dostosować,1
12543,kuwetę,1
12544,narożną,1
12545,kociej,1
12546,sprzątania,1
12547,najtaszy,1
12548,podstawowy,1
12549,zwierzęcej,1
12550,zoologicznych,1
12551,wadą,1
12552,rozprzestrzenia,1
12553,pomieszczeniach,1
12554,wysypuje,1
12555,zalegając,1
12556,maty,1
12557,roznoszony,1
12558,pomieszczeniu,1
12559,zakryta,1
12560,ścianki,1
12561,boczne,1
12562,zadaszenie,1
12563,prostokąta,1
12564,drzwiczkami,1
12565,odgradzają,1
12566,zawartość,1
12567,korzystają,1
12568,zakryte,1
12569,zamykające,1
12570,wejściu,1
12571,nazwisk,1
12572,mury,1
12573,przewinęli,1
12574,baronowie,1
12575,narkotykowi,1
12576,dołącza,1
12577,spektakularne,1
12578,pojmanie,1
12579,odbiło,1
12580,niespodziewanie,1
12581,skierowało,1
12582,caracas,1
12583,minioną,1
12584,dyktator,1
12585,ekspresowym,1
12586,przetransportowany,1
12587,nowojorskim,1
12588,poważnych,1
12589,przestępstw,1
12590,trzask,1
12591,zamykanych,1
12592,trafiały,1
12593,zwykłym,1
12594,więzieniem,1
12595,areszt,1
12596,oczekujące,1
12597,przeniesienie,1
12598,federalnych,1
12599,areną,1
12600,dłuższego,1
12601,krótszego,1
12602,oskarżonych,1
12603,skazanych,1
12604,sean,1
12605,diddy,1
12606,śledczym,1
12607,raper,1
12608,uniewinniony,1
12609,winnego,1
12610,przemytu,1
12611,prostytutek,1
12612,granice,1
12613,pastwowe,1
12614,spędzonego,1
12615,odbycia,1
12616,karnym,1
12617,spędzony,1
12618,symboliczny,1
12619,brytyjka,1
12620,ghislaine,1
12621,maxwell,1
12622,otoczeniu,1
12623,zmarłego,1
12624,przestępcy,1
12625,jeffreya,1
12626,spędziła,1
12627,skazana,1
12628,powiązaniami,1
12629,organizacją,1
12630,zajmującą,1
12631,wykorzystywaniem,1
12632,przeniesiona,1
12633,federalnego,1
12634,meksykaski,1
12635,głośnego,1
12636,kartelu,1
12637,sinaloa,1
12638,plus,1
12639,najsurowszych,1
12640,barona,1
12641,narkotykowego,1
12642,zaskoczony,1
12643,powstrzymała,1
12644,pogrążona,1
12645,wyciszył,1
12646,spory,1
12647,tonie,1
12648,kwiatach,1
12649,marsze,1
12650,współrządząca,1
12651,upamiętnienie,1
12652,zagospodarowanie,1
12653,zaoferował,1
12654,milioner,1
12655,stordalen,1
12656,późno,1
12657,zignorowały,1
12658,podejrzane,1
12659,zwiera,1
12660,szeregi,1
12661,spisała,1
12662,fantastycznie,1
12663,storberget,1
12664,przywrócić,1
12665,porządek,1
12666,samopoczuciem,1
12667,kontrastuje,1
12668,przekonany,1
12669,zapowiadając,1
12670,podda,1
12671,testom,1
12672,psychologicznym,1
12673,potrwa,1
12674,silnym,1
12675,spekulują,1
12676,aftenposten,1
12677,christiana,1
12678,hatlo,1
12679,przewidującego,1
12680,mówiło,1
12681,debata,1
12682,przeciwdziałaniu,1
12683,ekstremistom,1
12684,utrudnieniu,1
12685,dostępności,1
12686,pracujący,1
12687,onz,1
12688,leiv,1
12689,k,1
12690,zdecydować,1
12691,wzmocnienie,1
12692,kupujących,1
12693,sprzedających,1
12694,nawozy,1
12695,sztuczne,1
12696,podejrzewa,1
12697,zbudowanie,1
12698,kilkakrotnie,1
12699,silniejszej,1
12700,prezydencji,1
12701,radzie,1
12702,zbierają,1
12703,usprawnić,1
12704,wymianę,1
12705,pastwami,1
12706,europolu,1
12707,przygotują,1
12708,dokładny,1
12709,wszczęło,1
12710,wątku,1
12711,zeszłym,1
12712,chemicznym,1
12713,keten,1
12714,azotynu,1
12715,sodu,1
12716,holenderskiej,1
12717,nadużywana,1
12718,psychopatę,1
12719,policzkiem,1
12720,światowego,1
12721,antyislamskiego,1
12722,potępiając,1
12723,współczesny,1
12724,hitlera,1
12725,cofnie,1
12726,przywróci,1
12727,wspaniałym,1
12728,aldous,1
12729,huxley,1
12730,przenikną,1
12731,czytasz,1
12732,przeszywają,1
12733,przeszyły,1
12734,dotkliwiej,1
12735,ciarki,1
12736,nazywający,1
12737,rycerzem,1
12738,sędzią,1
12739,hitler,1
12740,stalin,1
12741,mao,1
12742,wcielać,1
12743,powstałyby,1
12744,obozy,1
12745,koncentracyjne,1
12746,komory,1
12747,lewicowców,1
12748,wywózki,1
12749,reedukację,1
12750,noszący,1
12751,świetną,1
12752,angielszczyzną,1
12753,traktatem,1
12754,filozoficznym,1
12755,przewodnika,1
12756,instrukcji,1
12757,zbudowany,1
12758,porównywać,1
12759,hitlerem,1
12760,straszyć,1
12761,fhrerem,1
12762,sięgnąć,1
12763,kuriozum,1
12764,straszliwy,1
12765,ideologicznie,1
12766,przerazić,1
12767,katechizm,1
12768,podwójnej,1
12769,współobywatelach,1
12770,ludziach,1
12771,poprawności,1
12772,stawianej,1
12773,zbrodniczymi,1
12774,ideologiami,1
12775,totalitaryzmami,1
12776,pojawią,1
12777,zabronić,1
12778,czytania,1
12779,technicznie,1
12780,niewykonalne,1
12781,milionach,1
12782,twardych,1
12783,dysków,1
12784,przynieść,1
12785,odwrotny,1
12786,czynienie,1
12787,owocu,1
12788,zakazanego,1
12789,mogłoby,1
12790,skutkach,1
12791,swoiste,1
12792,memento,1
12793,politologów,1
12794,obnażając,1
12795,przestrzegać,1
12796,szukaniem,1
12797,recept,1
12798,garściami,1
12799,holenderska,1
12800,szwedzcy,1
12801,demokraci,1
12802,odcinają,1
12803,terrorystą,1
12804,krucjatę,1
12805,muzułmanom,1
12806,sądowa,1
12807,obrażania,1
12808,zainspirować,1
12809,lider,1
12810,populistów,1
12811,jimmie,1
12812,akesson,1
12813,straszył,1
12814,burkach,1
12815,mającymi,1
12816,zasiłki,1
12817,dystansować,1
12818,emerytów,1
12819,szwedzki,1
12820,patriota,1
12821,narodowców,1
12822,zakwefionymi,1
12823,darmozjadami,1
12824,węgierskiego,1
12825,jobbiku,1
12826,wysadzić,1
12827,cygaskim,1
12828,getcie,1
12829,węgrzech,1
12830,umysł,1
12831,wybiegał,1
12832,opłotki,1
12833,dobrobytu,1
12834,zrobiły,1
12835,dyskurs,1
12836,antymuzułmaski,1
12837,antyimigrancki,1
12838,samotną,1
12839,blef,1
12840,chora,1
12841,grafomana,1
12842,columbine,1
12843,naśladowane,1
12844,gwarancji,1
12845,naśladowca,1
12846,rozbroić,1
12847,ideologiczną,1
12848,skazanie,1
12849,zamknie,1
12850,europejscy,1
12851,publicyści,1
12852,społeczestw,1
12853,wyznających,1
12854,boga,1
12855,próbujących,1
12856,skoordynowane,1
12857,eksplodują,1
12858,metodycznie,1
12859,sympatyzującym,1
12860,przeszukiwali,1
12861,znajdowali,1
12862,pochowanych,1
12863,przerażonych,1
12864,raniona,1
12865,dobita,1
12866,ostrzegają,1
12867,poszukiwania,1
12868,wzrosnąć,1
12869,pochowały,1
12870,niewielkiej,1
12871,kryjówek,1
12872,brygada,1
12873,antyterrorystyczna,1
12874,niezdetonowane,1
12875,zabici,1
12876,zdecydowana,1
12877,odwiedzić,1
12878,zaskoczył,1
12879,biegliśmy,1
12880,usłyszeniu,1
12881,zobaczyliśmy,1
12882,tonem,1
12883,podały,1
12884,tożsamość,1
12885,trzydziestokilkuletni,1
12886,rdzenny,1
12887,wart,1
12888,wierzących,1
12889,robienie,1
12890,zablokowanej,1
12891,myślistwa,1
12892,masonerią,1
12893,mieszaniu,1
12894,ras,1
12895,wyzna,1
12896,nieoficjalnych,1
12897,widziano,1
12898,dowody,1
12899,czytaj,1
12900,podsumowano,1
12901,kancelarią,1
12902,zniszczony,1
12903,rządowy,1
12904,sąsiednich,1
12905,londyskie,1
12906,metro,1
12907,eksplozja,1
12908,nastąpiła,1
12909,kompleksie,1
12910,siedziba,1
12911,zniszczył,1
12912,front,1
12913,ulicę,1
12914,zasypały,1
12915,tony,1
12916,gruzu,1
12917,odpadków,1
12918,zabiła,1
12919,raniła,1
12920,niepełnych,1
12921,trafionych,1
12922,pogotowia,1
12923,przechodnie,1
12924,pomagali,1
12925,rannym,1
12926,pokaleczona,1
12927,szkła,1
12928,podejrzaną,1
12929,paczkę,1
12930,zaleciły,1
12931,wszelki,1
12932,wypadek,1
12933,ewakuowano,1
12934,parlament,1
12935,punktach,1
12936,patrole,1
12937,maszynową,1
12938,de,1
12939,facto,1
12940,wyjątkowy,1
12941,wyjeżdża,1
12942,wakacje,1
12943,puste,1
12944,urzędów,1
12945,zdążyło,1
12946,przeciążone,1
12947,działały,1
12948,udostępnienie,1
12949,bezprzewodowych,1
12950,uwięzionych,1
12951,poważna,1
12952,dziennikarzami,1
12953,ucierpiał,1
12954,uspokajał,1
12955,leżącej,1
12956,rozgrywał,1
12957,policyjny,1
12958,biorących,1
12959,zapanował,1
12960,totalny,1
12961,chaos,1
12962,skakali,1
12963,dopłynąć,1
12964,napastnikiem,1
12965,wysyłali,1
12966,prośby,1
12967,donosiły,1
12968,policyjnej,1
12969,brygadzie,1
12970,antyterrorystycznej,1
12971,leciała,1
12972,helikopterami,1
12973,apelowała,1
12974,krewnych,1
12975,narazić,1
12976,zapanowała,1
12977,sytuacją,1
12978,przemawiać,1
12979,zwołał,1
12980,kryzysowe,1
12981,posiedzenie,1
12982,snuć,1
12983,przypuszcze,1
12984,trop,1
12985,celowniku,1
12986,wysłało,1
12987,afganistanu,1
12988,lotnictwo,1
12989,nalotach,1
12990,libię,1
12991,podane,1
12992,osobie,1
12993,przeczą,1
12994,hipotezie,1
12995,rdzennym,1
12996,określany,1
12997,nacjonalista,1
12998,jarmark,1
12999,ustawiono,1
13000,rzecznik,1
13001,prasowy,1
13002,koordynatora,1
13003,dobrzyski,1
13004,studenta,1
13005,katolickiego,1
13006,lubelskiego,1
13007,mateusza,1
13008,użyciem,1
13009,przekazanych,1
13010,pozyskiwał,1
13011,samodzielnego,1
13012,konstruowania,1
13013,przeprowadzenie,1
13014,zastraszenie,1
13015,rozważał,1
13016,wstąpienie,1
13017,uzyskać,1
13018,islamskiego,1
13019,przeszukania,1
13020,zabezpieczyli,1
13021,nośniki,1
13022,przedmioty,1
13023,tymczasowo,1
13024,kontekście,1
13025,zwracają,1
13026,małego,1
13027,ustawione,1
13028,zabezpieczać,1
13029,jarmarki,1
13030,informowało,1
13031,pojazdów,1
13032,masowych,1
13033,pozostawiając,1
13034,przejazdy,1
13035,przedsiębiorców,1
13036,dorożek,1
13037,urzędnicy,1
13038,plenerowych,1
13039,koczy,1
13040,epoka,1
13041,skoki,1
13042,zawodów,1
13043,sportowiec,1
13044,zębu,1
13045,najbliższy,1
13046,zobaczymy,1
13047,stoch,1
13048,najwybitniejszych,1
13049,narciarskich,1
13050,radości,1
13051,kibicom,1
13052,chluby,1
13053,zakopanemu,1
13054,legendarnej,1
13055,giewontem,1
13056,soczi,1
13057,pjongczang,1
13058,mistrzostw,1
13059,drużynowe,1
13060,kryształowe,1
13061,zwycięstwa,1
13062,zwycięstw,1
13063,pucharze,1
13064,długości,1
13065,skoku,1
13066,planica,1
13067,skoczek,1
13068,narciarski,1
13069,profesjonalista,1
13070,fachu,1
13071,życzliwy,1
13072,zakopane,1
13073,zawdzięcza,1
13074,stochu,1
13075,tatrami,1
13076,talencie,1
13077,wyjątkowej,1
13078,tatrzaskiego,1
13079,początki,1
13080,mocnej,1
13081,generacji,1
13082,czasy,1
13083,trenerzy,1
13084,zawodnikiem,1
13085,fenomenalnym,1
13086,narciarstwa,1
13087,powtórzy,1
13088,sprowadza,1
13089,liczb,1
13090,medali,1
13091,szanuję,1
13092,całokształt,1
13093,skromność,1
13094,nikomu,1
13095,cecha,1
13096,opowiadała,1
13097,sześcioletnia,1
13098,uratowana,1
13099,inspiruje,1
13100,przypominamy,1
13101,rozgrywały,1
13102,reportaż,1
13103,grochowskiej,1
13104,ukazał,1
13105,papierowym,1
13106,łapania,1
13107,zagubionych,1
13108,kozłów,1
13109,zapłaczą,1
13110,czysto,1
13111,owco,1
13112,wrócę,1
13113,pisane,1
13114,aresztowaniu,1
13115,żerdzi,1
13116,ręka,1
13117,brat,1
13118,donosiła,1
13119,matce,1
13120,nóg,1
13121,bawiła,1
13122,śliczna,1
13123,samochodów,1
13124,zatrzymało,1
13125,opuszczonym,1
13126,jakubowskie,1
13127,białostocczyźnie,1
13128,zatrzymano,1
13129,niezapłacenie,1
13130,liczna,1
13131,świerzbie,1
13132,kraść,1
13133,guru,1
13134,dwuletnia,1
13135,owocem,1
13136,radkiem,1
13137,błogosławił,1
13138,chałupy,1
13139,trojgiem,1
13140,kapliczki,1
13141,boską,1
13142,inkrustowaną,1
13143,szkiełkami,1
13144,martwy,1
13145,właścicielka,1
13146,kępę,1
13147,kryją,1
13148,droga,1
13149,wiedzie,1
13150,przeniósł,1
13151,bociek,1
13152,oknach,1
13153,firanki,1
13154,oborze,1
13155,krowy,1
13156,przyjeżdża,1
13157,nakarmić,1
13158,inwentarz,1
13159,studni,1
13160,mętna,1
13161,pozwolił,1
13162,stare,1
13163,naczynia,1
13164,zdjął,1
13165,napomknął,1
13166,słomie,1
13167,sienników,1
13168,rozchylił,1
13169,worki,1
13170,dam,1
13171,zaproponował,1
13172,zanieść,1
13173,płotem,1
13174,uprzejmie,1
13175,podziękowali,1
13176,zazdrosny,1
13177,uszyła,1
13178,kołder,1
13179,praktycznej,1
13180,przeciętny,1
13181,luksusów,1
13182,awantur,1
13183,dzielnicowym,1
13184,najstarszy,1
13185,zdolny,1
13186,jasełkach,1
13187,kosmosem,1
13188,ogólniaku,1
13189,małgosię,1
13190,długie,1
13191,cerę,1
13192,lalka,1
13193,wpadał,1
13194,okręcał,1
13195,pulchną,1
13196,gładką,1
13197,pizzę,1
13198,kochana,1
13199,żartował,1
13200,dyplom,1
13201,niepotrzebny,1
13202,biologię,1
13203,magisterium,1
13204,marynarce,1
13205,poważny,1
13206,kobieca,1
13207,lokiem,1
13208,przerzuconym,1
13209,druhna,1
13210,czerwoną,1
13211,odeszli,1
13212,najmłodsza,1
13213,córka,1
13214,drobna,1
13215,zawodówki,1
13216,malowała,1
13217,porcelanę,1
13218,wysyłała,1
13219,henryka,1
13220,poznała,1
13221,dyskotece,1
13222,pobrali,1
13223,zniszczyła,1
13224,zazdrosnyjak,1
13225,obrazków,1
13226,pracownik,1
13227,płażyskiego,1
13228,gdask,1
13229,intelektualnej,1
13230,sajnóg,1
13231,wspólnej,1
13232,kacprem,1
13233,płażyskim,1
13234,zachowała,1
13235,opuszczoną,1
13236,spojrzenie,1
13237,bałam,1
13238,oczu,1
13239,altanie,1
13240,najstarsza,1
13241,mechanik,1
13242,odwiedzała,1
13243,porodem,1
13244,pojechaliśmy,1
13245,wygrzewa,1
13246,zdjęła,1
13247,ściany,1
13248,wyprowadziła,1
13249,córki,1
13250,zapukali,1
13251,wy,1
13252,bandyci,1
13253,rumuni,1
13254,armecy,1
13255,dobrzy,1
13256,dworcu,1
13257,podeszłam,1
13258,sercowo,1
13259,mąci,1
13260,irytacja,1
13261,wygania,1
13262,umówili,1
13263,komornego,1
13264,klucz,1
13265,babcinego,1
13266,obejścia,1
13267,lokatorzy,1
13268,uporządkowali,1
13269,postawili,1
13270,ubikację,1
13271,obudowali,1
13272,wysypisko,1
13273,wykopali,1
13274,dołek,1
13275,obierki,1
13276,podłogi,1
13277,chałupie,1
13278,fajerki,1
13279,lśniły,1
13280,czystością,1
13281,naliczył,1
13282,dziewięcioro,1
13283,bożym,1
13284,narodzeniem,1
13285,przypomniała,1
13286,obrazie,1
13287,świąt,1
13288,obrazów,1
13289,pomyślałem,1
13290,diagnoza,1
13291,gościłam,1
13292,przyjeżdżał,1
13293,operację,1
13294,woreczek,1
13295,raka,1
13296,nakładał,1
13297,aury,1
13298,trzymał,1
13299,małgosią,1
13300,przyjaciółmi,1
13301,sąsiadami,1
13302,mieszkacami,1
13303,przedpokój,1
13304,przewinęły,1
13305,diagnozą,1
13306,żałowali,1
13307,uzdrowiciela,1
13308,prać,1
13309,mózgi,1
13310,lubartowem,1
13311,zdziwiła,1
13312,synowa,1
13313,rolnictwie,1
13314,sektach,1
13315,padło,1
13316,zawiozłam,1
13317,mieszkali,1
13318,leczyć,1
13319,obracał,1
13320,wielkimi,1
13321,pierzchające,1
13322,sionki,1
13323,szorty,1
13324,gumowce,1
13325,błyskają,1
13326,gołe,1
13327,kolana,1
13328,zdziwiona,1
13329,uśmiecha,1
13330,fachowa,1
13331,sekretarka,1
13332,samymi,1
13333,wargami,1
13334,blond,1
13335,pozostał,1
13336,chudy,1
13337,pędzelek,1
13338,mianował,1
13339,wyprana,1
13340,kobiecości,1
13341,kostka,1
13342,szarego,1
13343,mydła,1
13344,wolniutko,1
13345,drzwiami,1
13346,sie,1
13347,opał,1
13348,lasach,1
13349,izby,1
13350,kuchnia,1
13351,chłopską,1
13352,ławą,1
13353,wiklinowych,1
13354,koszykach,1
13355,kredki,1
13356,drewniane,1
13357,klocki,1
13358,rogu,1
13359,posłania,1
13360,foliowy,1
13361,wypchany,1
13362,słomą,1
13363,sianem,1
13364,śpiwór,1
13365,koce,1
13366,gdzieniegdzie,1
13367,poszwa,1
13368,pościel,1
13369,zwinięta,1
13370,wiszą,1
13371,tapety,1
13372,wieszaki,1
13373,korzeni,1
13374,letnich,1
13375,szmatkach,1
13376,męskich,1
13377,tenisówkach,1
13378,przymocowanych,1
13379,gumką,1
13380,kostki,1
13381,reportażu,1
13382,telewizyjnym,1
13383,skórzanych,1
13384,kamizelkach,1
13385,noszą,1
13386,palą,1
13387,rodzących,1
13388,otoczyli,1
13389,kręgiem,1
13390,bolało,1
13391,przyszła,1
13392,silna,1
13393,zdrowa,1
13394,kolacje,1
13395,jadali,1
13396,czytali,1
13397,dzielili,1
13398,chlebem,1
13399,popijali,1
13400,marki,1
13401,apostolskie,1
13402,patrzył,1
13403,czytać,1
13404,myślach,1
13405,spuchłem,1
13406,zęba,1
13407,kredensie,1
13408,chłopcy,1
13409,masują,1
13410,olejkami,1
13411,kuria,1
13412,przesłuchała,1
13413,założyciela,1
13414,wrócili,1
13415,dawniej,1
13416,kacmajorem,1
13417,patrzą,1
13418,pościągajcie,1
13419,bohomazy,1
13420,rozmawiali,1
13421,półsłówkami,1
13422,lubi,1
13423,rozwiązywać,1
13424,krzyżówki,1
13425,wyrzucić,1
13426,wyłącza,1
13427,telewizor,1
13428,zdenerwował,1
13429,wyrzuciła,1
13430,dezodoranty,1
13431,pójść,1
13432,basen,1
13433,jechać,1
13434,wycieczkę,1
13435,czech,1
13436,kupowała,1
13437,luizie,1
13438,zabawek,1
13439,śmierdzą,1
13440,schowała,1
13441,wersalki,1
13442,podzieliła,1
13443,opłatkiem,1
13444,milczała,1
13445,wyjeżdżał,1
13446,ciąży,1
13447,pakuje,1
13448,poszwę,1
13449,zadzwonił,1
13450,złapałam,1
13451,zostaw,1
13452,pojechali,1
13453,wyrodną,1
13454,chodź,1
13455,zostawiali,1
13456,szli,1
13457,wyplucie,1
13458,duszy,1
13459,widzisz,1
13460,kłamstwo,1
13461,bałagan,1
13462,niewieloma,1
13463,więty,1
13464,nawiedził,1
13465,panu,1
13466,bogu,1
13467,niepozorni,1
13468,bokiem,1
13469,otwarło,1
13470,chałupa,1
13471,drzew,1
13472,zauważono,1
13473,warsztatu,1
13474,samochodowego,1
13475,tynkować,1
13476,malować,1
13477,sklepowa,1
13478,sprzedawała,1
13479,mężczyznom,1
13480,marchew,1
13481,szare,1
13482,mydło,1
13483,proszek,1
13484,urzędniczka,1
13485,gminie,1
13486,dokumenty,1
13487,zameldowania,1
13488,radiu,1
13489,odwiedziła,1
13490,wylegitymowali,1
13491,świeżutkimi,1
13492,dowodami,1
13493,komendant,1
13494,wołkowycki,1
13495,wójta,1
13496,juliana,1
13497,barana,1
13498,niebem,1
13499,ujawnić,1
13500,luty,1
13501,starali,1
13502,werbunek,1
13503,przynętę,1
13504,spodziewała,1
13505,zapraszali,1
13506,lazurowej,1
13507,starej,1
13508,najdroższe,1
13509,restauracje,1
13510,odmówiłem,1
13511,wyjazdu,1
13512,krzyknął,1
13513,listonosz,1
13514,pastelowy,1
13515,wschód,1
13516,tekstem,1
13517,odwrocie,1
13518,mężu,1
13519,żebyś,1
13520,pognał,1
13521,maluchem,1
13522,przyjechałem,1
13523,wstaję,1
13524,agitowali,1
13525,zostaję,1
13526,pojadę,1
13527,ciuchy,1
13528,oddali,1
13529,uciekłem,1
13530,przypominającą,1
13531,terlikowskiemu,1
13532,kościelnym,1
13533,terlikowski,1
13534,osiłków,1
13535,pomieścić,1
13536,polonez,1
13537,butelki,1
13538,wódki,1
13539,zbroili,1
13540,drzazgi,1
13541,ukryły,1
13542,strychu,1
13543,osłoną,1
13544,sztachet,1
13545,dotarli,1
13546,pielęgniarka,1
13547,środowiskowa,1
13548,jadwiga,1
13549,jabłuszewska,1
13550,poinformować,1
13551,zatrzymana,1
13552,policjant,1
13553,ubiegłej,1
13554,teściów,1
13555,roztrzaskał,1
13556,usiadł,1
13557,szosie,1
13558,kolonii,1
13559,wymordowano,1
13560,milczą,1
13561,zabito,1
13562,niewinnego,1
13563,odtąd,1
13564,wsią,1
13565,zawisła,1
13566,heniek,1
13567,przywiózł,1
13568,bosą,1
13569,ode,1
13570,rajstop,1
13571,odejdź,1
13572,kobieto,1
13573,palić,1
13574,papierosa,1
13575,papierosem,1
13576,przestała,1
13577,spać,1
13578,nocą,1
13579,wychodziła,1
13580,balkon,1
13581,baliśmy,1
13582,heka,1
13583,dajcie,1
13584,spokój,1
13585,pozwoliliśmy,1
13586,karmiła,1
13587,piersią,1
13588,sierpie,1
13589,targu,1
13590,przedpokoju,1
13591,uspokaja,1
13592,malują,1
13593,sprzedają,1
13594,zostanę,1
13595,odstępowałam,1
13596,krok,1
13597,małej,1
13598,kawiarni,1
13599,normalna,1
13600,pytało,1
13601,mamusią,1
13602,uśpiła,1
13603,czujność,1
13604,spożywczego,1
13605,wózka,1
13606,zastrzyków,1
13607,chrystusa,1
13608,tabletki,1
13609,zastrzyki,1
13610,urządzeniami,1
13611,prześwietlania,1
13612,połykać,1
13613,ohydne,1
13614,leczyła,1
13615,leczy,1
13616,nałożyć,1
13617,samotność,1
13618,byciu,1
13619,świętym,1
13620,koniak,1
13621,zamienił,1
13622,wino,1
13623,móc,1
13624,pomagać,1
13625,wasze,1
13626,dusze,1
13627,miałem,1
13628,kostkowski,1
13629,odrastać,1
13630,goświnowic,1
13631,sprowadziła,1
13632,sprzedano,1
13633,pochłonęło,1
13634,zmartwychwstać,1
13635,bezpłodne,1
13636,rodzić,1
13637,oliwne,1
13638,odrastały,1
13639,leżała,1
13640,martwa,1
13641,rodziły,1
13642,aresztowała,1
13643,żerdek,1
13644,olchowych,1
13645,skierowano,1
13646,psychiatryczną,1
13647,badałem,1
13648,kolejno,1
13649,stwierdziłem,1
13650,zaburzoną,1
13651,osobowość,1
13652,charakteryzuje,1
13653,wybujała,1
13654,żądza,1
13655,doskonałym,1
13656,manipulatorem,1
13657,oddziale,1
13658,zbór,1
13659,liczył,1
13660,agitował,1
13661,chorzy,1
13662,śmiali,1
13663,wyparł,1
13664,pytali,1
13665,posyłacie,1
13666,chodzić,1
13667,jezus,1
13668,najinteligentniejszym,1
13669,człowiekiem,1
13670,testach,1
13671,plasował,1
13672,hermetyczny,1
13673,wierzący,1
13674,głoszone,1
13675,struktura,1
13676,apostołowie,1
13677,ścisłe,1
13678,podnóżki,1
13679,psalmach,1
13680,dawidowych,1
13681,księdze,1
13682,izajasza,1
13683,wyjątkach,1
13684,starego,1
13685,testamentu,1
13686,ateistą,1
13687,lublina,1
13688,puławy,1
13689,radom,1
13690,kielce,1
13691,pekaesem,1
13692,taksówką,1
13693,pieszo,1
13694,wygnać,1
13695,babę,1
13696,wrzeszczał,1
13697,przepędzał,1
13698,rynsztoka,1
13699,przyjeżdżała,1
13700,chustce,1
13701,kijem,1
13702,krów,1
13703,kryła,1
13704,lesie,1
13705,okrążała,1
13706,zauważyła,1
13707,podwórku,1
13708,wózek,1
13709,wykręcili,1
13710,ogrodzenie,1
13711,zielonym,1
13712,notesie,1
13713,zapisywać,1
13714,sny,1
13715,dotkniętych,1
13716,wstąpiła,1
13717,zrzeszającego,1
13718,uratuje,1
13719,wnuczki,1
13720,nysie,1
13721,ograniczył,1
13722,rodzicielską,1
13723,nakazał,1
13724,komornik,1
13725,wyegzekwować,1
13726,postanowienia,1
13727,żerdzie,1
13728,olchowe,1
13729,pluton,1
13730,operacyjny,1
13731,razdwa,1
13732,hełmach,1
13733,tarczami,1
13734,pałkami,1
13735,szpalerem,1
13736,drewna,1
13737,religijna,1
13738,podawali,1
13739,agalliasis,1
13740,podporządkowała,1
13741,kurii,1
13742,bajana,1
13743,pisała,1
13744,senator,1
13745,marii,1
13746,opatkowej,1
13747,ryszarda,1
13748,autora,1
13749,interpelacji,1
13750,niepowodzeniem,1
13751,podinspektor,1
13752,czerwiski,1
13753,komendy,1
13754,rejonowej,1
13755,uzasadnione,1
13756,wyznawcy,1
13757,współżyją,1
13758,seksualnie,1
13759,wąskim,1
13760,gronie,1
13761,znalezienia,1
13762,ograniczone,1
13763,leczył,1
13764,kolano,1
13765,marianowi,1
13766,technikowi,1
13767,budowlanemu,1
13768,szóstej,1
13769,stryj,1
13770,radka,1
13771,krępował,1
13772,ożenkiem,1
13773,doniesieniu,1
13774,krajowej,1
13775,zwróciła,1
13776,adopcji,1
13777,dwojga,1
13778,adopcję,1
13779,załatwiali,1
13780,miesiąca,1
13781,dobrem,1
13782,kierowała,1
13783,adopcyjna,1
13784,oddając,1
13785,opętanym,1
13786,uwięzionymi,1
13787,psychika,1
13788,opieszałości,1
13789,zbrodniczej,1
13790,leszek,1
13791,miller,1
13792,urm,1
13793,małoletnich,1
13794,czasowo,1
13795,przetrzymywanych,1
13796,ośrodkach,1
13797,opiekucze,1
13798,opiekuczy,1
13799,obowiązany,1
13800,usuwać,1
13801,przeszkody,1
13802,natrafiają,1
13803,sprawowaniu,1
13804,dostrzega,1
13805,potrzebę,1
13806,eliminacji,1
13807,luk,1
13808,niedostatków,1
13809,gwarancjach,1
13810,sumienia,1
13811,dotyczącej,1
13812,rejestracyjnej,1
13813,tworzonych,1
13814,wyznaniowych,1
13815,poselski,1
13816,czytaniu,1
13817,ryszard,1
13818,nowak,1
13819,sektom,1
13820,utracony,1
13821,odcedzała,1
13822,pierogi,1
13823,spojrzała,1
13824,zgłosiła,1
13825,zięciem,1
13826,komendę,1
13827,zabierać,1
13828,ubiegać,1
13829,najmłodszą,1
13830,tajemniczym,1
13831,poznaniem,1
13832,nelson,1
13833,niepokojące,1
13834,praktyki,1
13835,martę,1
13836,wystąpiła,1
13837,opiekę,1
13838,zastępcza,1
13839,reagowały,1
13840,nazywały,1
13841,bochenek,1
13842,chleba,1
13843,płakały,1
13844,pytały,1
13845,zaproponowała,1
13846,kąpieli,1
13847,doleję,1
13848,ciepłej,1
13849,kąpałyśmy,1
13850,zasiadła,1
13851,obiadu,1
13852,cegłach,1
13853,jedliśmy,1
13854,sprawnie,1
13855,obrała,1
13856,nożem,1
13857,kiwi,1
13858,skrobałam,1
13859,ziemniaki,1
13860,pochwaliła,1
13861,sześcioletniej,1
13862,osobne,1
13863,słuchają,1
13864,pokorze,1
13865,zarzut,1
13866,przetrzymywania,1
13867,postanowieniu,1
13868,toku,1
13869,zawieziono,1
13870,hajnówce,1
13871,zapłacił,1
13872,łososia,1
13873,musiały,1
13874,zakupy,1
13875,orientowały,1
13876,cenach,1
13877,sprzedawczyni,1
13878,zapłaciła,1
13879,zaległe,1
13880,odsiedział,1
13881,kolegium,1
13882,niebian,1
13883,obowiązków,1
13884,meldunkowych,1
13885,stworzył,1
13886,wrocławskiej,1
13887,skłaniać,1
13888,oblatów,1
13889,umiłowany,1
13890,umiłowana,1
13891,wpłynęła,1
13892,synowie,1
13893,małgorzaty,1
13894,podlegać,1
13895,obowiązkowi,1
13896,szkolnemu,1
13897,zerówki,1
13898,chodzili,1
13899,zapukał,1
13900,kazałem,1
13901,obiecali,1
13902,winne,1
13903,czynsz,1
13904,ps,1
13905,wynajęła,1
13906,niebu,1
13907,zmienione,1
13908,opisanymi,1
13909,sebastiana,1
13910,kellera,1
13911,serwisie,1
13912,odcinki,1
13913,dyskusją,1
13914,wymysł,1
13915,zachcianka,1
13916,skomentował,1
13917,niszczenie,1
13918,oznacze,1
13919,zapowiedzi,1
13920,sobotnich,1
13921,protestów,1
13922,słyszeliśmy,1
13923,spotkają,1
13924,policzą,1
13925,zorganizowały,1
13926,konferencję,1
13927,prasową,1
13928,podsumowującą,1
13929,wyłączeniem,1
13930,huty,1
13931,swoszowic,1
13932,wjeżdżać,1
13933,spełniające,1
13934,kryteria,1
13935,pojazdu,1
13936,kategoria,1
13937,zanieczyszcze,1
13938,emitować,1
13939,cennik,1
13940,podaliśmy,1
13941,sprzeciwia,1
13942,zasadom,1
13943,usuwania,1
13944,informujących,1
13945,wjeździe,1
13946,czyste,1
13947,krakw,1
13948,urzd,1
13949,powody,1
13950,stc,1
13951,tlenków,1
13952,azotu,1
13953,stężenia,1
13954,ciągle,1
13955,przekraczane,1
13956,obawa,1
13957,zechcieliby,1
13958,protestowali,1
13959,przeciwników,1
13960,sprawdziło,1
13961,samochody,1
13962,wykupiło,1
13963,abonamenty,1
13964,komplement,1
13965,akcje,1
13966,zabarwione,1
13967,wandalizmem,1
13968,niszczącym,1
13969,uświadomić,1
13970,naprawy,1
13971,pochodzą,1
13972,zakopianka,1
13973,tablica,1
13974,informująca,1
13975,wyda,1
13976,elektromobilności,1
13977,przeznaczone,1
13978,oznakowania,1
13979,autobusów,1
13980,zeroemisyjnych,1
13981,tramwajów,1
13982,zbiorowego,1
13983,finansowanie,1
13984,programów,1
13985,rowerów,1
13986,adna,1
13987,złotówka,1
13988,łata,1
13989,dziury,1
13990,budżecie,1
13991,zaprzeczamy,1
13992,zmienią,1
13993,zameldowanych,1
13994,płacących,1
13995,podatki,1
13996,wyłączeni,1
13997,płacenie,1
13998,dołożyliśmy,1
13999,zameldowanie,1
14000,apelowały,1
14001,ościenne,1
14002,obawiali,1
14003,mieszkają,1
14004,krakowem,1
14005,przenosić,1
14006,rozliczenia,1
14007,podatkowe,1
14008,obaj,1
14009,zastępcy,1
14010,zadowoleni,1
14011,tygodnia,1
14012,dziękują,1
14013,wypisano,1
14014,zdementowały,1
14015,fakenews,1
14016,dotyczący,1
14017,strażników,1
14018,skontrolowała,1
14019,odnotowała,1
14020,ukarała,1
14021,mandatem,1
14022,zapewnialiśmy,1
14023,pouczają,1
14024,notorycznego,1
14025,łamania,1
14026,ukarana,1
14027,deklarowała,1
14028,wojtacha,1
14029,podsumowało,1
14030,techniczne,1
14031,aktualnie,1
14032,kamer,1
14033,kontrolujących,1
14034,zamontowanych,1
14035,docelowo,1
14036,oznakowano,1
14037,wjazdów,1
14038,postawiono,1
14039,strefomatów,1
14040,skradziono,1
14041,zniszczono,1
14042,lokalizacjach,1
14043,tablicę,1
14044,rowie,1
14045,pomalowana,1
14046,sprayem,1
14047,skradzione,1
14048,zakupowej,1
14049,pyclik,1
14050,kosztuje,1
14051,analizuje,1
14052,miejskiego,1
14053,wandalizmu,1
14054,nagrani,1
14055,niszczony,1
14056,zamalowany,1
14057,poprawiać,1
14058,trzepak,1
14059,fora,1
14060,niepochlebnych,1
14061,przeciwnicy,1
14062,zorganizować,1
14063,demonstracje,1
14064,centralnej,1
14065,zadeklarowało,1
14066,ekologia,1
14067,naszą,1
14068,własności,1
14069,uderzają,1
14070,najsłabszych,1
14071,zamożne,1
14072,małopolski,1
14073,fundacja,1
14074,własność,1
14075,oddamy,1
14076,protest,1
14077,organizują,1
14078,korkom,1
14079,zmotoryzowani,1
14080,szczecin,1
14081,wprowadziło,1
14082,obowiązywała,1
14083,miast,1
14084,katowicach,1
14085,katowic,1
14086,wpłynęło,1
14087,pismo,1
14088,zobowiązuje,1
14089,stolicę,1
14090,ląska,1
14091,przekraczanie,1
14092,norm,1
14093,środowiskowych,1
14094,milowych,1
14095,odbudowy,1
14096,wypłata,1
14097,unijnych,1
14098,niedotrzymanie,1
14099,zobowiązania,1
14100,łączyć,1
14101,potrąceniami,1
14102,wypłat,1
14103,wdrożyć,1
14104,zakoczyły,1
14105,przedstawiło,1
14106,obejmować,1
14107,opracowywanie,1
14108,ntb,1
14109,skrócić,1
14110,uprzednio,1
14111,badany,1
14112,ocenili,1
14113,najsurowszy,1
14114,najsurowszą,1
14115,przewidzianą,1
14116,najwyższym,1
14117,budził,1
14118,specjalistów,1
14119,badali,1
14120,szczególny,1
14121,widzieliśmy,1
14122,dotychczasowej,1
14123,kare,1
14124,nonstad,1
14125,odpowiadał,1
14126,dot,1
14127,zaburze,1
14128,psychotycznych,1
14129,postawy,1
14130,narcystyczne,1
14131,dyssocjalne,1
14132,miewa,1
14133,chorego,1
14134,wydania,1
14135,wyjechać,1
14136,miażdżący,1
14137,teza,1
14138,niezależnej,1
14139,zastosowano,1
14140,szybsza,1
14141,możliwa,1
14142,dołożyć,1
14143,wpaść,1
14144,associated,1
14145,press,1
14146,przeprowadzona,1
14147,policyjna,1
14148,opieszała,1
14149,chaotyczna,1
14150,zawiodło,1
14151,wyszkolenie,1
14152,dowodzenie,1
14153,specjalistycznego,1
14154,uczestnikom,1
14155,niezdecydowanie,1
14156,niegospodarność,1
14157,wnioskuje,1
14158,wskazane,1
14159,niewystarczającemu,1
14160,analiz,1
14161,operacyjne,1
14162,słabo,1
14163,obsadzone,1
14164,niewykwalifikowany,1
14165,zmuszony,1
14166,podejmowania,1
14167,fazie,1
14168,krytycznej,1
14169,wytkniętym,1
14170,ostrzegania,1
14171,poinformowano,1
14172,numerze,1
14173,rejestracyjnym,1
14174,uciekał,1
14175,używaniu,1
14176,podejrzanego,1
14177,policyjnego,1
14178,wykazano,1
14179,spedycji,1
14180,udostępniania,1
14181,organami,1
14182,idnywidualnymi,1
14183,urzędnikami,1
14184,celne,1
14185,zamawiane,1
14186,mogące,1
14187,zbudowania,1
14188,osobowych,1
14189,wymienieni,1
14190,zgadzają,1
14191,stawianymi,1
14192,ogłoszony,1
14193,słowie,1
14194,prosił,1
14195,uniewinnienie,1
14196,powodowane,1
14197,koniecznością,1
14198,wynikały,1
14199,obronę,1
14200,niepoczytalnego,1
14201,oznaczałoby,1
14202,wysłanie,1
14203,prawodawstwie,1
14204,transferowa,1
14205,pluslidze,1
14206,prawdziwej,1
14207,transferowej,1
14208,balcerzak,1
14209,pozyskania,1
14210,atakujących,1
14211,dwukrotnego,1
14212,hitów,1
14213,fakiele,1
14214,urengoj,1
14215,uchodzi,1
14216,absolutną,1
14217,czołówkę,1
14218,pozycji,1
14219,klubową,1
14220,serie,1
14221,włoch,1
14222,gas,1
14223,sales,1
14224,bluenergy,1
14225,piacenza,1
14226,medal,1
14227,sukcesy,1
14228,odnosił,1
14229,dwukrotnym,1
14230,mundialu,1
14231,atakującym,1
14232,przekazywanych,1
14233,balcerzaka,1
14234,la,1
14235,gazzetta,1
14236,dello,1
14237,warszawski,1
14238,przekonać,1
14239,siatkarza,1
14240,ukrywał,1
14241,ambitnego,1
14242,włochami,1
14243,aktualny,1
14244,wicelider,1
14245,plusligi,1
14246,intensywnie,1
14247,wzmocnieniami,1
14248,sfinalizowany,1
14249,plusliga,1
14250,gwiazdę,1
14251,kibice,1
14252,historycznych,1
14253,sukcesów,1
14254,aktywa,1
14255,kryptografią,1
14256,walutami,1
14257,dodać,1
14258,waluty,1
14259,specyficzne,1
14260,fizycznej,1
14261,posiadają,1
14262,określoną,1
14263,wirtualnymi,1
14264,cyfrowymi,1
14265,sprzedawca,1
14266,płatność,1
14267,kryptowalucie,1
14268,towar,1
14269,usługę,1
14270,dolarami,1
14271,walutą,1
14272,fiducjarną,1
14273,fiaty,1
14274,znajomy,1
14275,poda,1
14276,łatwy,1
14277,pominięciem,1
14278,banku,1
14279,pośredników,1
14280,przelać,1
14281,dowolną,1
14282,jednostek,1
14283,wydatki,1
14284,korzysta,1
14285,funkcji,1
14286,płatniczej,1
14287,słusznie,1
14288,instrumenty,1
14289,finansowe,1
14290,podlegają,1
14291,bieżącej,1
14292,wycenie,1
14293,inwestycyjnym,1
14294,wypracowanie,1
14295,spektakularnych,1
14296,zysków,1
14297,dokonują,1
14298,giełdach,1
14299,wieloma,1
14300,tradycyjne,1
14301,giełdy,1
14302,obligacji,1
14303,walut,1
14304,surowców,1
14305,zysku,1
14306,wspomnieć,1
14307,bitcoin,1
14308,kosztował,1
14309,raptem,1
14310,centów,1
14311,szczyt,1
14312,zapominać,1
14313,notował,1
14314,potężnych,1
14315,dynamicznych,1
14316,spadków,1
14317,ceny,1
14318,kryptowalutę,1
14319,krachem,1
14320,zadeklarowanych,1
14321,radykałów,1
14322,behringu,1
14323,autorze,1
14324,legalnym,1
14325,posiadaczem,1
14326,maszynowego,1
14327,nacjonaliście,1
14328,zwolenniku,1
14329,miłośniku,1
14330,fanie,1
14331,komputerowych,1
14332,nowoczesnej,1
14333,magazynu,1
14334,palnej,1
14335,zbudował,1
14336,budynkiem,1
14337,amerykanin,1
14338,kojarzony,1
14339,atakując,1
14340,kojarzący,1
14341,norweskimi,1
14342,kancelarię,1
14343,posunął,1
14344,sięgając,1
14345,zorganizował,1
14346,równocześnie,1
14347,antyrządowego,1
14348,spełniał,1
14349,zgromadzeni,1
14350,wrażliwa,1
14351,chroniona,1
14352,alkaida,1
14353,talibowie,1
14354,skupiska,1
14355,odizolowaną,1
14356,bombaj,1
14357,terroryści,1
14358,połączyli,1
14359,bombowe,1
14360,uderzyła,1
14361,przedszkole,1
14362,przypadkiem,1
14363,czeczeski,1
14364,podstawową,1
14365,miasteczku,1
14366,biesłan,1
14367,aktywny,1
14368,powiązany,1
14369,którąś,1
14370,wschodzie,1
14371,debatach,1
14372,wyrzucenia,1
14373,wulgarnie,1
14374,opisywał,1
14375,punktem,1
14376,zwrotnym,1
14377,stracony,1
14378,zastrzykiem,1
14379,trucizną,1
14380,bohaterem,1
14381,radykalnie,1
14382,wzmocniła,1
14383,rozbijając,1
14384,agresywnych,1
14385,pozostawał,1
14386,nieznany,1
14387,skrajni,1
14388,nacjonaliści,1
14389,dopuszczają,1
14390,czarnym,1
14391,wymierzonej,1
14392,szwedzka,1
14393,interpol,1
14394,twierdziły,1
14395,poważniejszego,1
14396,kontrwywiadu,1
14397,sprowokować,1
14398,świeże,1
14399,david,1
14400,roboty,1
14401,dzielnicach,1
14402,zamieszkanych,1
14403,uczęszczanych,1
14404,ranił,1
14405,potrójne,1
14406,współpracą,1
14407,radykalnymi,1
14408,dorocznym,1
14409,radykałowie,1
14410,nawiązują,1
14411,wątkiem,1
14412,samotnego,1
14413,strzelca,1
14414,prawdopodobna,1
14415,biorą,1
14416,podziały,1
14417,pomocniczy,1
14418,hipotezę,1
14419,brzydko,1
14420,sięgać,1
14421,uwikłani,1
14422,pokusę,1
14423,tischner,1
14424,koniecznie,1
14425,gospodarce,1
14426,itd,1
14427,wystarczają,1
14428,głoszenie,1
14429,sprawowanie,1
14430,sakramentów,1
14431,budowanie,1
14432,narzędzi,1
14433,mocniejsze,1
14434,przepraszać,1
14435,robiono,1
14436,miesięczniku,1
14437,szemrzą,1
14438,poważnej,1
14439,pisany,1
14440,nominacją,1
14441,biskupią,1
14442,rysia,1
14443,podwójną,1
14444,episkopacie,1
14445,szemrać,1
14446,zamierza,1
14447,podziałów,1
14448,dodałabym,1
14449,skłonność,1
14450,tropienia,1
14451,skłonnością,1
14452,obdarzone,1
14453,bronienia,1
14454,contra,1
14455,omnes,1
14456,najświeższy,1
14457,nazywanie,1
14458,dariusz,1
14459,idziemy,1
14460,głupcem,1
14461,twierdzić,1
14462,wykorzystują,1
14463,straszliwą,1
14464,wciskać,1
14465,polecam,1
14466,oburzeniu,1
14467,chrześcijan,1
14468,skłania,1
14469,prawicowemu,1
14470,chrześcijastwu,1
14471,groźny,1
14472,aniżeli,1
14473,fundamentalizmy,1
14474,laickie,1
14475,ostrzegałby,1
14476,encyklice,1
14477,centesimus,1
14478,annus,1
14479,prawdą,1
14480,chrześcijaską,1
14481,fanatyzmu,1
14482,fundamentalizmu,1
14483,uważającej,1
14484,naukową,1
14485,religijną,1
14486,uprawnieni,1
14487,narzucania,1
14488,koncepcji,1
14489,adam,1
14490,powszechnym,1
14491,odwrót,1
14492,rozsądzi,1
14493,rozegrała,1
14494,osadzeniu,1
14495,nierzadko,1
14496,podejmował,1
14497,skupiły,1
14498,kontroluje,1
14499,korespondencję,1
14500,jedzienia,1
14501,rejestrację,1
14502,faszystowska,1
14503,północna,1
14504,wypełniając,1
14505,formularz,1
14506,odmówiły,1
14507,rejestracji,1
14508,proceduralne,1
14509,naśladowcy,1
14510,meczetach,1
14511,norwega,1
14512,głośny,1
14513,porucznik,1
14514,przybrzeżnej,1
14515,planowania,1
14516,gromadzić,1
14517,sporządzić,1
14518,potencjalnych,1
14519,postaw,1
14520,ponadczasową,1
14521,klasykę,1
14522,cenisz,1
14523,prostą,1
14524,kreacje,1
14525,sukienek,1
14526,partner,1
14527,sklep,1
14528,orsay,1
14529,modeli,1
14530,szczególną,1
14531,zasługuje,1
14532,ołówkowa,1
14533,figury,1
14534,niewielkie,1
14535,rozcięcie,1
14536,dekolcie,1
14537,sukienkach,1
14538,ołówkowych,1
14539,prezentują,1
14540,figurze,1
14541,klepsydry,1
14542,propozycją,1
14543,kreacja,1
14544,talii,1
14545,górą,1
14546,wyglądającą,1
14547,typom,1
14548,sylwetki,1
14549,zestawienie,1
14550,bieli,1
14551,czerni,1
14552,wolisz,1
14553,delikatniejsze,1
14554,akcenty,1
14555,karczku,1
14556,rozkloszowanym,1
14557,dołem,1
14558,pasował,1
14559,biały,1
14560,wąski,1
14561,pasek,1
14562,rozkloszowany,1
14563,zamaskuje,1
14564,masywne,1
14565,biodra,1
14566,uznasz,1
14567,któraś,1
14568,odwiedź,1
14569,kupony,1
14570,pozwolą,1
14571,reprezentowane,1
14572,mariusa,1
14573,emberlanda,1
14574,najmniejszym,1
14575,zdjęli,1
14576,kajdanki,1
14577,odwrócił,1
14578,prawą,1
14579,nazistowskim,1
14580,odosobnienia,1
14581,godzina,1
14582,udostępniła,1
14583,oddzielną,1
14584,celę,1
14585,treningów,1
14586,umożliwiła,1
14587,częstsze,1
14588,spacery,1
14589,uczestniczenia,1
14590,proponowano,1
14591,wolontariuszy,1
14592,czerwonego,1
14593,krzyża,1
14594,oskarżając,1
14595,kategorycznie,1
14596,psychologiem,1
14597,dokumentów,1
14598,ponawiane,1
14599,świadczyć,1
14600,pozytywny,1
14601,studiach,1
14602,umożliwiono,1
14603,reprezentującej,1
14604,adele,1
14605,wyjaśniła,1
14606,osadzonego,1
14607,społecznym,1
14608,potencjalnymi,1
14609,naśladowcami,1
14610,ujawniła,1
14611,ekstremistami,1
14612,nadawca,1
14613,przedstawiający,1
14614,narodowy,1
14615,socjalista,1
14616,wysłanych,1
14617,otrzymanych,1
14618,cenzurę,1
14619,oknami,1
14620,pokój,1
14621,komputerem,1
14622,pomieszczenie,1
14623,rekreacji,1
14624,treningowym,1
14625,korzystać,1
14626,posiłki,1
14627,rozprawa,1
14628,transmisji,1
14629,wykluczył,1
14630,odrzucona,1
14631,odwoła,1
14632,trybunału,1
14633,podszyta,1
14634,paraliżujący,1
14635,napędzać,1
14636,makabrycznym,1
14637,zostawiła,1
14638,niezapomniany,1
14639,ocalały,1
14640,otrzymania,1
14641,ukazana,1
14642,paula,1
14643,greengrassa,1
14644,krucjaty,1
14645,mówiącej,1
14646,historiach,1
14647,publikacje,1
14648,naukę,1
14649,przyświeca,1
14650,viljarowi,1
14651,hanssenowi,1
14652,wystąpieniom,1
14653,organizatorów,1
14654,emotions,1
14655,motion,1
14656,aktywizować,1
14657,rekonwalescencji,1
14658,nieśmiały,1
14659,odnalazł,1
14660,poczuć,1
14661,sportowi,1
14662,muzyce,1
14663,ekstremizmowi,1
14664,prelekcji,1
14665,polaryzację,1
14666,przeciwstawienie,1
14667,uchronić,1
14668,spróbuje,1
14669,odpowiedzieć,1
14670,działać,1
14671,terroryzmowi,1
14672,jednemu,1
14673,dzisiejszego,1
14674,viljara,1
14675,hanssena,1
14676,prelegentów,1
14677,znajdą,1
14678,przedstawiciele,1
14679,legenda,1
14680,rapu,1
14681,waldemar,1
14682,kasta,1
14683,artists,1
14684,manager,1
14685,showbiznesem,1
14686,filip,1
14687,mecner,1
14688,osłabić,1
14689,ekstremę,1
14690,bielecki,1
14691,mobilizację,1
14692,opłakiwane,1
14693,muzułmaskie,1
14694,padły,1
14695,jednoczy,1
14696,analogii,1
14697,ujawnianiem,1
14698,afer,1
14699,pedofilskich,1
14700,krzywda,1
14701,bezdyskusyjnie,1
14702,religijnych,1
14703,skandynawscy,1
14704,uzasadniać,1
14705,mord,1
14706,wstrząśnięci,1
14707,doda,1
14708,skrzydeł,1
14709,spolaryzowani,1
14710,konfliktach,1
14711,duczycy,1
14712,szwedzi,1
14713,duchowego,1
14714,wedle,1
14715,ekstrema,1
14716,wyznawców,1
14717,mizerna,1
14718,nordyckimi,1
14719,osłabi,1
14720,przerażają,1
14721,jeździ,1
14722,wypisane,1
14723,rozdawanych,1
14724,wizytówkach,1
14725,domowe,1
14726,telefony,1
14727,przetrwa,1
14728,krótka,1
14729,ciastkiem,1
14730,halvorsen,1
14731,debatowania,1
14732,nieprzyjazny,1
14733,premierzy,1
14734,jeździli,1
14735,rowerach,1
14736,prognozować,1
14737,politycznospołeczne,1
14738,następstwa,1
14739,stawiam,1
14740,przestaną,1
14741,dostępni,1
14742,wytrwamy,1
14743,demokratycznych,1
14744,wartościach,1
14745,demokratyczni,1
14746,otwarci,1
14747,naiwni,1
14748,troski,1
14749,zdołają,1
14750,niemałe,1
14751,dbać,1
14752,zwiększanie,1
14753,rządzącymi,1
14754,debacie,1
14755,lepsza,1
14756,przypatrywanie,1
14757,przestępczym,1
14758,fundamentalnej,1
14759,modelu,1
14760,bilans,1
14761,popełniono,1
14762,pozbycie,1
14763,wybuchał,1
14764,biurach,1
14765,uszkodził,1
14766,zanotowano,1
14767,odsłona,1
14768,udawali,1
14769,obchodzimy,1
14770,siódmą,1
14771,urodził,1
14772,konserwatywnej,1
14773,progresywnej,1
14774,głosić,1
14775,radykalne,1
14776,zawarł,1
14777,załączył,1
14778,opisem,1
14779,przygotowa,1
14780,liczący,1
14781,liberalizm,1
14782,wielokulturowość,1
14783,zginie,1
14784,zamierzającej,1
14785,wojskową,1
14786,zaprowadzić,1
14787,konserwatywne,1
14788,piętnastej,1
14789,podłożone,1
14790,kul,1
14791,ucieczki,1
14792,podejmuje,1
14793,zapewniają,1
14794,niehumanitarnych,1
14795,nosił,1
14796,zamiarem,1
14797,faszystowskiej,1
14798,opowiadającego,1
14799,zimy,1
14800,utrudniają,1
14801,okresu,1
14802,wieje,1
14803,zbliżał,1
14804,dodali,1
14805,śnieg,1
14806,odnawialnych,1
14807,ciemna,1
14808,flauta,1
14809,zimowe,1
14810,elektroenergetyczny,1
14811,wysoka,1
14812,wietrzność,1
14813,elektrociepłowni,1
14814,wpływają,1
14815,zapotrzebowania,1
14816,produkcję,1
14817,elektrowni,1
14818,węglowych,1
14819,turbiny,1
14820,instalowane,1
14821,wyposażone,1
14822,powstrzymujące,1
14823,osadzanie,1
14824,lodu,1
14825,umożliwiające,1
14826,rozmrażanie,1
14827,sięgające,1
14828,nieżna,1
14829,znaczącym,1
14830,ograniczeniem,1
14831,montowane,1
14832,kątem,1
14833,topnienie,1
14834,wyniosła,1
14835,gw,1
14836,opracowaniu,1
14837,wodnej,1
14838,ograniczona,1
14839,śnieżna,1
14840,alpejskich,1
14841,cenny,1
14842,rezerwuar,1
14843,kontynentalne,1
14844,systemy,1
14845,elektroenergetyczne,1
14846,wiosennoletnim,1
14847,zauważyli,1
14848,kluczowym,1
14849,zamieci,1
14850,dystrybucja,1
14851,prądu,1
14852,przekonali,1
14853,warmii,1
14854,mazur,1
14855,dotknięci,1
14856,awariami,1
14857,wichury,1
14858,zagrażają,1
14859,sieciom,1
14860,dystrybucyjnym,1
14861,przewracają,1
14862,zaśnieżone,1
14863,spadają,1
14864,trudniejszy,1
14865,spadającym,1
14866,temperaturom,1
14867,osłabienie,1
14868,spadł,1
14869,głębokiej,1
14870,współczynnik,1
14871,procentowych,1
14872,stulecia,1
14873,ciężar,1
14874,emisyjne,1
14875,węglowe,1
14876,jądrowe,1
14877,przyznali,1
14878,gazowy,1
14879,stabilne,1
14880,zaopatrzenie,1
14881,gospodarstw,1
14882,energię,1
14883,elektryczną,1
14884,nabierało,1
14885,elektryfikacją,1
14886,ogrzewania,1
14887,pompy,1
14888,efektywnym,1
14889,ekologicznym,1
14890,rozpowszechnienie,1
14891,szczytowe,1
14892,zabezpieczone,1
14893,poinformowali,1
14894,zależność,1
14895,zmniejszać,1
14896,termiczna,1
14897,pv,1
14898,bateryjne,1
14899,funkcjonalnością,1
14900,offgrid,1
14901,odosobnionych,1
14902,rezerwowy,1
14903,kominek,1
14904,drewno,1
14905,agregat,1
14906,prądotwórczy,1
14907,niemiecką,1
14908,ujawnia,1
14909,dokumentalista,1
14910,nielegalnego,1
14911,portalowi,1
14912,nyheter,1
14913,rutynowej,1
14914,wetzlar,1
14915,frankfurtu,1
14916,menem,1
14917,uzbrojenia,1
14918,zarekwirowano,1
14919,sprawnej,1
14920,zdarzeniu,1
14921,zwierzaków,1
14922,prognozy,1
14923,zakładają,1
14924,zapewniających,1
14925,komfort,1
14926,prosimy,1
14927,mieszkających,1
14928,przygarnięcia,1
14929,ukrywamy,1
14930,opiekun,1
14931,gatunki,1
14932,łacuchach,1
14933,niskiej,1
14934,temperaturze,1
14935,zginąć,1
14936,zabija,1
14937,reagujcie,1
14938,przypięte,1
14939,łacuchami,1
14940,bud,1
14941,poszukać,1
14942,zostawcie,1
14943,okienko,1
14944,piwniczne,1
14945,dokarmianiu,1
14946,ptaków,1
14947,alarmuje,1
14948,czyjeś,1
14949,ktoz,1
14950,miejską,1
14951,rzeczą,1
14952,zareagować,1
14953,chciałyby,1
14954,najbliższą,1
14955,rybna,1
14956,ogromny,1
14957,odzew,1
14958,apelu,1
14959,przygarnięcie,1
14960,mrozów,1
14961,przygarnęła,1
14962,mombaja,1
14963,błaga,1
14964,vogt,1
14965,pexels,1
14966,borek,1
14967,rzezawa,1
14968,powiat,1
14969,bocheski,1
14970,zawiedliście,1
14971,schronienie,1
14972,liczymy,1
14973,waszą,1
14974,nadchodzą,1
14975,załogą,1
14976,czuły,1
14977,komfortowo,1
14978,zmarzły,1
14979,jedyne,1
14980,rozwiązanie,1
14981,błagamy,1
14982,wysłanym,1
14983,rentv,1
14984,tortur,1
14985,jemu,1
14986,blokuje,1
14987,studiów,1
14988,zakazuje,1
14989,ogranicza,1
14990,prysznica,1
14991,dwór,1
14992,trzypokojowe,1
14993,gabinet,1
14994,stomatologiczny,1
14995,blogerzy,1
14996,tłumaczą,1
14997,chwalił,1
14998,oskarżali,1
14999,debatę,1
15000,muzułmaskiego,1
15001,stronnicowym,1
15002,zdobyli,1
15003,zagrzewając,1
15004,pamela,1
15005,zostałaby,1
15006,poddana,1
15007,ostracyzmowi,1
15008,częstym,1
15009,autorką,1
15010,bestsellerów,1
15011,odwiedza,1
15012,uprawiają,1
15013,zamieściła,1
15014,podobiznę,1
15015,świski,1
15016,ryj,1
15017,broniła,1
15018,serbów,1
15019,dokonali,1
15020,bośni,1
15021,obama,1
15022,sfałszował,1
15023,urodzenia,1
15024,amerykaninem,1
15025,zagrzewała,1
15026,oddawał,1
15027,arabom,1
15028,kamienia,1
15029,gazy,1
15030,solidnie,1
15031,bombardował,1
15032,spencerem,1
15033,popularnej,1
15034,założyła,1
15035,ameryki,1
15036,pomyślenia,1
15037,wzmianka,1
15038,dokumencie,1
15039,islamskolewicowej,1
15040,machinie,1
15041,propagandowej,1
15042,oskarżyć,1
15043,wytrwale,1
15044,pracujemy,1
15045,edukować,1
15046,wymieniona,1
15047,cytaty,1
15048,świętych,1
15049,ksiąg,1
15050,wspominał,1
15051,wypowiada,1
15052,obamie,1
15053,śmieszne,1
15054,podżegał,1
15055,rasiści,1
15056,pomyliła,1
15057,cytował,1
15058,spencera,1
15059,odezwał,1
15060,kontaktowałem,1
15061,inspiracją,1
15062,beatlesi,1
15063,seryjny,1
15064,charles,1
15065,manson,1
15066,tekstami,1
15067,zdyskredytować,1
15068,dżihadowi,1
15069,islamskiej,1
15070,supremacji,1
15071,antymuzułmaskich,1
15072,oskarżać,1
15073,york,1
15074,times,1
15075,marc,1
15076,sageman,1
15077,oficer,1
15078,cia,1
15079,konsultant,1
15080,zwracali,1
15081,myślicieli,1
15082,inspirowały,1
15083,alkaidę,1
15084,cóż,1
15085,pisarstwo,1
15086,retoryka,1
15087,blog,1
15088,little,1
15089,green,1
15090,footballs,1
15091,oskarżany,1
15092,antyislamskie,1
15093,sentymenty,1
15094,aldżazira,1
15095,przepisana,1
15096,szalonych,1
15097,notatek,1
15098,amerykanina,1
15099,kaczynskiego,1
15100,wysyłał,1
15101,różnym,1
15102,listach,1
15103,postępem,1
15104,technicznym,1
15105,lewakami,1
15106,zamieniał,1
15107,zdaniach,1
15108,lewacy,1
15109,anonimowy,1
15110,bloger,1
15111,piszący,1
15112,gates,1
15113,vienna,1
15114,wyłączył,1
15115,antymuzułmaskie,1
15116,tyrady,1
15117,zainspirowały,1
15118,wzywałem,1
15119,wpadka,1
15120,michelle,1
15121,komentatorce,1
15122,fox,1
15123,rozpisywała,1
15124,islamistach,1
15125,złowrogim,1
15126,mulle,1
15127,krekarze,1
15128,uciekł,1
15129,wygraża,1
15130,ojczyźnie,1
15131,profesor,1
15132,nitze,1
15133,hopkinsa,1
15134,konkluzje,1
15135,odpisała,1
15136,dzielę,1
15137,informacjami,1
15138,oświeci,1
15139,gróźb,1
15140,jakimi,1
15141,mułła,1
15142,krekar,1
15143,terroryzuje,1
15144,sugerowały,1
15145,czujnie,1
15146,śledziła,1
15147,słynny,1
15148,por,1
15149,una,1
15150,cabeza,1
15151,skomponowany,1
15152,carlosa,1
15153,gardela,1
15154,taczyli,1
15155,otoczeni,1
15156,gośćmi,1
15157,pacino,1
15158,frank,1
15159,slade,1
15160,gabrielle,1
15161,anwar,1
15162,donna,1
15163,elegancji,1
15164,zacnego,1
15165,pożegnalnemu,1
15166,kaszuby,1
15167,głównemu,1
15168,specjaliście,1
15169,administracyjnych,1
15170,okolicznościowy,1
15171,gratulacyjny,1
15172,wiązanką,1
15173,kaszubie,1
15174,maestro,1
15175,naczelny,1
15176,artystyczny,1
15177,dziekan,1
15178,dyrygentury,1
15179,symfonicznooperowej,1
15180,fryderyka,1
15181,chopina,1
15182,panią,1
15183,kaszubę,1
15184,znamy,1
15185,wdzięcznością,1
15186,melomana,1
15187,miła,1
15188,sympatyczna,1
15189,serdeczna,1
15190,kudyba,1
15191,ciepło,1
15192,witała,1
15193,obdarzała,1
15194,wprawiała,1
15195,nastrój,1
15196,koncertowy,1
15197,szacownej,1
15198,omżynianki,1
15199,malinowska,1
15200,absolwentką,1
15201,adama,1
15202,mickiewicza,1
15203,zdała,1
15204,maturę,1
15205,ogólnokształcącym,1
15206,tadeusza,1
15207,kościuszki,1
15208,lo,1
15209,danuta,1
15210,gosk,1
15211,ówczesna,1
15212,kadrowa,1
15213,fkwl,1
15214,namówiła,1
15215,podjęcia,1
15216,omżyskiej,1
15217,orkiestrze,1
15218,zastępstwo,1
15219,korzystała,1
15220,urlopu,1
15221,macierzyskiego,1
15222,orkiestry,1
15223,nieodżałowanej,1
15224,szwedo,1
15225,chachaj,1
15226,inicjatywie,1
15227,profesjonalizmowi,1
15228,pracowitości,1
15229,instytucja,1
15230,miano,1
15231,płyt,1
15232,aktywnej,1
15233,czterdziestoletniej,1
15234,wspominam,1
15235,mile,1
15236,solistek,1
15237,solistów,1
15238,dyrygentów,1
15239,orkiestr,1
15240,wielkie,1
15241,wiesław,1
15242,ochman,1
15243,paleczny,1
15244,konstanty,1
15245,kulka,1
15246,jakowicz,1
15247,muzycy,1
15248,bliski,1
15249,łomżyską,1
15250,orkiestrą,1
15251,przechowuję,1
15252,podziękowaniami,1
15253,logistyczne,1
15254,woziłam,1
15255,koncertowali,1
15256,wdzięczni,1
15257,sprawiał,1
15258,przyjemność,1
15259,radością,1
15260,systematycznych,1
15261,wczesnoprzedszkolnej,1
15262,doskonały,1
15263,placówkami,1
15264,odwiedzałam,1
15265,muzykami,1
15266,półgodzinne,1
15267,służyły,1
15268,uwrażliwianiu,1
15269,dźwięki,1
15270,wprowadzaniu,1
15271,brałam,1
15272,corocznego,1
15273,et,1
15274,musica,1
15275,prowadziłam,1
15276,samorządami,1
15277,proboszczami,1
15278,przygotowywałam,1
15279,umowy,1
15280,rosnąca,1
15281,odmiana,1
15282,surfingu,1
15283,żagla,1
15284,latawiec,1
15285,paralotnia,1
15286,kite,1
15287,dyscyplina,1
15288,wysokich,1
15289,fal,1
15290,ekstremalnych,1
15291,pogodzie,1
15292,uprawia,1
15293,akwenach,1
15294,morskich,1
15295,powodzeniem,1
15296,wskakują,1
15297,deskę,1
15298,wiatr,1
15299,popularny,1
15300,dolinach,1
15301,alp,1
15302,tyrolu,1
15303,bałtykiem,1
15304,zainteresowaniem,1
15305,amatorów,1
15306,wodnych,1
15307,cieszy,1
15308,wymagający,1
15309,motorówki,1
15310,skonstruowana,1
15311,przystosowana,1
15312,desce,1
15313,wakeparkach,1
15314,znajdujących,1
15315,łodzi,1
15316,wyciąg,1
15317,uprawianie,1
15318,wakeboardingu,1
15319,koordynacji,1
15320,ruchowej,1
15321,wykorzystania,1
15322,generowanej,1
15323,zaawansowanych,1
15324,akrobacji,1
15325,wyskoki,1
15326,okręgu,1
15327,telemark,1
15328,popełni,1
15329,akty,1
15330,ideologiczny,1
15331,empatii,1
15332,dokonanie,1
15333,uosobieniem,1
15334,zbiorowej,1
15335,fantazji,1
15336,porzuceniu,1
15337,korporacyjnego,1
15338,szczurów,1
15339,zatłoczonego,1
15340,bezosobowych,1
15341,biurowców,1
15342,beztroskiego,1
15343,sytuowanej,1
15344,brytyjskiej,1
15345,prestiżowy,1
15346,eton,1
15347,college,1
15348,rzeźbę,1
15349,brighton,1
15350,zatrudnił,1
15351,zapleczu,1
15352,wykazał,1
15353,talentem,1
15354,awansował,1
15355,kucharza,1
15356,noble,1
15357,rot,1
15358,niezłą,1
15359,rygor,1
15360,wyczerpujące,1
15361,kawie,1
15362,napojach,1
15363,energetycznych,1
15364,adrenalinie,1
15365,skraj,1
15366,wypalenia,1
15367,zawodowego,1
15368,jedynymi,1
15369,jasnymi,1
15370,punktami,1
15371,dostawców,1
15372,nauczyły,1
15373,produktu,1
15374,hodowane,1
15375,oddalał,1
15376,zrozumiał,1
15377,chciałby,1
15378,łacucha,1
15379,dostaw,1
15380,londyn,1
15381,zamieszkał,1
15382,suffolk,1
15383,pokole,1
15384,rozwinęła,1
15385,zmuszała,1
15386,wątróbki,1
15387,ozora,1
15388,gotować,1
15389,podrobów,1
15390,nietypowych,1
15391,młodszymi,1
15392,dorset,1
15393,pogodą,1
15394,nieudanymi,1
15395,zbiorami,1
15396,mroźną,1
15397,ogrzewać,1
15398,narodzone,1
15399,jagnię,1
15400,ogródek,1
15401,dogląda,1
15402,odżywia,1
15403,filozofia,1
15404,zabieganym,1
15405,rewolucyjna,1
15406,kucharskiej,1
15407,farm,1
15408,table,1
15409,niedostępna,1
15410,docenia,1
15411,ręką,1
15412,niewielu,1
15413,zmarnowało,1
15414,zmieniają,1
15415,porami,1
15416,pasem,1
15417,jesie,1
15418,dynia,1
15419,szałwią,1
15420,czosnkiem,1
15421,orzechami,1
15422,laskowymi,1
15423,serwując,1
15424,malownicze,1
15425,sophie,1
15426,dahl,1
15427,etycznie,1
15428,wegetarianinem,1
15429,weganinem,1
15430,głębokim,1
15431,orędownikiem,1
15432,etycznego,1
15433,spożycia,1
15434,produkowane,1
15435,masową,1
15436,dobrostanu,1
15437,bezpośrednia,1
15438,przemysłowe,1
15439,produkuje,1
15440,owczego,1
15441,importuje,1
15442,kontynentów,1
15443,irracjonalne,1
15444,sensowne,1
15445,biznesowo,1
15446,szacunek,1
15447,całemu,1
15448,procesowi,1
15449,właścicielem,1
15450,świ,1
15451,british,1
15452,primitive,1
15453,hebridean,1
15454,stada,1
15455,kurczaków,1
15456,pszczół,1
15457,hoduje,1
15458,pozwalają,1
15459,swobodne,1
15460,zgodzie,1
15461,naturalnymi,1
15462,instynktami,1
15463,idealizuje,1
15464,rolnictwa,1
15465,obrazuje,1
15466,złożoność,1
15467,konsumenci,1
15468,stracili,1
15469,supermarkecie,1
15470,anonimowym,1
15471,produktem,1
15472,zwierzęciu,1
15473,oddało,1
15474,anonimowością,1
15475,ścieżkę,1
15476,stałby,1
15477,fenomenem,1
15478,arcydzieła,1
15479,łączą,1
15480,rustykalny,1
15481,profesjonalną,1
15482,oglądają,1
15483,zbiera,1
15484,truskawki,1
15485,kozy,1
15486,cyfrową,1
15487,ucieczkę,1
15488,obietnicą,1
15489,erze,1
15490,fast,1
15491,foodu,1
15492,wynos,1
15493,potrzebnym,1
15494,głosem,1
15495,kulinarne,1
15496,wiejski,1
15497,gotowaniu,1
15498,buchmann,1
15499,puttanesca,1
15500,sardynkami,1
15501,skadniki,1
15502,czerwona,1
15503,płatków,1
15504,filecików,1
15505,kaparów,1
15506,oliwek,1
15507,kalamata,1
15508,pestek,1
15509,masła,1
15510,cukru,1
15511,sardynek,1
15512,drobną,1
15513,kostkę,1
15514,wlej,1
15515,cebuli,1
15516,płatkami,1
15517,rozgniatając,1
15518,fileciki,1
15519,rozpadną,1
15520,połączą,1
15521,oliwą,1
15522,puszek,1
15523,resztkami,1
15524,kapary,1
15525,opłucz,1
15526,kranem,1
15527,otrząśnij,1
15528,masłem,1
15529,starannie,1
15530,połączyło,1
15531,sosem,1
15532,spróbuj,1
15533,ostrożnie,1
15534,dosalając,1
15535,słona,1
15536,cukier,1
15537,zrównoważyć,1
15538,kwasowość,1
15539,sardynki,1
15540,rozdrobnij,1
15541,wyłącz,1
15542,palnik,1
15543,zajmij,1
15544,zagotuj,1
15545,osolonego,1
15546,wrzątku,1
15547,ugotuj,1
15548,kubek,1
15549,odcedzisz,1
15550,posyp,1
15551,posiekaną,1
15552,natką,1
15553,podaj,1
15554,buraczany,1
15555,misek,1
15556,octu,1
15557,jabłkowego,1
15558,śmietany,1
15559,kremówki,1
15560,plasterków,1
15561,wędzonego,1
15562,węgorza,1
15563,ostrego,1
15564,chrzanu,1
15565,kozi,1
15566,ser,1
15567,koperek,1
15568,jogurt,1
15569,prażone,1
15570,nasiona,1
15571,wyszoruj,1
15572,zlewie,1
15573,piasek,1
15574,obieraj,1
15575,przycinaj,1
15576,zachować,1
15577,żywy,1
15578,umieść,1
15579,zalej,1
15580,wodą,1
15581,sporą,1
15582,garścią,1
15583,doprowadź,1
15584,wrzenia,1
15585,ostrze,1
15586,noża,1
15587,wbić,1
15588,wywar,1
15589,przełóż,1
15590,ostygły,1
15591,zdejmij,1
15592,skórkę,1
15593,zejść,1
15594,naciśnięciu,1
15595,kciukiem,1
15596,satysfakcjonujące,1
15597,zajęcie,1
15598,załóż,1
15599,rękawice,1
15600,będziesz,1
15601,różowe,1
15602,wysokoobrotowego,1
15603,blendera,1
15604,wywaru,1
15605,gęsty,1
15606,lejący,1
15607,porcjach,1
15608,octowy,1
15609,przyprawą,1
15610,przełamuje,1
15611,nadmierną,1
15612,ziemistość,1
15613,rozjaśniając,1
15614,napowietrzając,1
15615,cudownie,1
15616,aksamitną,1
15617,konsystencję,1
15618,piękny,1
15619,boski,1
15620,doprawiaj,1
15621,przybierz,1
15622,przechować,1
15623,lodówce,1
15624,zamrozić,1
15625,deszczowy,1
15626,ryba,1
15627,pikantnym,1
15628,porcje,1
15629,pokrojona,1
15630,pokrojonych,1
15631,wędzonej,1
15632,papryki,1
15633,uprażyć,1
15634,łyżkę,1
15635,nasion,1
15636,rozetrzeć,1
15637,moździerzu,1
15638,całych,1
15639,suszonych,1
15640,podłużnych,1
15641,filety,1
15642,dzwonka,1
15643,ryby,1
15644,morszczuk,1
15645,rdzawiec,1
15646,halibut,1
15647,oko,1
15648,itp,1
15649,świeża,1
15650,kolendra,1
15651,natka,1
15652,ząbek,1
15653,łyżek,1
15654,lodowatej,1
15655,szerokiej,1
15656,patelni,1
15657,rozgrzej,1
15658,oliwę,1
15659,zmiękła,1
15660,przyprawy,1
15661,pachnieć,1
15662,przywarło,1
15663,podłużne,1
15664,rozgnieć,1
15665,usu,1
15666,pestki,1
15667,dodaniem,1
15668,dodawać,1
15669,wielkością,1
15670,przygotuj,1
15671,zetrzyj,1
15672,wyciśnij,1
15673,sok,1
15674,odstaw,1
15675,cytryna,1
15676,złagodzi,1
15677,ostry,1
15678,masa,1
15679,gęstnieć,1
15680,lodowatą,1
15681,trzepaczką,1
15682,gładki,1
15683,rzadki,1
15684,posmakuj,1
15685,ewentualnie,1
15686,solą,1
15687,ilub,1
15688,sokiem,1
15689,posól,1
15690,rybę,1
15691,zanurz,1
15692,grubości,1
15693,rozpadać,1
15694,podawaj,1
15695,ciepłą,1
15696,pitą,1
15697,kuskusem,1
15698,okrasz,1
15699,ilością,1
15700,świeżą,1
15701,kolendrą,1
15702,bulionie,1
15703,koperkiem,1
15704,udek,1
15705,kości,1
15706,tartej,1
15707,żółtko,1
15708,dorodny,1
15709,estragonu,1
15710,posiekany,1
15711,otarta,1
15712,skórka,1
15713,niewoskowanej,1
15714,morskiej,1
15715,pieprzu,1
15716,smażenia,1
15717,zupa,1
15718,łodygi,1
15719,selera,1
15720,naciowego,1
15721,cienko,1
15722,marchewki,1
15723,przekrojone,1
15724,wzdłuż,1
15725,bulionu,1
15726,koperku,1
15727,posiekanego,1
15728,posiekanej,1
15729,śmietanka,1
15730,kurze,1
15731,udka,1
15732,kawałki,1
15733,malaksera,1
15734,pastę,1
15735,oleju,1
15736,połączy,1
15737,nabierz,1
15738,kotlecik,1
15739,żeliwnym,1
15740,zrumieni,1
15741,wyjmij,1
15742,zaczekaj,1
15743,przestygnie,1
15744,skosztuj,1
15745,doprawić,1
15746,pozostałego,1
15747,utocz,1
15748,rumiano,1
15749,przepełniając,1
15750,gotowe,1
15751,odłóż,1
15752,talerz,1
15753,tacę,1
15754,warzyw,1
15755,wytopionym,1
15756,tłuszczu,1
15757,niezrumieniona,1
15758,seler,1
15759,marchewkę,1
15760,bulion,1
15761,przykryj,1
15762,niecałą,1
15763,niedalekiej,1
15764,maleka,1
15765,wysepka,1
15766,północnyzachód,1
15767,nocowało,1
15768,przemówienie,1
15769,odetchnęli,1
15770,ulgą,1
15771,wjechał,1
15772,srebrnym,1
15773,strzelby,1
15774,skakała,1
15775,ap,1
15776,wskoczyli,1
15777,schować,1
15778,rannej,1
15779,przygotowanym,1
15780,tvn,1
15781,jerzy,1
15782,dziewulski,1
15783,antyterrorysta,1
15784,wysłane,1
15785,helikoptery,1
15786,jednostkami,1
15787,antyterrorystycznymi,1
15788,przebiegła,1
15789,zdetonowane,1
15790,najtrudniejszy,1
15791,evy,1
15792,magdalena,1
15793,ośrodkiem,1
15794,dokumentującym,1
15795,odbywają,1
15796,upamiętniające,1
15797,ciężarówkę,1
15798,wypełnioną,1
15799,materiałami,1
15800,jonasa,1
15801,gahra,1
15802,store,1
15803,dworu,1
15804,głównymi,1
15805,bliscy,1
15806,paradoks,1
15807,powstać,1
15808,doświadczam,1
15809,najmocniej,1
15810,powiadomiła,1
15811,upływającego,1
15812,mierzą,1
15813,konsekwencjami,1
15814,prezentowane,1
15815,zbiory,1
15816,resztek,1
15817,ciężarówki,1
15818,siedzibie,1
15819,prowadzimy,1
15820,przeciwstawiać,1
15821,rasizmowi,1
15822,teoriom,1
15823,spiskowym,1
15824,ekstremizmom,1
15825,oznajmiła,1
15826,ośrodek,1
15827,tegorocznych,1
15828,stowarzyszeniem,1
15829,ariany,1
15830,grande,1
15831,manchesterze,1
15832,imprezy,1
15833,kształcimy,1
15834,paryża,1
15835,madrytu,1
15836,epizodem,1
15837,historycznym,1
15838,dzisiejsza,1
15839,spędzają,1
15840,naszymi,1
15841,maksymalnego,1
15842,zaplanował,1
15843,najpilniej,1
15844,strzeżonym,1
15845,najsurowsza,1
15846,przewidywał,1
15847,kodeks,1
15848,karny,1
15849,nielegalna,1
15850,podręczniki,1
15851,monasteru,1
15852,pustelnia,1
15853,gołosiejewska,1
15854,należącego,1
15855,prawosławnego,1
15856,moskiewskiego,1
15857,funkcjonowała,1
15858,edukacyjna,1
15859,posiadała,1
15860,wymaganej,1
15861,pastwowej,1
15862,regularne,1
15863,ujawniło,1
15864,niezależne,1
15865,slidstvoinfo,1
15866,propagandy,1
15867,działając,1
15868,przykrywką,1
15869,rodzica,1
15870,zainteresowanego,1
15871,zapisaniem,1
15872,działającym,1
15873,rodzinny,1
15874,szkółka,1
15875,prawosławnych,1
15876,uczyło,1
15877,klas,1
15878,dziewiątej,1
15879,popołudniowych,1
15880,placówce,1
15881,zatrudnionych,1
15882,zakres,1
15883,rytm,1
15884,harmonogramem,1
15885,zgodnym,1
15886,tygodniowym,1
15887,planem,1
15888,wskazywały,1
15889,typowej,1
15890,używanie,1
15891,podręczników,1
15892,radzieckich,1
15893,określanego,1
15894,słowiaski,1
15895,rzeczywistości,1
15896,deklarowało,1
15897,nauczanie,1
15898,ukraiskim,1
15899,ukraisku,1
15900,rosyjsku,1
15901,odnotowali,1
15902,organizowane,1
15903,oglądały,1
15904,rosyjskie,1
15905,śpiewały,1
15906,pieśni,1
15907,dokumentacja,1
15908,szkolna,1
15909,znajdowała,1
15910,zewnętrznych,1
15911,licencjonowanych,1
15912,dyrektorek,1
15913,przyklasztornej,1
15914,publikacja,1
15915,wywołała,1
15916,natychmiastową,1
15917,pastwowa,1
15918,ministerstwie,1
15919,zapowiedziała,1
15920,podjęcie,1
15921,kroków,1
15922,trwającej,1
15923,zgodność,1
15924,wszelkim,1
15925,przejawom,1
15926,sprzecznych,1
15927,pastwowym,1
15928,porządkiem,1
15929,kwestiami,1
15930,równolegle,1
15931,możliwej,1
15932,klasztoru,1
15933,okoliczności,1
15934,powstania,1
15935,uczęszczały,1
15936,zarejestrowan,1
15937,postawie,1
15938,psychologicznych,1
15939,gąsiorowski,1
15940,przeprowadzone,1
15941,ucieleśnieniem,1
15942,aktów,1
15943,lone,1
15944,wolf,1
15945,protoplastą,1
15946,nowożytnego,1
15947,wskazówki,1
15948,drogowskazem,1
15949,późniejszych,1
15950,zaczerpnął,1
15951,chociażby,1
15952,analizować,1
15953,płaszczyznach,1
15954,lewicowoliberalnych,1
15955,zamiłowania,1
15956,doktryn,1
15957,konserwatywnych,1
15958,monarchii,1
15959,marksizmu,1
15960,radykalnego,1
15961,feminizmu,1
15962,frankfurckiej,1
15963,współczesne,1
15964,ośrodki,1
15965,płaszczyznę,1
15966,analizie,1
15967,poddawana,1
15968,ksenofobiczna,1
15969,rasistowska,1
15970,innowierców,1
15971,problematykę,1
15972,dysfunkcyjności,1
15973,systemów,1
15974,european,1
15975,declaration,1
15976,independence,1
15977,biernością,1
15978,przyzwoleniem,1
15979,ówczesnych,1
15980,ośrodków,1
15981,migracje,1
15982,zagrażały,1
15983,jednakże,1
15984,literatura,1
15985,pomija,1
15986,czynniki,1
15987,poniższej,1
15988,odegrały,1
15989,znaczną,1
15990,autorytarnej,1
15991,okresów,1
15992,kształtowania,1
15993,wczesne,1
15994,dziecistwo,1
15995,niewątpliwie,1
15996,późniejsze,1
15997,losy,1
15998,zapraszamy,1
15999,kolektywem,1
16000,olą,1
16001,mikołajem,1
16002,borysem,1
16003,brzozowskim,1
16004,wczujmy,1
16005,wiersze,1
16006,sprawdźmy,1
16007,zaprowadzi,1
16008,odpuścimy,1
16009,interpretację,1
16010,dostrzec,1
16011,wierszu,1
16012,bawić,1
16013,piszą,1
16014,wstępie,1
16015,autorki,1
16016,przecinków,1
16017,przecinkami,1
16018,zaczynające,1
16019,liter,1
16020,przestrzeni,1
16021,kartkach,1
16022,drogie,1
16023,fikuśne,1
16024,okładki,1
16025,formaty,1
16026,kafelku,1
16027,skrin,1
16028,tekstowego,1
16029,niezrozumiały,1
16030,szkolne,1
16031,recytacji,1
16032,akademiach,1
16033,lekcjach,1
16034,zniechęcają,1
16035,wczuć,1
16036,czytane,1
16037,frazy,1
16038,natłoku,1
16039,notatkach,1
16040,telefonie,1
16041,skleić,1
16042,mijanym,1
16043,billboardzie,1
16044,zowąd,1
16045,układają,1
16046,intrygujące,1
16047,nieokreślonego,1
16048,znaczące,1
16049,zbiór,1
16050,wierszy,1
16051,pomyślane,1
16052,przełożenie,1
16053,zawartych,1
16054,praktykę,1
16055,edukacyjną,1
16056,alternatywnych,1
16057,kładących,1
16058,zapraszane,1
16059,opisanych,1
16060,opartych,1
16061,działaniu,1
16062,skojarzeniami,1
16063,dzielenia,1
16064,osobistymi,1
16065,wrażeniami,1
16066,przykładowe,1
16067,pisanie,1
16068,wiersza,1
16069,grupowego,1
16070,uważne,1
16071,czytanie,1
16072,grupach,1
16073,metodą,1
16074,blackout,1
16075,poetry,1
16076,zakreślana,1
16077,wykorzystane,1
16078,poetyckie,1
16079,przyniesione,1
16080,prowadzące,1
16081,mikołaj,1
16082,borys,1
16083,brzozowski,1
16084,kolektyw,1
16085,kuratorskoartystyczny,1
16086,działający,1
16087,styku,1
16088,literatury,1
16089,performansu,1
16090,wspólnotowy,1
16091,postartystycznych,1
16092,organizowali,1
16093,różnorodne,1
16094,śniada,1
16095,sąsiedzkich,1
16096,dotychczas,1
16097,współpracowały,1
16098,biblioteką,1
16099,azyl,1
16100,instytutem,1
16101,pawilonem,1
16102,oddziałem,1
16103,galerii,1
16104,arsenał,1
16105,staromiejskim,1
16106,kładącej,1
16107,kolorem,1
16108,naturze,1
16109,koloru,1
16110,spotykane,1
16111,okazów,1
16112,oszlifowaniu,1
16113,paletą,1
16114,wiatło,1
16115,odgrywa,1
16116,znaczącą,1
16117,obserwowaniu,1
16118,docenianiu,1
16119,piękna,1
16120,jubilerskimi,1
16121,czerwie,1
16122,ziele,1
16123,żółć,1
16124,biel,1
16125,odcienie,1
16126,niebieskiego,1
16127,odcieniem,1
16128,minerałów,1
16129,symbolika,1
16130,magiczne,1
16131,białych,1
16132,przezroczystych,1
16133,popularnością,1
16134,cieszą,1
16135,oszlifowane,1
16136,brylanty,1
16137,perły,1
16138,luksusu,1
16139,powodzenia,1
16140,osobistym,1
16141,spokoju,1
16142,perłom,1
16143,przypisuje,1
16144,niewinność,1
16145,wierność,1
16146,doskonałej,1
16147,harmonii,1
16148,równowagi,1
16149,duszą,1
16150,zielone,1
16151,szmaragdy,1
16152,płodności,1
16153,witalnych,1
16154,rubiny,1
16155,turmaliny,1
16156,przynosić,1
16157,odwagę,1
16158,niebieskich,1
16159,szafir,1
16160,turkus,1
16161,topaz,1
16162,akwamaryn,1
16163,rzadszą,1
16164,żółtych,1
16165,nazywane,1
16166,topazami,1
16167,czeskimi,1
16168,ciekawostki,1
16169,charakterystyka,1
16170,diament,1
16171,brylant,1
16172,najpopularniejszy,1
16173,najtwardszy,1
16174,stosowanych,1
16175,jubilerstwie,1
16176,wykorzystuje,1
16177,przyozdabiania,1
16178,srebrnej,1
16179,pierścionków,1
16180,zaręczynowych,1
16181,wyroby,1
16182,jubilerskie,1
16183,minerałem,1
16184,świadectwo,1
16185,autentyczności,1
16186,diamentami,1
16187,sprawdzą,1
16188,prezent,1
16189,ślubu,1
16190,urodziny,1
16191,wkrukpl,1
